fold,station_set,seed,model,horizon_days,threshold_name,threshold_m,hits,misses,false_alarms,POD_recall,FAR,CSI,F1,event_count,mean_peak_magnitude_error_m,mean_absolute_peak_timing_error_days,evidence_class
A,S0,42,lstm,1,official_alarm,11.4,11,8,0,0.5789473684210527,0.0,0.5789473684210527,0.7333333333333333,3,-0.5061901791890483,1.0,exploratory
A,S0,42,lstm,1,train_q90,8.84,51,4,0,0.9272727272727272,0.0,0.9272727272727272,0.9622641509433962,1,-0.5279063892364526,1.0,exploratory
A,S0,42,lstm,1,train_q95,10.08,34,5,2,0.8717948717948718,0.05555555555555555,0.8292682926829268,0.9066666666666666,3,-0.06174673398336002,1.0,exploratory
A,S0,42,lstm,2,official_alarm,11.4,10,8,0,0.5555555555555556,0.0,0.5555555555555556,0.7142857142857143,3,-0.5226054509480816,1.3333333333333333,exploratory
A,S0,42,lstm,2,train_q90,8.84,51,4,0,0.9272727272727272,0.0,0.9272727272727272,0.9622641509433962,1,-0.5861185359954835,2.0,exploratory
A,S0,42,lstm,2,train_q95,10.08,30,8,5,0.7894736842105263,0.14285714285714285,0.6976744186046512,0.821917808219178,3,-0.07231919924418288,2.0,exploratory
A,S0,42,lstm,3,official_alarm,11.4,8,9,1,0.47058823529411764,0.1111111111111111,0.4444444444444444,0.6153846153846154,3,-0.5387598482767751,1.3333333333333333,exploratory
A,S0,42,lstm,3,train_q90,8.84,50,5,1,0.9090909090909091,0.0196078431372549,0.8928571428571429,0.9433962264150944,1,-0.7219635009765639,3.0,exploratory
A,S0,42,lstm,3,train_q95,10.08,29,8,4,0.7837837837837838,0.12121212121212122,0.7073170731707317,0.8285714285714286,4,-0.1838177967071548,3.0,exploratory
A,S0,42,lstm,4,official_alarm,11.4,4,12,1,0.25,0.2,0.23529411764705882,0.38095238095238093,3,-0.5056167093912786,2.0,exploratory
A,S0,42,lstm,4,train_q90,8.84,49,6,2,0.8909090909090909,0.0392156862745098,0.8596491228070176,0.9245283018867925,1,-0.8451674175262465,4.0,exploratory
A,S0,42,lstm,4,train_q95,10.08,28,8,4,0.7777777777777778,0.125,0.7,0.8235294117647058,4,-0.7596925520896929,3.5,exploratory
A,S0,42,lstm,5,official_alarm,11.4,2,13,3,0.13333333333333333,0.6,0.1111111111111111,0.2,2,-1.0634748268127465,3.5,exploratory
A,S0,42,lstm,5,train_q90,8.84,48,7,3,0.8727272727272727,0.058823529411764705,0.8275862068965517,0.9056603773584906,1,-0.9867534923553478,5.0,exploratory
A,S0,42,lstm,5,train_q95,10.08,26,9,5,0.7428571428571429,0.16129032258064516,0.65,0.7878787878787878,4,-1.3775036096572904,3.25,exploratory
A,S0,42,lstm,6,official_alarm,11.4,2,13,2,0.13333333333333333,0.5,0.11764705882352941,0.21052631578947367,2,-1.715380105972292,4.0,exploratory
A,S0,42,lstm,6,train_q90,8.84,47,8,3,0.8545454545454545,0.06,0.8103448275862069,0.8952380952380953,1,-1.0873254203796403,6.0,exploratory
A,S0,42,lstm,6,train_q95,10.08,24,11,5,0.6857142857142857,0.1724137931034483,0.6,0.75,4,-1.5354113399982463,3.0,exploratory
A,S0,42,lstm,7,official_alarm,11.4,3,12,1,0.2,0.25,0.1875,0.3157894736842105,2,-1.960736761093142,4.5,exploratory
A,S0,42,lstm,7,train_q90,8.84,47,8,3,0.8545454545454545,0.06,0.8103448275862069,0.8952380952380953,1,-1.1919097137451207,7.0,exploratory
A,S0,42,lstm,7,train_q95,10.08,23,12,5,0.6571428571428571,0.17857142857142858,0.575,0.7301587301587301,4,-1.3743238556385053,3.25,exploratory
A,S0,42,lstm,8,official_alarm,11.4,3,13,1,0.1875,0.25,0.17647058823529413,0.3,2,-2.0279666376113914,5.0,exploratory
A,S0,42,lstm,8,train_q90,8.84,45,10,4,0.8181818181818182,0.08163265306122448,0.7627118644067796,0.8653846153846154,1,-1.2683844947814968,8.0,exploratory
A,S0,42,lstm,8,train_q95,10.08,22,13,4,0.6285714285714286,0.15384615384615385,0.5641025641025641,0.7213114754098361,4,-1.4704867529869101,3.5,exploratory
A,S0,42,lstm,9,official_alarm,11.4,2,14,1,0.125,0.3333333333333333,0.11764705882352941,0.21052631578947367,2,-1.225257687568666,5.0,exploratory
A,S0,42,lstm,9,train_q90,8.84,44,11,5,0.8,0.10204081632653061,0.7333333333333333,0.8461538461538461,1,-1.3784241485595725,9.0,exploratory
A,S0,42,lstm,9,train_q95,10.08,18,17,5,0.5142857142857142,0.21739130434782608,0.45,0.6206896551724138,4,-1.627690399885179,3.0,exploratory
A,S0,42,lstm,10,official_alarm,11.4,0,16,0,0.0,,0.0,0.0,2,-1.3568405532836927,4.0,exploratory
A,S0,42,lstm,10,train_q90,8.84,42,13,6,0.7636363636363637,0.125,0.6885245901639344,0.8155339805825242,1,-1.4969341754913366,10.0,exploratory
A,S0,42,lstm,10,train_q95,10.08,17,18,5,0.4857142857142857,0.22727272727272727,0.425,0.5964912280701754,4,-1.7152012634277365,3.5,exploratory
A,S0,42,lstm,11,official_alarm,11.4,0,16,0,0.0,,0.0,0.0,2,-1.488749141693118,5.0,exploratory
A,S0,42,lstm,11,train_q90,8.84,39,16,7,0.7090909090909091,0.15217391304347827,0.6290322580645161,0.7722772277227723,1,-1.6069603729248065,11.0,exploratory
A,S0,42,lstm,11,train_q95,10.08,15,20,7,0.42857142857142855,0.3181818181818182,0.35714285714285715,0.5263157894736842,4,-1.8459414255619067,4.0,exploratory
A,S0,42,lstm,12,official_alarm,11.4,0,17,0,0.0,,0.0,0.0,2,-1.6133018589019787,2.5,exploratory
A,S0,42,lstm,12,train_q90,8.84,38,17,8,0.6909090909090909,0.17391304347826086,0.6031746031746031,0.7524752475247525,1,-1.743485279083254,12.0,exploratory
A,S0,42,lstm,12,train_q95,10.08,12,23,8,0.34285714285714286,0.4,0.27906976744186046,0.43636363636363634,4,-1.925519180297853,5.0,exploratory
A,S0,42,lstm,13,official_alarm,11.4,0,17,0,0.0,,0.0,0.0,2,-2.487747373580934,2.0,exploratory
A,S0,42,lstm,13,train_q90,8.84,37,18,8,0.6727272727272727,0.17777777777777778,0.5873015873015873,0.74,1,-1.8526795578002968,13.0,exploratory
A,S0,42,lstm,13,train_q95,10.08,10,25,7,0.2857142857142857,0.4117647058823529,0.23809523809523808,0.38461538461538464,4,-2.048006942272189,5.5,exploratory
A,S0,42,lstm,14,official_alarm,11.4,0,16,0,0.0,,0.0,0.0,2,-3.517372245788575,1.5,exploratory
A,S0,42,lstm,14,train_q90,8.84,35,20,9,0.6363636363636364,0.20454545454545456,0.546875,0.7070707070707071,1,-1.9626416397094744,14.0,exploratory
A,S0,42,lstm,14,train_q95,10.08,6,29,8,0.17142857142857143,0.5714285714285714,0.13953488372093023,0.24489795918367346,4,-2.58236659884453,6.0,exploratory
A,S0,52,lstm,1,official_alarm,11.4,11,8,0,0.5789473684210527,0.0,0.5789473684210527,0.7333333333333333,3,-0.6044038168589285,1.0,exploratory
A,S0,52,lstm,1,train_q90,8.84,51,4,0,0.9272727272727272,0.0,0.9272727272727272,0.9622641509433962,1,-0.6584107685089116,1.0,exploratory
A,S0,52,lstm,1,train_q95,10.08,32,7,1,0.8205128205128205,0.030303030303030304,0.8,0.8888888888888888,3,-0.22256667455037574,1.0,exploratory
A,S0,52,lstm,2,official_alarm,11.4,9,9,0,0.5,0.0,0.5,0.6666666666666666,3,-0.645087738037112,1.6666666666666667,exploratory
A,S0,52,lstm,2,train_q90,8.84,51,4,0,0.9272727272727272,0.0,0.9272727272727272,0.9622641509433962,1,-0.7335881996154807,2.0,exploratory
A,S0,52,lstm,2,train_q95,10.08,30,8,3,0.7894736842105263,0.09090909090909091,0.7317073170731707,0.8450704225352113,3,-0.2586259841918975,2.0,exploratory
A,S0,52,lstm,3,official_alarm,11.4,6,11,0,0.35294117647058826,0.0,0.35294117647058826,0.5217391304347826,3,-0.6989602692921976,1.6666666666666667,exploratory
A,S0,52,lstm,3,train_q90,8.84,50,5,1,0.9090909090909091,0.0196078431372549,0.8928571428571429,0.9433962264150944,1,-0.8860446262359645,3.0,exploratory
A,S0,52,lstm,3,train_q95,10.08,29,8,2,0.7837837837837838,0.06451612903225806,0.7435897435897436,0.8529411764705882,4,-0.3718773365020773,3.0,exploratory
A,S0,52,lstm,4,official_alarm,11.4,4,12,1,0.25,0.2,0.23529411764705882,0.38095238095238093,3,-0.6559256617228216,2.3333333333333335,exploratory
A,S0,52,lstm,4,train_q90,8.84,49,6,2,0.8909090909090909,0.0392156862745098,0.8596491228070176,0.9245283018867925,1,-0.9943927383422864,4.0,exploratory
A,S0,52,lstm,4,train_q95,10.08,28,8,3,0.7777777777777778,0.0967741935483871,0.717948717948718,0.835820895522388,4,-0.9326867246627821,3.5,exploratory
A,S0,52,lstm,5,official_alarm,11.4,2,13,3,0.13333333333333333,0.6,0.1111111111111111,0.2,2,-1.1871184492111224,3.5,exploratory
A,S0,52,lstm,5,train_q90,8.84,47,8,3,0.8545454545454545,0.06,0.8103448275862069,0.8952380952380953,1,-1.0776138973236105,5.0,exploratory
A,S0,52,lstm,5,train_q95,10.08,25,10,4,0.7142857142857143,0.13793103448275862,0.6410256410256411,0.78125,4,-1.4685449826717394,3.25,exploratory
A,S0,52,lstm,6,official_alarm,11.4,2,13,2,0.13333333333333333,0.5,0.11764705882352941,0.21052631578947367,2,-1.8212815380096465,4.0,exploratory
A,S0,52,lstm,6,train_q90,8.84,45,10,3,0.8181818181818182,0.0625,0.7758620689655172,0.8737864077669902,1,-1.1885487937927284,6.0,exploratory
A,S0,52,lstm,6,train_q95,10.08,23,12,5,0.6571428571428571,0.17857142857142858,0.575,0.7301587301587301,4,-1.6234521460533162,3.0,exploratory
A,S0,52,lstm,7,official_alarm,11.4,3,12,1,0.2,0.25,0.1875,0.3157894736842105,2,-2.039740939140322,4.5,exploratory
A,S0,52,lstm,7,train_q90,8.84,45,10,3,0.8181818181818182,0.0625,0.7758620689655172,0.8737864077669902,1,-1.2325787448883077,7.0,exploratory
A,S0,52,lstm,7,train_q95,10.08,22,13,5,0.6285714285714286,0.18518518518518517,0.55,0.7096774193548387,4,-1.4669526815414446,3.25,exploratory
A,S0,52,lstm,8,official_alarm,11.4,2,14,1,0.125,0.3333333333333333,0.11764705882352941,0.21052631578947367,2,-2.080771312713626,4.5,exploratory
A,S0,52,lstm,8,train_q90,8.84,44,11,4,0.8,0.08333333333333333,0.7457627118644068,0.8543689320388349,1,-1.3148429203033487,8.0,exploratory
A,S0,52,lstm,8,train_q95,10.08,22,13,4,0.6285714285714286,0.15384615384615385,0.5641025641025641,0.7213114754098361,4,-1.567438132762911,3.5,exploratory
A,S0,52,lstm,9,official_alarm,11.4,0,16,1,0.0,1.0,0.0,0.0,2,-1.369287672042848,5.0,exploratory
A,S0,52,lstm,9,train_q90,8.84,41,14,5,0.7454545454545455,0.10869565217391304,0.6833333333333333,0.8118811881188119,1,-1.4114222717285152,9.0,exploratory
A,S0,52,lstm,9,train_q95,10.08,19,16,5,0.5428571428571428,0.20833333333333334,0.475,0.6440677966101694,4,-1.7103392684459697,3.0,exploratory
A,S0,52,lstm,10,official_alarm,11.4,0,16,0,0.0,,0.0,0.0,2,-1.593251905441286,2.0,exploratory
A,S0,52,lstm,10,train_q90,8.84,40,15,5,0.7272727272727273,0.1111111111111111,0.6666666666666666,0.8,1,-1.5784226322174089,10.0,exploratory
A,S0,52,lstm,10,train_q95,10.08,17,18,5,0.4857142857142857,0.22727272727272727,0.425,0.5964912280701754,4,-1.8399846184253708,3.5,exploratory
A,S0,52,lstm,11,official_alarm,11.4,0,16,0,0.0,,0.0,0.0,2,-1.7224526023864772,5.0,exploratory
A,S0,52,lstm,11,train_q90,8.84,39,16,6,0.7090909090909091,0.13333333333333333,0.639344262295082,0.78,1,-1.7090307044982929,11.0,exploratory
A,S0,52,lstm,11,train_q95,10.08,14,21,7,0.4,0.3333333333333333,0.3333333333333333,0.5,4,-1.989026398658754,4.0,exploratory
A,S0,52,lstm,12,official_alarm,11.4,0,17,0,0.0,,0.0,0.0,2,-1.8073530340194717,2.0,exploratory
A,S0,52,lstm,12,train_q90,8.84,38,17,7,0.6909090909090909,0.15555555555555556,0.6129032258064516,0.76,1,-1.8270650100708021,12.0,exploratory
A,S0,52,lstm,12,train_q95,10.08,11,24,6,0.3142857142857143,0.35294117647058826,0.2682926829268293,0.4230769230769231,4,-2.049084241390229,5.0,exploratory
A,S0,52,lstm,13,official_alarm,11.4,0,17,0,0.0,,0.0,0.0,2,-2.5950565767288225,1.5,exploratory
A,S0,52,lstm,13,train_q90,8.84,37,18,8,0.6727272727272727,0.17777777777777778,0.5873015873015873,0.74,1,-1.8640905380249038,13.0,exploratory
A,S0,52,lstm,13,train_q95,10.08,10,25,7,0.2857142857142857,0.4117647058823529,0.23809523809523808,0.38461538461538464,4,-2.1301945352554332,5.5,exploratory
A,S0,52,lstm,14,official_alarm,11.4,0,16,0,0.0,,0.0,0.0,2,-3.5403374767303486,1.0,exploratory
A,S0,52,lstm,14,train_q90,8.84,36,19,9,0.6545454545454545,0.2,0.5625,0.72,1,-1.9295667362213145,14.0,exploratory
A,S0,52,lstm,14,train_q95,10.08,7,28,7,0.2,0.5,0.16666666666666666,0.2857142857142857,4,-2.6243944239616415,6.0,exploratory
A,S0,62,lstm,1,official_alarm,11.4,12,7,0,0.631578947368421,0.0,0.631578947368421,0.7741935483870968,3,-0.6443762842814138,1.0,exploratory
A,S0,62,lstm,1,train_q90,8.84,51,4,0,0.9272727272727272,0.0,0.9272727272727272,0.9622641509433962,1,-0.7000312423706063,1.0,exploratory
A,S0,62,lstm,1,train_q95,10.08,32,7,1,0.8205128205128205,0.030303030303030304,0.8,0.8888888888888888,3,-0.2758669916788759,1.0,exploratory
A,S0,62,lstm,2,official_alarm,11.4,9,9,0,0.5,0.0,0.5,0.6666666666666666,3,-0.7088882255554214,1.6666666666666667,exploratory
A,S0,62,lstm,2,train_q90,8.84,51,4,0,0.9272727272727272,0.0,0.9272727272727272,0.9622641509433962,1,-0.7964301204681394,2.0,exploratory
A,S0,62,lstm,2,train_q95,10.08,30,8,3,0.7894736842105263,0.09090909090909091,0.7317073170731707,0.8450704225352113,3,-0.34448247591654635,2.0,exploratory
A,S0,62,lstm,3,official_alarm,11.4,6,11,1,0.35294117647058826,0.14285714285714285,0.3333333333333333,0.5,3,-0.7447437667846687,1.6666666666666667,exploratory
A,S0,62,lstm,3,train_q90,8.84,50,5,1,0.9090909090909091,0.0196078431372549,0.8928571428571429,0.9433962264150944,1,-0.9296202278137198,3.0,exploratory
A,S0,62,lstm,3,train_q95,10.08,29,8,2,0.7837837837837838,0.06451612903225806,0.7435897435897436,0.8529411764705882,4,-0.42491591453552413,3.0,exploratory
A,S0,62,lstm,4,official_alarm,11.4,4,12,1,0.25,0.2,0.23529411764705882,0.38095238095238093,3,-0.677928632100425,2.3333333333333335,exploratory
A,S0,62,lstm,4,train_q90,8.84,48,7,2,0.8727272727272727,0.04,0.8421052631578947,0.9142857142857143,1,-1.014667491912844,4.0,exploratory
A,S0,62,lstm,4,train_q95,10.08,28,8,3,0.7777777777777778,0.0967741935483871,0.717948717948718,0.835820895522388,4,-0.9422595286369337,2.75,exploratory
A,S0,62,lstm,5,official_alarm,11.4,2,13,3,0.13333333333333333,0.6,0.1111111111111111,0.2,2,-1.2265989685058614,3.5,exploratory
A,S0,62,lstm,5,train_q90,8.84,47,8,3,0.8545454545454545,0.06,0.8103448275862069,0.8952380952380953,1,-1.1188726329803487,5.0,exploratory
A,S0,62,lstm,5,train_q95,10.08,26,9,5,0.7428571428571429,0.16129032258064516,0.65,0.7878787878787878,4,-1.492486689090731,3.25,exploratory
A,S0,62,lstm,6,official_alarm,11.4,2,13,2,0.13333333333333333,0.5,0.11764705882352941,0.21052631578947367,2,-1.8297297477722188,4.0,exploratory
A,S0,62,lstm,6,train_q90,8.84,45,10,3,0.8181818181818182,0.0625,0.7758620689655172,0.8737864077669902,1,-1.1997088527679463,6.0,exploratory
A,S0,62,lstm,6,train_q95,10.08,24,11,5,0.6857142857142857,0.1724137931034483,0.6,0.75,4,-1.6272707796096821,3.0,exploratory
A,S0,62,lstm,7,official_alarm,11.4,3,12,0,0.2,0.0,0.2,0.3333333333333333,2,-2.091916728019715,4.5,exploratory
A,S0,62,lstm,7,train_q90,8.84,45,10,3,0.8181818181818182,0.0625,0.7758620689655172,0.8737864077669902,1,-1.2992367267608635,7.0,exploratory
A,S0,62,lstm,7,train_q95,10.08,22,13,5,0.6285714285714286,0.18518518518518517,0.55,0.7096774193548387,4,-1.532868585586548,3.75,exploratory
A,S0,62,lstm,8,official_alarm,11.4,0,16,1,0.0,1.0,0.0,0.0,2,-2.171574726104738,4.5,exploratory
A,S0,62,lstm,8,train_q90,8.84,42,13,4,0.7636363636363637,0.08695652173913043,0.711864406779661,0.8316831683168316,1,-1.4013236808776863,8.0,exploratory
A,S0,62,lstm,8,train_q95,10.08,22,13,4,0.6285714285714286,0.15384615384615385,0.5641025641025641,0.7213114754098361,4,-1.6715174174308793,3.5,exploratory
A,S0,62,lstm,9,official_alarm,11.4,0,16,0,0.0,,0.0,0.0,2,-1.5007490348815935,5.0,exploratory
A,S0,62,lstm,9,train_q90,8.84,41,14,4,0.7454545454545455,0.08888888888888889,0.6949152542372882,0.82,1,-1.5211199760437033,9.0,exploratory
A,S0,62,lstm,9,train_q95,10.08,18,17,5,0.5142857142857142,0.21739130434782608,0.45,0.6206896551724138,4,-1.8190950286388408,3.0,exploratory
A,S0,62,lstm,10,official_alarm,11.4,0,16,0,0.0,,0.0,0.0,2,-1.6565845870971696,4.0,exploratory
A,S0,62,lstm,10,train_q90,8.84,40,15,5,0.7272727272727273,0.1111111111111111,0.6666666666666666,0.8,1,-1.6721128273010262,10.0,exploratory
A,S0,62,lstm,10,train_q95,10.08,16,19,5,0.45714285714285713,0.23809523809523808,0.4,0.5714285714285714,4,-1.9151322674751294,3.5,exploratory
A,S0,62,lstm,11,official_alarm,11.4,0,16,0,0.0,,0.0,0.0,2,-1.8061946010589622,5.0,exploratory
A,S0,62,lstm,11,train_q90,8.84,39,16,6,0.7090909090909091,0.13333333333333333,0.639344262295082,0.78,1,-1.8096540832519565,11.0,exploratory
A,S0,62,lstm,11,train_q95,10.08,12,23,5,0.34285714285714286,0.29411764705882354,0.3,0.46153846153846156,4,-2.0762907934188863,4.0,exploratory
A,S0,62,lstm,12,official_alarm,11.4,0,17,0,0.0,,0.0,0.0,2,-1.8888648414611833,2.0,exploratory
A,S0,62,lstm,12,train_q90,8.84,38,17,7,0.6909090909090909,0.15555555555555556,0.6129032258064516,0.76,1,-1.889717750549318,12.0,exploratory
A,S0,62,lstm,12,train_q95,10.08,11,24,6,0.3142857142857143,0.35294117647058826,0.2682926829268293,0.4230769230769231,4,-2.1296729040145888,5.0,exploratory
A,S0,62,lstm,13,official_alarm,11.4,0,17,0,0.0,,0.0,0.0,2,-2.7394308853149427,1.5,exploratory
A,S0,62,lstm,13,train_q90,8.84,35,20,8,0.6363636363636364,0.18604651162790697,0.5555555555555556,0.7142857142857143,1,-1.9999204635620114,13.0,exploratory
A,S0,62,lstm,13,train_q95,10.08,6,29,7,0.17142857142857143,0.5384615384615384,0.14285714285714285,0.25,4,-2.265657181739808,5.5,exploratory
A,S0,62,lstm,14,official_alarm,11.4,0,16,0,0.0,,0.0,0.0,2,-3.7030316090583812,1.0,exploratory
A,S0,62,lstm,14,train_q90,8.84,33,22,9,0.6,0.21428571428571427,0.515625,0.6804123711340206,1,-2.1149437141418463,14.0,exploratory
A,S0,62,lstm,14,train_q95,10.08,5,30,7,0.14285714285714285,0.5833333333333334,0.11904761904761904,0.2127659574468085,4,-2.7693750596046462,6.0,exploratory
A,S0,72,lstm,1,official_alarm,11.4,9,10,0,0.47368421052631576,0.0,0.47368421052631576,0.6428571428571429,3,-0.734098440806072,1.0,exploratory
A,S0,72,lstm,1,train_q90,8.84,51,4,0,0.9272727272727272,0.0,0.9272727272727272,0.9622641509433962,1,-0.7362034797668464,1.0,exploratory
A,S0,72,lstm,1,train_q95,10.08,32,7,1,0.8205128205128205,0.030303030303030304,0.8,0.8888888888888888,3,-0.2930663108825697,1.0,exploratory
A,S0,72,lstm,2,official_alarm,11.4,6,12,0,0.3333333333333333,0.0,0.3333333333333333,0.5,3,-0.7906384213765479,1.3333333333333333,exploratory
A,S0,72,lstm,2,train_q90,8.84,50,5,0,0.9090909090909091,0.0,0.9090909090909091,0.9523809523809523,1,-0.8295240211486838,2.0,exploratory
A,S0,72,lstm,2,train_q95,10.08,30,8,1,0.7894736842105263,0.03225806451612903,0.7692307692307693,0.8695652173913043,3,-0.3361717319488549,2.0,exploratory
A,S0,72,lstm,3,official_alarm,11.4,5,12,0,0.29411764705882354,0.0,0.29411764705882354,0.45454545454545453,3,-0.7355897585550958,1.6666666666666667,exploratory
A,S0,72,lstm,3,train_q90,8.84,49,6,1,0.8909090909090909,0.02,0.875,0.9333333333333333,1,-0.8929588127136245,3.0,exploratory
A,S0,72,lstm,3,train_q95,10.08,29,8,2,0.7837837837837838,0.06451612903225806,0.7435897435897436,0.8529411764705882,4,-0.3701297926902778,3.0,exploratory
A,S0,72,lstm,4,official_alarm,11.4,4,12,1,0.25,0.2,0.23529411764705882,0.38095238095238093,3,-0.6837423006693543,2.0,exploratory
A,S0,72,lstm,4,train_q90,8.84,48,7,2,0.8727272727272727,0.04,0.8421052631578947,0.9142857142857143,1,-0.979603424072268,4.0,exploratory
A,S0,72,lstm,4,train_q95,10.08,28,8,3,0.7777777777777778,0.0967741935483871,0.717948717948718,0.835820895522388,4,-0.8833818864822405,3.5,exploratory
A,S0,72,lstm,5,official_alarm,11.4,2,13,2,0.13333333333333333,0.5,0.11764705882352941,0.21052631578947367,2,-1.1755942773818981,3.5,exploratory
A,S0,72,lstm,5,train_q90,8.84,48,7,2,0.8727272727272727,0.04,0.8421052631578947,0.9142857142857143,1,-1.0833866691589353,5.0,exploratory
A,S0,72,lstm,5,train_q95,10.08,25,10,4,0.7142857142857143,0.13793103448275862,0.6410256410256411,0.78125,4,-1.4376085495948807,3.25,exploratory
A,S0,72,lstm,6,official_alarm,11.4,2,13,2,0.13333333333333333,0.5,0.11764705882352941,0.21052631578947367,2,-1.7760017299652118,4.0,exploratory
A,S0,72,lstm,6,train_q90,8.84,47,8,3,0.8545454545454545,0.06,0.8103448275862069,0.8952380952380953,1,-1.1748106575012223,6.0,exploratory
A,S0,72,lstm,6,train_q95,10.08,23,12,5,0.6571428571428571,0.17857142857142858,0.575,0.7301587301587301,4,-1.5958050966262831,3.25,exploratory
A,S0,72,lstm,7,official_alarm,11.4,2,13,1,0.13333333333333333,0.3333333333333333,0.125,0.2222222222222222,2,-1.9968674421310437,4.5,exploratory
A,S0,72,lstm,7,train_q90,8.84,47,8,3,0.8545454545454545,0.06,0.8103448275862069,0.8952380952380953,1,-1.2473300647735606,7.0,exploratory
A,S0,72,lstm,7,train_q95,10.08,22,13,5,0.6285714285714286,0.18518518518518517,0.55,0.7096774193548387,4,-1.4588603723049178,3.25,exploratory
A,S0,72,lstm,8,official_alarm,11.4,0,16,1,0.0,1.0,0.0,0.0,2,-2.0799461221694955,4.5,exploratory
A,S0,72,lstm,8,train_q90,8.84,46,9,4,0.8363636363636363,0.08,0.7796610169491526,0.8761904761904762,1,-1.3233180427551279,8.0,exploratory
A,S0,72,lstm,8,train_q95,10.08,22,13,4,0.6285714285714286,0.15384615384615385,0.5641025641025641,0.7213114754098361,4,-1.5232469034194955,3.5,exploratory
A,S0,72,lstm,9,official_alarm,11.4,0,16,1,0.0,1.0,0.0,0.0,2,-1.3128897571563742,5.0,exploratory
A,S0,72,lstm,9,train_q90,8.84,45,10,5,0.8181818181818182,0.1,0.75,0.8571428571428571,1,-1.3983909893035928,9.0,exploratory
A,S0,72,lstm,9,train_q95,10.08,19,16,5,0.5428571428571428,0.20833333333333334,0.475,0.6440677966101694,4,-1.6809042072296159,3.0,exploratory
A,S0,72,lstm,10,official_alarm,11.4,0,16,0,0.0,,0.0,0.0,2,-1.4643551635742211,4.0,exploratory
A,S0,72,lstm,10,train_q90,8.84,42,13,6,0.7636363636363637,0.125,0.6885245901639344,0.8155339805825242,1,-1.4955244255065914,10.0,exploratory
A,S0,72,lstm,10,train_q95,10.08,17,18,6,0.4857142857142857,0.2608695652173913,0.4146341463414634,0.5862068965517241,4,-1.7366273260116585,3.25,exploratory
A,S0,72,lstm,11,official_alarm,11.4,0,16,0,0.0,,0.0,0.0,2,-1.574191784858705,5.0,exploratory
A,S0,72,lstm,11,train_q90,8.84,39,16,7,0.7090909090909091,0.15217391304347827,0.6290322580645161,0.7722772277227723,1,-1.5880763721466078,11.0,exploratory
A,S0,72,lstm,11,train_q95,10.08,15,20,7,0.42857142857142855,0.3181818181818182,0.35714285714285715,0.5263157894736842,4,-1.856094534397126,4.0,exploratory
A,S0,72,lstm,12,official_alarm,11.4,0,17,0,0.0,,0.0,0.0,2,-1.7068871736526505,2.5,exploratory
A,S0,72,lstm,12,train_q90,8.84,38,17,8,0.6909090909090909,0.17391304347826086,0.6031746031746031,0.7524752475247525,1,-1.7185910415649435,12.0,exploratory
A,S0,72,lstm,12,train_q95,10.08,12,23,8,0.34285714285714286,0.4,0.27906976744186046,0.43636363636363634,4,-1.9499727225303667,4.75,exploratory
A,S0,72,lstm,13,official_alarm,11.4,0,17,0,0.0,,0.0,0.0,2,-2.5445917224884056,2.0,exploratory
A,S0,72,lstm,13,train_q90,8.84,37,18,8,0.6727272727272727,0.17777777777777778,0.5873015873015873,0.74,1,-1.8686918163299584,13.0,exploratory
A,S0,72,lstm,13,train_q95,10.08,9,26,7,0.2571428571428571,0.4375,0.21428571428571427,0.35294117647058826,4,-2.080031063556673,5.5,exploratory
A,S0,72,lstm,14,official_alarm,11.4,0,16,0,0.0,,0.0,0.0,2,-3.5442224025726334,1.5,exploratory
A,S0,72,lstm,14,train_q90,8.84,35,20,9,0.6363636363636364,0.20454545454545456,0.546875,0.7070707070707071,1,-1.9678761577606192,14.0,exploratory
A,S0,72,lstm,14,train_q95,10.08,6,29,7,0.17142857142857143,0.5384615384615384,0.14285714285714285,0.25,4,-2.599710738658905,6.0,exploratory
A,S0,82,lstm,1,official_alarm,11.4,6,13,0,0.3157894736842105,0.0,0.3157894736842105,0.48,3,-0.8536628119150821,1.0,exploratory
A,S0,82,lstm,1,train_q90,8.84,51,4,0,0.9272727272727272,0.0,0.9272727272727272,0.9622641509433962,1,-0.9797403621673606,13.0,exploratory
A,S0,82,lstm,1,train_q95,10.08,31,8,1,0.7948717948717948,0.03125,0.775,0.8732394366197183,3,-0.39615879694621015,5.0,exploratory
A,S0,82,lstm,2,official_alarm,11.4,5,13,0,0.2777777777777778,0.0,0.2777777777777778,0.43478260869565216,3,-0.8974250698089618,1.6666666666666667,exploratory
A,S0,82,lstm,2,train_q90,8.84,51,4,0,0.9272727272727272,0.0,0.9272727272727272,0.9622641509433962,1,-1.0458038902282727,12.0,exploratory
A,S0,82,lstm,2,train_q95,10.08,30,8,1,0.7894736842105263,0.03225806451612903,0.7692307692307693,0.8695652173913043,3,-0.43273393313090186,5.333333333333333,exploratory
A,S0,82,lstm,3,official_alarm,11.4,4,13,0,0.23529411764705882,0.0,0.23529411764705882,0.38095238095238093,3,-0.9169095166524267,1.6666666666666667,exploratory
A,S0,82,lstm,3,train_q90,8.84,50,5,1,0.9090909090909091,0.0196078431372549,0.8928571428571429,0.9433962264150944,1,-1.1997452640533464,11.0,exploratory
A,S0,82,lstm,3,train_q95,10.08,27,10,2,0.7297297297297297,0.06896551724137931,0.6923076923076923,0.8181818181818182,4,-0.5436699366569537,5.0,exploratory
A,S0,82,lstm,4,official_alarm,11.4,3,13,1,0.1875,0.25,0.17647058823529413,0.3,3,-0.8899768765767432,2.3333333333333335,exploratory
A,S0,82,lstm,4,train_q90,8.84,48,7,2,0.8727272727272727,0.04,0.8421052631578947,0.9142857142857143,1,-1.3236504936218285,10.0,exploratory
A,S0,82,lstm,4,train_q95,10.08,24,12,2,0.6666666666666666,0.07692307692307693,0.631578947368421,0.7741935483870968,4,-1.1283855104446427,5.0,exploratory
A,S0,82,lstm,5,official_alarm,11.4,0,15,0,0.0,,0.0,0.0,2,-1.4721396589279205,3.5,exploratory
A,S0,82,lstm,5,train_q90,8.84,47,8,2,0.8545454545454545,0.04081632653061224,0.8245614035087719,0.9038461538461539,1,-1.4491316986084009,9.0,exploratory
A,S0,82,lstm,5,train_q95,10.08,21,14,3,0.6,0.125,0.5526315789473685,0.711864406779661,4,-1.7107548320293444,4.25,exploratory
A,S0,82,lstm,6,official_alarm,11.4,0,15,0,0.0,,0.0,0.0,2,-2.0743874645233165,4.0,exploratory
A,S0,82,lstm,6,train_q90,8.84,44,11,3,0.8,0.06382978723404255,0.7586206896551724,0.8627450980392157,1,-1.5377630996704124,8.0,exploratory
A,S0,82,lstm,6,train_q95,10.08,19,16,4,0.5428571428571428,0.17391304347826086,0.48717948717948717,0.6551724137931034,4,-1.8137620615959185,3.5,exploratory
A,S0,82,lstm,7,official_alarm,11.4,0,15,0,0.0,,0.0,0.0,2,-2.2789250898361226,4.5,exploratory
A,S0,82,lstm,7,train_q90,8.84,43,12,2,0.7818181818181819,0.044444444444444446,0.7543859649122807,0.86,1,-1.6102698421478294,7.0,exploratory
A,S0,82,lstm,7,train_q95,10.08,19,16,3,0.5428571428571428,0.13636363636363635,0.5,0.6666666666666666,4,-1.6843221187591566,3.25,exploratory
A,S0,82,lstm,8,official_alarm,11.4,0,16,0,0.0,,0.0,0.0,2,-2.2781948852539076,3.5,exploratory
A,S0,82,lstm,8,train_q90,8.84,42,13,3,0.7636363636363637,0.06666666666666667,0.7241379310344828,0.84,1,-1.6400384426116954,6.0,exploratory
A,S0,82,lstm,8,train_q95,10.08,19,16,3,0.5428571428571428,0.13636363636363635,0.5,0.6666666666666666,4,-1.731539640426637,3.0,exploratory
A,S0,82,lstm,9,official_alarm,11.4,0,16,0,0.0,,0.0,0.0,2,-1.55289830684662,3.0,exploratory
A,S0,82,lstm,9,train_q90,8.84,41,14,4,0.7454545454545455,0.08888888888888889,0.6949152542372882,0.82,1,-1.7412103652954123,5.0,exploratory
A,S0,82,lstm,9,train_q95,10.08,17,18,3,0.4857142857142857,0.15,0.4473684210526316,0.6181818181818182,4,-1.8799185967445387,2.0,exploratory
A,S0,82,lstm,10,official_alarm,11.4,0,16,0,0.0,,0.0,0.0,2,-1.6406233835220352,2.0,exploratory
A,S0,82,lstm,10,train_q90,8.84,40,15,5,0.7272727272727273,0.1111111111111111,0.6666666666666666,0.8,1,-1.835779972076418,4.0,exploratory
A,S0,82,lstm,10,train_q95,10.08,14,21,4,0.4,0.2222222222222222,0.358974358974359,0.5283018867924528,4,-1.9483404481410997,2.0,exploratory
A,S0,82,lstm,11,official_alarm,11.4,0,16,0,0.0,,0.0,0.0,2,-1.771035943031313,2.0,exploratory
A,S0,82,lstm,11,train_q90,8.84,38,17,6,0.6909090909090909,0.13636363636363635,0.6229508196721312,0.7676767676767676,1,-1.9517166709899918,3.0,exploratory
A,S0,82,lstm,11,train_q95,10.08,10,25,5,0.2857142857142857,0.3333333333333333,0.25,0.4,4,-2.064053336381914,2.0,exploratory
A,S0,82,lstm,12,official_alarm,11.4,0,17,0,0.0,,0.0,0.0,2,-1.905992393493654,2.0,exploratory
A,S0,82,lstm,12,train_q90,8.84,37,18,7,0.6727272727272727,0.1590909090909091,0.5967741935483871,0.7474747474747475,1,-2.0844563865661634,2.0,exploratory
A,S0,82,lstm,12,train_q95,10.08,7,28,5,0.2,0.4166666666666667,0.175,0.2978723404255319,4,-2.1627240610122698,2.5,exploratory
A,S0,82,lstm,13,official_alarm,11.4,0,17,0,0.0,,0.0,0.0,2,-2.7317433547973655,1.5,exploratory
A,S0,82,lstm,13,train_q90,8.84,35,20,8,0.6363636363636364,0.18604651162790697,0.5555555555555556,0.7142857142857143,1,-2.1296760368347183,11.0,exploratory
A,S0,82,lstm,13,train_q95,10.08,6,29,6,0.17142857142857143,0.5,0.14634146341463414,0.2553191489361702,4,-2.2661141037940995,5.0,exploratory
A,S0,82,lstm,14,official_alarm,11.4,0,16,0,0.0,,0.0,0.0,2,-3.702163872718812,1.0,exploratory
A,S0,82,lstm,14,train_q90,8.84,33,22,9,0.6,0.21428571428571427,0.515625,0.6804123711340206,1,-2.2370576667785684,12.0,exploratory
A,S0,82,lstm,14,train_q95,10.08,4,31,4,0.11428571428571428,0.5,0.10256410256410256,0.18604651162790697,4,-2.766762450933458,5.5,exploratory
A,S4,42,lstm,1,official_alarm,11.4,14,5,1,0.7368421052631579,0.06666666666666667,0.7,0.8235294117647058,3,-0.4602523295084649,0.6666666666666666,exploratory
A,S4,42,lstm,1,train_q90,8.84,55,0,0,1.0,0.0,1.0,1.0,1,-0.3717779636383085,1.0,exploratory
A,S4,42,lstm,1,train_q95,10.08,37,2,5,0.9487179487179487,0.11904761904761904,0.8409090909090909,0.9135802469135802,3,-0.4963486703236916,1.0,exploratory
A,S4,42,lstm,2,official_alarm,11.4,9,9,0,0.5,0.0,0.5,0.6666666666666666,3,-0.5232017517089851,0.0,exploratory
A,S4,42,lstm,2,train_q90,8.84,55,0,1,1.0,0.017857142857142856,0.9821428571428571,0.990990990990991,1,-0.3988750839233397,0.0,exploratory
A,S4,42,lstm,2,train_q95,10.08,36,2,5,0.9473684210526315,0.12195121951219512,0.8372093023255814,0.9113924050632911,3,-0.5670490964253746,0.3333333333333333,exploratory
A,S4,42,lstm,3,official_alarm,11.4,8,9,0,0.47058823529411764,0.0,0.47058823529411764,0.64,3,-0.4307721551259374,0.6666666666666666,exploratory
A,S4,42,lstm,3,train_q90,8.84,54,1,2,0.9818181818181818,0.03571428571428571,0.9473684210526315,0.972972972972973,1,-0.40515919685363855,1.0,exploratory
A,S4,42,lstm,3,train_q95,10.08,33,4,6,0.8918918918918919,0.15384615384615385,0.7674418604651163,0.868421052631579,4,-0.4149368476867692,1.0,exploratory
A,S4,42,lstm,4,official_alarm,11.4,5,11,0,0.3125,0.0,0.3125,0.47619047619047616,3,-0.3671443271636973,0.6666666666666666,exploratory
A,S4,42,lstm,4,train_q90,8.84,53,2,3,0.9636363636363636,0.05357142857142857,0.9137931034482759,0.954954954954955,1,-0.4568584728240985,2.0,exploratory
A,S4,42,lstm,4,train_q95,10.08,31,5,3,0.8611111111111112,0.08823529411764706,0.7948717948717948,0.8857142857142857,4,-0.4397616267204305,1.5,exploratory
A,S4,42,lstm,5,official_alarm,11.4,3,12,1,0.2,0.25,0.1875,0.3157894736842105,2,-0.7463934803009042,2.0,exploratory
A,S4,42,lstm,5,train_q90,8.84,51,4,4,0.9272727272727272,0.07272727272727272,0.864406779661017,0.9272727272727272,1,-0.661405200958253,3.0,exploratory
A,S4,42,lstm,5,train_q95,10.08,27,8,3,0.7714285714285715,0.1,0.7105263157894737,0.8307692307692308,4,-0.5957378768920907,2.25,exploratory
A,S4,42,lstm,6,official_alarm,11.4,1,14,1,0.06666666666666667,0.5,0.0625,0.11764705882352941,2,-0.8303195142746009,3.0,exploratory
A,S4,42,lstm,6,train_q90,8.84,50,5,4,0.9090909090909091,0.07407407407407407,0.847457627118644,0.9174311926605505,1,-0.7661707592010529,4.0,exploratory
A,S4,42,lstm,6,train_q95,10.08,24,11,3,0.6857142857142857,0.1111111111111111,0.631578947368421,0.7741935483870968,4,-1.0779064083099394,3.0,exploratory
A,S4,42,lstm,7,official_alarm,11.4,1,14,0,0.06666666666666667,0.0,0.06666666666666667,0.125,2,-1.0748367309570321,3.5,exploratory
A,S4,42,lstm,7,train_q90,8.84,49,6,5,0.8909090909090909,0.09259259259259259,0.8166666666666667,0.8990825688073395,1,-0.9029624176025397,5.0,exploratory
A,S4,42,lstm,7,train_q95,10.08,21,14,4,0.6,0.16,0.5384615384615384,0.7,4,-1.457300128936769,2.75,exploratory
A,S4,42,lstm,8,official_alarm,11.4,1,15,0,0.0625,0.0,0.0625,0.11764705882352941,2,-1.5783169460296653,4.0,exploratory
A,S4,42,lstm,8,train_q90,8.84,48,7,6,0.8727272727272727,0.1111111111111111,0.7868852459016393,0.8807339449541285,1,-0.9775287723541286,6.0,exploratory
A,S4,42,lstm,8,train_q95,10.08,20,15,3,0.5714285714285714,0.13043478260869565,0.5263157894736842,0.6896551724137931,4,-1.568740726709368,3.25,exploratory
A,S4,42,lstm,9,official_alarm,11.4,1,15,0,0.0625,0.0,0.0625,0.11764705882352941,2,-1.6497424316406262,4.5,exploratory
A,S4,42,lstm,9,train_q90,8.84,47,8,7,0.8545454545454545,0.12962962962962962,0.7580645161290323,0.8623853211009175,1,-0.9871532249450699,7.0,exploratory
A,S4,42,lstm,9,train_q95,10.08,18,17,4,0.5142857142857142,0.18181818181818182,0.46153846153846156,0.631578947368421,4,-1.5673687732219712,3.0,exploratory
A,S4,42,lstm,10,official_alarm,11.4,0,16,1,0.0,1.0,0.0,0.0,2,-1.5368737792968759,4.5,exploratory
A,S4,42,lstm,10,train_q90,8.84,46,9,8,0.8363636363636363,0.14814814814814814,0.7301587301587301,0.8440366972477065,1,-1.0218626785278317,8.0,exploratory
A,S4,42,lstm,10,train_q95,10.08,18,17,4,0.5142857142857142,0.18181818181818182,0.46153846153846156,0.631578947368421,4,-1.5625761377811442,3.25,exploratory
A,S4,42,lstm,11,official_alarm,11.4,0,16,1,0.0,1.0,0.0,0.0,2,-1.5880613183975223,4.5,exploratory
A,S4,42,lstm,11,train_q90,8.84,45,10,8,0.8181818181818182,0.1509433962264151,0.7142857142857143,0.8333333333333334,1,-1.1019287204742447,9.0,exploratory
A,S4,42,lstm,11,train_q95,10.08,16,19,5,0.45714285714285713,0.23809523809523808,0.4,0.5714285714285714,4,-1.74096482038498,2.5,exploratory
A,S4,42,lstm,12,official_alarm,11.4,0,17,1,0.0,1.0,0.0,0.0,2,-1.994830784797669,2.0,exploratory
A,S4,42,lstm,12,train_q90,8.84,43,12,9,0.7818181818181819,0.17307692307692307,0.671875,0.8037383177570093,1,-1.1741623783111592,10.0,exploratory
A,S4,42,lstm,12,train_q95,10.08,14,21,5,0.4,0.2631578947368421,0.35,0.5185185185185185,4,-1.7908699500560772,3.5,exploratory
A,S4,42,lstm,13,official_alarm,11.4,0,17,1,0.0,1.0,0.0,0.0,2,-2.148949861526491,2.0,exploratory
A,S4,42,lstm,13,train_q90,8.84,42,13,9,0.7636363636363637,0.17647058823529413,0.65625,0.7924528301886793,1,-1.34607747077942,11.0,exploratory
A,S4,42,lstm,13,train_q95,10.08,10,25,7,0.2857142857142857,0.4117647058823529,0.23809523809523808,0.38461538461538464,4,-1.921754174232484,4.5,exploratory
A,S4,42,lstm,14,official_alarm,11.4,0,16,0,0.0,,0.0,0.0,2,-2.3038786935806295,1.5,exploratory
A,S4,42,lstm,14,train_q90,8.84,40,15,9,0.7272727272727273,0.1836734693877551,0.625,0.7692307692307693,1,-1.5142991924285898,12.0,exploratory
A,S4,42,lstm,14,train_q95,10.08,7,28,4,0.2,0.36363636363636365,0.1794871794871795,0.30434782608695654,4,-2.1140809583663955,5.25,exploratory
A,S4,52,lstm,1,official_alarm,11.4,13,6,0,0.6842105263157895,0.0,0.6842105263157895,0.8125,3,-0.49271246274312475,1.3333333333333333,exploratory
A,S4,52,lstm,1,train_q90,8.84,55,0,0,1.0,0.0,1.0,1.0,1,-0.46675046920776353,3.0,exploratory
A,S4,52,lstm,1,train_q95,10.08,37,2,5,0.9487179487179487,0.11904761904761904,0.8409090909090909,0.9135802469135802,3,-0.44737074216207046,1.6666666666666667,exploratory
A,S4,52,lstm,2,official_alarm,11.4,11,7,0,0.6111111111111112,0.0,0.6111111111111112,0.7586206896551724,3,-0.46442259152730436,0.0,exploratory
A,S4,52,lstm,2,train_q90,8.84,55,0,1,1.0,0.017857142857142856,0.9821428571428571,0.990990990990991,1,-0.35114068031311163,0.0,exploratory
A,S4,52,lstm,2,train_q95,10.08,36,2,6,0.9473684210526315,0.14285714285714285,0.8181818181818182,0.9,3,-0.4876405684153262,0.3333333333333333,exploratory
A,S4,52,lstm,3,official_alarm,11.4,8,9,0,0.47058823529411764,0.0,0.47058823529411764,0.64,3,-0.45181233723958475,0.6666666666666666,exploratory
A,S4,52,lstm,3,train_q90,8.84,54,1,2,0.9818181818181818,0.03571428571428571,0.9473684210526315,0.972972972972973,1,-0.44687307357788164,1.0,exploratory
A,S4,52,lstm,3,train_q95,10.08,33,4,4,0.8918918918918919,0.10810810810810811,0.8048780487804879,0.8918918918918919,4,-0.42959476470947333,1.0,exploratory
A,S4,52,lstm,4,official_alarm,11.4,5,11,0,0.3125,0.0,0.3125,0.47619047619047616,3,-0.4947321097056084,0.6666666666666666,exploratory
A,S4,52,lstm,4,train_q90,8.84,53,2,3,0.9636363636363636,0.05357142857142857,0.9137931034482759,0.954954954954955,1,-0.5910031890869156,2.0,exploratory
A,S4,52,lstm,4,train_q95,10.08,31,5,2,0.8611111111111112,0.06060606060606061,0.8157894736842105,0.8985507246376812,4,-0.5405581569671645,1.25,exploratory
A,S4,52,lstm,5,official_alarm,11.4,3,12,0,0.2,0.0,0.2,0.3333333333333333,2,-0.8623634243011482,2.0,exploratory
A,S4,52,lstm,5,train_q90,8.84,51,4,4,0.9272727272727272,0.07272727272727272,0.864406779661017,0.9272727272727272,1,-0.7930984878540048,3.0,exploratory
A,S4,52,lstm,5,train_q95,10.08,28,7,3,0.8,0.0967741935483871,0.7368421052631579,0.8484848484848485,4,-0.6355939865112319,2.0,exploratory
A,S4,52,lstm,6,official_alarm,11.4,1,14,1,0.06666666666666667,0.5,0.0625,0.11764705882352941,2,-0.9253834438324002,3.0,exploratory
A,S4,52,lstm,6,train_q90,8.84,50,5,5,0.9090909090909091,0.09090909090909091,0.8333333333333334,0.9090909090909091,1,-0.8705278778076195,4.0,exploratory
A,S4,52,lstm,6,train_q95,10.08,26,9,4,0.7428571428571429,0.13333333333333333,0.6666666666666666,0.8,4,-1.0740881705284142,2.75,exploratory
A,S4,52,lstm,7,official_alarm,11.4,1,14,1,0.06666666666666667,0.5,0.0625,0.11764705882352941,2,-1.1181566619873067,3.5,exploratory
A,S4,52,lstm,7,train_q90,8.84,49,6,5,0.8909090909090909,0.09259259259259259,0.8166666666666667,0.8990825688073395,1,-1.0068643951416032,5.0,exploratory
A,S4,52,lstm,7,train_q95,10.08,24,11,5,0.6857142857142857,0.1724137931034483,0.6,0.75,4,-1.4799829745292676,2.75,exploratory
A,S4,52,lstm,8,official_alarm,11.4,1,15,0,0.0625,0.0,0.0625,0.11764705882352941,2,-1.7476191329956068,3.5,exploratory
A,S4,52,lstm,8,train_q90,8.84,48,7,5,0.8727272727272727,0.09433962264150944,0.8,0.8888888888888888,1,-1.1802723503112809,6.0,exploratory
A,S4,52,lstm,8,train_q95,10.08,19,16,5,0.5428571428571428,0.20833333333333334,0.475,0.6440677966101694,4,-1.6662096810340896,3.25,exploratory
A,S4,52,lstm,9,official_alarm,11.4,1,15,0,0.0625,0.0,0.0625,0.11764705882352941,2,-1.83185070514679,4.5,exploratory
A,S4,52,lstm,9,train_q90,8.84,46,9,6,0.8363636363636363,0.11538461538461539,0.7540983606557377,0.8598130841121495,1,-1.2818036365509045,7.0,exploratory
A,S4,52,lstm,9,train_q95,10.08,18,17,4,0.5142857142857142,0.18181818181818182,0.46153846153846156,0.631578947368421,4,-1.7561896848678602,3.75,exploratory
A,S4,52,lstm,10,official_alarm,11.4,0,16,0,0.0,,0.0,0.0,2,-1.9602179002761861,4.5,exploratory
A,S4,52,lstm,10,train_q90,8.84,45,10,7,0.8181818181818182,0.1346153846153846,0.7258064516129032,0.8411214953271028,1,-1.4564511585235618,8.0,exploratory
A,S4,52,lstm,10,train_q95,10.08,16,19,3,0.45714285714285713,0.15789473684210525,0.42105263157894735,0.5925925925925926,4,-1.8351447868347184,3.5,exploratory
A,S4,52,lstm,11,official_alarm,11.4,0,16,0,0.0,,0.0,0.0,2,-1.9172953271865856,5.0,exploratory
A,S4,52,lstm,11,train_q90,8.84,43,12,6,0.7818181818181819,0.12244897959183673,0.7049180327868853,0.8269230769230769,1,-1.5490727615356459,9.0,exploratory
A,S4,52,lstm,11,train_q95,10.08,11,24,2,0.3142857142857143,0.15384615384615385,0.2972972972972973,0.4583333333333333,4,-2.0504345262050636,2.75,exploratory
A,S4,52,lstm,12,official_alarm,11.4,0,17,0,0.0,,0.0,0.0,2,-2.335814161300661,1.5,exploratory
A,S4,52,lstm,12,train_q90,8.84,42,13,7,0.7636363636363637,0.14285714285714285,0.6774193548387096,0.8076923076923077,1,-1.6143661117553716,10.0,exploratory
A,S4,52,lstm,12,train_q95,10.08,7,28,2,0.2,0.2222222222222222,0.1891891891891892,0.3181818181818182,4,-2.0912400007247935,3.25,exploratory
A,S4,52,lstm,13,official_alarm,11.4,0,17,0,0.0,,0.0,0.0,2,-2.4246137666702285,1.5,exploratory
A,S4,52,lstm,13,train_q90,8.84,41,14,7,0.7454545454545455,0.14583333333333334,0.6612903225806451,0.7961165048543689,1,-1.7394515419006353,11.0,exploratory
A,S4,52,lstm,13,train_q95,10.08,5,30,2,0.14285714285714285,0.2857142857142857,0.13513513513513514,0.23809523809523808,4,-2.1737683558464065,4.25,exploratory
A,S4,52,lstm,14,official_alarm,11.4,0,16,0,0.0,,0.0,0.0,2,-2.4846757650375393,1.5,exploratory
A,S4,52,lstm,14,train_q90,8.84,40,15,7,0.7272727272727273,0.14893617021276595,0.6451612903225806,0.7843137254901961,1,-1.798969745635988,12.0,exploratory
A,S4,52,lstm,14,train_q95,10.08,5,30,2,0.14285714285714285,0.2857142857142857,0.13513513513513514,0.23809523809523808,4,-2.2720804095268265,5.0,exploratory
A,S4,62,lstm,1,official_alarm,11.4,15,4,1,0.7894736842105263,0.0625,0.75,0.8571428571428571,3,-0.509313106536867,0.6666666666666666,exploratory
A,S4,62,lstm,1,train_q90,8.84,55,0,0,1.0,0.0,1.0,1.0,1,-0.3915611648559594,1.0,exploratory
A,S4,62,lstm,1,train_q95,10.08,37,2,5,0.9487179487179487,0.11904761904761904,0.8409090909090909,0.9135802469135802,3,-0.5257790152231868,1.6666666666666667,exploratory
A,S4,62,lstm,2,official_alarm,11.4,12,6,0,0.6666666666666666,0.0,0.6666666666666666,0.8,3,-0.4636104615529379,0.0,exploratory
A,S4,62,lstm,2,train_q90,8.84,55,0,1,1.0,0.017857142857142856,0.9821428571428571,0.990990990990991,1,-0.32468471527099574,0.0,exploratory
A,S4,62,lstm,2,train_q95,10.08,36,2,5,0.9473684210526315,0.12195121951219512,0.8372093023255814,0.9113924050632911,3,-0.49229329744974787,0.3333333333333333,exploratory
A,S4,62,lstm,3,official_alarm,11.4,10,7,0,0.5882352941176471,0.0,0.5882352941176471,0.7407407407407407,3,-0.36196247736613135,0.6666666666666666,exploratory
A,S4,62,lstm,3,train_q90,8.84,54,1,2,0.9818181818181818,0.03571428571428571,0.9473684210526315,0.972972972972973,1,-0.35343063354492443,1.0,exploratory
A,S4,62,lstm,3,train_q95,10.08,34,3,6,0.918918918918919,0.15,0.7906976744186046,0.8831168831168831,4,-0.3515281772613541,1.0,exploratory
A,S4,62,lstm,4,official_alarm,11.4,6,10,1,0.375,0.14285714285714285,0.35294117647058826,0.5217391304347826,3,-0.29796684265136797,1.3333333333333333,exploratory
A,S4,62,lstm,4,train_q90,8.84,53,2,3,0.9636363636363636,0.05357142857142857,0.9137931034482759,0.954954954954955,1,-0.4055264759063739,2.0,exploratory
A,S4,62,lstm,4,train_q95,10.08,31,5,6,0.8611111111111112,0.16216216216216217,0.7380952380952381,0.8493150684931506,4,-0.3591640591621412,1.75,exploratory
A,S4,62,lstm,5,official_alarm,11.4,4,11,1,0.26666666666666666,0.2,0.25,0.4,2,-0.5644031476974503,2.0,exploratory
A,S4,62,lstm,5,train_q90,8.84,52,3,4,0.9454545454545454,0.07142857142857142,0.8813559322033898,0.9369369369369369,1,-0.4796297740936293,3.0,exploratory
A,S4,62,lstm,5,train_q95,10.08,29,6,6,0.8285714285714286,0.17142857142857143,0.7073170731707317,0.8285714285714286,4,-0.37810406208038483,2.0,exploratory
A,S4,62,lstm,6,official_alarm,11.4,2,13,2,0.13333333333333333,0.5,0.11764705882352941,0.21052631578947367,2,-0.6637264060974131,3.0,exploratory
A,S4,62,lstm,6,train_q90,8.84,51,4,5,0.9272727272727272,0.08928571428571429,0.85,0.918918918918919,1,-0.6077777099609385,4.0,exploratory
A,S4,62,lstm,6,train_q95,10.08,26,9,5,0.7428571428571429,0.16129032258064516,0.65,0.7878787878787878,4,-0.8978911900520337,2.75,exploratory
A,S4,62,lstm,7,official_alarm,11.4,1,14,2,0.06666666666666667,0.6666666666666666,0.058823529411764705,0.1111111111111111,2,-0.8436682081222555,3.5,exploratory
A,S4,62,lstm,7,train_q90,8.84,49,6,6,0.8909090909090909,0.10909090909090909,0.8032786885245902,0.8909090909090909,1,-0.7023235702514672,5.0,exploratory
A,S4,62,lstm,7,train_q95,10.08,25,10,5,0.7142857142857143,0.16666666666666666,0.625,0.7692307692307693,4,-1.26015577554703,2.75,exploratory
A,S4,62,lstm,8,official_alarm,11.4,1,15,2,0.0625,0.6666666666666666,0.05555555555555555,0.10526315789473684,2,-1.5053095483779924,4.0,exploratory
A,S4,62,lstm,8,train_q90,8.84,48,7,6,0.8727272727272727,0.1111111111111111,0.7868852459016393,0.8807339449541285,1,-0.8443354988098157,6.0,exploratory
A,S4,62,lstm,8,train_q95,10.08,24,11,6,0.6857142857142857,0.2,0.5853658536585366,0.7384615384615385,4,-1.420465364456178,3.25,exploratory
A,S4,62,lstm,9,official_alarm,11.4,1,15,0,0.0625,0.0,0.0625,0.11764705882352941,2,-1.6057821369171164,4.5,exploratory
A,S4,62,lstm,9,train_q90,8.84,47,8,7,0.8545454545454545,0.12962962962962962,0.7580645161290323,0.8623853211009175,1,-0.9525340080261238,7.0,exploratory
A,S4,62,lstm,9,train_q95,10.08,22,13,7,0.6285714285714286,0.2413793103448276,0.5238095238095238,0.6875,4,-1.4920513367652906,3.75,exploratory
A,S4,62,lstm,10,official_alarm,11.4,0,16,1,0.0,1.0,0.0,0.0,2,-1.5482443904876728,4.5,exploratory
A,S4,62,lstm,10,train_q90,8.84,46,9,7,0.8363636363636363,0.1320754716981132,0.7419354838709677,0.8518518518518519,1,-1.0317728805542004,8.0,exploratory
A,S4,62,lstm,10,train_q95,10.08,21,14,7,0.6,0.25,0.5,0.6666666666666666,4,-1.51661252975464,3.5,exploratory
A,S4,62,lstm,11,official_alarm,11.4,0,16,1,0.0,1.0,0.0,0.0,2,-1.5129155492782616,5.0,exploratory
A,S4,62,lstm,11,train_q90,8.84,45,10,8,0.8181818181818182,0.1509433962264151,0.7142857142857143,0.8333333333333334,1,-1.131165399551394,9.0,exploratory
A,S4,62,lstm,11,train_q95,10.08,17,18,5,0.4857142857142857,0.22727272727272727,0.425,0.5964912280701754,4,-1.7020538210868852,2.75,exploratory
A,S4,62,lstm,12,official_alarm,11.4,0,17,1,0.0,1.0,0.0,0.0,2,-1.9569527578353902,1.5,exploratory
A,S4,62,lstm,12,train_q90,8.84,44,11,9,0.8,0.16981132075471697,0.6875,0.8148148148148148,1,-1.215953035354616,10.0,exploratory
A,S4,62,lstm,12,train_q95,10.08,16,19,6,0.45714285714285713,0.2727272727272727,0.3902439024390244,0.5614035087719298,4,-1.76488169193268,3.25,exploratory
A,S4,62,lstm,13,official_alarm,11.4,0,17,1,0.0,1.0,0.0,0.0,2,-2.013513336181642,1.5,exploratory
A,S4,62,lstm,13,train_q90,8.84,43,12,10,0.7818181818181819,0.18867924528301888,0.6615384615384615,0.7962962962962963,1,-1.3035467147827156,11.0,exploratory
A,S4,62,lstm,13,train_q95,10.08,13,22,8,0.37142857142857144,0.38095238095238093,0.3023255813953488,0.4642857142857143,4,-1.8097212994098677,4.25,exploratory
A,S4,62,lstm,14,official_alarm,11.4,0,16,1,0.0,1.0,0.0,0.0,2,-2.1005438280105606,1.5,exploratory
A,S4,62,lstm,14,train_q90,8.84,41,14,10,0.7454545454545455,0.19607843137254902,0.6307692307692307,0.7735849056603774,1,-1.4066476440429696,12.0,exploratory
A,S4,62,lstm,14,train_q95,10.08,8,27,9,0.22857142857142856,0.5294117647058824,0.18181818181818182,0.3076923076923077,4,-1.9502305698394786,5.0,exploratory
A,S4,72,lstm,1,official_alarm,11.4,11,8,0,0.5789473684210527,0.0,0.5789473684210527,0.7333333333333333,3,-0.5509715747833278,0.6666666666666666,exploratory
A,S4,72,lstm,1,train_q90,8.84,55,0,0,1.0,0.0,1.0,1.0,1,-0.4247603416442889,1.0,exploratory
A,S4,72,lstm,1,train_q95,10.08,36,3,4,0.9230769230769231,0.1,0.8372093023255814,0.9113924050632911,3,-0.5744511413574251,1.0,exploratory
A,S4,72,lstm,2,official_alarm,11.4,11,7,0,0.6111111111111112,0.0,0.6111111111111112,0.7586206896551724,3,-0.5159334786733005,0.0,exploratory
A,S4,72,lstm,2,train_q90,8.84,55,0,1,1.0,0.017857142857142856,0.9821428571428571,0.990990990990991,1,-0.3908440208435078,0.0,exploratory
A,S4,72,lstm,2,train_q95,10.08,34,4,4,0.8947368421052632,0.10526315789473684,0.8095238095238095,0.8947368421052632,3,-0.5255222892761248,0.3333333333333333,exploratory
A,S4,72,lstm,3,official_alarm,11.4,9,8,0,0.5294117647058824,0.0,0.5294117647058824,0.6923076923076923,3,-0.46446130116780715,0.6666666666666666,exploratory
A,S4,72,lstm,3,train_q90,8.84,54,1,2,0.9818181818181818,0.03571428571428571,0.9473684210526315,0.972972972972973,1,-0.48941728591919187,1.0,exploratory
A,S4,72,lstm,3,train_q95,10.08,32,5,2,0.8648648648648649,0.058823529411764705,0.8205128205128205,0.9014084507042254,4,-0.44259675979614466,1.0,exploratory
A,S4,72,lstm,4,official_alarm,11.4,5,11,0,0.3125,0.0,0.3125,0.47619047619047616,3,-0.47413255691528455,1.3333333333333333,exploratory
A,S4,72,lstm,4,train_q90,8.84,53,2,3,0.9636363636363636,0.05357142857142857,0.9137931034482759,0.954954954954955,1,-0.6251530170440684,2.0,exploratory
A,S4,72,lstm,4,train_q95,10.08,29,7,2,0.8055555555555556,0.06451612903225806,0.7631578947368421,0.8656716417910447,4,-0.509367339611055,2.0,exploratory
A,S4,72,lstm,5,official_alarm,11.4,4,11,1,0.26666666666666666,0.2,0.25,0.4,2,-0.882616806030275,2.0,exploratory
A,S4,72,lstm,5,train_q90,8.84,51,4,3,0.9272727272727272,0.05555555555555555,0.8793103448275862,0.9357798165137615,1,-0.7982245635986338,3.0,exploratory
A,S4,72,lstm,5,train_q95,10.08,27,8,3,0.7714285714285715,0.1,0.7105263157894737,0.8307692307692308,4,-0.6253560829162614,2.75,exploratory
A,S4,72,lstm,6,official_alarm,11.4,1,14,0,0.06666666666666667,0.0,0.06666666666666667,0.125,2,-1.047928791046144,3.0,exploratory
A,S4,72,lstm,6,train_q90,8.84,50,5,4,0.9090909090909091,0.07407407407407407,0.847457627118644,0.9174311926605505,1,-0.9899046516418473,4.0,exploratory
A,S4,72,lstm,6,train_q95,10.08,26,9,4,0.7428571428571429,0.13333333333333333,0.6666666666666666,0.8,4,-1.1548402881622328,3.0,exploratory
A,S4,72,lstm,7,official_alarm,11.4,1,14,0,0.06666666666666667,0.0,0.06666666666666667,0.125,2,-1.2663517808914202,3.5,exploratory
A,S4,72,lstm,7,train_q90,8.84,49,6,5,0.8909090909090909,0.09259259259259259,0.8166666666666667,0.8990825688073395,1,-1.1657727432250997,5.0,exploratory
A,S4,72,lstm,7,train_q95,10.08,22,13,3,0.6285714285714286,0.12,0.5789473684210527,0.7333333333333333,4,-1.536707997322085,2.75,exploratory
A,S4,72,lstm,8,official_alarm,11.4,1,15,0,0.0625,0.0,0.0625,0.11764705882352941,2,-1.7703674793243431,4.0,exploratory
A,S4,72,lstm,8,train_q90,8.84,47,8,5,0.8545454545454545,0.09615384615384616,0.7833333333333333,0.8785046728971962,1,-1.2849943733215365,6.0,exploratory
A,S4,72,lstm,8,train_q95,10.08,19,16,3,0.5428571428571428,0.13636363636363635,0.5,0.6666666666666666,4,-1.7135726499557515,3.25,exploratory
A,S4,72,lstm,9,official_alarm,11.4,1,15,0,0.0625,0.0,0.0625,0.11764705882352941,2,-1.8659597682952898,4.5,exploratory
A,S4,72,lstm,9,train_q90,8.84,46,9,6,0.8363636363636363,0.11538461538461539,0.7540983606557377,0.8598130841121495,1,-1.3569066619873063,7.0,exploratory
A,S4,72,lstm,9,train_q95,10.08,18,17,3,0.5142857142857142,0.14285714285714285,0.47368421052631576,0.6428571428571429,4,-1.7513114631176014,3.0,exploratory
A,S4,72,lstm,10,official_alarm,11.4,0,16,0,0.0,,0.0,0.0,2,-1.8240424633026153,4.5,exploratory
A,S4,72,lstm,10,train_q90,8.84,45,10,7,0.8181818181818182,0.1346153846153846,0.7258064516129032,0.8411214953271028,1,-1.4495820903778096,8.0,exploratory
A,S4,72,lstm,10,train_q95,10.08,16,19,3,0.45714285714285713,0.15789473684210525,0.42105263157894735,0.5925925925925926,4,-1.753845906257631,3.5,exploratory
A,S4,72,lstm,11,official_alarm,11.4,0,16,0,0.0,,0.0,0.0,2,-1.807036809921267,5.0,exploratory
A,S4,72,lstm,11,train_q90,8.84,44,11,7,0.8,0.13725490196078433,0.7096774193548387,0.8301886792452831,1,-1.540812149047854,9.0,exploratory
A,S4,72,lstm,11,train_q95,10.08,12,23,4,0.34285714285714286,0.25,0.3076923076923077,0.47058823529411764,4,-1.904971737861635,2.75,exploratory
A,S4,72,lstm,12,official_alarm,11.4,0,17,0,0.0,,0.0,0.0,2,-2.1657227993011503,1.5,exploratory
A,S4,72,lstm,12,train_q90,8.84,43,12,7,0.7818181818181819,0.14,0.6935483870967742,0.819047619047619,1,-1.6060690879821795,10.0,exploratory
A,S4,72,lstm,12,train_q95,10.08,11,24,3,0.3142857142857143,0.21428571428571427,0.2894736842105263,0.4489795918367347,4,-1.9479012370109572,3.25,exploratory
A,S4,72,lstm,13,official_alarm,11.4,0,17,0,0.0,,0.0,0.0,2,-2.2895219612121602,1.5,exploratory
A,S4,72,lstm,13,train_q90,8.84,41,14,8,0.7454545454545455,0.16326530612244897,0.6507936507936508,0.7884615384615384,1,-1.7646164894104022,11.0,exploratory
A,S4,72,lstm,13,train_q95,10.08,5,30,3,0.14285714285714285,0.375,0.13157894736842105,0.23255813953488372,4,-2.051540815830233,4.25,exploratory
A,S4,72,lstm,14,official_alarm,11.4,0,16,0,0.0,,0.0,0.0,2,-2.4309196472167978,1.5,exploratory
A,S4,72,lstm,14,train_q90,8.84,40,15,8,0.7272727272727273,0.16666666666666666,0.6349206349206349,0.7766990291262136,1,-1.92053119659424,12.0,exploratory
A,S4,72,lstm,14,train_q95,10.08,5,30,2,0.14285714285714285,0.2857142857142857,0.13513513513513514,0.23809523809523808,4,-2.23423087835312,5.0,exploratory
A,S4,82,lstm,1,official_alarm,11.4,11,8,0,0.5789473684210527,0.0,0.5789473684210527,0.7333333333333333,3,-0.5601783529917407,0.6666666666666666,exploratory
A,S4,82,lstm,1,train_q90,8.84,55,0,0,1.0,0.0,1.0,1.0,1,-0.4723799705505378,1.0,exploratory
A,S4,82,lstm,1,train_q95,10.08,36,3,4,0.9230769230769231,0.1,0.8372093023255814,0.9113924050632911,3,-0.5716535409291593,1.0,exploratory
A,S4,82,lstm,2,official_alarm,11.4,10,8,0,0.5555555555555556,0.0,0.5555555555555556,0.7142857142857143,3,-0.5069216855367037,0.0,exploratory
A,S4,82,lstm,2,train_q90,8.84,55,0,1,1.0,0.017857142857142856,0.9821428571428571,0.990990990990991,1,-0.40296027183532956,0.0,exploratory
A,S4,82,lstm,2,train_q95,10.08,35,3,4,0.9210526315789473,0.10256410256410256,0.8333333333333334,0.9090909090909091,3,-0.4907431793212904,0.3333333333333333,exploratory
A,S4,82,lstm,3,official_alarm,11.4,10,7,0,0.5882352941176471,0.0,0.5882352941176471,0.7407407407407407,3,-0.3920558770497659,0.6666666666666666,exploratory
A,S4,82,lstm,3,train_q90,8.84,54,1,2,0.9818181818181818,0.03571428571428571,0.9473684210526315,0.972972972972973,1,-0.4101847457885768,1.0,exploratory
A,S4,82,lstm,3,train_q95,10.08,33,4,6,0.8918918918918919,0.15384615384615385,0.7674418604651163,0.868421052631579,4,-0.35246893405914426,1.0,exploratory
A,S4,82,lstm,4,official_alarm,11.4,5,11,1,0.3125,0.16666666666666666,0.29411764705882354,0.45454545454545453,3,-0.3631762886047376,1.3333333333333333,exploratory
A,S4,82,lstm,4,train_q90,8.84,53,2,3,0.9636363636363636,0.05357142857142857,0.9137931034482759,0.954954954954955,1,-0.48417722702026467,2.0,exploratory
A,S4,82,lstm,4,train_q95,10.08,31,5,3,0.8611111111111112,0.08823529411764706,0.7948717948717948,0.8857142857142857,4,-0.3988307905197157,2.0,exploratory
A,S4,82,lstm,5,official_alarm,11.4,4,11,1,0.26666666666666666,0.2,0.25,0.4,2,-0.7063707494735736,2.0,exploratory
A,S4,82,lstm,5,train_q90,8.84,52,3,4,0.9454545454545454,0.07142857142857142,0.8813559322033898,0.9369369369369369,1,-0.6294970417022725,3.0,exploratory
A,S4,82,lstm,5,train_q95,10.08,29,6,4,0.8285714285714286,0.12121212121212122,0.7435897435897436,0.8529411764705882,4,-0.47755475997924934,2.25,exploratory
A,S4,82,lstm,6,official_alarm,11.4,1,14,1,0.06666666666666667,0.5,0.0625,0.11764705882352941,2,-0.8298600196838395,3.0,exploratory
A,S4,82,lstm,6,train_q90,8.84,50,5,5,0.9090909090909091,0.09090909090909091,0.8333333333333334,0.9090909090909091,1,-0.7637810707092303,4.0,exploratory
A,S4,82,lstm,6,train_q95,10.08,26,9,4,0.7428571428571429,0.13333333333333333,0.6666666666666666,0.8,4,-0.9957261371612565,3.0,exploratory
A,S4,82,lstm,7,official_alarm,11.4,1,14,1,0.06666666666666667,0.5,0.0625,0.11764705882352941,2,-1.037591547966005,3.5,exploratory
A,S4,82,lstm,7,train_q90,8.84,49,6,5,0.8909090909090909,0.09259259259259259,0.8166666666666667,0.8990825688073395,1,-0.9225849342346208,5.0,exploratory
A,S4,82,lstm,7,train_q95,10.08,24,11,5,0.6857142857142857,0.1724137931034483,0.6,0.75,4,-1.4037276506423964,2.75,exploratory
A,S4,82,lstm,8,official_alarm,11.4,1,15,0,0.0625,0.0,0.0625,0.11764705882352941,2,-1.595329723358156,4.0,exploratory
A,S4,82,lstm,8,train_q90,8.84,48,7,5,0.8727272727272727,0.09433962264150944,0.8,0.8888888888888888,1,-0.9972470664978044,6.0,exploratory
A,S4,82,lstm,8,train_q95,10.08,21,14,5,0.6,0.19230769230769232,0.525,0.6885245901639344,4,-1.5582310247421276,3.25,exploratory
A,S4,82,lstm,9,official_alarm,11.4,1,15,0,0.0625,0.0,0.0625,0.11764705882352941,2,-1.772762708663942,4.5,exploratory
A,S4,82,lstm,9,train_q90,8.84,46,9,6,0.8363636363636363,0.11538461538461539,0.7540983606557377,0.8598130841121495,1,-1.1436560535430917,7.0,exploratory
A,S4,82,lstm,9,train_q95,10.08,18,17,5,0.5142857142857142,0.21739130434782608,0.45,0.6206896551724138,4,-1.649313459396363,3.0,exploratory
A,S4,82,lstm,10,official_alarm,11.4,0,16,1,0.0,1.0,0.0,0.0,2,-1.6892866706848153,4.5,exploratory
A,S4,82,lstm,10,train_q90,8.84,45,10,7,0.8181818181818182,0.1346153846153846,0.7258064516129032,0.8411214953271028,1,-1.2050573539733893,8.0,exploratory
A,S4,82,lstm,10,train_q95,10.08,17,18,4,0.4857142857142857,0.19047619047619047,0.4358974358974359,0.6071428571428571,4,-1.6610877609252943,3.5,exploratory
A,S4,82,lstm,11,official_alarm,11.4,0,16,1,0.0,1.0,0.0,0.0,2,-1.6801676225662243,5.0,exploratory
A,S4,82,lstm,11,train_q90,8.84,44,11,8,0.8,0.15384615384615385,0.6984126984126984,0.822429906542056,1,-1.3193222999572765,9.0,exploratory
A,S4,82,lstm,11,train_q95,10.08,15,20,4,0.42857142857142855,0.21052631578947367,0.38461538461538464,0.5555555555555556,4,-1.836355758905412,2.75,exploratory
A,S4,82,lstm,12,official_alarm,11.4,0,17,1,0.0,1.0,0.0,0.0,2,-2.0738808727264404,1.5,exploratory
A,S4,82,lstm,12,train_q90,8.84,43,12,7,0.7818181818181819,0.14,0.6935483870967742,0.819047619047619,1,-1.3805922031402602,10.0,exploratory
A,S4,82,lstm,12,train_q95,10.08,12,23,5,0.34285714285714286,0.29411764705882354,0.3,0.46153846153846156,4,-1.8822461485862738,3.25,exploratory
A,S4,82,lstm,13,official_alarm,11.4,0,17,0,0.0,,0.0,0.0,2,-2.16194275379181,1.5,exploratory
A,S4,82,lstm,13,train_q90,8.84,41,14,8,0.7454545454545455,0.16326530612244897,0.6507936507936508,0.7884615384615384,1,-1.5030963897705085,11.0,exploratory
A,S4,82,lstm,13,train_q95,10.08,10,25,5,0.2857142857142857,0.3333333333333333,0.25,0.4,4,-1.95670950293541,4.25,exploratory
A,S4,82,lstm,14,official_alarm,11.4,0,16,0,0.0,,0.0,0.0,2,-2.248419556617738,1.5,exploratory
A,S4,82,lstm,14,train_q90,8.84,40,15,9,0.7272727272727273,0.1836734693877551,0.625,0.7692307692307693,1,-1.5532141494750995,12.0,exploratory
A,S4,82,lstm,14,train_q95,10.08,7,28,5,0.2,0.4166666666666667,0.175,0.2978723404255319,4,-2.0727678036689765,5.0,exploratory
B,S0,42,lstm,1,official_alarm,11.4,0,0,0,,,,,0,,,exploratory
B,S0,42,lstm,1,train_q90,8.88,0,1,0,0.0,,0.0,0.0,1,-0.3820912075042724,1.0,exploratory
B,S0,42,lstm,1,train_q95,10.105,0,0,0,,,,,0,,,exploratory
B,S0,42,lstm,2,official_alarm,11.4,0,0,0,,,,,0,,,exploratory
B,S0,42,lstm,2,train_q90,8.88,0,1,0,0.0,,0.0,0.0,1,-0.38547666549682624,2.0,exploratory
B,S0,42,lstm,2,train_q95,10.105,0,0,0,,,,,0,,,exploratory
B,S0,42,lstm,3,official_alarm,11.4,0,0,0,,,,,0,,,exploratory
B,S0,42,lstm,3,train_q90,8.88,0,1,0,0.0,,0.0,0.0,1,-0.8973615550994882,2.0,exploratory
B,S0,42,lstm,3,train_q95,10.105,0,0,0,,,,,0,,,exploratory
B,S0,42,lstm,4,official_alarm,11.4,0,0,0,,,,,0,,,exploratory
B,S0,42,lstm,4,train_q90,8.88,0,1,0,0.0,,0.0,0.0,1,-1.547728853225708,2.0,exploratory
B,S0,42,lstm,4,train_q95,10.105,0,0,0,,,,,0,,,exploratory
B,S0,42,lstm,5,official_alarm,11.4,0,0,0,,,,,0,,,exploratory
B,S0,42,lstm,5,train_q90,8.88,0,1,0,0.0,,0.0,0.0,1,-2.255637855529786,2.0,exploratory
B,S0,42,lstm,5,train_q95,10.105,0,0,0,,,,,0,,,exploratory
B,S0,42,lstm,6,official_alarm,11.4,0,0,0,,,,,0,,,exploratory
B,S0,42,lstm,6,train_q90,8.88,0,1,0,0.0,,0.0,0.0,1,-2.692927103042602,2.0,exploratory
B,S0,42,lstm,6,train_q95,10.105,0,0,0,,,,,0,,,exploratory
B,S0,42,lstm,7,official_alarm,11.4,0,0,0,,,,,0,,,exploratory
B,S0,42,lstm,7,train_q90,8.88,0,1,0,0.0,,0.0,0.0,1,-2.9586942625045776,2.0,exploratory
B,S0,42,lstm,7,train_q95,10.105,0,0,0,,,,,0,,,exploratory
B,S0,42,lstm,8,official_alarm,11.4,0,0,0,,,,,0,,,exploratory
B,S0,42,lstm,8,train_q90,8.88,0,1,0,0.0,,0.0,0.0,1,-3.3620976638793945,2.0,exploratory
B,S0,42,lstm,8,train_q95,10.105,0,0,0,,,,,0,,,exploratory
B,S0,42,lstm,9,official_alarm,11.4,0,0,0,,,,,0,,,exploratory
B,S0,42,lstm,9,train_q90,8.88,0,1,0,0.0,,0.0,0.0,1,-3.406334605216979,2.0,exploratory
B,S0,42,lstm,9,train_q95,10.105,0,0,0,,,,,0,,,exploratory
B,S0,42,lstm,10,official_alarm,11.4,0,0,0,,,,,0,,,exploratory
B,S0,42,lstm,10,train_q90,8.88,0,1,0,0.0,,0.0,0.0,1,-3.4566324424743646,2.0,exploratory
B,S0,42,lstm,10,train_q95,10.105,0,0,0,,,,,0,,,exploratory
B,S0,42,lstm,11,official_alarm,11.4,0,0,0,,,,,0,,,exploratory
B,S0,42,lstm,11,train_q90,8.88,0,1,0,0.0,,0.0,0.0,1,-3.93269416809082,2.0,exploratory
B,S0,42,lstm,11,train_q95,10.105,0,0,0,,,,,0,,,exploratory
B,S0,42,lstm,12,official_alarm,11.4,0,0,0,,,,,0,,,exploratory
B,S0,42,lstm,12,train_q90,8.88,0,1,0,0.0,,0.0,0.0,1,-4.140099973678589,1.0,exploratory
B,S0,42,lstm,12,train_q95,10.105,0,0,0,,,,,0,,,exploratory
B,S0,42,lstm,13,official_alarm,11.4,0,0,0,,,,,0,,,exploratory
B,S0,42,lstm,13,train_q90,8.88,0,1,0,0.0,,0.0,0.0,1,-4.153015689849853,2.0,exploratory
B,S0,42,lstm,13,train_q95,10.105,0,0,0,,,,,0,,,exploratory
B,S0,42,lstm,14,official_alarm,11.4,0,0,0,,,,,0,,,exploratory
B,S0,42,lstm,14,train_q90,8.88,0,1,0,0.0,,0.0,0.0,1,-4.29744342803955,2.0,exploratory
B,S0,42,lstm,14,train_q95,10.105,0,0,0,,,,,0,,,exploratory
B,S0,52,lstm,1,official_alarm,11.4,0,0,0,,,,,0,,,exploratory
B,S0,52,lstm,1,train_q90,8.88,0,1,1,0.0,1.0,0.0,0.0,1,-0.15807077407836978,1.0,exploratory
B,S0,52,lstm,1,train_q95,10.105,0,0,0,,,,,0,,,exploratory
B,S0,52,lstm,2,official_alarm,11.4,0,0,0,,,,,0,,,exploratory
B,S0,52,lstm,2,train_q90,8.88,0,1,1,0.0,1.0,0.0,0.0,1,-0.17795450210571317,2.0,exploratory
B,S0,52,lstm,2,train_q95,10.105,0,0,0,,,,,0,,,exploratory
B,S0,52,lstm,3,official_alarm,11.4,0,0,0,,,,,0,,,exploratory
B,S0,52,lstm,3,train_q90,8.88,0,1,1,0.0,1.0,0.0,0.0,1,-0.7473818874359139,2.0,exploratory
B,S0,52,lstm,3,train_q95,10.105,0,0,0,,,,,0,,,exploratory
B,S0,52,lstm,4,official_alarm,11.4,0,0,0,,,,,0,,,exploratory
B,S0,52,lstm,4,train_q90,8.88,0,1,0,0.0,,0.0,0.0,1,-1.3692858505249026,2.0,exploratory
B,S0,52,lstm,4,train_q95,10.105,0,0,0,,,,,0,,,exploratory
B,S0,52,lstm,5,official_alarm,11.4,0,0,0,,,,,0,,,exploratory
B,S0,52,lstm,5,train_q90,8.88,0,1,0,0.0,,0.0,0.0,1,-2.077656326293946,2.0,exploratory
B,S0,52,lstm,5,train_q95,10.105,0,0,0,,,,,0,,,exploratory
B,S0,52,lstm,6,official_alarm,11.4,0,0,0,,,,,0,,,exploratory
B,S0,52,lstm,6,train_q90,8.88,0,1,0,0.0,,0.0,0.0,1,-2.554862236976624,2.0,exploratory
B,S0,52,lstm,6,train_q95,10.105,0,0,0,,,,,0,,,exploratory
B,S0,52,lstm,7,official_alarm,11.4,0,0,0,,,,,0,,,exploratory
B,S0,52,lstm,7,train_q90,8.88,0,1,0,0.0,,0.0,0.0,1,-2.6819522666931146,2.0,exploratory
B,S0,52,lstm,7,train_q95,10.105,0,0,0,,,,,0,,,exploratory
B,S0,52,lstm,8,official_alarm,11.4,0,0,0,,,,,0,,,exploratory
B,S0,52,lstm,8,train_q90,8.88,0,1,0,0.0,,0.0,0.0,1,-3.124222736358642,2.0,exploratory
B,S0,52,lstm,8,train_q95,10.105,0,0,0,,,,,0,,,exploratory
B,S0,52,lstm,9,official_alarm,11.4,0,0,0,,,,,0,,,exploratory
B,S0,52,lstm,9,train_q90,8.88,0,1,0,0.0,,0.0,0.0,1,-3.152924327850341,1.0,exploratory
B,S0,52,lstm,9,train_q95,10.105,0,0,0,,,,,0,,,exploratory
B,S0,52,lstm,10,official_alarm,11.4,0,0,0,,,,,0,,,exploratory
B,S0,52,lstm,10,train_q90,8.88,0,1,0,0.0,,0.0,0.0,1,-3.160436925888061,2.0,exploratory
B,S0,52,lstm,10,train_q95,10.105,0,0,0,,,,,0,,,exploratory
B,S0,52,lstm,11,official_alarm,11.4,0,0,0,,,,,0,,,exploratory
B,S0,52,lstm,11,train_q90,8.88,0,1,0,0.0,,0.0,0.0,1,-3.5817131233215322,2.0,exploratory
B,S0,52,lstm,11,train_q95,10.105,0,0,0,,,,,0,,,exploratory
B,S0,52,lstm,12,official_alarm,11.4,0,0,0,,,,,0,,,exploratory
B,S0,52,lstm,12,train_q90,8.88,0,1,0,0.0,,0.0,0.0,1,-3.9306962966918944,1.0,exploratory
B,S0,52,lstm,12,train_q95,10.105,0,0,0,,,,,0,,,exploratory
B,S0,52,lstm,13,official_alarm,11.4,0,0,0,,,,,0,,,exploratory
B,S0,52,lstm,13,train_q90,8.88,0,1,0,0.0,,0.0,0.0,1,-3.9367975616455073,2.0,exploratory
B,S0,52,lstm,13,train_q95,10.105,0,0,0,,,,,0,,,exploratory
B,S0,52,lstm,14,official_alarm,11.4,0,0,0,,,,,0,,,exploratory
B,S0,52,lstm,14,train_q90,8.88,0,1,0,0.0,,0.0,0.0,1,-3.938932766914367,2.0,exploratory
B,S0,52,lstm,14,train_q95,10.105,0,0,0,,,,,0,,,exploratory
B,S0,62,lstm,1,official_alarm,11.4,0,0,0,,,,,0,,,exploratory
B,S0,62,lstm,1,train_q90,8.88,0,1,0,0.0,,0.0,0.0,1,-0.42910055160522553,1.0,exploratory
B,S0,62,lstm,1,train_q95,10.105,0,0,0,,,,,0,,,exploratory
B,S0,62,lstm,2,official_alarm,11.4,0,0,0,,,,,0,,,exploratory
B,S0,62,lstm,2,train_q90,8.88,0,1,0,0.0,,0.0,0.0,1,-0.44034451484680304,2.0,exploratory
B,S0,62,lstm,2,train_q95,10.105,0,0,0,,,,,0,,,exploratory
B,S0,62,lstm,3,official_alarm,11.4,0,0,0,,,,,0,,,exploratory
B,S0,62,lstm,3,train_q90,8.88,0,1,0,0.0,,0.0,0.0,1,-0.9321747016906734,2.0,exploratory
B,S0,62,lstm,3,train_q95,10.105,0,0,0,,,,,0,,,exploratory
B,S0,62,lstm,4,official_alarm,11.4,0,0,0,,,,,0,,,exploratory
B,S0,62,lstm,4,train_q90,8.88,0,1,0,0.0,,0.0,0.0,1,-1.546738624572754,2.0,exploratory
B,S0,62,lstm,4,train_q95,10.105,0,0,0,,,,,0,,,exploratory
B,S0,62,lstm,5,official_alarm,11.4,0,0,0,,,,,0,,,exploratory
B,S0,62,lstm,5,train_q90,8.88,0,1,0,0.0,,0.0,0.0,1,-2.166468992233277,2.0,exploratory
B,S0,62,lstm,5,train_q95,10.105,0,0,0,,,,,0,,,exploratory
B,S0,62,lstm,6,official_alarm,11.4,0,0,0,,,,,0,,,exploratory
B,S0,62,lstm,6,train_q90,8.88,0,1,0,0.0,,0.0,0.0,1,-2.567973070144653,2.0,exploratory
B,S0,62,lstm,6,train_q95,10.105,0,0,0,,,,,0,,,exploratory
B,S0,62,lstm,7,official_alarm,11.4,0,0,0,,,,,0,,,exploratory
B,S0,62,lstm,7,train_q90,8.88,0,1,0,0.0,,0.0,0.0,1,-2.8439789247512817,2.0,exploratory
B,S0,62,lstm,7,train_q95,10.105,0,0,0,,,,,0,,,exploratory
B,S0,62,lstm,8,official_alarm,11.4,0,0,0,,,,,0,,,exploratory
B,S0,62,lstm,8,train_q90,8.88,0,1,0,0.0,,0.0,0.0,1,-3.240764970779418,2.0,exploratory
B,S0,62,lstm,8,train_q95,10.105,0,0,0,,,,,0,,,exploratory
B,S0,62,lstm,9,official_alarm,11.4,0,0,0,,,,,0,,,exploratory
B,S0,62,lstm,9,train_q90,8.88,0,1,0,0.0,,0.0,0.0,1,-3.2566011095046994,2.0,exploratory
B,S0,62,lstm,9,train_q95,10.105,0,0,0,,,,,0,,,exploratory
B,S0,62,lstm,10,official_alarm,11.4,0,0,0,,,,,0,,,exploratory
B,S0,62,lstm,10,train_q90,8.88,0,1,0,0.0,,0.0,0.0,1,-3.352341022491455,2.0,exploratory
B,S0,62,lstm,10,train_q95,10.105,0,0,0,,,,,0,,,exploratory
B,S0,62,lstm,11,official_alarm,11.4,0,0,0,,,,,0,,,exploratory
B,S0,62,lstm,11,train_q90,8.88,0,1,0,0.0,,0.0,0.0,1,-3.7947705936431877,2.0,exploratory
B,S0,62,lstm,11,train_q95,10.105,0,0,0,,,,,0,,,exploratory
B,S0,62,lstm,12,official_alarm,11.4,0,0,0,,,,,0,,,exploratory
B,S0,62,lstm,12,train_q90,8.88,0,1,0,0.0,,0.0,0.0,1,-3.9773969364166257,1.0,exploratory
B,S0,62,lstm,12,train_q95,10.105,0,0,0,,,,,0,,,exploratory
B,S0,62,lstm,13,official_alarm,11.4,0,0,0,,,,,0,,,exploratory
B,S0,62,lstm,13,train_q90,8.88,0,1,0,0.0,,0.0,0.0,1,-3.9817005920410153,2.0,exploratory
B,S0,62,lstm,13,train_q95,10.105,0,0,0,,,,,0,,,exploratory
B,S0,62,lstm,14,official_alarm,11.4,0,0,0,,,,,0,,,exploratory
B,S0,62,lstm,14,train_q90,8.88,0,1,0,0.0,,0.0,0.0,1,-4.100649137496947,2.0,exploratory
B,S0,62,lstm,14,train_q95,10.105,0,0,0,,,,,0,,,exploratory
B,S0,72,lstm,1,official_alarm,11.4,0,0,0,,,,,0,,,exploratory
B,S0,72,lstm,1,train_q90,8.88,0,1,1,0.0,1.0,0.0,0.0,1,-0.30450746536254947,1.0,exploratory
B,S0,72,lstm,1,train_q95,10.105,0,0,0,,,,,0,,,exploratory
B,S0,72,lstm,2,official_alarm,11.4,0,0,0,,,,,0,,,exploratory
B,S0,72,lstm,2,train_q90,8.88,0,1,0,0.0,,0.0,0.0,1,-0.3685327529907223,2.0,exploratory
B,S0,72,lstm,2,train_q95,10.105,0,0,0,,,,,0,,,exploratory
B,S0,72,lstm,3,official_alarm,11.4,0,0,0,,,,,0,,,exploratory
B,S0,72,lstm,3,train_q90,8.88,0,1,0,0.0,,0.0,0.0,1,-0.8764416885375983,2.0,exploratory
B,S0,72,lstm,3,train_q95,10.105,0,0,0,,,,,0,,,exploratory
B,S0,72,lstm,4,official_alarm,11.4,0,0,0,,,,,0,,,exploratory
B,S0,72,lstm,4,train_q90,8.88,0,1,0,0.0,,0.0,0.0,1,-1.4576528739929202,2.0,exploratory
B,S0,72,lstm,4,train_q95,10.105,0,0,0,,,,,0,,,exploratory
B,S0,72,lstm,5,official_alarm,11.4,0,0,0,,,,,0,,,exploratory
B,S0,72,lstm,5,train_q90,8.88,0,1,0,0.0,,0.0,0.0,1,-2.1337874889373785,2.0,exploratory
B,S0,72,lstm,5,train_q95,10.105,0,0,0,,,,,0,,,exploratory
B,S0,72,lstm,6,official_alarm,11.4,0,0,0,,,,,0,,,exploratory
B,S0,72,lstm,6,train_q90,8.88,0,1,0,0.0,,0.0,0.0,1,-2.5514201831817633,2.0,exploratory
B,S0,72,lstm,6,train_q95,10.105,0,0,0,,,,,0,,,exploratory
B,S0,72,lstm,7,official_alarm,11.4,0,0,0,,,,,0,,,exploratory
B,S0,72,lstm,7,train_q90,8.88,0,1,0,0.0,,0.0,0.0,1,-2.790616998672485,2.0,exploratory
B,S0,72,lstm,7,train_q95,10.105,0,0,0,,,,,0,,,exploratory
B,S0,72,lstm,8,official_alarm,11.4,0,0,0,,,,,0,,,exploratory
B,S0,72,lstm,8,train_q90,8.88,0,1,0,0.0,,0.0,0.0,1,-3.2304348516464225,2.0,exploratory
B,S0,72,lstm,8,train_q95,10.105,0,0,0,,,,,0,,,exploratory
B,S0,72,lstm,9,official_alarm,11.4,0,0,0,,,,,0,,,exploratory
B,S0,72,lstm,9,train_q90,8.88,0,1,0,0.0,,0.0,0.0,1,-3.342063541412352,2.0,exploratory
B,S0,72,lstm,9,train_q95,10.105,0,0,0,,,,,0,,,exploratory
B,S0,72,lstm,10,official_alarm,11.4,0,0,0,,,,,0,,,exploratory
B,S0,72,lstm,10,train_q90,8.88,0,1,0,0.0,,0.0,0.0,1,-3.3951179504394524,2.0,exploratory
B,S0,72,lstm,10,train_q95,10.105,0,0,0,,,,,0,,,exploratory
B,S0,72,lstm,11,official_alarm,11.4,0,0,0,,,,,0,,,exploratory
B,S0,72,lstm,11,train_q90,8.88,0,1,0,0.0,,0.0,0.0,1,-3.85701726913452,2.0,exploratory
B,S0,72,lstm,11,train_q95,10.105,0,0,0,,,,,0,,,exploratory
B,S0,72,lstm,12,official_alarm,11.4,0,0,0,,,,,0,,,exploratory
B,S0,72,lstm,12,train_q90,8.88,0,1,0,0.0,,0.0,0.0,1,-4.107465171813964,1.0,exploratory
B,S0,72,lstm,12,train_q95,10.105,0,0,0,,,,,0,,,exploratory
B,S0,72,lstm,13,official_alarm,11.4,0,0,0,,,,,0,,,exploratory
B,S0,72,lstm,13,train_q90,8.88,0,1,0,0.0,,0.0,0.0,1,-4.113775405883788,2.0,exploratory
B,S0,72,lstm,13,train_q95,10.105,0,0,0,,,,,0,,,exploratory
B,S0,72,lstm,14,official_alarm,11.4,0,0,0,,,,,0,,,exploratory
B,S0,72,lstm,14,train_q90,8.88,0,1,0,0.0,,0.0,0.0,1,-4.23203688621521,2.0,exploratory
B,S0,72,lstm,14,train_q95,10.105,0,0,0,,,,,0,,,exploratory
B,S0,82,lstm,1,official_alarm,11.4,0,0,0,,,,,0,,,exploratory
B,S0,82,lstm,1,train_q90,8.88,0,1,1,0.0,1.0,0.0,0.0,1,-0.2988090991973884,1.0,exploratory
B,S0,82,lstm,1,train_q95,10.105,0,0,0,,,,,0,,,exploratory
B,S0,82,lstm,2,official_alarm,11.4,0,0,0,,,,,0,,,exploratory
B,S0,82,lstm,2,train_q90,8.88,0,1,0,0.0,,0.0,0.0,1,-0.34933292388916115,2.0,exploratory
B,S0,82,lstm,2,train_q95,10.105,0,0,0,,,,,0,,,exploratory
B,S0,82,lstm,3,official_alarm,11.4,0,0,0,,,,,0,,,exploratory
B,S0,82,lstm,3,train_q90,8.88,0,1,0,0.0,,0.0,0.0,1,-0.8176216316223144,2.0,exploratory
B,S0,82,lstm,3,train_q95,10.105,0,0,0,,,,,0,,,exploratory
B,S0,82,lstm,4,official_alarm,11.4,0,0,0,,,,,0,,,exploratory
B,S0,82,lstm,4,train_q90,8.88,0,1,0,0.0,,0.0,0.0,1,-1.4242930126190192,2.0,exploratory
B,S0,82,lstm,4,train_q95,10.105,0,0,0,,,,,0,,,exploratory
B,S0,82,lstm,5,official_alarm,11.4,0,0,0,,,,,0,,,exploratory
B,S0,82,lstm,5,train_q90,8.88,0,1,0,0.0,,0.0,0.0,1,-2.1026867103576663,2.0,exploratory
B,S0,82,lstm,5,train_q95,10.105,0,0,0,,,,,0,,,exploratory
B,S0,82,lstm,6,official_alarm,11.4,0,0,0,,,,,0,,,exploratory
B,S0,82,lstm,6,train_q90,8.88,0,1,0,0.0,,0.0,0.0,1,-2.5098452234268196,2.0,exploratory
B,S0,82,lstm,6,train_q95,10.105,0,0,0,,,,,0,,,exploratory
B,S0,82,lstm,7,official_alarm,11.4,0,0,0,,,,,0,,,exploratory
B,S0,82,lstm,7,train_q90,8.88,0,1,0,0.0,,0.0,0.0,1,-2.746856174468994,2.0,exploratory
B,S0,82,lstm,7,train_q95,10.105,0,0,0,,,,,0,,,exploratory
B,S0,82,lstm,8,official_alarm,11.4,0,0,0,,,,,0,,,exploratory
B,S0,82,lstm,8,train_q90,8.88,0,1,0,0.0,,0.0,0.0,1,-3.1813472938537597,2.0,exploratory
B,S0,82,lstm,8,train_q95,10.105,0,0,0,,,,,0,,,exploratory
B,S0,82,lstm,9,official_alarm,11.4,0,0,0,,,,,0,,,exploratory
B,S0,82,lstm,9,train_q90,8.88,0,1,0,0.0,,0.0,0.0,1,-3.242302951812743,2.0,exploratory
B,S0,82,lstm,9,train_q95,10.105,0,0,0,,,,,0,,,exploratory
B,S0,82,lstm,10,official_alarm,11.4,0,0,0,,,,,0,,,exploratory
B,S0,82,lstm,10,train_q90,8.88,0,1,0,0.0,,0.0,0.0,1,-3.2741058349609373,2.0,exploratory
B,S0,82,lstm,10,train_q95,10.105,0,0,0,,,,,0,,,exploratory
B,S0,82,lstm,11,official_alarm,11.4,0,0,0,,,,,0,,,exploratory
B,S0,82,lstm,11,train_q90,8.88,0,1,0,0.0,,0.0,0.0,1,-3.731228942871093,2.0,exploratory
B,S0,82,lstm,11,train_q95,10.105,0,0,0,,,,,0,,,exploratory
B,S0,82,lstm,12,official_alarm,11.4,0,0,0,,,,,0,,,exploratory
B,S0,82,lstm,12,train_q90,8.88,0,1,0,0.0,,0.0,0.0,1,-3.970111513137817,1.0,exploratory
B,S0,82,lstm,12,train_q95,10.105,0,0,0,,,,,0,,,exploratory
B,S0,82,lstm,13,official_alarm,11.4,0,0,0,,,,,0,,,exploratory
B,S0,82,lstm,13,train_q90,8.88,0,1,0,0.0,,0.0,0.0,1,-3.9641448116302485,2.0,exploratory
B,S0,82,lstm,13,train_q95,10.105,0,0,0,,,,,0,,,exploratory
B,S0,82,lstm,14,official_alarm,11.4,0,0,0,,,,,0,,,exploratory
B,S0,82,lstm,14,train_q90,8.88,0,1,0,0.0,,0.0,0.0,1,-4.082887158393859,2.0,exploratory
B,S0,82,lstm,14,train_q95,10.105,0,0,0,,,,,0,,,exploratory
B,S4,42,lstm,1,official_alarm,11.4,0,0,0,,,,,0,,,exploratory
B,S4,42,lstm,1,train_q90,8.88,0,1,0,0.0,,0.0,0.0,1,-0.41704366683960004,0.0,exploratory
B,S4,42,lstm,1,train_q95,10.105,0,0,0,,,,,0,,,exploratory
B,S4,42,lstm,2,official_alarm,11.4,0,0,0,,,,,0,,,exploratory
B,S4,42,lstm,2,train_q90,8.88,0,1,1,0.0,1.0,0.0,0.0,1,-0.30814859390258853,1.0,exploratory
B,S4,42,lstm,2,train_q95,10.105,0,0,0,,,,,0,,,exploratory
B,S4,42,lstm,3,official_alarm,11.4,0,0,0,,,,,0,,,exploratory
B,S4,42,lstm,3,train_q90,8.88,0,1,1,0.0,1.0,0.0,0.0,1,-0.26453895568847763,2.0,exploratory
B,S4,42,lstm,3,train_q95,10.105,0,0,0,,,,,0,,,exploratory
B,S4,42,lstm,4,official_alarm,11.4,0,0,0,,,,,0,,,exploratory
B,S4,42,lstm,4,train_q90,8.88,0,1,1,0.0,1.0,0.0,0.0,1,-0.5409924316406247,2.0,exploratory
B,S4,42,lstm,4,train_q95,10.105,0,0,0,,,,,0,,,exploratory
B,S4,42,lstm,5,official_alarm,11.4,0,0,0,,,,,0,,,exploratory
B,S4,42,lstm,5,train_q90,8.88,0,1,0,0.0,,0.0,0.0,1,-1.210808897018433,2.0,exploratory
B,S4,42,lstm,5,train_q95,10.105,0,0,0,,,,,0,,,exploratory
B,S4,42,lstm,6,official_alarm,11.4,0,0,0,,,,,0,,,exploratory
B,S4,42,lstm,6,train_q90,8.88,0,1,0,0.0,,0.0,0.0,1,-1.8099193954467774,2.0,exploratory
B,S4,42,lstm,6,train_q95,10.105,0,0,0,,,,,0,,,exploratory
B,S4,42,lstm,7,official_alarm,11.4,0,0,0,,,,,0,,,exploratory
B,S4,42,lstm,7,train_q90,8.88,0,1,0,0.0,,0.0,0.0,1,-2.403717012405396,2.0,exploratory
B,S4,42,lstm,7,train_q95,10.105,0,0,0,,,,,0,,,exploratory
B,S4,42,lstm,8,official_alarm,11.4,0,0,0,,,,,0,,,exploratory
B,S4,42,lstm,8,train_q90,8.88,0,1,0,0.0,,0.0,0.0,1,-3.17417664527893,2.0,exploratory
B,S4,42,lstm,8,train_q95,10.105,0,0,0,,,,,0,,,exploratory
B,S4,42,lstm,9,official_alarm,11.4,0,0,0,,,,,0,,,exploratory
B,S4,42,lstm,9,train_q90,8.88,0,1,0,0.0,,0.0,0.0,1,-3.2040133190155027,0.0,exploratory
B,S4,42,lstm,9,train_q95,10.105,0,0,0,,,,,0,,,exploratory
B,S4,42,lstm,10,official_alarm,11.4,0,0,0,,,,,0,,,exploratory
B,S4,42,lstm,10,train_q90,8.88,0,1,0,0.0,,0.0,0.0,1,-3.254085960388183,1.0,exploratory
B,S4,42,lstm,10,train_q95,10.105,0,0,0,,,,,0,,,exploratory
B,S4,42,lstm,11,official_alarm,11.4,0,0,0,,,,,0,,,exploratory
B,S4,42,lstm,11,train_q90,8.88,0,1,0,0.0,,0.0,0.0,1,-3.242576828002929,2.0,exploratory
B,S4,42,lstm,11,train_q95,10.105,0,0,0,,,,,0,,,exploratory
B,S4,42,lstm,12,official_alarm,11.4,0,0,0,,,,,0,,,exploratory
B,S4,42,lstm,12,train_q90,8.88,0,1,0,0.0,,0.0,0.0,1,-3.5417426347732537,0.0,exploratory
B,S4,42,lstm,12,train_q95,10.105,0,0,0,,,,,0,,,exploratory
B,S4,42,lstm,13,official_alarm,11.4,0,0,0,,,,,0,,,exploratory
B,S4,42,lstm,13,train_q90,8.88,0,1,0,0.0,,0.0,0.0,1,-3.1982532119750973,0.0,exploratory
B,S4,42,lstm,13,train_q95,10.105,0,0,0,,,,,0,,,exploratory
B,S4,42,lstm,14,official_alarm,11.4,0,0,0,,,,,0,,,exploratory
B,S4,42,lstm,14,train_q90,8.88,0,1,0,0.0,,0.0,0.0,1,-3.211530666351318,1.0,exploratory
B,S4,42,lstm,14,train_q95,10.105,0,0,0,,,,,0,,,exploratory
B,S4,52,lstm,1,official_alarm,11.4,0,0,0,,,,,0,,,exploratory
B,S4,52,lstm,1,train_q90,8.88,0,1,0,0.0,,0.0,0.0,1,-0.5994277954101559,0.0,exploratory
B,S4,52,lstm,1,train_q95,10.105,0,0,0,,,,,0,,,exploratory
B,S4,52,lstm,2,official_alarm,11.4,0,0,0,,,,,0,,,exploratory
B,S4,52,lstm,2,train_q90,8.88,0,1,0,0.0,,0.0,0.0,1,-0.5169934368133546,1.0,exploratory
B,S4,52,lstm,2,train_q95,10.105,0,0,0,,,,,0,,,exploratory
B,S4,52,lstm,3,official_alarm,11.4,0,0,0,,,,,0,,,exploratory
B,S4,52,lstm,3,train_q90,8.88,0,1,0,0.0,,0.0,0.0,1,-0.4227562808990477,2.0,exploratory
B,S4,52,lstm,3,train_q95,10.105,0,0,0,,,,,0,,,exploratory
B,S4,52,lstm,4,official_alarm,11.4,0,0,0,,,,,0,,,exploratory
B,S4,52,lstm,4,train_q90,8.88,0,1,0,0.0,,0.0,0.0,1,-0.6540288925170898,2.0,exploratory
B,S4,52,lstm,4,train_q95,10.105,0,0,0,,,,,0,,,exploratory
B,S4,52,lstm,5,official_alarm,11.4,0,0,0,,,,,0,,,exploratory
B,S4,52,lstm,5,train_q90,8.88,0,1,1,0.0,1.0,0.0,0.0,1,-1.2194652843475344,2.0,exploratory
B,S4,52,lstm,5,train_q95,10.105,0,0,0,,,,,0,,,exploratory
B,S4,52,lstm,6,official_alarm,11.4,0,0,0,,,,,0,,,exploratory
B,S4,52,lstm,6,train_q90,8.88,0,1,1,0.0,1.0,0.0,0.0,1,-1.7495099067687994,2.0,exploratory
B,S4,52,lstm,6,train_q95,10.105,0,0,0,,,,,0,,,exploratory
B,S4,52,lstm,7,official_alarm,11.4,0,0,0,,,,,0,,,exploratory
B,S4,52,lstm,7,train_q90,8.88,0,1,1,0.0,1.0,0.0,0.0,1,-2.3144131898880005,2.0,exploratory
B,S4,52,lstm,7,train_q95,10.105,0,0,0,,,,,0,,,exploratory
B,S4,52,lstm,8,official_alarm,11.4,0,0,0,,,,,0,,,exploratory
B,S4,52,lstm,8,train_q90,8.88,0,1,0,0.0,,0.0,0.0,1,-3.087675700187683,2.0,exploratory
B,S4,52,lstm,8,train_q95,10.105,0,0,0,,,,,0,,,exploratory
B,S4,52,lstm,9,official_alarm,11.4,0,0,0,,,,,0,,,exploratory
B,S4,52,lstm,9,train_q90,8.88,0,1,0,0.0,,0.0,0.0,1,-3.098291172981262,0.0,exploratory
B,S4,52,lstm,9,train_q95,10.105,0,0,0,,,,,0,,,exploratory
B,S4,52,lstm,10,official_alarm,11.4,0,0,0,,,,,0,,,exploratory
B,S4,52,lstm,10,train_q90,8.88,0,1,0,0.0,,0.0,0.0,1,-3.0637230110168456,1.0,exploratory
B,S4,52,lstm,10,train_q95,10.105,0,0,0,,,,,0,,,exploratory
B,S4,52,lstm,11,official_alarm,11.4,0,0,0,,,,,0,,,exploratory
B,S4,52,lstm,11,train_q90,8.88,0,1,0,0.0,,0.0,0.0,1,-3.112191181182861,2.0,exploratory
B,S4,52,lstm,11,train_q95,10.105,0,0,0,,,,,0,,,exploratory
B,S4,52,lstm,12,official_alarm,11.4,0,0,0,,,,,0,,,exploratory
B,S4,52,lstm,12,train_q90,8.88,0,1,0,0.0,,0.0,0.0,1,-3.386362619400023,0.0,exploratory
B,S4,52,lstm,12,train_q95,10.105,0,0,0,,,,,0,,,exploratory
B,S4,52,lstm,13,official_alarm,11.4,0,0,0,,,,,0,,,exploratory
B,S4,52,lstm,13,train_q90,8.88,0,1,0,0.0,,0.0,0.0,1,-3.1341843891143792,0.0,exploratory
B,S4,52,lstm,13,train_q95,10.105,0,0,0,,,,,0,,,exploratory
B,S4,52,lstm,14,official_alarm,11.4,0,0,0,,,,,0,,,exploratory
B,S4,52,lstm,14,train_q90,8.88,0,1,0,0.0,,0.0,0.0,1,-3.145591015815734,1.0,exploratory
B,S4,52,lstm,14,train_q95,10.105,0,0,0,,,,,0,,,exploratory
B,S4,62,lstm,1,official_alarm,11.4,0,0,0,,,,,0,,,exploratory
B,S4,62,lstm,1,train_q90,8.88,0,1,0,0.0,,0.0,0.0,1,-0.5083734607696542,0.0,exploratory
B,S4,62,lstm,1,train_q95,10.105,0,0,0,,,,,0,,,exploratory
B,S4,62,lstm,2,official_alarm,11.4,0,0,0,,,,,0,,,exploratory
B,S4,62,lstm,2,train_q90,8.88,0,1,0,0.0,,0.0,0.0,1,-0.3787738227844244,1.0,exploratory
B,S4,62,lstm,2,train_q95,10.105,0,0,0,,,,,0,,,exploratory
B,S4,62,lstm,3,official_alarm,11.4,0,0,0,,,,,0,,,exploratory
B,S4,62,lstm,3,train_q90,8.88,0,1,1,0.0,1.0,0.0,0.0,1,-0.2958004188537604,2.0,exploratory
B,S4,62,lstm,3,train_q95,10.105,0,0,0,,,,,0,,,exploratory
B,S4,62,lstm,4,official_alarm,11.4,0,0,0,,,,,0,,,exploratory
B,S4,62,lstm,4,train_q90,8.88,0,1,1,0.0,1.0,0.0,0.0,1,-0.5677024841308604,2.0,exploratory
B,S4,62,lstm,4,train_q95,10.105,0,0,0,,,,,0,,,exploratory
B,S4,62,lstm,5,official_alarm,11.4,0,0,0,,,,,0,,,exploratory
B,S4,62,lstm,5,train_q90,8.88,0,1,1,0.0,1.0,0.0,0.0,1,-1.2100513839721687,2.0,exploratory
B,S4,62,lstm,5,train_q95,10.105,0,0,0,,,,,0,,,exploratory
B,S4,62,lstm,6,official_alarm,11.4,0,0,0,,,,,0,,,exploratory
B,S4,62,lstm,6,train_q90,8.88,0,1,1,0.0,1.0,0.0,0.0,1,-1.8059109878540047,2.0,exploratory
B,S4,62,lstm,6,train_q95,10.105,0,0,0,,,,,0,,,exploratory
B,S4,62,lstm,7,official_alarm,11.4,0,0,0,,,,,0,,,exploratory
B,S4,62,lstm,7,train_q90,8.88,0,1,0,0.0,,0.0,0.0,1,-2.2755334568023686,2.0,exploratory
B,S4,62,lstm,7,train_q95,10.105,0,0,0,,,,,0,,,exploratory
B,S4,62,lstm,8,official_alarm,11.4,0,0,0,,,,,0,,,exploratory
B,S4,62,lstm,8,train_q90,8.88,0,1,0,0.0,,0.0,0.0,1,-3.0862695121765134,2.0,exploratory
B,S4,62,lstm,8,train_q95,10.105,0,0,0,,,,,0,,,exploratory
B,S4,62,lstm,9,official_alarm,11.4,0,0,0,,,,,0,,,exploratory
B,S4,62,lstm,9,train_q90,8.88,0,1,0,0.0,,0.0,0.0,1,-3.1152224206924437,0.0,exploratory
B,S4,62,lstm,9,train_q95,10.105,0,0,0,,,,,0,,,exploratory
B,S4,62,lstm,10,official_alarm,11.4,0,0,0,,,,,0,,,exploratory
B,S4,62,lstm,10,train_q90,8.88,0,1,0,0.0,,0.0,0.0,1,-3.13064616203308,1.0,exploratory
B,S4,62,lstm,10,train_q95,10.105,0,0,0,,,,,0,,,exploratory
B,S4,62,lstm,11,official_alarm,11.4,0,0,0,,,,,0,,,exploratory
B,S4,62,lstm,11,train_q90,8.88,0,1,0,0.0,,0.0,0.0,1,-3.1293943262100212,2.0,exploratory
B,S4,62,lstm,11,train_q95,10.105,0,0,0,,,,,0,,,exploratory
B,S4,62,lstm,12,official_alarm,11.4,0,0,0,,,,,0,,,exploratory
B,S4,62,lstm,12,train_q90,8.88,0,1,0,0.0,,0.0,0.0,1,-3.486987581253051,0.0,exploratory
B,S4,62,lstm,12,train_q95,10.105,0,0,0,,,,,0,,,exploratory
B,S4,62,lstm,13,official_alarm,11.4,0,0,0,,,,,0,,,exploratory
B,S4,62,lstm,13,train_q90,8.88,0,1,0,0.0,,0.0,0.0,1,-3.1213414955139154,0.0,exploratory
B,S4,62,lstm,13,train_q95,10.105,0,0,0,,,,,0,,,exploratory
B,S4,62,lstm,14,official_alarm,11.4,0,0,0,,,,,0,,,exploratory
B,S4,62,lstm,14,train_q90,8.88,0,1,0,0.0,,0.0,0.0,1,-3.1660252666473383,1.0,exploratory
B,S4,62,lstm,14,train_q95,10.105,0,0,0,,,,,0,,,exploratory
B,S4,72,lstm,1,official_alarm,11.4,0,0,0,,,,,0,,,exploratory
B,S4,72,lstm,1,train_q90,8.88,1,0,1,1.0,0.5,0.5,0.6666666666666666,1,-0.22723242759704654,0.0,exploratory
B,S4,72,lstm,1,train_q95,10.105,0,0,0,,,,,0,,,exploratory
B,S4,72,lstm,2,official_alarm,11.4,0,0,0,,,,,0,,,exploratory
B,S4,72,lstm,2,train_q90,8.88,0,1,2,0.0,1.0,0.0,0.0,1,-0.10012775421142805,1.0,exploratory
B,S4,72,lstm,2,train_q95,10.105,0,0,0,,,,,0,,,exploratory
B,S4,72,lstm,3,official_alarm,11.4,0,0,0,,,,,0,,,exploratory
B,S4,72,lstm,3,train_q90,8.88,0,1,3,0.0,1.0,0.0,0.0,1,-0.008021450042722478,2.0,exploratory
B,S4,72,lstm,3,train_q95,10.105,0,0,0,,,,,0,,,exploratory
B,S4,72,lstm,4,official_alarm,11.4,0,0,0,,,,,0,,,exploratory
B,S4,72,lstm,4,train_q90,8.88,0,1,3,0.0,1.0,0.0,0.0,1,-0.2011738204956064,2.0,exploratory
B,S4,72,lstm,4,train_q95,10.105,0,0,0,,,,,0,,,exploratory
B,S4,72,lstm,5,official_alarm,11.4,0,0,0,,,,,0,,,exploratory
B,S4,72,lstm,5,train_q90,8.88,0,1,3,0.0,1.0,0.0,0.0,1,-0.8472168827056894,2.0,exploratory
B,S4,72,lstm,5,train_q95,10.105,0,0,0,,,,,0,,,exploratory
B,S4,72,lstm,6,official_alarm,11.4,0,0,0,,,,,0,,,exploratory
B,S4,72,lstm,6,train_q90,8.88,0,1,2,0.0,1.0,0.0,0.0,1,-1.497890510559082,2.0,exploratory
B,S4,72,lstm,6,train_q95,10.105,0,0,0,,,,,0,,,exploratory
B,S4,72,lstm,7,official_alarm,11.4,0,0,0,,,,,0,,,exploratory
B,S4,72,lstm,7,train_q90,8.88,0,1,2,0.0,1.0,0.0,0.0,1,-2.017264251708985,2.0,exploratory
B,S4,72,lstm,7,train_q95,10.105,0,0,0,,,,,0,,,exploratory
B,S4,72,lstm,8,official_alarm,11.4,0,0,0,,,,,0,,,exploratory
B,S4,72,lstm,8,train_q90,8.88,0,1,1,0.0,1.0,0.0,0.0,1,-2.8633714962005614,2.0,exploratory
B,S4,72,lstm,8,train_q95,10.105,0,0,0,,,,,0,,,exploratory
B,S4,72,lstm,9,official_alarm,11.4,0,0,0,,,,,0,,,exploratory
B,S4,72,lstm,9,train_q90,8.88,0,1,1,0.0,1.0,0.0,0.0,1,-2.926778979301452,0.0,exploratory
B,S4,72,lstm,9,train_q95,10.105,0,0,0,,,,,0,,,exploratory
B,S4,72,lstm,10,official_alarm,11.4,0,0,0,,,,,0,,,exploratory
B,S4,72,lstm,10,train_q90,8.88,0,1,1,0.0,1.0,0.0,0.0,1,-2.995701189041137,1.0,exploratory
B,S4,72,lstm,10,train_q95,10.105,0,0,0,,,,,0,,,exploratory
B,S4,72,lstm,11,official_alarm,11.4,0,0,0,,,,,0,,,exploratory
B,S4,72,lstm,11,train_q90,8.88,0,1,0,0.0,,0.0,0.0,1,-3.0498788070678717,2.0,exploratory
B,S4,72,lstm,11,train_q95,10.105,0,0,0,,,,,0,,,exploratory
B,S4,72,lstm,12,official_alarm,11.4,0,0,0,,,,,0,,,exploratory
B,S4,72,lstm,12,train_q90,8.88,0,1,0,0.0,,0.0,0.0,1,-3.3932570171356193,0.0,exploratory
B,S4,72,lstm,12,train_q95,10.105,0,0,0,,,,,0,,,exploratory
B,S4,72,lstm,13,official_alarm,11.4,0,0,0,,,,,0,,,exploratory
B,S4,72,lstm,13,train_q90,8.88,0,1,0,0.0,,0.0,0.0,1,-2.841254410743713,0.0,exploratory
B,S4,72,lstm,13,train_q95,10.105,0,0,0,,,,,0,,,exploratory
B,S4,72,lstm,14,official_alarm,11.4,0,0,0,,,,,0,,,exploratory
B,S4,72,lstm,14,train_q90,8.88,0,1,0,0.0,,0.0,0.0,1,-2.926445341110229,1.0,exploratory
B,S4,72,lstm,14,train_q95,10.105,0,0,0,,,,,0,,,exploratory
B,S4,82,lstm,1,official_alarm,11.4,0,0,0,,,,,0,,,exploratory
B,S4,82,lstm,1,train_q90,8.88,0,1,0,0.0,,0.0,0.0,1,-0.48538052558899025,0.0,exploratory
B,S4,82,lstm,1,train_q95,10.105,0,0,0,,,,,0,,,exploratory
B,S4,82,lstm,2,official_alarm,11.4,0,0,0,,,,,0,,,exploratory
B,S4,82,lstm,2,train_q90,8.88,0,1,0,0.0,,0.0,0.0,1,-0.3349211788177495,1.0,exploratory
B,S4,82,lstm,2,train_q95,10.105,0,0,0,,,,,0,,,exploratory
B,S4,82,lstm,3,official_alarm,11.4,0,0,0,,,,,0,,,exploratory
B,S4,82,lstm,3,train_q90,8.88,0,1,1,0.0,1.0,0.0,0.0,1,-0.1900098037719733,2.0,exploratory
B,S4,82,lstm,3,train_q95,10.105,0,0,0,,,,,0,,,exploratory
B,S4,82,lstm,4,official_alarm,11.4,0,0,0,,,,,0,,,exploratory
B,S4,82,lstm,4,train_q90,8.88,0,1,1,0.0,1.0,0.0,0.0,1,-0.3671491241455076,2.0,exploratory
B,S4,82,lstm,4,train_q95,10.105,0,0,0,,,,,0,,,exploratory
B,S4,82,lstm,5,official_alarm,11.4,0,0,0,,,,,0,,,exploratory
B,S4,82,lstm,5,train_q90,8.88,0,1,2,0.0,1.0,0.0,0.0,1,-1.0190037441253672,2.0,exploratory
B,S4,82,lstm,5,train_q95,10.105,0,0,0,,,,,0,,,exploratory
B,S4,82,lstm,6,official_alarm,11.4,0,0,0,,,,,0,,,exploratory
B,S4,82,lstm,6,train_q90,8.88,0,1,2,0.0,1.0,0.0,0.0,1,-1.6146630859375,2.0,exploratory
B,S4,82,lstm,6,train_q95,10.105,0,0,0,,,,,0,,,exploratory
B,S4,82,lstm,7,official_alarm,11.4,0,0,0,,,,,0,,,exploratory
B,S4,82,lstm,7,train_q90,8.88,0,1,1,0.0,1.0,0.0,0.0,1,-2.076244201660157,2.0,exploratory
B,S4,82,lstm,7,train_q95,10.105,0,0,0,,,,,0,,,exploratory
B,S4,82,lstm,8,official_alarm,11.4,0,0,0,,,,,0,,,exploratory
B,S4,82,lstm,8,train_q90,8.88,0,1,1,0.0,1.0,0.0,0.0,1,-2.8547974300384515,2.0,exploratory
B,S4,82,lstm,8,train_q95,10.105,0,0,0,,,,,0,,,exploratory
B,S4,82,lstm,9,official_alarm,11.4,0,0,0,,,,,0,,,exploratory
B,S4,82,lstm,9,train_q90,8.88,0,1,1,0.0,1.0,0.0,0.0,1,-2.9253363800048824,0.0,exploratory
B,S4,82,lstm,9,train_q95,10.105,0,0,0,,,,,0,,,exploratory
B,S4,82,lstm,10,official_alarm,11.4,0,0,0,,,,,0,,,exploratory
B,S4,82,lstm,10,train_q90,8.88,0,1,1,0.0,1.0,0.0,0.0,1,-2.961379594802855,1.0,exploratory
B,S4,82,lstm,10,train_q95,10.105,0,0,0,,,,,0,,,exploratory
B,S4,82,lstm,11,official_alarm,11.4,0,0,0,,,,,0,,,exploratory
B,S4,82,lstm,11,train_q90,8.88,0,1,0,0.0,,0.0,0.0,1,-2.9759785413742064,2.0,exploratory
B,S4,82,lstm,11,train_q95,10.105,0,0,0,,,,,0,,,exploratory
B,S4,82,lstm,12,official_alarm,11.4,0,0,0,,,,,0,,,exploratory
B,S4,82,lstm,12,train_q90,8.88,0,1,0,0.0,,0.0,0.0,1,-3.3593351554870603,2.0,exploratory
B,S4,82,lstm,12,train_q95,10.105,0,0,0,,,,,0,,,exploratory
B,S4,82,lstm,13,official_alarm,11.4,0,0,0,,,,,0,,,exploratory
B,S4,82,lstm,13,train_q90,8.88,0,1,0,0.0,,0.0,0.0,1,-2.871955456733703,0.0,exploratory
B,S4,82,lstm,13,train_q95,10.105,0,0,0,,,,,0,,,exploratory
B,S4,82,lstm,14,official_alarm,11.4,0,0,0,,,,,0,,,exploratory
B,S4,82,lstm,14,train_q90,8.88,0,1,0,0.0,,0.0,0.0,1,-2.9154942512512205,1.0,exploratory
B,S4,82,lstm,14,train_q95,10.105,0,0,0,,,,,0,,,exploratory
C,S0,42,lstm,1,official_alarm,11.4,0,0,0,,,,,0,,,exploratory
C,S0,42,lstm,1,train_q90,8.636000000000005,3,6,0,0.3333333333333333,0.0,0.3333333333333333,0.5,2,-0.10752375125885028,0.5,exploratory
C,S0,42,lstm,1,train_q95,9.8,0,0,0,,,,,0,,,exploratory
C,S0,42,lstm,2,official_alarm,11.4,0,0,0,,,,,0,,,exploratory
C,S0,42,lstm,2,train_q90,8.636000000000005,2,7,1,0.2222222222222222,0.3333333333333333,0.2,0.3333333333333333,2,-0.12450486660003701,1.5,exploratory
C,S0,42,lstm,2,train_q95,9.8,0,0,0,,,,,0,,,exploratory
C,S0,42,lstm,3,official_alarm,11.4,0,0,0,,,,,0,,,exploratory
C,S0,42,lstm,3,train_q90,8.636000000000005,1,8,2,0.1111111111111111,0.6666666666666666,0.09090909090909091,0.16666666666666666,2,-0.15051083564758372,2.5,exploratory
C,S0,42,lstm,3,train_q95,9.8,0,0,0,,,,,0,,,exploratory
C,S0,42,lstm,4,official_alarm,11.4,0,0,0,,,,,0,,,exploratory
C,S0,42,lstm,4,train_q90,8.636000000000005,0,9,3,0.0,1.0,0.0,0.0,2,-0.3009828472137457,3.0,exploratory
C,S0,42,lstm,4,train_q95,9.8,0,0,0,,,,,0,,,exploratory
C,S0,42,lstm,5,official_alarm,11.4,0,0,0,,,,,0,,,exploratory
C,S0,42,lstm,5,train_q90,8.636000000000005,0,9,3,0.0,1.0,0.0,0.0,2,-0.43209632396698083,3.0,exploratory
C,S0,42,lstm,5,train_q95,9.8,0,0,0,,,,,0,,,exploratory
C,S0,42,lstm,6,official_alarm,11.4,0,0,0,,,,,0,,,exploratory
C,S0,42,lstm,6,train_q90,8.636000000000005,0,9,2,0.0,1.0,0.0,0.0,2,-1.325444836616517,2.0,exploratory
C,S0,42,lstm,6,train_q95,9.8,0,0,0,,,,,0,,,exploratory
C,S0,42,lstm,7,official_alarm,11.4,0,0,0,,,,,0,,,exploratory
C,S0,42,lstm,7,train_q90,8.636000000000005,0,9,2,0.0,1.0,0.0,0.0,2,-1.6855267238616949,2.5,exploratory
C,S0,42,lstm,7,train_q95,9.8,0,0,0,,,,,0,,,exploratory
C,S0,42,lstm,8,official_alarm,11.4,0,0,0,,,,,0,,,exploratory
C,S0,42,lstm,8,train_q90,8.636000000000005,0,9,2,0.0,1.0,0.0,0.0,2,-2.564710454940796,3.0,exploratory
C,S0,42,lstm,8,train_q95,9.8,0,0,0,,,,,0,,,exploratory
C,S0,42,lstm,9,official_alarm,11.4,0,0,0,,,,,0,,,exploratory
C,S0,42,lstm,9,train_q90,8.636000000000005,0,9,2,0.0,1.0,0.0,0.0,2,-2.5976792907714845,2.0,exploratory
C,S0,42,lstm,9,train_q95,9.8,0,0,0,,,,,0,,,exploratory
C,S0,42,lstm,10,official_alarm,11.4,0,0,0,,,,,0,,,exploratory
C,S0,42,lstm,10,train_q90,8.636000000000005,0,9,2,0.0,1.0,0.0,0.0,2,-2.528618955612183,1.0,exploratory
C,S0,42,lstm,10,train_q95,9.8,0,0,0,,,,,0,,,exploratory
C,S0,42,lstm,11,official_alarm,11.4,0,0,0,,,,,0,,,exploratory
C,S0,42,lstm,11,train_q90,8.636000000000005,1,8,1,0.1111111111111111,0.5,0.1,0.18181818181818182,2,-2.235504348278046,1.5,exploratory
C,S0,42,lstm,11,train_q95,9.8,0,0,0,,,,,0,,,exploratory
C,S0,42,lstm,12,official_alarm,11.4,0,0,0,,,,,0,,,exploratory
C,S0,42,lstm,12,train_q90,8.636000000000005,0,9,1,0.0,1.0,0.0,0.0,2,-2.268657813072205,1.5,exploratory
C,S0,42,lstm,12,train_q95,9.8,0,0,0,,,,,0,,,exploratory
C,S0,42,lstm,13,official_alarm,11.4,0,0,0,,,,,0,,,exploratory
C,S0,42,lstm,13,train_q90,8.636000000000005,0,9,1,0.0,1.0,0.0,0.0,2,-2.338333775997162,2.0,exploratory
C,S0,42,lstm,13,train_q95,9.8,0,0,0,,,,,0,,,exploratory
C,S0,42,lstm,14,official_alarm,11.4,0,0,0,,,,,0,,,exploratory
C,S0,42,lstm,14,train_q90,8.636000000000005,0,9,1,0.0,1.0,0.0,0.0,2,-2.4669049930572515,2.5,exploratory
C,S0,42,lstm,14,train_q95,9.8,0,0,0,,,,,0,,,exploratory
C,S0,52,lstm,1,official_alarm,11.4,0,0,0,,,,,0,,,exploratory
C,S0,52,lstm,1,train_q90,8.636000000000005,5,4,3,0.5555555555555556,0.375,0.4166666666666667,0.5882352941176471,2,0.26976484298706005,0.5,exploratory
C,S0,52,lstm,1,train_q95,9.8,0,0,1,,1.0,0.0,0.0,0,,,exploratory
C,S0,52,lstm,2,official_alarm,11.4,0,0,0,,,,,0,,,exploratory
C,S0,52,lstm,2,train_q90,8.636000000000005,4,5,3,0.4444444444444444,0.42857142857142855,0.3333333333333333,0.5,2,0.17528626441955542,1.5,exploratory
C,S0,52,lstm,2,train_q95,9.8,0,0,0,,,,,0,,,exploratory
C,S0,52,lstm,3,official_alarm,11.4,0,0,0,,,,,0,,,exploratory
C,S0,52,lstm,3,train_q90,8.636000000000005,2,7,4,0.2222222222222222,0.6666666666666666,0.15384615384615385,0.26666666666666666,2,0.06135693550109789,2.5,exploratory
C,S0,52,lstm,3,train_q95,9.8,0,0,0,,,,,0,,,exploratory
C,S0,52,lstm,4,official_alarm,11.4,0,0,0,,,,,0,,,exploratory
C,S0,52,lstm,4,train_q90,8.636000000000005,1,8,4,0.1111111111111111,0.8,0.07692307692307693,0.14285714285714285,2,-0.1581184196472174,3.0,exploratory
C,S0,52,lstm,4,train_q95,9.8,0,0,0,,,,,0,,,exploratory
C,S0,52,lstm,5,official_alarm,11.4,0,0,0,,,,,0,,,exploratory
C,S0,52,lstm,5,train_q90,8.636000000000005,0,9,5,0.0,1.0,0.0,0.0,2,-0.3155160951614393,3.0,exploratory
C,S0,52,lstm,5,train_q95,9.8,0,0,0,,,,,0,,,exploratory
C,S0,52,lstm,6,official_alarm,11.4,0,0,0,,,,,0,,,exploratory
C,S0,52,lstm,6,train_q90,8.636000000000005,0,9,5,0.0,1.0,0.0,0.0,2,-1.0960240554809575,2.0,exploratory
C,S0,52,lstm,6,train_q95,9.8,0,0,0,,,,,0,,,exploratory
C,S0,52,lstm,7,official_alarm,11.4,0,0,0,,,,,0,,,exploratory
C,S0,52,lstm,7,train_q90,8.636000000000005,0,9,5,0.0,1.0,0.0,0.0,2,-1.5715320920944222,2.5,exploratory
C,S0,52,lstm,7,train_q95,9.8,0,0,0,,,,,0,,,exploratory
C,S0,52,lstm,8,official_alarm,11.4,0,0,0,,,,,0,,,exploratory
C,S0,52,lstm,8,train_q90,8.636000000000005,0,9,4,0.0,1.0,0.0,0.0,2,-2.415723390579224,3.0,exploratory
C,S0,52,lstm,8,train_q95,9.8,0,0,0,,,,,0,,,exploratory
C,S0,52,lstm,9,official_alarm,11.4,0,0,0,,,,,0,,,exploratory
C,S0,52,lstm,9,train_q90,8.636000000000005,0,9,3,0.0,1.0,0.0,0.0,2,-2.4646831130981446,2.0,exploratory
C,S0,52,lstm,9,train_q95,9.8,0,0,0,,,,,0,,,exploratory
C,S0,52,lstm,10,official_alarm,11.4,0,0,0,,,,,0,,,exploratory
C,S0,52,lstm,10,train_q90,8.636000000000005,0,9,2,0.0,1.0,0.0,0.0,2,-2.4361061906814574,1.0,exploratory
C,S0,52,lstm,10,train_q95,9.8,0,0,0,,,,,0,,,exploratory
C,S0,52,lstm,11,official_alarm,11.4,0,0,0,,,,,0,,,exploratory
C,S0,52,lstm,11,train_q90,8.636000000000005,1,8,1,0.1111111111111111,0.5,0.1,0.18181818181818182,2,-2.1821544933319093,1.5,exploratory
C,S0,52,lstm,11,train_q95,9.8,0,0,0,,,,,0,,,exploratory
C,S0,52,lstm,12,official_alarm,11.4,0,0,0,,,,,0,,,exploratory
C,S0,52,lstm,12,train_q90,8.636000000000005,1,8,1,0.1111111111111111,0.5,0.1,0.18181818181818182,2,-2.175753231048584,1.5,exploratory
C,S0,52,lstm,12,train_q95,9.8,0,0,0,,,,,0,,,exploratory
C,S0,52,lstm,13,official_alarm,11.4,0,0,0,,,,,0,,,exploratory
C,S0,52,lstm,13,train_q90,8.636000000000005,0,9,1,0.0,1.0,0.0,0.0,2,-2.2694084000587464,2.0,exploratory
C,S0,52,lstm,13,train_q95,9.8,0,0,0,,,,,0,,,exploratory
C,S0,52,lstm,14,official_alarm,11.4,0,0,0,,,,,0,,,exploratory
C,S0,52,lstm,14,train_q90,8.636000000000005,0,9,1,0.0,1.0,0.0,0.0,2,-2.459248728752136,2.5,exploratory
C,S0,52,lstm,14,train_q95,9.8,0,0,0,,,,,0,,,exploratory
C,S0,62,lstm,1,official_alarm,11.4,0,0,0,,,,,0,,,exploratory
C,S0,62,lstm,1,train_q90,8.636000000000005,5,4,1,0.5555555555555556,0.16666666666666666,0.5,0.6666666666666666,2,-0.03624193191528313,0.5,exploratory
C,S0,62,lstm,1,train_q95,9.8,0,0,0,,,,,0,,,exploratory
C,S0,62,lstm,2,official_alarm,11.4,0,0,0,,,,,0,,,exploratory
C,S0,62,lstm,2,train_q90,8.636000000000005,3,6,1,0.3333333333333333,0.25,0.3,0.46153846153846156,2,-0.13946753025054903,1.5,exploratory
C,S0,62,lstm,2,train_q95,9.8,0,0,0,,,,,0,,,exploratory
C,S0,62,lstm,3,official_alarm,11.4,0,0,0,,,,,0,,,exploratory
C,S0,62,lstm,3,train_q90,8.636000000000005,2,7,2,0.2222222222222222,0.5,0.18181818181818182,0.3076923076923077,2,-0.20939105033874572,2.5,exploratory
C,S0,62,lstm,3,train_q95,9.8,0,0,0,,,,,0,,,exploratory
C,S0,62,lstm,4,official_alarm,11.4,0,0,0,,,,,0,,,exploratory
C,S0,62,lstm,4,train_q90,8.636000000000005,1,8,3,0.1111111111111111,0.75,0.08333333333333333,0.15384615384615385,2,-0.4667135620117193,2.0,exploratory
C,S0,62,lstm,4,train_q95,9.8,0,0,0,,,,,0,,,exploratory
C,S0,62,lstm,5,official_alarm,11.4,0,0,0,,,,,0,,,exploratory
C,S0,62,lstm,5,train_q90,8.636000000000005,0,9,3,0.0,1.0,0.0,0.0,2,-0.49953042030334505,3.0,exploratory
C,S0,62,lstm,5,train_q95,9.8,0,0,0,,,,,0,,,exploratory
C,S0,62,lstm,6,official_alarm,11.4,0,0,0,,,,,0,,,exploratory
C,S0,62,lstm,6,train_q90,8.636000000000005,0,9,3,0.0,1.0,0.0,0.0,2,-1.3304616785049448,2.0,exploratory
C,S0,62,lstm,6,train_q95,9.8,0,0,0,,,,,0,,,exploratory
C,S0,62,lstm,7,official_alarm,11.4,0,0,0,,,,,0,,,exploratory
C,S0,62,lstm,7,train_q90,8.636000000000005,0,9,3,0.0,1.0,0.0,0.0,2,-1.9421574211120611,2.5,exploratory
C,S0,62,lstm,7,train_q95,9.8,0,0,0,,,,,0,,,exploratory
C,S0,62,lstm,8,official_alarm,11.4,0,0,0,,,,,0,,,exploratory
C,S0,62,lstm,8,train_q90,8.636000000000005,0,9,3,0.0,1.0,0.0,0.0,2,-2.6265055513381963,3.0,exploratory
C,S0,62,lstm,8,train_q95,9.8,0,0,0,,,,,0,,,exploratory
C,S0,62,lstm,9,official_alarm,11.4,0,0,0,,,,,0,,,exploratory
C,S0,62,lstm,9,train_q90,8.636000000000005,0,9,2,0.0,1.0,0.0,0.0,2,-2.7020858812332156,2.0,exploratory
C,S0,62,lstm,9,train_q95,9.8,0,0,0,,,,,0,,,exploratory
C,S0,62,lstm,10,official_alarm,11.4,0,0,0,,,,,0,,,exploratory
C,S0,62,lstm,10,train_q90,8.636000000000005,0,9,2,0.0,1.0,0.0,0.0,2,-2.5259096789360047,1.0,exploratory
C,S0,62,lstm,10,train_q95,9.8,0,0,0,,,,,0,,,exploratory
C,S0,62,lstm,11,official_alarm,11.4,0,0,0,,,,,0,,,exploratory
C,S0,62,lstm,11,train_q90,8.636000000000005,0,9,1,0.0,1.0,0.0,0.0,2,-2.302535150051117,1.5,exploratory
C,S0,62,lstm,11,train_q95,9.8,0,0,0,,,,,0,,,exploratory
C,S0,62,lstm,12,official_alarm,11.4,0,0,0,,,,,0,,,exploratory
C,S0,62,lstm,12,train_q90,8.636000000000005,0,9,1,0.0,1.0,0.0,0.0,2,-2.340259418487549,1.5,exploratory
C,S0,62,lstm,12,train_q95,9.8,0,0,0,,,,,0,,,exploratory
C,S0,62,lstm,13,official_alarm,11.4,0,0,0,,,,,0,,,exploratory
C,S0,62,lstm,13,train_q90,8.636000000000005,0,9,0,0.0,,0.0,0.0,2,-2.4032871556282047,2.0,exploratory
C,S0,62,lstm,13,train_q95,9.8,0,0,0,,,,,0,,,exploratory
C,S0,62,lstm,14,official_alarm,11.4,0,0,0,,,,,0,,,exploratory
C,S0,62,lstm,14,train_q90,8.636000000000005,0,9,0,0.0,,0.0,0.0,2,-2.56316020488739,2.5,exploratory
C,S0,62,lstm,14,train_q95,9.8,0,0,0,,,,,0,,,exploratory
C,S0,72,lstm,1,official_alarm,11.4,0,0,0,,,,,0,,,exploratory
C,S0,72,lstm,1,train_q90,8.636000000000005,4,5,0,0.4444444444444444,0.0,0.4444444444444444,0.6153846153846154,2,-0.1843836212158214,0.5,exploratory
C,S0,72,lstm,1,train_q95,9.8,0,0,0,,,,,0,,,exploratory
C,S0,72,lstm,2,official_alarm,11.4,0,0,0,,,,,0,,,exploratory
C,S0,72,lstm,2,train_q90,8.636000000000005,2,7,1,0.2222222222222222,0.3333333333333333,0.2,0.3333333333333333,2,-0.23061605930328355,1.5,exploratory
C,S0,72,lstm,2,train_q95,9.8,0,0,0,,,,,0,,,exploratory
C,S0,72,lstm,3,official_alarm,11.4,0,0,0,,,,,0,,,exploratory
C,S0,72,lstm,3,train_q90,8.636000000000005,1,8,2,0.1111111111111111,0.6666666666666666,0.09090909090909091,0.16666666666666666,2,-0.2903345251083378,2.5,exploratory
C,S0,72,lstm,3,train_q95,9.8,0,0,0,,,,,0,,,exploratory
C,S0,72,lstm,4,official_alarm,11.4,0,0,0,,,,,0,,,exploratory
C,S0,72,lstm,4,train_q90,8.636000000000005,0,9,2,0.0,1.0,0.0,0.0,2,-0.5544081640243537,2.0,exploratory
C,S0,72,lstm,4,train_q95,9.8,0,0,0,,,,,0,,,exploratory
C,S0,72,lstm,5,official_alarm,11.4,0,0,0,,,,,0,,,exploratory
C,S0,72,lstm,5,train_q90,8.636000000000005,0,9,2,0.0,1.0,0.0,0.0,2,-0.6137696409225466,3.0,exploratory
C,S0,72,lstm,5,train_q95,9.8,0,0,0,,,,,0,,,exploratory
C,S0,72,lstm,6,official_alarm,11.4,0,0,0,,,,,0,,,exploratory
C,S0,72,lstm,6,train_q90,8.636000000000005,0,9,2,0.0,1.0,0.0,0.0,2,-1.393273124694825,2.0,exploratory
C,S0,72,lstm,6,train_q95,9.8,0,0,0,,,,,0,,,exploratory
C,S0,72,lstm,7,official_alarm,11.4,0,0,0,,,,,0,,,exploratory
C,S0,72,lstm,7,train_q90,8.636000000000005,0,9,2,0.0,1.0,0.0,0.0,2,-1.8782655096054084,2.5,exploratory
C,S0,72,lstm,7,train_q95,9.8,0,0,0,,,,,0,,,exploratory
C,S0,72,lstm,8,official_alarm,11.4,0,0,0,,,,,0,,,exploratory
C,S0,72,lstm,8,train_q90,8.636000000000005,0,9,2,0.0,1.0,0.0,0.0,2,-2.618638141155243,3.0,exploratory
C,S0,72,lstm,8,train_q95,9.8,0,0,0,,,,,0,,,exploratory
C,S0,72,lstm,9,official_alarm,11.4,0,0,0,,,,,0,,,exploratory
C,S0,72,lstm,9,train_q90,8.636000000000005,0,9,2,0.0,1.0,0.0,0.0,2,-2.692008068561554,2.0,exploratory
C,S0,72,lstm,9,train_q95,9.8,0,0,0,,,,,0,,,exploratory
C,S0,72,lstm,10,official_alarm,11.4,0,0,0,,,,,0,,,exploratory
C,S0,72,lstm,10,train_q90,8.636000000000005,0,9,1,0.0,1.0,0.0,0.0,2,-2.5643853259086606,1.0,exploratory
C,S0,72,lstm,10,train_q95,9.8,0,0,0,,,,,0,,,exploratory
C,S0,72,lstm,11,official_alarm,11.4,0,0,0,,,,,0,,,exploratory
C,S0,72,lstm,11,train_q90,8.636000000000005,0,9,1,0.0,1.0,0.0,0.0,2,-2.2847434878349313,1.5,exploratory
C,S0,72,lstm,11,train_q95,9.8,0,0,0,,,,,0,,,exploratory
C,S0,72,lstm,12,official_alarm,11.4,0,0,0,,,,,0,,,exploratory
C,S0,72,lstm,12,train_q90,8.636000000000005,0,9,1,0.0,1.0,0.0,0.0,2,-2.313509392738343,1.5,exploratory
C,S0,72,lstm,12,train_q95,9.8,0,0,0,,,,,0,,,exploratory
C,S0,72,lstm,13,official_alarm,11.4,0,0,0,,,,,0,,,exploratory
C,S0,72,lstm,13,train_q90,8.636000000000005,0,9,1,0.0,1.0,0.0,0.0,2,-2.379150826931,2.0,exploratory
C,S0,72,lstm,13,train_q95,9.8,0,0,0,,,,,0,,,exploratory
C,S0,72,lstm,14,official_alarm,11.4,0,0,0,,,,,0,,,exploratory
C,S0,72,lstm,14,train_q90,8.636000000000005,0,9,1,0.0,1.0,0.0,0.0,2,-2.559751396179199,2.5,exploratory
C,S0,72,lstm,14,train_q95,9.8,0,0,0,,,,,0,,,exploratory
C,S0,82,lstm,1,official_alarm,11.4,0,0,0,,,,,0,,,exploratory
C,S0,82,lstm,1,train_q90,8.636000000000005,5,4,0,0.5555555555555556,0.0,0.5555555555555556,0.7142857142857143,2,0.008842363357543626,0.5,exploratory
C,S0,82,lstm,1,train_q95,9.8,0,0,0,,,,,0,,,exploratory
C,S0,82,lstm,2,official_alarm,11.4,0,0,0,,,,,0,,,exploratory
C,S0,82,lstm,2,train_q90,8.636000000000005,4,5,1,0.4444444444444444,0.2,0.4,0.5714285714285714,2,-0.041404418945312216,1.5,exploratory
C,S0,82,lstm,2,train_q95,9.8,0,0,0,,,,,0,,,exploratory
C,S0,82,lstm,3,official_alarm,11.4,0,0,0,,,,,0,,,exploratory
C,S0,82,lstm,3,train_q90,8.636000000000005,1,8,3,0.1111111111111111,0.75,0.08333333333333333,0.15384615384615385,2,-0.11489347457885746,2.5,exploratory
C,S0,82,lstm,3,train_q95,9.8,0,0,0,,,,,0,,,exploratory
C,S0,82,lstm,4,official_alarm,11.4,0,0,0,,,,,0,,,exploratory
C,S0,82,lstm,4,train_q90,8.636000000000005,0,9,3,0.0,1.0,0.0,0.0,2,-0.28978400230407786,3.0,exploratory
C,S0,82,lstm,4,train_q95,9.8,0,0,0,,,,,0,,,exploratory
C,S0,82,lstm,5,official_alarm,11.4,0,0,0,,,,,0,,,exploratory
C,S0,82,lstm,5,train_q90,8.636000000000005,0,9,3,0.0,1.0,0.0,0.0,2,-0.40822397708892844,3.0,exploratory
C,S0,82,lstm,5,train_q95,9.8,0,0,0,,,,,0,,,exploratory
C,S0,82,lstm,6,official_alarm,11.4,0,0,0,,,,,0,,,exploratory
C,S0,82,lstm,6,train_q90,8.636000000000005,0,9,3,0.0,1.0,0.0,0.0,2,-1.2091523361206065,2.0,exploratory
C,S0,82,lstm,6,train_q95,9.8,0,0,0,,,,,0,,,exploratory
C,S0,82,lstm,7,official_alarm,11.4,0,0,0,,,,,0,,,exploratory
C,S0,82,lstm,7,train_q90,8.636000000000005,0,9,3,0.0,1.0,0.0,0.0,2,-1.6597574281692515,2.5,exploratory
C,S0,82,lstm,7,train_q95,9.8,0,0,0,,,,,0,,,exploratory
C,S0,82,lstm,8,official_alarm,11.4,0,0,0,,,,,0,,,exploratory
C,S0,82,lstm,8,train_q90,8.636000000000005,0,9,2,0.0,1.0,0.0,0.0,2,-2.4802109432220467,3.0,exploratory
C,S0,82,lstm,8,train_q95,9.8,0,0,0,,,,,0,,,exploratory
C,S0,82,lstm,9,official_alarm,11.4,0,0,0,,,,,0,,,exploratory
C,S0,82,lstm,9,train_q90,8.636000000000005,0,9,2,0.0,1.0,0.0,0.0,2,-2.574431476593018,2.0,exploratory
C,S0,82,lstm,9,train_q95,9.8,0,0,0,,,,,0,,,exploratory
C,S0,82,lstm,10,official_alarm,11.4,0,0,0,,,,,0,,,exploratory
C,S0,82,lstm,10,train_q90,8.636000000000005,0,9,1,0.0,1.0,0.0,0.0,2,-2.5473951077461243,1.0,exploratory
C,S0,82,lstm,10,train_q95,9.8,0,0,0,,,,,0,,,exploratory
C,S0,82,lstm,11,official_alarm,11.4,0,0,0,,,,,0,,,exploratory
C,S0,82,lstm,11,train_q90,8.636000000000005,0,9,1,0.0,1.0,0.0,0.0,2,-2.284547777175903,1.5,exploratory
C,S0,82,lstm,11,train_q95,9.8,0,0,0,,,,,0,,,exploratory
C,S0,82,lstm,12,official_alarm,11.4,0,0,0,,,,,0,,,exploratory
C,S0,82,lstm,12,train_q90,8.636000000000005,0,9,1,0.0,1.0,0.0,0.0,2,-2.3563076925277713,1.5,exploratory
C,S0,82,lstm,12,train_q95,9.8,0,0,0,,,,,0,,,exploratory
C,S0,82,lstm,13,official_alarm,11.4,0,0,0,,,,,0,,,exploratory
C,S0,82,lstm,13,train_q90,8.636000000000005,0,9,1,0.0,1.0,0.0,0.0,2,-2.3914291477203373,2.0,exploratory
C,S0,82,lstm,13,train_q95,9.8,0,0,0,,,,,0,,,exploratory
C,S0,82,lstm,14,official_alarm,11.4,0,0,0,,,,,0,,,exploratory
C,S0,82,lstm,14,train_q90,8.636000000000005,0,9,1,0.0,1.0,0.0,0.0,2,-2.550543100833893,2.5,exploratory
C,S0,82,lstm,14,train_q95,9.8,0,0,0,,,,,0,,,exploratory
C,S4,42,lstm,1,official_alarm,11.4,0,0,0,,,,,0,,,exploratory
C,S4,42,lstm,1,train_q90,8.636000000000005,8,1,0,0.8888888888888888,0.0,0.8888888888888888,0.9411764705882353,2,-0.28002736091613833,1.0,exploratory
C,S4,42,lstm,1,train_q95,9.8,0,0,0,,,,,0,,,exploratory
C,S4,42,lstm,2,official_alarm,11.4,0,0,0,,,,,0,,,exploratory
C,S4,42,lstm,2,train_q90,8.636000000000005,7,2,1,0.7777777777777778,0.125,0.7,0.8235294117647058,2,-0.11342673301696848,1.5,exploratory
C,S4,42,lstm,2,train_q95,9.8,0,0,0,,,,,0,,,exploratory
C,S4,42,lstm,3,official_alarm,11.4,0,0,0,,,,,0,,,exploratory
C,S4,42,lstm,3,train_q90,8.636000000000005,5,4,2,0.5555555555555556,0.2857142857142857,0.45454545454545453,0.625,2,0.02608073234558006,1.5,exploratory
C,S4,42,lstm,3,train_q95,9.8,0,0,0,,,,,0,,,exploratory
C,S4,42,lstm,4,official_alarm,11.4,0,0,0,,,,,0,,,exploratory
C,S4,42,lstm,4,train_q90,8.636000000000005,3,6,4,0.3333333333333333,0.5714285714285714,0.23076923076923078,0.375,2,0.07977867126464844,1.5,exploratory
C,S4,42,lstm,4,train_q95,9.8,0,0,0,,,,,0,,,exploratory
C,S4,42,lstm,5,official_alarm,11.4,0,0,0,,,,,0,,,exploratory
C,S4,42,lstm,5,train_q90,8.636000000000005,1,8,4,0.1111111111111111,0.8,0.07692307692307693,0.14285714285714285,2,0.04425154685974064,2.0,exploratory
C,S4,42,lstm,5,train_q95,9.8,0,0,0,,,,,0,,,exploratory
C,S4,42,lstm,6,official_alarm,11.4,0,0,0,,,,,0,,,exploratory
C,S4,42,lstm,6,train_q90,8.636000000000005,0,9,4,0.0,1.0,0.0,0.0,2,-0.016617040634156588,3.0,exploratory
C,S4,42,lstm,6,train_q95,9.8,0,0,0,,,,,0,,,exploratory
C,S4,42,lstm,7,official_alarm,11.4,0,0,0,,,,,0,,,exploratory
C,S4,42,lstm,7,train_q90,8.636000000000005,0,9,4,0.0,1.0,0.0,0.0,2,-0.5163757848739632,3.5,exploratory
C,S4,42,lstm,7,train_q95,9.8,0,0,0,,,,,0,,,exploratory
C,S4,42,lstm,8,official_alarm,11.4,0,0,0,,,,,0,,,exploratory
C,S4,42,lstm,8,train_q90,8.636000000000005,0,9,4,0.0,1.0,0.0,0.0,2,-1.379755830764771,2.0,exploratory
C,S4,42,lstm,8,train_q95,9.8,0,0,0,,,,,0,,,exploratory
C,S4,42,lstm,9,official_alarm,11.4,0,0,0,,,,,0,,,exploratory
C,S4,42,lstm,9,train_q90,8.636000000000005,0,9,4,0.0,1.0,0.0,0.0,2,-2.088161926269532,2.5,exploratory
C,S4,42,lstm,9,train_q95,9.8,0,0,0,,,,,0,,,exploratory
C,S4,42,lstm,10,official_alarm,11.4,0,0,0,,,,,0,,,exploratory
C,S4,42,lstm,10,train_q90,8.636000000000005,0,9,4,0.0,1.0,0.0,0.0,2,-2.386415867805481,3.0,exploratory
C,S4,42,lstm,10,train_q95,9.8,0,0,0,,,,,0,,,exploratory
C,S4,42,lstm,11,official_alarm,11.4,0,0,0,,,,,0,,,exploratory
C,S4,42,lstm,11,train_q90,8.636000000000005,0,9,4,0.0,1.0,0.0,0.0,2,-2.4102157878875734,2.0,exploratory
C,S4,42,lstm,11,train_q95,9.8,0,0,0,,,,,0,,,exploratory
C,S4,42,lstm,12,official_alarm,11.4,0,0,0,,,,,0,,,exploratory
C,S4,42,lstm,12,train_q90,8.636000000000005,0,9,3,0.0,1.0,0.0,0.0,2,-2.5068596506118777,2.0,exploratory
C,S4,42,lstm,12,train_q95,9.8,0,0,0,,,,,0,,,exploratory
C,S4,42,lstm,13,official_alarm,11.4,0,0,0,,,,,0,,,exploratory
C,S4,42,lstm,13,train_q90,8.636000000000005,0,9,3,0.0,1.0,0.0,0.0,2,-2.6462436342239384,1.0,exploratory
C,S4,42,lstm,13,train_q95,9.8,0,0,0,,,,,0,,,exploratory
C,S4,42,lstm,14,official_alarm,11.4,0,0,0,,,,,0,,,exploratory
C,S4,42,lstm,14,train_q90,8.636000000000005,0,9,3,0.0,1.0,0.0,0.0,2,-2.4930742192268376,2.0,exploratory
C,S4,42,lstm,14,train_q95,9.8,0,0,0,,,,,0,,,exploratory
C,S4,52,lstm,1,official_alarm,11.4,0,0,0,,,,,0,,,exploratory
C,S4,52,lstm,1,train_q90,8.636000000000005,6,3,0,0.6666666666666666,0.0,0.6666666666666666,0.8,2,-0.22907609939575124,1.0,exploratory
C,S4,52,lstm,1,train_q95,9.8,0,0,0,,,,,0,,,exploratory
C,S4,52,lstm,2,official_alarm,11.4,0,0,0,,,,,0,,,exploratory
C,S4,52,lstm,2,train_q90,8.636000000000005,6,3,0,0.6666666666666666,0.0,0.6666666666666666,0.8,2,-0.13586835384368978,1.0,exploratory
C,S4,52,lstm,2,train_q95,9.8,0,0,0,,,,,0,,,exploratory
C,S4,52,lstm,3,official_alarm,11.4,0,0,0,,,,,0,,,exploratory
C,S4,52,lstm,3,train_q90,8.636000000000005,5,4,1,0.5555555555555556,0.16666666666666666,0.5,0.6666666666666666,2,-0.14298517704010028,1.0,exploratory
C,S4,52,lstm,3,train_q95,9.8,0,0,0,,,,,0,,,exploratory
C,S4,52,lstm,4,official_alarm,11.4,0,0,0,,,,,0,,,exploratory
C,S4,52,lstm,4,train_q90,8.636000000000005,3,6,3,0.3333333333333333,0.5,0.25,0.4,2,-0.14693738460540917,2.0,exploratory
C,S4,52,lstm,4,train_q95,9.8,0,0,0,,,,,0,,,exploratory
C,S4,52,lstm,5,official_alarm,11.4,0,0,0,,,,,0,,,exploratory
C,S4,52,lstm,5,train_q90,8.636000000000005,1,8,5,0.1111111111111111,0.8333333333333334,0.07142857142857142,0.13333333333333333,2,-0.20830741882324233,3.0,exploratory
C,S4,52,lstm,5,train_q95,9.8,0,0,0,,,,,0,,,exploratory
C,S4,52,lstm,6,official_alarm,11.4,0,0,0,,,,,0,,,exploratory
C,S4,52,lstm,6,train_q90,8.636000000000005,0,9,4,0.0,1.0,0.0,0.0,2,-0.3168348169326789,3.5,exploratory
C,S4,52,lstm,6,train_q95,9.8,0,0,0,,,,,0,,,exploratory
C,S4,52,lstm,7,official_alarm,11.4,0,0,0,,,,,0,,,exploratory
C,S4,52,lstm,7,train_q90,8.636000000000005,0,9,4,0.0,1.0,0.0,0.0,2,-0.9449389886856085,3.5,exploratory
C,S4,52,lstm,7,train_q95,9.8,0,0,0,,,,,0,,,exploratory
C,S4,52,lstm,8,official_alarm,11.4,0,0,0,,,,,0,,,exploratory
C,S4,52,lstm,8,train_q90,8.636000000000005,0,9,4,0.0,1.0,0.0,0.0,2,-1.6611315584182749,2.5,exploratory
C,S4,52,lstm,8,train_q95,9.8,0,0,0,,,,,0,,,exploratory
C,S4,52,lstm,9,official_alarm,11.4,0,0,0,,,,,0,,,exploratory
C,S4,52,lstm,9,train_q90,8.636000000000005,0,9,4,0.0,1.0,0.0,0.0,2,-2.2166514158248902,3.0,exploratory
C,S4,52,lstm,9,train_q95,9.8,0,0,0,,,,,0,,,exploratory
C,S4,52,lstm,10,official_alarm,11.4,0,0,0,,,,,0,,,exploratory
C,S4,52,lstm,10,train_q90,8.636000000000005,0,9,3,0.0,1.0,0.0,0.0,2,-2.468414676189423,3.5,exploratory
C,S4,52,lstm,10,train_q95,9.8,0,0,0,,,,,0,,,exploratory
C,S4,52,lstm,11,official_alarm,11.4,0,0,0,,,,,0,,,exploratory
C,S4,52,lstm,11,train_q90,8.636000000000005,0,9,2,0.0,1.0,0.0,0.0,2,-2.636693983078003,2.0,exploratory
C,S4,52,lstm,11,train_q95,9.8,0,0,0,,,,,0,,,exploratory
C,S4,52,lstm,12,official_alarm,11.4,0,0,0,,,,,0,,,exploratory
C,S4,52,lstm,12,train_q90,8.636000000000005,0,9,1,0.0,1.0,0.0,0.0,2,-2.8422918891906743,2.0,exploratory
C,S4,52,lstm,12,train_q95,9.8,0,0,0,,,,,0,,,exploratory
C,S4,52,lstm,13,official_alarm,11.4,0,0,0,,,,,0,,,exploratory
C,S4,52,lstm,13,train_q90,8.636000000000005,0,9,1,0.0,1.0,0.0,0.0,2,-2.797788195610047,2.0,exploratory
C,S4,52,lstm,13,train_q95,9.8,0,0,0,,,,,0,,,exploratory
C,S4,52,lstm,14,official_alarm,11.4,0,0,0,,,,,0,,,exploratory
C,S4,52,lstm,14,train_q90,8.636000000000005,0,9,1,0.0,1.0,0.0,0.0,2,-2.550189673900605,2.0,exploratory
C,S4,52,lstm,14,train_q95,9.8,0,0,0,,,,,0,,,exploratory
C,S4,62,lstm,1,official_alarm,11.4,0,0,0,,,,,0,,,exploratory
C,S4,62,lstm,1,train_q90,8.636000000000005,6,3,0,0.6666666666666666,0.0,0.6666666666666666,0.8,2,-0.10721227645874176,1.0,exploratory
C,S4,62,lstm,1,train_q95,9.8,0,0,0,,,,,0,,,exploratory
C,S4,62,lstm,2,official_alarm,11.4,0,0,0,,,,,0,,,exploratory
C,S4,62,lstm,2,train_q90,8.636000000000005,6,3,0,0.6666666666666666,0.0,0.6666666666666666,0.8,2,-0.030847125053407254,1.0,exploratory
C,S4,62,lstm,2,train_q95,9.8,0,0,0,,,,,0,,,exploratory
C,S4,62,lstm,3,official_alarm,11.4,0,0,0,,,,,0,,,exploratory
C,S4,62,lstm,3,train_q90,8.636000000000005,5,4,1,0.5555555555555556,0.16666666666666666,0.5,0.6666666666666666,2,-0.033871636390686355,1.0,exploratory
C,S4,62,lstm,3,train_q95,9.8,0,0,0,,,,,0,,,exploratory
C,S4,62,lstm,4,official_alarm,11.4,0,0,0,,,,,0,,,exploratory
C,S4,62,lstm,4,train_q90,8.636000000000005,3,6,3,0.3333333333333333,0.5,0.25,0.4,2,-0.03570803165435965,2.0,exploratory
C,S4,62,lstm,4,train_q95,9.8,0,0,0,,,,,0,,,exploratory
C,S4,62,lstm,5,official_alarm,11.4,0,0,0,,,,,0,,,exploratory
C,S4,62,lstm,5,train_q90,8.636000000000005,1,8,5,0.1111111111111111,0.8333333333333334,0.07142857142857142,0.13333333333333333,2,-0.1251863908767703,3.0,exploratory
C,S4,62,lstm,5,train_q95,9.8,0,0,0,,,,,0,,,exploratory
C,S4,62,lstm,6,official_alarm,11.4,0,0,0,,,,,0,,,exploratory
C,S4,62,lstm,6,train_q90,8.636000000000005,0,9,6,0.0,1.0,0.0,0.0,2,-0.4259990167617804,3.5,exploratory
C,S4,62,lstm,6,train_q95,9.8,0,0,0,,,,,0,,,exploratory
C,S4,62,lstm,7,official_alarm,11.4,0,0,0,,,,,0,,,exploratory
C,S4,62,lstm,7,train_q90,8.636000000000005,0,9,4,0.0,1.0,0.0,0.0,2,-1.1372709178924567,2.0,exploratory
C,S4,62,lstm,7,train_q95,9.8,0,0,0,,,,,0,,,exploratory
C,S4,62,lstm,8,official_alarm,11.4,0,0,0,,,,,0,,,exploratory
C,S4,62,lstm,8,train_q90,8.636000000000005,0,9,2,0.0,1.0,0.0,0.0,2,-1.8730171394348152,2.5,exploratory
C,S4,62,lstm,8,train_q95,9.8,0,0,0,,,,,0,,,exploratory
C,S4,62,lstm,9,official_alarm,11.4,0,0,0,,,,,0,,,exploratory
C,S4,62,lstm,9,train_q90,8.636000000000005,0,9,2,0.0,1.0,0.0,0.0,2,-2.412493472099305,3.0,exploratory
C,S4,62,lstm,9,train_q95,9.8,0,0,0,,,,,0,,,exploratory
C,S4,62,lstm,10,official_alarm,11.4,0,0,0,,,,,0,,,exploratory
C,S4,62,lstm,10,train_q90,8.636000000000005,0,9,2,0.0,1.0,0.0,0.0,2,-2.5782346749305725,3.5,exploratory
C,S4,62,lstm,10,train_q95,9.8,0,0,0,,,,,0,,,exploratory
C,S4,62,lstm,11,official_alarm,11.4,0,0,0,,,,,0,,,exploratory
C,S4,62,lstm,11,train_q90,8.636000000000005,0,9,2,0.0,1.0,0.0,0.0,2,-2.704214754104614,2.0,exploratory
C,S4,62,lstm,11,train_q95,9.8,0,0,0,,,,,0,,,exploratory
C,S4,62,lstm,12,official_alarm,11.4,0,0,0,,,,,0,,,exploratory
C,S4,62,lstm,12,train_q90,8.636000000000005,0,9,2,0.0,1.0,0.0,0.0,2,-2.8802282929420473,2.0,exploratory
C,S4,62,lstm,12,train_q95,9.8,0,0,0,,,,,0,,,exploratory
C,S4,62,lstm,13,official_alarm,11.4,0,0,0,,,,,0,,,exploratory
C,S4,62,lstm,13,train_q90,8.636000000000005,0,9,1,0.0,1.0,0.0,0.0,2,-2.7267624425888064,2.0,exploratory
C,S4,62,lstm,13,train_q95,9.8,0,0,0,,,,,0,,,exploratory
C,S4,62,lstm,14,official_alarm,11.4,0,0,0,,,,,0,,,exploratory
C,S4,62,lstm,14,train_q90,8.636000000000005,0,9,1,0.0,1.0,0.0,0.0,2,-2.4526996445655826,2.0,exploratory
C,S4,62,lstm,14,train_q95,9.8,0,0,0,,,,,0,,,exploratory
C,S4,72,lstm,1,official_alarm,11.4,0,0,0,,,,,0,,,exploratory
C,S4,72,lstm,1,train_q90,8.636000000000005,7,2,0,0.7777777777777778,0.0,0.7777777777777778,0.875,2,-0.295490283966064,1.0,exploratory
C,S4,72,lstm,1,train_q95,9.8,0,0,0,,,,,0,,,exploratory
C,S4,72,lstm,2,official_alarm,11.4,0,0,0,,,,,0,,,exploratory
C,S4,72,lstm,2,train_q90,8.636000000000005,7,2,0,0.7777777777777778,0.0,0.7777777777777778,0.875,2,-0.16712862968444941,1.0,exploratory
C,S4,72,lstm,2,train_q95,9.8,0,0,0,,,,,0,,,exploratory
C,S4,72,lstm,3,official_alarm,11.4,0,0,0,,,,,0,,,exploratory
C,S4,72,lstm,3,train_q90,8.636000000000005,5,4,2,0.5555555555555556,0.2857142857142857,0.45454545454545453,0.625,2,-0.04888298034668015,1.0,exploratory
C,S4,72,lstm,3,train_q95,9.8,0,0,0,,,,,0,,,exploratory
C,S4,72,lstm,4,official_alarm,11.4,0,0,0,,,,,0,,,exploratory
C,S4,72,lstm,4,train_q90,8.636000000000005,3,6,3,0.3333333333333333,0.5,0.25,0.4,2,0.006607818603514559,2.0,exploratory
C,S4,72,lstm,4,train_q95,9.8,0,0,0,,,,,0,,,exploratory
C,S4,72,lstm,5,official_alarm,11.4,0,0,0,,,,,0,,,exploratory
C,S4,72,lstm,5,train_q90,8.636000000000005,1,8,5,0.1111111111111111,0.8333333333333334,0.07142857142857142,0.13333333333333333,2,-0.03707780838012731,2.5,exploratory
C,S4,72,lstm,5,train_q95,9.8,0,0,0,,,,,0,,,exploratory
C,S4,72,lstm,6,official_alarm,11.4,0,0,0,,,,,0,,,exploratory
C,S4,72,lstm,6,train_q90,8.636000000000005,0,9,6,0.0,1.0,0.0,0.0,2,-0.09427518844604599,3.0,exploratory
C,S4,72,lstm,6,train_q95,9.8,0,0,0,,,,,0,,,exploratory
C,S4,72,lstm,7,official_alarm,11.4,0,0,0,,,,,0,,,exploratory
C,S4,72,lstm,7,train_q90,8.636000000000005,0,9,4,0.0,1.0,0.0,0.0,2,-0.6134716224670402,3.5,exploratory
C,S4,72,lstm,7,train_q95,9.8,0,0,0,,,,,0,,,exploratory
C,S4,72,lstm,8,official_alarm,11.4,0,0,0,,,,,0,,,exploratory
C,S4,72,lstm,8,train_q90,8.636000000000005,0,9,4,0.0,1.0,0.0,0.0,2,-1.398184294700623,2.0,exploratory
C,S4,72,lstm,8,train_q95,9.8,0,0,0,,,,,0,,,exploratory
C,S4,72,lstm,9,official_alarm,11.4,0,0,0,,,,,0,,,exploratory
C,S4,72,lstm,9,train_q90,8.636000000000005,0,9,4,0.0,1.0,0.0,0.0,2,-2.0249171066284184,3.0,exploratory
C,S4,72,lstm,9,train_q95,9.8,0,0,0,,,,,0,,,exploratory
C,S4,72,lstm,10,official_alarm,11.4,0,0,0,,,,,0,,,exploratory
C,S4,72,lstm,10,train_q90,8.636000000000005,0,9,4,0.0,1.0,0.0,0.0,2,-2.3118243813514714,3.0,exploratory
C,S4,72,lstm,10,train_q95,9.8,0,0,0,,,,,0,,,exploratory
C,S4,72,lstm,11,official_alarm,11.4,0,0,0,,,,,0,,,exploratory
C,S4,72,lstm,11,train_q90,8.636000000000005,0,9,4,0.0,1.0,0.0,0.0,2,-2.4222976064682005,3.5,exploratory
C,S4,72,lstm,11,train_q95,9.8,0,0,0,,,,,0,,,exploratory
C,S4,72,lstm,12,official_alarm,11.4,0,0,0,,,,,0,,,exploratory
C,S4,72,lstm,12,train_q90,8.636000000000005,0,9,4,0.0,1.0,0.0,0.0,2,-2.5627121877670285,2.0,exploratory
C,S4,72,lstm,12,train_q95,9.8,0,0,0,,,,,0,,,exploratory
C,S4,72,lstm,13,official_alarm,11.4,0,0,0,,,,,0,,,exploratory
C,S4,72,lstm,13,train_q90,8.636000000000005,0,9,4,0.0,1.0,0.0,0.0,2,-2.5975528407096866,1.0,exploratory
C,S4,72,lstm,13,train_q95,9.8,0,0,0,,,,,0,,,exploratory
C,S4,72,lstm,14,official_alarm,11.4,0,0,0,,,,,0,,,exploratory
C,S4,72,lstm,14,train_q90,8.636000000000005,0,9,3,0.0,1.0,0.0,0.0,2,-2.4261085224151615,2.0,exploratory
C,S4,72,lstm,14,train_q95,9.8,0,0,0,,,,,0,,,exploratory
C,S4,82,lstm,1,official_alarm,11.4,0,0,0,,,,,0,,,exploratory
C,S4,82,lstm,1,train_q90,8.636000000000005,8,1,0,0.8888888888888888,0.0,0.8888888888888888,0.9411764705882353,2,0.21396850585937344,1.0,exploratory
C,S4,82,lstm,1,train_q95,9.8,0,0,0,,,,,0,,,exploratory
C,S4,82,lstm,2,official_alarm,11.4,0,0,0,,,,,0,,,exploratory
C,S4,82,lstm,2,train_q90,8.636000000000005,7,2,0,0.7777777777777778,0.0,0.7777777777777778,0.875,2,0.25168545246124197,1.0,exploratory
C,S4,82,lstm,2,train_q95,9.8,0,0,0,,,,,0,,,exploratory
C,S4,82,lstm,3,official_alarm,11.4,0,0,0,,,,,0,,,exploratory
C,S4,82,lstm,3,train_q90,8.636000000000005,5,4,1,0.5555555555555556,0.16666666666666666,0.5,0.6666666666666666,2,0.1983781433105447,1.0,exploratory
C,S4,82,lstm,3,train_q95,9.8,0,0,0,,,,,0,,,exploratory
C,S4,82,lstm,4,official_alarm,11.4,0,0,0,,,,,0,,,exploratory
C,S4,82,lstm,4,train_q90,8.636000000000005,3,6,3,0.3333333333333333,0.5,0.25,0.4,2,0.2717904186248772,2.0,exploratory
C,S4,82,lstm,4,train_q95,9.8,0,0,0,,,,,0,,,exploratory
C,S4,82,lstm,5,official_alarm,11.4,0,0,0,,,,,0,,,exploratory
C,S4,82,lstm,5,train_q90,8.636000000000005,1,8,5,0.1111111111111111,0.8333333333333334,0.07142857142857142,0.13333333333333333,2,0.33238592147827184,3.0,exploratory
C,S4,82,lstm,5,train_q95,9.8,0,0,1,,1.0,0.0,0.0,0,,,exploratory
C,S4,82,lstm,6,official_alarm,11.4,0,0,0,,,,,0,,,exploratory
C,S4,82,lstm,6,train_q90,8.636000000000005,0,9,6,0.0,1.0,0.0,0.0,2,0.024213862419128596,3.5,exploratory
C,S4,82,lstm,6,train_q95,9.8,0,0,0,,,,,0,,,exploratory
C,S4,82,lstm,7,official_alarm,11.4,0,0,0,,,,,0,,,exploratory
C,S4,82,lstm,7,train_q90,8.636000000000005,0,9,6,0.0,1.0,0.0,0.0,2,-0.6149486541748059,3.5,exploratory
C,S4,82,lstm,7,train_q95,9.8,0,0,0,,,,,0,,,exploratory
C,S4,82,lstm,8,official_alarm,11.4,0,0,0,,,,,0,,,exploratory
C,S4,82,lstm,8,train_q90,8.636000000000005,0,9,4,0.0,1.0,0.0,0.0,2,-1.4575790166854863,2.5,exploratory
C,S4,82,lstm,8,train_q95,9.8,0,0,0,,,,,0,,,exploratory
C,S4,82,lstm,9,official_alarm,11.4,0,0,0,,,,,0,,,exploratory
C,S4,82,lstm,9,train_q90,8.636000000000005,0,9,4,0.0,1.0,0.0,0.0,2,-2.1154226994514467,3.0,exploratory
C,S4,82,lstm,9,train_q95,9.8,0,0,0,,,,,0,,,exploratory
C,S4,82,lstm,10,official_alarm,11.4,0,0,0,,,,,0,,,exploratory
C,S4,82,lstm,10,train_q90,8.636000000000005,0,9,4,0.0,1.0,0.0,0.0,2,-2.4656096220016486,3.5,exploratory
C,S4,82,lstm,10,train_q95,9.8,0,0,0,,,,,0,,,exploratory
C,S4,82,lstm,11,official_alarm,11.4,0,0,0,,,,,0,,,exploratory
C,S4,82,lstm,11,train_q90,8.636000000000005,0,9,4,0.0,1.0,0.0,0.0,2,-2.597814249992371,3.5,exploratory
C,S4,82,lstm,11,train_q95,9.8,0,0,0,,,,,0,,,exploratory
C,S4,82,lstm,12,official_alarm,11.4,0,0,0,,,,,0,,,exploratory
C,S4,82,lstm,12,train_q90,8.636000000000005,0,9,3,0.0,1.0,0.0,0.0,2,-2.8324974513053895,2.0,exploratory
C,S4,82,lstm,12,train_q95,9.8,0,0,0,,,,,0,,,exploratory
C,S4,82,lstm,13,official_alarm,11.4,0,0,0,,,,,0,,,exploratory
C,S4,82,lstm,13,train_q90,8.636000000000005,0,9,2,0.0,1.0,0.0,0.0,2,-2.768129224777222,2.0,exploratory
C,S4,82,lstm,13,train_q95,9.8,0,0,0,,,,,0,,,exploratory
C,S4,82,lstm,14,official_alarm,11.4,0,0,0,,,,,0,,,exploratory
C,S4,82,lstm,14,train_q90,8.636000000000005,0,9,1,0.0,1.0,0.0,0.0,2,-2.5709799242019655,2.0,exploratory
C,S4,82,lstm,14,train_q95,9.8,0,0,0,,,,,0,,,exploratory
D,S0,42,lstm,1,official_alarm,11.4,10,0,1,1.0,0.09090909090909091,0.9090909090909091,0.9523809523809523,2,-0.06803312778473014,1.0,exploratory
D,S0,42,lstm,1,train_q90,8.42,44,1,4,0.9777777777777777,0.08333333333333333,0.8979591836734694,0.946236559139785,3,-0.1029529539744054,0.3333333333333333,exploratory
D,S0,42,lstm,1,train_q95,9.57,29,2,5,0.9354838709677419,0.14705882352941177,0.8055555555555556,0.8923076923076924,3,5.3052902221277044e-05,0.6666666666666666,exploratory
D,S0,42,lstm,2,official_alarm,11.4,9,2,1,0.8181818181818182,0.1,0.75,0.8571428571428571,2,-0.23059883117675906,2.0,exploratory
D,S0,42,lstm,2,train_q90,8.42,41,5,5,0.8913043478260869,0.10869565217391304,0.803921568627451,0.8913043478260869,3,-0.32892705917358533,0.6666666666666666,exploratory
D,S0,42,lstm,2,train_q95,9.57,27,4,6,0.8709677419354839,0.18181818181818182,0.7297297297297297,0.84375,3,-0.14684352874756001,1.3333333333333333,exploratory
D,S0,42,lstm,3,official_alarm,11.4,7,5,2,0.5833333333333334,0.2222222222222222,0.5,0.6666666666666666,2,-0.4546504497528092,1.5,exploratory
D,S0,42,lstm,3,train_q90,8.42,39,8,6,0.8297872340425532,0.13333333333333333,0.7358490566037735,0.8478260869565217,3,-0.4453930409749365,1.6666666666666667,exploratory
D,S0,42,lstm,3,train_q95,9.57,24,7,7,0.7741935483870968,0.22580645161290322,0.631578947368421,0.7741935483870968,3,-0.3308014678955094,1.3333333333333333,exploratory
D,S0,42,lstm,4,official_alarm,11.4,5,8,3,0.38461538461538464,0.375,0.3125,0.47619047619047616,2,-0.7084775352478045,2.0,exploratory
D,S0,42,lstm,4,train_q90,8.42,36,11,8,0.7659574468085106,0.18181818181818182,0.6545454545454545,0.7912087912087912,3,-0.5573587989807152,2.6666666666666665,exploratory
D,S0,42,lstm,4,train_q95,9.57,20,11,10,0.6451612903225806,0.3333333333333333,0.4878048780487805,0.6557377049180327,3,-0.5446473598480246,2.0,exploratory
D,S0,42,lstm,5,official_alarm,11.4,4,10,4,0.2857142857142857,0.5,0.2222222222222222,0.36363636363636365,2,-1.0893640136718759,2.5,exploratory
D,S0,42,lstm,5,train_q90,8.42,35,12,9,0.7446808510638298,0.20454545454545456,0.625,0.7692307692307693,3,-0.5173554611206063,3.3333333333333335,exploratory
D,S0,42,lstm,5,train_q95,9.57,17,14,13,0.5483870967741935,0.43333333333333335,0.38636363636363635,0.5573770491803278,3,-0.8302009487152109,3.0,exploratory
D,S0,42,lstm,6,official_alarm,11.4,3,12,5,0.2,0.625,0.15,0.2608695652173913,2,-1.1270045757293694,3.5,exploratory
D,S0,42,lstm,6,train_q90,8.42,35,11,9,0.7608695652173914,0.20454545454545456,0.6363636363636364,0.7777777777777778,3,-0.4559829203287767,4.0,exploratory
D,S0,42,lstm,6,train_q95,9.57,16,16,13,0.5,0.4482758620689655,0.35555555555555557,0.5245901639344263,3,-0.8994528388977052,3.6666666666666665,exploratory
D,S0,42,lstm,7,official_alarm,11.4,2,14,6,0.125,0.75,0.09090909090909091,0.16666666666666666,2,-1.2020252799987796,4.0,exploratory
D,S0,42,lstm,7,train_q90,8.42,35,10,9,0.7777777777777778,0.20454545454545456,0.6481481481481481,0.7865168539325843,3,-0.3369718424479184,4.666666666666667,exploratory
D,S0,42,lstm,7,train_q95,9.57,16,16,13,0.5,0.4482758620689655,0.35555555555555557,0.5245901639344263,3,-1.9075781663258888,4.333333333333333,exploratory
D,S0,42,lstm,8,official_alarm,11.4,0,16,7,0.0,1.0,0.0,0.0,2,-1.3658174896240247,4.5,exploratory
D,S0,42,lstm,8,train_q90,8.42,35,9,9,0.7954545454545454,0.20454545454545456,0.660377358490566,0.7954545454545454,3,0.0006124528249085159,4.666666666666667,exploratory
D,S0,42,lstm,8,train_q95,9.57,16,16,13,0.5,0.4482758620689655,0.35555555555555557,0.5245901639344263,2,-2.1453364324569724,5.5,exploratory
D,S0,42,lstm,9,official_alarm,11.4,0,16,7,0.0,1.0,0.0,0.0,2,-1.5982513046264657,5.0,exploratory
D,S0,42,lstm,9,train_q90,8.42,35,8,9,0.813953488372093,0.20454545454545456,0.6730769230769231,0.8045977011494253,3,-0.8338428529103608,4.666666666666667,exploratory
D,S0,42,lstm,9,train_q95,9.57,16,16,11,0.5,0.4074074074074074,0.37209302325581395,0.5423728813559322,2,-2.5049727797508243,5.5,exploratory
D,S0,42,lstm,10,official_alarm,11.4,0,16,7,0.0,1.0,0.0,0.0,2,-2.338470573425295,5.0,exploratory
D,S0,42,lstm,10,train_q90,8.42,35,7,9,0.8333333333333334,0.20454545454545456,0.6862745098039216,0.813953488372093,3,-0.9034181531270354,4.333333333333333,exploratory
D,S0,42,lstm,10,train_q95,9.57,16,16,11,0.5,0.4074074074074074,0.37209302325581395,0.5423728813559322,1,-1.2544509506225605,10.0,exploratory
D,S0,42,lstm,11,official_alarm,11.4,0,16,7,0.0,1.0,0.0,0.0,2,-2.855627975463869,3.5,exploratory
D,S0,42,lstm,11,train_q90,8.42,34,7,9,0.8292682926829268,0.20930232558139536,0.68,0.8095238095238095,3,-1.0656786378224705,4.666666666666667,exploratory
D,S0,42,lstm,11,train_q95,9.57,15,17,10,0.46875,0.4,0.35714285714285715,0.5263157894736842,1,-1.3738047695159938,11.0,exploratory
D,S0,42,lstm,12,official_alarm,11.4,0,15,7,0.0,1.0,0.0,0.0,2,-3.168877034187318,3.0,exploratory
D,S0,42,lstm,12,train_q90,8.42,34,6,9,0.85,0.20930232558139536,0.6938775510204082,0.8192771084337349,2,-0.20619722366333182,7.0,exploratory
D,S0,42,lstm,12,train_q95,9.57,14,18,11,0.4375,0.44,0.32558139534883723,0.49122807017543857,1,-1.5231773185729995,12.0,exploratory
D,S0,42,lstm,13,official_alarm,11.4,0,14,6,0.0,1.0,0.0,0.0,2,-3.2767806911468513,2.5,exploratory
D,S0,42,lstm,13,train_q90,8.42,33,7,9,0.825,0.21428571428571427,0.673469387755102,0.8048780487804879,2,-0.31484849929809666,8.0,exploratory
D,S0,42,lstm,13,train_q95,9.57,12,19,10,0.3870967741935484,0.45454545454545453,0.2926829268292683,0.4528301886792453,1,-1.6479207992553722,13.0,exploratory
D,S0,42,lstm,14,official_alarm,11.4,0,13,6,0.0,1.0,0.0,0.0,2,-3.3561770820617696,2.0,exploratory
D,S0,42,lstm,14,train_q90,8.42,32,8,10,0.8,0.23809523809523808,0.64,0.7804878048780488,2,-0.2630566120147728,7.5,exploratory
D,S0,42,lstm,14,train_q95,9.57,8,22,11,0.26666666666666666,0.5789473684210527,0.1951219512195122,0.32653061224489793,1,-1.7379841136932406,14.0,exploratory
D,S0,52,lstm,1,official_alarm,11.4,10,0,5,1.0,0.3333333333333333,0.6666666666666666,0.8,2,0.6214660120010347,1.0,exploratory
D,S0,52,lstm,1,train_q90,8.42,44,1,8,0.9777777777777777,0.15384615384615385,0.8301886792452831,0.9072164948453608,3,0.45757398287455153,0.6666666666666666,exploratory
D,S0,52,lstm,1,train_q95,9.57,31,0,10,1.0,0.24390243902439024,0.7560975609756098,0.8611111111111112,3,0.616445191701251,1.0,exploratory
D,S0,52,lstm,2,official_alarm,11.4,10,1,4,0.9090909090909091,0.2857142857142857,0.6666666666666666,0.8,2,0.5069940757751441,2.0,exploratory
D,S0,52,lstm,2,train_q90,8.42,44,2,8,0.9565217391304348,0.15384615384615385,0.8148148148148148,0.8979591836734694,3,0.3298267078399639,0.6666666666666666,exploratory
D,S0,52,lstm,2,train_q95,9.57,29,2,12,0.9354838709677419,0.2926829268292683,0.6744186046511628,0.8055555555555556,3,0.5648385270436584,1.3333333333333333,exploratory
D,S0,52,lstm,3,official_alarm,11.4,8,4,5,0.6666666666666666,0.38461538461538464,0.47058823529411764,0.64,2,0.30506943702697686,1.5,exploratory
D,S0,52,lstm,3,train_q90,8.42,43,4,9,0.9148936170212766,0.17307692307692307,0.7678571428571429,0.8686868686868687,3,0.23722040812174328,1.6666666666666667,exploratory
D,S0,52,lstm,3,train_q95,9.57,26,5,14,0.8387096774193549,0.35,0.5777777777777777,0.7323943661971831,3,0.40809274673461776,1.3333333333333333,exploratory
D,S0,52,lstm,4,official_alarm,11.4,7,6,5,0.5384615384615384,0.4166666666666667,0.3888888888888889,0.56,2,0.0193876218795781,2.0,exploratory
D,S0,52,lstm,4,train_q90,8.42,41,6,10,0.8723404255319149,0.19607843137254902,0.7192982456140351,0.8367346938775511,3,0.10501103083292544,2.6666666666666665,exploratory
D,S0,52,lstm,4,train_q95,9.57,23,8,16,0.7419354838709677,0.41025641025641024,0.48936170212765956,0.6571428571428571,3,0.16765632629394508,2.0,exploratory
D,S0,52,lstm,5,official_alarm,11.4,6,8,6,0.42857142857142855,0.5,0.3,0.46153846153846156,2,-0.3614335536956794,2.5,exploratory
D,S0,52,lstm,5,train_q90,8.42,40,7,10,0.851063829787234,0.2,0.7017543859649122,0.8247422680412371,3,0.1465737215677887,3.0,exploratory
D,S0,52,lstm,5,train_q95,9.57,20,11,17,0.6451612903225806,0.4594594594594595,0.4166666666666667,0.5882352941176471,3,-0.14389650344848745,2.6666666666666665,exploratory
D,S0,52,lstm,6,official_alarm,11.4,5,10,7,0.3333333333333333,0.5833333333333334,0.22727272727272727,0.37037037037037035,2,-0.46466508865356637,3.5,exploratory
D,S0,52,lstm,6,train_q90,8.42,39,7,10,0.8478260869565217,0.20408163265306123,0.6964285714285714,0.8210526315789474,3,0.18126602490742746,3.6666666666666665,exploratory
D,S0,52,lstm,6,train_q95,9.57,20,12,17,0.625,0.4594594594594595,0.40816326530612246,0.5797101449275363,3,-0.2253290239969908,3.6666666666666665,exploratory
D,S0,52,lstm,7,official_alarm,11.4,4,12,7,0.25,0.6363636363636364,0.17391304347826086,0.2962962962962963,2,-0.7027576923370367,4.0,exploratory
D,S0,52,lstm,7,train_q90,8.42,37,8,11,0.8222222222222222,0.22916666666666666,0.6607142857142857,0.7956989247311828,3,0.1846390819549537,4.333333333333333,exploratory
D,S0,52,lstm,7,train_q95,9.57,19,13,17,0.59375,0.4722222222222222,0.3877551020408163,0.5588235294117647,3,-1.4828080685933438,4.333333333333333,exploratory
D,S0,52,lstm,8,official_alarm,11.4,2,14,9,0.125,0.8181818181818182,0.08,0.14814814814814814,2,-0.9359533739089976,4.5,exploratory
D,S0,52,lstm,8,train_q90,8.42,37,7,11,0.8409090909090909,0.22916666666666666,0.6727272727272727,0.8043478260869565,3,0.46819931983947666,4.666666666666667,exploratory
D,S0,52,lstm,8,train_q95,9.57,19,13,15,0.59375,0.4411764705882353,0.40425531914893614,0.5757575757575758,2,-1.7688653111457842,5.5,exploratory
D,S0,52,lstm,9,official_alarm,11.4,0,16,9,0.0,1.0,0.0,0.0,2,-1.2868418073654189,5.0,exploratory
D,S0,52,lstm,9,train_q90,8.42,37,6,10,0.8604651162790697,0.2127659574468085,0.6981132075471698,0.8222222222222222,3,-0.5080307133992527,4.666666666666667,exploratory
D,S0,52,lstm,9,train_q95,9.57,19,13,15,0.59375,0.4411764705882353,0.40425531914893614,0.5757575757575758,2,-2.1794857692718512,5.5,exploratory
D,S0,52,lstm,10,official_alarm,11.4,0,16,8,0.0,1.0,0.0,0.0,2,-2.02645435333252,5.0,exploratory
D,S0,52,lstm,10,train_q90,8.42,37,5,9,0.8809523809523809,0.1956521739130435,0.7254901960784313,0.8409090909090909,3,-0.6215875482559227,4.333333333333333,exploratory
D,S0,52,lstm,10,train_q95,9.57,20,12,13,0.625,0.3939393939393939,0.4444444444444444,0.6153846153846154,1,-0.9104703712463404,10.0,exploratory
D,S0,52,lstm,11,official_alarm,11.4,0,16,8,0.0,1.0,0.0,0.0,2,-2.5258446311950697,3.5,exploratory
D,S0,52,lstm,11,train_q90,8.42,36,5,9,0.8780487804878049,0.2,0.72,0.8372093023255814,3,-0.7900359725952161,4.666666666666667,exploratory
D,S0,52,lstm,11,train_q95,9.57,16,16,14,0.5,0.4666666666666667,0.34782608695652173,0.5161290322580645,1,-1.027502574920657,11.0,exploratory
D,S0,52,lstm,12,official_alarm,11.4,0,15,7,0.0,1.0,0.0,0.0,2,-2.8689133453369147,3.0,exploratory
D,S0,52,lstm,12,train_q90,8.42,35,5,9,0.875,0.20454545454545456,0.7142857142857143,0.8333333333333334,2,0.08857429504394254,7.0,exploratory
D,S0,52,lstm,12,train_q95,9.57,16,16,14,0.5,0.4666666666666667,0.34782608695652173,0.5161290322580645,1,-1.2131067276001009,12.0,exploratory
D,S0,52,lstm,13,official_alarm,11.4,0,14,7,0.0,1.0,0.0,0.0,2,-2.9674581146240238,2.5,exploratory
D,S0,52,lstm,13,train_q90,8.42,34,6,10,0.85,0.22727272727272727,0.68,0.8095238095238095,2,0.034628601074216725,8.0,exploratory
D,S0,52,lstm,13,train_q95,9.57,16,15,14,0.5161290322580645,0.4666666666666667,0.35555555555555557,0.5245901639344263,1,-1.2730175399780297,13.0,exploratory
D,S0,52,lstm,14,official_alarm,11.4,0,13,7,0.0,1.0,0.0,0.0,2,-3.0999971723556543,2.0,exploratory
D,S0,52,lstm,14,train_q90,8.42,33,7,11,0.825,0.25,0.6470588235294118,0.7857142857142857,2,0.0011381340026836995,7.5,exploratory
D,S0,52,lstm,14,train_q95,9.57,14,16,13,0.4666666666666667,0.48148148148148145,0.32558139534883723,0.49122807017543857,1,-1.4729313278198237,14.0,exploratory
D,S0,62,lstm,1,official_alarm,11.4,10,0,2,1.0,0.16666666666666666,0.8333333333333334,0.9090909090909091,2,0.02183506965637072,1.0,exploratory
D,S0,62,lstm,1,train_q90,8.42,44,1,4,0.9777777777777777,0.08333333333333333,0.8979591836734694,0.946236559139785,3,-0.05370748202006048,0.3333333333333333,exploratory
D,S0,62,lstm,1,train_q95,9.57,30,1,6,0.967741935483871,0.16666666666666666,0.8108108108108109,0.8955223880597015,3,0.052682927449543136,0.6666666666666666,exploratory
D,S0,62,lstm,2,official_alarm,11.4,9,2,2,0.8181818181818182,0.18181818181818182,0.6923076923076923,0.8181818181818182,2,-0.07560390472412237,2.0,exploratory
D,S0,62,lstm,2,train_q90,8.42,42,4,6,0.9130434782608695,0.125,0.8076923076923077,0.8936170212765957,3,-0.2049038887023933,0.6666666666666666,exploratory
D,S0,62,lstm,2,train_q95,9.57,27,4,8,0.8709677419354839,0.22857142857142856,0.6923076923076923,0.8181818181818182,3,-0.02079399108886844,1.3333333333333333,exploratory
D,S0,62,lstm,3,official_alarm,11.4,8,4,3,0.6666666666666666,0.2727272727272727,0.5333333333333333,0.6956521739130435,2,-0.25981089115142986,1.5,exploratory
D,S0,62,lstm,3,train_q90,8.42,40,7,8,0.851063829787234,0.16666666666666666,0.7272727272727273,0.8421052631578947,3,-0.2839385414123541,1.6666666666666667,exploratory
D,S0,62,lstm,3,train_q95,9.57,24,7,10,0.7741935483870968,0.29411764705882354,0.5853658536585366,0.7384615384615385,3,-0.16446970303853448,1.3333333333333333,exploratory
D,S0,62,lstm,4,official_alarm,11.4,7,6,4,0.5384615384615384,0.36363636363636365,0.4117647058823529,0.5833333333333334,2,-0.4497397327423087,2.0,exploratory
D,S0,62,lstm,4,train_q90,8.42,37,10,10,0.7872340425531915,0.2127659574468085,0.6491228070175439,0.7872340425531915,3,-0.35173345247904564,3.0,exploratory
D,S0,62,lstm,4,train_q95,9.57,21,10,13,0.6774193548387096,0.38235294117647056,0.4772727272727273,0.6461538461538462,3,-0.3249807135264078,2.3333333333333335,exploratory
D,S0,62,lstm,5,official_alarm,11.4,6,8,5,0.42857142857142855,0.45454545454545453,0.3157894736842105,0.48,2,-0.7605883121490491,2.5,exploratory
D,S0,62,lstm,5,train_q90,8.42,37,10,10,0.7872340425531915,0.2127659574468085,0.6491228070175439,0.7872340425531915,3,-0.22855776786804327,3.3333333333333335,exploratory
D,S0,62,lstm,5,train_q95,9.57,19,12,15,0.6129032258064516,0.4411764705882353,0.41304347826086957,0.5846153846153846,3,-0.5345476436615003,3.0,exploratory
D,S0,62,lstm,6,official_alarm,11.4,4,11,5,0.26666666666666666,0.5555555555555556,0.2,0.3333333333333333,2,-0.854046583175661,3.5,exploratory
D,S0,62,lstm,6,train_q90,8.42,37,9,9,0.8043478260869565,0.1956521739130435,0.6727272727272727,0.8043478260869565,3,-0.2043191973368348,4.0,exploratory
D,S0,62,lstm,6,train_q95,9.57,19,13,14,0.59375,0.42424242424242425,0.41304347826086957,0.5846153846153846,3,-0.6192368634541848,3.6666666666666665,exploratory
D,S0,62,lstm,7,official_alarm,11.4,2,14,6,0.125,0.75,0.09090909090909091,0.16666666666666666,2,-1.0739315652847319,4.0,exploratory
D,S0,62,lstm,7,train_q90,8.42,36,9,9,0.8,0.2,0.6666666666666666,0.8,3,-0.20399149576823028,4.666666666666667,exploratory
D,S0,62,lstm,7,train_q95,9.57,18,14,14,0.5625,0.4375,0.391304347826087,0.5625,3,-1.8007574812571219,4.333333333333333,exploratory
D,S0,62,lstm,8,official_alarm,11.4,0,16,8,0.0,1.0,0.0,0.0,2,-1.278185024261476,4.5,exploratory
D,S0,62,lstm,8,train_q90,8.42,35,9,9,0.7954545454545454,0.20454545454545456,0.660377358490566,0.7954545454545454,3,0.1289279333750398,4.666666666666667,exploratory
D,S0,62,lstm,8,train_q95,9.57,16,16,14,0.5,0.4666666666666667,0.34782608695652173,0.5161290322580645,2,-2.0525503849983227,5.5,exploratory
D,S0,62,lstm,9,official_alarm,11.4,0,16,7,0.0,1.0,0.0,0.0,2,-1.5307194519042984,5.0,exploratory
D,S0,62,lstm,9,train_q90,8.42,35,8,9,0.813953488372093,0.20454545454545456,0.6730769230769231,0.8045977011494253,3,-0.7531828848520933,4.666666666666667,exploratory
D,S0,62,lstm,9,train_q95,9.57,16,16,14,0.5,0.4666666666666667,0.34782608695652173,0.5161290322580645,2,-2.44150058746338,5.5,exploratory
D,S0,62,lstm,10,official_alarm,11.4,0,16,7,0.0,1.0,0.0,0.0,2,-2.1945771312713642,5.0,exploratory
D,S0,62,lstm,10,train_q90,8.42,35,7,9,0.8333333333333334,0.20454545454545456,0.6862745098039216,0.813953488372093,3,-0.7891032075881966,4.333333333333333,exploratory
D,S0,62,lstm,10,train_q95,9.57,16,16,13,0.5,0.4482758620689655,0.35555555555555557,0.5245901639344263,1,-1.15992567062378,10.0,exploratory
D,S0,62,lstm,11,official_alarm,11.4,0,16,7,0.0,1.0,0.0,0.0,2,-2.725456838607789,3.5,exploratory
D,S0,62,lstm,11,train_q90,8.42,35,6,9,0.8536585365853658,0.20454545454545456,0.7,0.8235294117647058,3,-0.9734140237172463,4.666666666666667,exploratory
D,S0,62,lstm,11,train_q95,9.57,15,17,14,0.46875,0.4827586206896552,0.32608695652173914,0.4918032786885246,1,-1.2684613800048847,11.0,exploratory
D,S0,62,lstm,12,official_alarm,11.4,0,15,7,0.0,1.0,0.0,0.0,2,-3.0179811477661147,3.0,exploratory
D,S0,62,lstm,12,train_q90,8.42,35,5,9,0.875,0.20454545454545456,0.7142857142857143,0.8333333333333334,2,-0.04546712398529262,7.0,exploratory
D,S0,62,lstm,12,train_q95,9.57,14,18,12,0.4375,0.46153846153846156,0.3181818181818182,0.4827586206896552,1,-1.3637916660308864,12.0,exploratory
D,S0,62,lstm,13,official_alarm,11.4,0,14,7,0.0,1.0,0.0,0.0,2,-3.1154027080535913,2.5,exploratory
D,S0,62,lstm,13,train_q90,8.42,33,7,10,0.825,0.23255813953488372,0.66,0.7951807228915663,2,-0.1388003301620504,8.0,exploratory
D,S0,62,lstm,13,train_q95,9.57,14,17,11,0.45161290322580644,0.44,0.3333333333333333,0.5,1,-1.464177579879765,13.0,exploratory
D,S0,62,lstm,14,official_alarm,11.4,0,13,7,0.0,1.0,0.0,0.0,2,-3.2208307933807383,2.0,exploratory
D,S0,62,lstm,14,train_q90,8.42,32,8,11,0.8,0.2558139534883721,0.6274509803921569,0.7710843373493976,2,-0.12956888198852567,7.5,exploratory
D,S0,62,lstm,14,train_q95,9.57,13,17,12,0.43333333333333335,0.48,0.30952380952380953,0.4727272727272727,1,-1.6110915756225594,14.0,exploratory
D,S0,72,lstm,1,official_alarm,11.4,10,0,1,1.0,0.09090909090909091,0.9090909090909091,0.9523809523809523,2,-0.05742200851440593,1.0,exploratory
D,S0,72,lstm,1,train_q90,8.42,44,1,3,0.9777777777777777,0.06382978723404255,0.9166666666666666,0.9565217391304348,3,-0.012150068283081813,0.6666666666666666,exploratory
D,S0,72,lstm,1,train_q95,9.57,29,2,5,0.9354838709677419,0.14705882352941177,0.8055555555555556,0.8923076923076924,3,0.08514279683430814,1.0,exploratory
D,S0,72,lstm,2,official_alarm,11.4,9,2,1,0.8181818181818182,0.1,0.75,0.8571428571428571,2,-0.18966621398925998,2.0,exploratory
D,S0,72,lstm,2,train_q90,8.42,42,4,4,0.9130434782608695,0.08695652173913043,0.84,0.9130434782608695,3,-0.17608963330586866,0.6666666666666666,exploratory
D,S0,72,lstm,2,train_q95,9.57,27,4,6,0.8709677419354839,0.18181818181818182,0.7297297297297297,0.84375,3,-0.0030049673716246636,1.3333333333333333,exploratory
D,S0,72,lstm,3,official_alarm,11.4,8,4,2,0.6666666666666666,0.2,0.5714285714285714,0.7272727272727273,2,-0.33611746788025076,1.5,exploratory
D,S0,72,lstm,3,train_q90,8.42,40,7,6,0.851063829787234,0.13043478260869565,0.7547169811320755,0.8602150537634409,3,-0.23714159647623845,1.6666666666666667,exploratory
D,S0,72,lstm,3,train_q95,9.57,24,7,9,0.7741935483870968,0.2727272727272727,0.6,0.75,3,-0.12125689506530908,1.3333333333333333,exploratory
D,S0,72,lstm,4,official_alarm,11.4,7,6,3,0.5384615384615384,0.3,0.4375,0.6086956521739131,2,-0.5596416568756126,2.0,exploratory
D,S0,72,lstm,4,train_q90,8.42,37,10,8,0.7872340425531915,0.17777777777777778,0.6727272727272727,0.8043478260869565,3,-0.3397013696034765,2.6666666666666665,exploratory
D,S0,72,lstm,4,train_q95,9.57,21,10,11,0.6774193548387096,0.34375,0.5,0.6666666666666666,3,-0.32068075180053884,2.0,exploratory
D,S0,72,lstm,5,official_alarm,11.4,6,8,4,0.42857142857142855,0.4,0.3333333333333333,0.5,2,-0.8900771331787114,2.5,exploratory
D,S0,72,lstm,5,train_q90,8.42,36,11,9,0.7659574468085106,0.2,0.6428571428571429,0.782608695652174,3,-0.2801501846313486,3.0,exploratory
D,S0,72,lstm,5,train_q95,9.57,18,13,13,0.5806451612903226,0.41935483870967744,0.4090909090909091,0.5806451612903226,3,-0.5631502914428719,2.6666666666666665,exploratory
D,S0,72,lstm,6,official_alarm,11.4,3,12,5,0.2,0.625,0.15,0.2608695652173913,2,-0.9605163478851333,3.5,exploratory
D,S0,72,lstm,6,train_q90,8.42,35,11,9,0.7608695652173914,0.20454545454545456,0.6363636363636364,0.7777777777777778,3,-0.2457676410675068,3.6666666666666665,exploratory
D,S0,72,lstm,6,train_q95,9.57,17,15,14,0.53125,0.45161290322580644,0.3695652173913043,0.5396825396825397,3,-0.6346113967895525,3.6666666666666665,exploratory
D,S0,72,lstm,7,official_alarm,11.4,2,14,6,0.125,0.75,0.09090909090909091,0.16666666666666666,2,-1.0808227968215958,4.0,exploratory
D,S0,72,lstm,7,train_q90,8.42,35,10,9,0.7777777777777778,0.20454545454545456,0.6481481481481481,0.7865168539325843,3,-0.16949892679850542,4.333333333333333,exploratory
D,S0,72,lstm,7,train_q95,9.57,16,16,14,0.5,0.4666666666666667,0.34782608695652173,0.5161290322580645,3,-1.8159713300069187,4.333333333333333,exploratory
D,S0,72,lstm,8,official_alarm,11.4,0,16,8,0.0,1.0,0.0,0.0,2,-1.1737190675735487,4.5,exploratory
D,S0,72,lstm,8,train_q90,8.42,35,9,9,0.7954545454545454,0.20454545454545456,0.660377358490566,0.7954545454545454,3,0.2515128580729158,4.666666666666667,exploratory
D,S0,72,lstm,8,train_q95,9.57,16,16,14,0.5,0.4666666666666667,0.34782608695652173,0.5161290322580645,2,-1.9751380133628853,5.5,exploratory
D,S0,72,lstm,9,official_alarm,11.4,0,16,8,0.0,1.0,0.0,0.0,2,-1.425198755264284,5.0,exploratory
D,S0,72,lstm,9,train_q90,8.42,35,8,9,0.813953488372093,0.20454545454545456,0.6730769230769231,0.8045977011494253,3,-0.70022425333659,4.666666666666667,exploratory
D,S0,72,lstm,9,train_q95,9.57,16,16,13,0.5,0.4482758620689655,0.35555555555555557,0.5245901639344263,2,-2.3604419422149663,5.5,exploratory
D,S0,72,lstm,10,official_alarm,11.4,0,16,7,0.0,1.0,0.0,0.0,2,-2.083746323585512,5.0,exploratory
D,S0,72,lstm,10,train_q90,8.42,35,7,9,0.8333333333333334,0.20454545454545456,0.6862745098039216,0.813953488372093,3,-0.7339059416453058,4.333333333333333,exploratory
D,S0,72,lstm,10,train_q95,9.57,17,15,12,0.53125,0.41379310344827586,0.38636363636363635,0.5573770491803278,1,-1.0750628376007096,10.0,exploratory
D,S0,72,lstm,11,official_alarm,11.4,0,16,7,0.0,1.0,0.0,0.0,2,-2.787657999992372,3.5,exploratory
D,S0,72,lstm,11,train_q90,8.42,35,6,9,0.8536585365853658,0.20454545454545456,0.7,0.8235294117647058,3,-0.9401082515716558,4.666666666666667,exploratory
D,S0,72,lstm,11,train_q95,9.57,15,17,12,0.46875,0.4444444444444444,0.3409090909090909,0.5084745762711864,1,-1.2222784137725835,11.0,exploratory
D,S0,72,lstm,12,official_alarm,11.4,0,15,7,0.0,1.0,0.0,0.0,2,-3.1214746856689466,3.0,exploratory
D,S0,72,lstm,12,train_q90,8.42,34,6,9,0.85,0.20930232558139536,0.6938775510204082,0.8192771084337349,2,-0.06995410919189649,7.0,exploratory
D,S0,72,lstm,12,train_q95,9.57,14,18,11,0.4375,0.44,0.32558139534883723,0.49122807017543857,1,-1.3885268020629908,12.0,exploratory
D,S0,72,lstm,13,official_alarm,11.4,0,14,6,0.0,1.0,0.0,0.0,2,-3.2178300285339354,2.0,exploratory
D,S0,72,lstm,13,train_q90,8.42,33,7,9,0.825,0.21428571428571427,0.673469387755102,0.8048780487804879,2,-0.17874232292175574,8.0,exploratory
D,S0,72,lstm,13,train_q95,9.57,14,17,11,0.45161290322580644,0.44,0.3333333333333333,0.5,1,-1.5251862716674847,13.0,exploratory
D,S0,72,lstm,14,official_alarm,11.4,0,13,6,0.0,1.0,0.0,0.0,2,-3.313352265357973,2.0,exploratory
D,S0,72,lstm,14,train_q90,8.42,31,9,10,0.775,0.24390243902439024,0.62,0.7654320987654321,2,-0.25640403270721634,7.5,exploratory
D,S0,72,lstm,14,train_q95,9.57,10,20,10,0.3333333333333333,0.5,0.25,0.4,1,-1.6508210372924825,14.0,exploratory
D,S0,82,lstm,1,official_alarm,11.4,10,0,1,1.0,0.09090909090909091,0.9090909090909091,0.9523809523809523,2,-0.006520218849183301,1.0,exploratory
D,S0,82,lstm,1,train_q90,8.42,44,1,3,0.9777777777777777,0.06382978723404255,0.9166666666666666,0.9565217391304348,3,-0.028425385157268224,0.6666666666666666,exploratory
D,S0,82,lstm,1,train_q95,9.57,29,2,5,0.9354838709677419,0.14705882352941177,0.8055555555555556,0.8923076923076924,3,0.08743486086527359,1.0,exploratory
D,S0,82,lstm,2,official_alarm,11.4,9,2,2,0.8181818181818182,0.18181818181818182,0.6923076923076923,0.8181818181818182,2,-0.09511560440063604,2.0,exploratory
D,S0,82,lstm,2,train_q90,8.42,42,4,5,0.9130434782608695,0.10638297872340426,0.8235294117647058,0.9032258064516129,3,-0.15246926307678343,0.6666666666666666,exploratory
D,S0,82,lstm,2,train_q95,9.57,27,4,7,0.8709677419354839,0.20588235294117646,0.7105263157894737,0.8307692307692308,3,0.044690386454262786,1.3333333333333333,exploratory
D,S0,82,lstm,3,official_alarm,11.4,8,4,2,0.6666666666666666,0.2,0.5714285714285714,0.7272727272727273,2,-0.25061625003814747,1.5,exploratory
D,S0,82,lstm,3,train_q90,8.42,40,7,7,0.851063829787234,0.14893617021276595,0.7407407407407407,0.851063829787234,3,-0.21872777620951447,1.6666666666666667,exploratory
D,S0,82,lstm,3,train_q95,9.57,24,7,9,0.7741935483870968,0.2727272727272727,0.6,0.75,3,-0.0836158053080253,1.3333333333333333,exploratory
D,S0,82,lstm,4,official_alarm,11.4,7,6,3,0.5384615384615384,0.3,0.4375,0.6086956521739131,2,-0.443948755264282,2.0,exploratory
D,S0,82,lstm,4,train_q90,8.42,37,10,8,0.7872340425531915,0.17777777777777778,0.6727272727272727,0.8043478260869565,3,-0.2733170000712081,2.6666666666666665,exploratory
D,S0,82,lstm,4,train_q95,9.57,21,10,12,0.6774193548387096,0.36363636363636365,0.4883720930232558,0.65625,3,-0.2338857460021977,2.0,exploratory
D,S0,82,lstm,5,official_alarm,11.4,6,8,4,0.42857142857142855,0.4,0.3333333333333333,0.5,2,-0.8169355678558361,2.5,exploratory
D,S0,82,lstm,5,train_q90,8.42,36,11,9,0.7659574468085106,0.2,0.6428571428571429,0.782608695652174,3,-0.2410249392191588,3.0,exploratory
D,S0,82,lstm,5,train_q95,9.57,19,12,14,0.6129032258064516,0.42424242424242425,0.4222222222222222,0.59375,3,-0.5250778071085627,2.6666666666666665,exploratory
D,S0,82,lstm,6,official_alarm,11.4,3,12,5,0.2,0.625,0.15,0.2608695652173913,2,-0.9120006847381612,3.5,exploratory
D,S0,82,lstm,6,train_q90,8.42,36,10,9,0.782608695652174,0.2,0.6545454545454545,0.7912087912087912,3,-0.20974342346191577,3.6666666666666665,exploratory
D,S0,82,lstm,6,train_q95,9.57,17,15,14,0.53125,0.45161290322580644,0.3695652173913043,0.5396825396825397,3,-0.6019531122843441,3.6666666666666665,exploratory
D,S0,82,lstm,7,official_alarm,11.4,2,14,6,0.125,0.75,0.09090909090909091,0.16666666666666666,2,-1.0888625669479381,4.0,exploratory
D,S0,82,lstm,7,train_q90,8.42,35,10,9,0.7777777777777778,0.20454545454545456,0.6481481481481481,0.7865168539325843,3,-0.16695646921793697,4.333333333333333,exploratory
D,S0,82,lstm,7,train_q95,9.57,16,16,14,0.5,0.4666666666666667,0.34782608695652173,0.5161290322580645,3,-1.8148549811045342,4.333333333333333,exploratory
D,S0,82,lstm,8,official_alarm,11.4,0,16,8,0.0,1.0,0.0,0.0,2,-1.2457394027709974,4.5,exploratory
D,S0,82,lstm,8,train_q90,8.42,35,9,9,0.7954545454545454,0.20454545454545456,0.660377358490566,0.7954545454545454,3,0.17886495590209783,4.666666666666667,exploratory
D,S0,82,lstm,8,train_q95,9.57,16,16,14,0.5,0.4666666666666667,0.34782608695652173,0.5161290322580645,2,-2.035891826152803,5.5,exploratory
D,S0,82,lstm,9,official_alarm,11.4,0,16,7,0.0,1.0,0.0,0.0,2,-1.530457844734193,5.0,exploratory
D,S0,82,lstm,9,train_q90,8.42,35,8,9,0.813953488372093,0.20454545454545456,0.6730769230769231,0.8045977011494253,3,-0.7711114851633724,4.666666666666667,exploratory
D,S0,82,lstm,9,train_q95,9.57,16,16,12,0.5,0.42857142857142855,0.36363636363636365,0.5333333333333333,2,-2.430801606178285,5.5,exploratory
D,S0,82,lstm,10,official_alarm,11.4,0,16,7,0.0,1.0,0.0,0.0,2,-2.2254622125625634,5.0,exploratory
D,S0,82,lstm,10,train_q90,8.42,35,7,9,0.8333333333333334,0.20454545454545456,0.6862745098039216,0.813953488372093,3,-0.8458053414026899,4.333333333333333,exploratory
D,S0,82,lstm,10,train_q95,9.57,16,16,11,0.5,0.4074074074074074,0.37209302325581395,0.5423728813559322,1,-1.200065946578981,10.0,exploratory
D,S0,82,lstm,11,official_alarm,11.4,0,16,7,0.0,1.0,0.0,0.0,2,-2.8361075687408466,3.5,exploratory
D,S0,82,lstm,11,train_q90,8.42,34,7,9,0.8292682926829268,0.20930232558139536,0.68,0.8095238095238095,3,-1.0149595642089857,4.666666666666667,exploratory
D,S0,82,lstm,11,train_q95,9.57,15,17,11,0.46875,0.4230769230769231,0.3488372093023256,0.5172413793103449,1,-1.3416013622283955,11.0,exploratory
D,S0,82,lstm,12,official_alarm,11.4,0,15,7,0.0,1.0,0.0,0.0,2,-3.132569837570192,3.0,exploratory
D,S0,82,lstm,12,train_q90,8.42,34,6,9,0.85,0.20930232558139536,0.6938775510204082,0.8192771084337349,2,-0.13318784713745213,7.0,exploratory
D,S0,82,lstm,12,train_q95,9.57,14,18,11,0.4375,0.44,0.32558139534883723,0.49122807017543857,1,-1.4663630485534682,12.0,exploratory
D,S0,82,lstm,13,official_alarm,11.4,0,14,7,0.0,1.0,0.0,0.0,2,-3.1722992992401133,2.0,exploratory
D,S0,82,lstm,13,train_q90,8.42,33,7,10,0.825,0.23255813953488372,0.66,0.7951807228915663,2,-0.16097203254699988,8.0,exploratory
D,S0,82,lstm,13,train_q95,9.57,14,17,11,0.45161290322580644,0.44,0.3333333333333333,0.5,1,-1.521644086837771,13.0,exploratory
D,S0,82,lstm,14,official_alarm,11.4,0,13,7,0.0,1.0,0.0,0.0,2,-3.210968875885011,2.0,exploratory
D,S0,82,lstm,14,train_q90,8.42,32,8,11,0.8,0.2558139534883721,0.6274509803921569,0.7710843373493976,2,-0.12713011741638258,7.5,exploratory
D,S0,82,lstm,14,train_q95,9.57,13,17,12,0.43333333333333335,0.48,0.30952380952380953,0.4727272727272727,1,-1.558679904937744,14.0,exploratory
D,S4,42,lstm,1,official_alarm,11.4,10,0,4,1.0,0.2857142857142857,0.7142857142857143,0.8333333333333334,2,0.11308927059173435,1.5,exploratory
D,S4,42,lstm,1,train_q90,8.42,45,0,9,1.0,0.16666666666666666,0.8333333333333334,0.9090909090909091,3,0.006875619888304503,1.0,exploratory
D,S4,42,lstm,1,train_q95,9.57,31,0,11,1.0,0.2619047619047619,0.7380952380952381,0.8493150684931506,3,0.03287281354268264,1.3333333333333333,exploratory
D,S4,42,lstm,2,official_alarm,11.4,11,0,2,1.0,0.15384615384615385,0.8461538461538461,0.9166666666666666,2,0.1354782533645622,2.0,exploratory
D,S4,42,lstm,2,train_q90,8.42,46,0,8,1.0,0.14814814814814814,0.8518518518518519,0.92,3,-0.01679923057556228,1.0,exploratory
D,S4,42,lstm,2,train_q95,9.57,30,1,10,0.967741935483871,0.25,0.7317073170731707,0.8450704225352113,3,0.027049910227455953,1.6666666666666667,exploratory
D,S4,42,lstm,3,official_alarm,11.4,10,2,2,0.8333333333333334,0.16666666666666666,0.7142857142857143,0.8333333333333334,2,0.1852272319793693,0.5,exploratory
D,S4,42,lstm,3,train_q90,8.42,45,2,8,0.9574468085106383,0.1509433962264151,0.8181818181818182,0.9,3,0.11530170440673733,1.3333333333333333,exploratory
D,S4,42,lstm,3,train_q95,9.57,31,0,12,1.0,0.27906976744186046,0.7209302325581395,0.8378378378378378,3,0.05963094075520736,1.0,exploratory
D,S4,42,lstm,4,official_alarm,11.4,9,4,3,0.6923076923076923,0.25,0.5625,0.72,2,0.0838446998596174,0.0,exploratory
D,S4,42,lstm,4,train_q90,8.42,44,3,10,0.9361702127659575,0.18518518518518517,0.7719298245614035,0.8712871287128713,3,0.17852805455525514,1.3333333333333333,exploratory
D,S4,42,lstm,4,train_q95,9.57,27,4,14,0.8709677419354839,0.34146341463414637,0.6,0.75,3,-0.016005891164145563,0.6666666666666666,exploratory
D,S4,42,lstm,5,official_alarm,11.4,8,6,4,0.5714285714285714,0.3333333333333333,0.4444444444444444,0.6153846153846154,2,-0.2099610233306901,0.5,exploratory
D,S4,42,lstm,5,train_q90,8.42,41,6,11,0.8723404255319149,0.21153846153846154,0.7068965517241379,0.8282828282828283,3,0.18791002909342383,2.3333333333333335,exploratory
D,S4,42,lstm,5,train_q95,9.57,25,6,14,0.8064516129032258,0.358974358974359,0.5555555555555556,0.7142857142857143,3,-0.2137069638570163,1.3333333333333333,exploratory
D,S4,42,lstm,6,official_alarm,11.4,7,8,3,0.4666666666666667,0.3,0.3888888888888889,0.56,2,-0.32202387809753574,1.5,exploratory
D,S4,42,lstm,6,train_q90,8.42,41,5,11,0.8913043478260869,0.21153846153846154,0.7192982456140351,0.8367346938775511,3,0.03986385345458802,2.3333333333333335,exploratory
D,S4,42,lstm,6,train_q95,9.57,23,9,15,0.71875,0.39473684210526316,0.48936170212765956,0.6571428571428571,3,-0.3109704780578628,2.3333333333333335,exploratory
D,S4,42,lstm,7,official_alarm,11.4,6,10,4,0.375,0.4,0.3,0.46153846153846156,2,-0.3699846649169931,2.5,exploratory
D,S4,42,lstm,7,train_q90,8.42,41,4,11,0.9111111111111111,0.21153846153846154,0.7321428571428571,0.845360824742268,3,0.03379556973775107,3.0,exploratory
D,S4,42,lstm,7,train_q95,9.57,22,10,15,0.6875,0.40540540540540543,0.46808510638297873,0.6376811594202898,3,-0.38406534194946335,2.6666666666666665,exploratory
D,S4,42,lstm,8,official_alarm,11.4,4,12,6,0.25,0.6,0.18181818181818182,0.3076923076923077,2,-0.5142738819122323,3.5,exploratory
D,S4,42,lstm,8,train_q90,8.42,40,4,12,0.9090909090909091,0.23076923076923078,0.7142857142857143,0.8333333333333334,3,0.26920109113057283,3.3333333333333335,exploratory
D,S4,42,lstm,8,train_q95,9.57,21,11,14,0.65625,0.4,0.45652173913043476,0.6268656716417911,2,-0.04733558177948094,3.5,exploratory
D,S4,42,lstm,9,official_alarm,11.4,2,14,8,0.125,0.8,0.08333333333333333,0.15384615384615385,2,-0.49994168758392377,4.5,exploratory
D,S4,42,lstm,9,train_q90,8.42,39,4,13,0.9069767441860465,0.25,0.6964285714285714,0.8210526315789474,3,0.3670467217763254,3.0,exploratory
D,S4,42,lstm,9,train_q95,9.57,21,11,15,0.65625,0.4166666666666667,0.44680851063829785,0.6176470588235294,2,-0.728972954750061,3.5,exploratory
D,S4,42,lstm,10,official_alarm,11.4,0,16,9,0.0,1.0,0.0,0.0,2,-0.7682113313674943,4.5,exploratory
D,S4,42,lstm,10,train_q90,8.42,38,4,13,0.9047619047619048,0.2549019607843137,0.6909090909090909,0.8172043010752689,3,0.32802497545878023,3.0,exploratory
D,S4,42,lstm,10,train_q95,9.57,21,11,13,0.65625,0.38235294117647056,0.4666666666666667,0.6363636363636364,1,-0.44390882492065664,6.0,exploratory
D,S4,42,lstm,11,official_alarm,11.4,0,16,8,0.0,1.0,0.0,0.0,2,-1.8301286602020266,5.0,exploratory
D,S4,42,lstm,11,train_q90,8.42,37,4,13,0.9024390243902439,0.26,0.6851851851851852,0.8131868131868132,3,-0.059813184738160885,3.3333333333333335,exploratory
D,S4,42,lstm,11,train_q95,9.57,19,13,12,0.59375,0.3870967741935484,0.4318181818181818,0.6031746031746031,1,-0.5403939819335957,7.0,exploratory
D,S4,42,lstm,12,official_alarm,11.4,0,15,7,0.0,1.0,0.0,0.0,2,-2.8274630546569828,3.0,exploratory
D,S4,42,lstm,12,train_q90,8.42,37,3,13,0.925,0.26,0.6981132075471698,0.8222222222222222,2,0.10070993900298753,5.0,exploratory
D,S4,42,lstm,12,train_q95,9.57,17,15,12,0.53125,0.41379310344827586,0.38636363636363635,0.5573770491803278,1,-0.6426107501983687,8.0,exploratory
D,S4,42,lstm,13,official_alarm,11.4,0,14,6,0.0,1.0,0.0,0.0,2,-3.1270321559906025,2.5,exploratory
D,S4,42,lstm,13,train_q90,8.42,37,3,12,0.925,0.24489795918367346,0.7115384615384616,0.8314606741573034,2,0.0318336391448959,6.0,exploratory
D,S4,42,lstm,13,train_q95,9.57,16,15,12,0.5161290322580645,0.42857142857142855,0.37209302325581395,0.5423728813559322,1,-0.729813404083254,9.0,exploratory
D,S4,42,lstm,14,official_alarm,11.4,0,13,3,0.0,1.0,0.0,0.0,2,-3.3144030475616466,2.0,exploratory
D,S4,42,lstm,14,train_q90,8.42,37,3,11,0.925,0.22916666666666666,0.7254901960784313,0.8409090909090909,2,0.06375525474548205,5.5,exploratory
D,S4,42,lstm,14,train_q95,9.57,13,17,11,0.43333333333333335,0.4583333333333333,0.3170731707317073,0.48148148148148145,1,-0.9044593429565442,10.0,exploratory
D,S4,52,lstm,1,official_alarm,11.4,10,0,0,1.0,0.0,1.0,1.0,2,-0.2912537002563491,1.5,exploratory
D,S4,52,lstm,1,train_q90,8.42,45,0,5,1.0,0.1,0.9,0.9473684210526315,3,-0.3657392692565917,1.0,exploratory
D,S4,52,lstm,1,train_q95,9.57,30,1,4,0.967741935483871,0.11764705882352941,0.8571428571428571,0.9230769230769231,3,-0.3180681260426847,1.3333333333333333,exploratory
D,S4,52,lstm,2,official_alarm,11.4,10,1,1,0.9090909090909091,0.09090909090909091,0.8333333333333334,0.9090909090909091,2,0.1642308998107893,1.5,exploratory
D,S4,52,lstm,2,train_q90,8.42,45,1,5,0.9782608695652174,0.1,0.8823529411764706,0.9375,3,-0.12182890256246044,0.6666666666666666,exploratory
D,S4,52,lstm,2,train_q95,9.57,29,2,7,0.9354838709677419,0.19444444444444445,0.7631578947368421,0.8656716417910447,3,-0.018000612258912696,1.3333333333333333,exploratory
D,S4,52,lstm,3,official_alarm,11.4,9,3,1,0.75,0.1,0.6923076923076923,0.8181818181818182,2,0.17965670108795173,0.0,exploratory
D,S4,52,lstm,3,train_q90,8.42,44,3,6,0.9361702127659575,0.12,0.8301886792452831,0.9072164948453608,3,-0.04161404927571688,1.0,exploratory
D,S4,52,lstm,3,train_q95,9.57,27,4,8,0.8709677419354839,0.22857142857142856,0.6923076923076923,0.8181818181818182,3,-0.01380349795023624,0.6666666666666666,exploratory
D,S4,52,lstm,4,official_alarm,11.4,8,5,1,0.6153846153846154,0.1111111111111111,0.5714285714285714,0.7272727272727273,2,0.1833250808715814,0.5,exploratory
D,S4,52,lstm,4,train_q90,8.42,41,6,9,0.8723404255319149,0.18,0.7321428571428571,0.845360824742268,3,0.08964335759480709,1.6666666666666667,exploratory
D,S4,52,lstm,4,train_q95,9.57,24,7,11,0.7741935483870968,0.3142857142857143,0.5714285714285714,0.7272727272727273,3,-0.009398562113444697,1.0,exploratory
D,S4,52,lstm,5,official_alarm,11.4,7,7,2,0.5,0.2222222222222222,0.4375,0.6086956521739131,2,-0.19069984912872417,1.0,exploratory
D,S4,52,lstm,5,train_q90,8.42,40,7,9,0.851063829787234,0.1836734693877551,0.7142857142857143,0.8333333333333334,3,0.04586723009745105,2.6666666666666665,exploratory
D,S4,52,lstm,5,train_q95,9.57,22,9,12,0.7096774193548387,0.35294117647058826,0.5116279069767442,0.676923076923077,3,-0.26706268946329875,1.6666666666666667,exploratory
D,S4,52,lstm,6,official_alarm,11.4,6,9,2,0.4,0.25,0.35294117647058826,0.5217391304347826,2,-0.21154016494750927,1.5,exploratory
D,S4,52,lstm,6,train_q90,8.42,39,7,10,0.8478260869565217,0.20408163265306123,0.6964285714285714,0.8210526315789474,3,-0.06684073766072629,2.3333333333333335,exploratory
D,S4,52,lstm,6,train_q95,9.57,21,11,11,0.65625,0.34375,0.4883720930232558,0.65625,3,-0.30375603040059396,2.3333333333333335,exploratory
D,S4,52,lstm,7,official_alarm,11.4,5,11,3,0.3125,0.375,0.2631578947368421,0.4166666666666667,2,-0.40539661884307865,2.5,exploratory
D,S4,52,lstm,7,train_q90,8.42,39,6,10,0.8666666666666667,0.20408163265306123,0.7090909090909091,0.8297872340425532,3,-0.15756314913431937,3.0,exploratory
D,S4,52,lstm,7,train_q95,9.57,19,13,9,0.59375,0.32142857142857145,0.4634146341463415,0.6333333333333333,3,-0.4840918922424322,2.6666666666666665,exploratory
D,S4,52,lstm,8,official_alarm,11.4,3,13,5,0.1875,0.625,0.14285714285714285,0.25,2,-0.5473020839691163,4.0,exploratory
D,S4,52,lstm,8,train_q90,8.42,38,6,11,0.8636363636363636,0.22448979591836735,0.6909090909090909,0.8172043010752689,3,0.09370107014973961,3.6666666666666665,exploratory
D,S4,52,lstm,8,train_q95,9.57,19,13,11,0.59375,0.36666666666666664,0.4418604651162791,0.6129032258064516,2,-0.20828889846801868,4.0,exploratory
D,S4,52,lstm,9,official_alarm,11.4,0,16,7,0.0,1.0,0.0,0.0,2,-0.6124588918685925,5.0,exploratory
D,S4,52,lstm,9,train_q90,8.42,37,6,12,0.8604651162790697,0.24489795918367346,0.6727272727272727,0.8043478260869565,3,0.11046668370564679,3.6666666666666665,exploratory
D,S4,52,lstm,9,train_q95,9.57,18,14,8,0.5625,0.3076923076923077,0.45,0.6206896551724138,2,-1.012266607284547,4.0,exploratory
D,S4,52,lstm,10,official_alarm,11.4,0,16,7,0.0,1.0,0.0,0.0,2,-0.9328097343444837,5.0,exploratory
D,S4,52,lstm,10,train_q90,8.42,37,5,12,0.8809523809523809,0.24489795918367346,0.6851851851851852,0.8131868131868132,3,0.05166991551717063,3.3333333333333335,exploratory
D,S4,52,lstm,10,train_q95,9.57,18,14,7,0.5625,0.28,0.46153846153846156,0.631578947368421,1,-0.6132418823242212,7.0,exploratory
D,S4,52,lstm,11,official_alarm,11.4,0,16,6,0.0,1.0,0.0,0.0,2,-2.24452431201935,5.0,exploratory
D,S4,52,lstm,11,train_q90,8.42,37,4,11,0.9024390243902439,0.22916666666666666,0.7115384615384616,0.8314606741573034,3,-0.3297696208953876,3.6666666666666665,exploratory
D,S4,52,lstm,11,train_q95,9.57,17,15,6,0.53125,0.2608695652173913,0.4473684210526316,0.6181818181818182,1,-0.6293253803253211,8.0,exploratory
D,S4,52,lstm,12,official_alarm,11.4,0,15,4,0.0,1.0,0.0,0.0,2,-3.230657091140748,3.0,exploratory
D,S4,52,lstm,12,train_q90,8.42,36,4,11,0.9,0.23404255319148937,0.7058823529411765,0.8275862068965517,2,-0.16601380825042789,5.5,exploratory
D,S4,52,lstm,12,train_q95,9.57,13,19,6,0.40625,0.3157894736842105,0.34210526315789475,0.5098039215686274,1,-0.8316035270690918,9.0,exploratory
D,S4,52,lstm,13,official_alarm,11.4,0,14,4,0.0,1.0,0.0,0.0,2,-3.473152294158937,2.5,exploratory
D,S4,52,lstm,13,train_q90,8.42,36,4,11,0.9,0.23404255319148937,0.7058823529411765,0.8275862068965517,2,-0.26263075828552385,6.5,exploratory
D,S4,52,lstm,13,train_q95,9.57,11,20,8,0.3548387096774194,0.42105263157894735,0.28205128205128205,0.44,1,-0.9817794990539568,10.0,exploratory
D,S4,52,lstm,14,official_alarm,11.4,0,13,3,0.0,1.0,0.0,0.0,2,-3.617026739120485,2.0,exploratory
D,S4,52,lstm,14,train_q90,8.42,35,5,11,0.875,0.2391304347826087,0.6862745098039216,0.813953488372093,2,-0.19039195537567277,6.0,exploratory
D,S4,52,lstm,14,train_q95,9.57,9,21,9,0.3,0.5,0.23076923076923078,0.375,1,-1.1118342781066914,11.0,exploratory
D,S4,62,lstm,1,official_alarm,11.4,10,0,4,1.0,0.2857142857142857,0.7142857142857143,0.8333333333333334,2,0.10931120395660265,0.5,exploratory
D,S4,62,lstm,1,train_q90,8.42,45,0,9,1.0,0.16666666666666666,0.8333333333333334,0.9090909090909091,3,0.13826679865518976,0.0,exploratory
D,S4,62,lstm,1,train_q95,9.57,31,0,11,1.0,0.2619047619047619,0.7380952380952381,0.8493150684931506,3,0.1609545230865456,0.3333333333333333,exploratory
D,S4,62,lstm,2,official_alarm,11.4,11,0,3,1.0,0.21428571428571427,0.7857142857142857,0.88,2,0.21429760456085045,2.0,exploratory
D,S4,62,lstm,2,train_q90,8.42,46,0,7,1.0,0.1320754716981132,0.8679245283018868,0.9292929292929293,3,0.1842857869466125,1.0,exploratory
D,S4,62,lstm,2,train_q95,9.57,30,1,13,0.967741935483871,0.3023255813953488,0.6818181818181818,0.8108108108108109,3,0.23194228172302012,1.6666666666666667,exploratory
D,S4,62,lstm,3,official_alarm,11.4,10,2,3,0.8333333333333334,0.23076923076923078,0.6666666666666666,0.8,2,0.1839714384078972,0.5,exploratory
D,S4,62,lstm,3,train_q90,8.42,45,2,8,0.9574468085106383,0.1509433962264151,0.8181818181818182,0.9,3,0.261500139236448,1.3333333333333333,exploratory
D,S4,62,lstm,3,train_q95,9.57,31,0,12,1.0,0.27906976744186046,0.7209302325581395,0.8378378378378378,3,0.19196142514546585,1.0,exploratory
D,S4,62,lstm,4,official_alarm,11.4,9,4,3,0.6923076923076923,0.25,0.5625,0.72,2,0.03454698562621861,0.0,exploratory
D,S4,62,lstm,4,train_q90,8.42,44,3,10,0.9361702127659575,0.18518518518518517,0.7719298245614035,0.8712871287128713,3,0.28763974825541005,1.6666666666666667,exploratory
D,S4,62,lstm,4,train_q95,9.57,29,2,15,0.9354838709677419,0.3409090909090909,0.6304347826086957,0.7733333333333333,3,0.06376173655191882,1.0,exploratory
D,S4,62,lstm,5,official_alarm,11.4,8,6,4,0.5714285714285714,0.3333333333333333,0.4444444444444444,0.6153846153846154,2,-0.3492959308624277,0.5,exploratory
D,S4,62,lstm,5,train_q90,8.42,42,5,11,0.8936170212765957,0.20754716981132076,0.7241379310344828,0.84,3,0.2248505973815913,2.6666666666666665,exploratory
D,S4,62,lstm,5,train_q95,9.57,25,6,15,0.8064516129032258,0.375,0.5434782608695652,0.704225352112676,3,-0.24159193992614844,1.6666666666666667,exploratory
D,S4,62,lstm,6,official_alarm,11.4,7,8,5,0.4666666666666667,0.4166666666666667,0.35,0.5185185185185185,2,-0.540527210235596,1.5,exploratory
D,S4,62,lstm,6,train_q90,8.42,41,5,11,0.8913043478260869,0.21153846153846154,0.7192982456140351,0.8367346938775511,3,-0.013255462646485583,2.6666666666666665,exploratory
D,S4,62,lstm,6,train_q95,9.57,23,9,15,0.71875,0.39473684210526316,0.48936170212765956,0.6571428571428571,3,-0.4435273456573494,2.3333333333333335,exploratory
D,S4,62,lstm,7,official_alarm,11.4,6,10,6,0.375,0.5,0.2727272727272727,0.42857142857142855,2,-0.7355571365356433,2.5,exploratory
D,S4,62,lstm,7,train_q90,8.42,41,4,11,0.9111111111111111,0.21153846153846154,0.7321428571428571,0.845360824742268,3,-0.13382774035136022,3.3333333333333335,exploratory
D,S4,62,lstm,7,train_q95,9.57,21,11,14,0.65625,0.4,0.45652173913043476,0.6268656716417911,3,-0.619709154764811,2.6666666666666665,exploratory
D,S4,62,lstm,8,official_alarm,11.4,3,13,7,0.1875,0.7,0.13043478260869565,0.23076923076923078,2,-0.8464793682098399,3.5,exploratory
D,S4,62,lstm,8,train_q90,8.42,40,4,12,0.9090909090909091,0.23076923076923078,0.7142857142857143,0.8333333333333334,3,0.05967657089233214,2.6666666666666665,exploratory
D,S4,62,lstm,8,train_q95,9.57,20,12,12,0.625,0.375,0.45454545454545453,0.625,2,-0.23799259185791133,3.5,exploratory
D,S4,62,lstm,9,official_alarm,11.4,2,14,7,0.125,0.7777777777777778,0.08695652173913043,0.16,2,-0.9200186872482314,4.5,exploratory
D,S4,62,lstm,9,train_q90,8.42,38,5,13,0.8837209302325582,0.2549019607843137,0.6785714285714286,0.8085106382978723,3,0.12181038220723295,3.0,exploratory
D,S4,62,lstm,9,train_q95,9.57,20,12,12,0.625,0.375,0.45454545454545453,0.625,2,-0.9469926500320449,3.5,exploratory
D,S4,62,lstm,10,official_alarm,11.4,0,16,6,0.0,1.0,0.0,0.0,2,-1.0699385929107672,4.5,exploratory
D,S4,62,lstm,10,train_q90,8.42,37,5,14,0.8809523809523809,0.27450980392156865,0.6607142857142857,0.7956989247311828,3,0.12390594800313319,3.0,exploratory
D,S4,62,lstm,10,train_q95,9.57,19,13,12,0.59375,0.3870967741935484,0.4318181818181818,0.6031746031746031,1,-0.8778094482421874,6.0,exploratory
D,S4,62,lstm,11,official_alarm,11.4,0,16,4,0.0,1.0,0.0,0.0,2,-1.963178267478943,5.0,exploratory
D,S4,62,lstm,11,train_q90,8.42,37,4,12,0.9024390243902439,0.24489795918367346,0.6981132075471698,0.8222222222222222,3,-0.25338270187378065,3.3333333333333335,exploratory
D,S4,62,lstm,11,train_q95,9.57,18,14,12,0.5625,0.4,0.4090909090909091,0.5806451612903226,1,-0.9834211730957048,7.0,exploratory
D,S4,62,lstm,12,official_alarm,11.4,0,15,4,0.0,1.0,0.0,0.0,2,-2.908402175903322,3.0,exploratory
D,S4,62,lstm,12,train_q90,8.42,37,3,12,0.925,0.24489795918367346,0.7115384615384616,0.8314606741573034,2,-0.24201365947723552,5.0,exploratory
D,S4,62,lstm,12,train_q95,9.57,17,15,10,0.53125,0.37037037037037035,0.40476190476190477,0.576271186440678,1,-1.1229413032531763,8.0,exploratory
D,S4,62,lstm,13,official_alarm,11.4,0,14,3,0.0,1.0,0.0,0.0,2,-3.203533453941347,2.5,exploratory
D,S4,62,lstm,13,train_q90,8.42,37,3,12,0.925,0.24489795918367346,0.7115384615384616,0.8314606741573034,2,-0.26615790367126735,5.0,exploratory
D,S4,62,lstm,13,train_q95,9.57,16,15,9,0.5161290322580645,0.36,0.4,0.5714285714285714,1,-1.160011157989505,9.0,exploratory
D,S4,62,lstm,14,official_alarm,11.4,0,13,3,0.0,1.0,0.0,0.0,2,-3.416989865303041,2.0,exploratory
D,S4,62,lstm,14,train_q90,8.42,37,3,11,0.925,0.22916666666666666,0.7254901960784313,0.8409090909090909,2,-0.22360102653503677,5.5,exploratory
D,S4,62,lstm,14,train_q95,9.57,11,19,10,0.36666666666666664,0.47619047619047616,0.275,0.43137254901960786,1,-1.3453335189819366,10.0,exploratory
D,S4,72,lstm,1,official_alarm,11.4,7,3,0,0.7,0.0,0.7,0.8235294117647058,2,0.23685004234313833,1.5,exploratory
D,S4,72,lstm,1,train_q90,8.42,45,0,3,1.0,0.0625,0.9375,0.967741935483871,3,-0.18800153732299899,0.6666666666666666,exploratory
D,S4,72,lstm,1,train_q95,9.57,28,3,2,0.9032258064516129,0.06666666666666667,0.8484848484848485,0.9180327868852459,3,-0.05284146308899077,1.0,exploratory
D,S4,72,lstm,2,official_alarm,11.4,7,4,0,0.6363636363636364,0.0,0.6363636363636364,0.7777777777777778,2,0.3327633047103866,1.5,exploratory
D,S4,72,lstm,2,train_q90,8.42,45,1,2,0.9782608695652174,0.0425531914893617,0.9375,0.967741935483871,3,-0.20022477467854927,0.3333333333333333,exploratory
D,S4,72,lstm,2,train_q95,9.57,26,5,4,0.8387096774193549,0.13333333333333333,0.7428571428571429,0.8524590163934426,3,0.025912189483641157,1.0,exploratory
D,S4,72,lstm,3,official_alarm,11.4,7,5,0,0.5833333333333334,0.0,0.5833333333333334,0.7368421052631579,2,0.3320268487930278,0.0,exploratory
D,S4,72,lstm,3,train_q90,8.42,43,4,4,0.9148936170212766,0.0851063829787234,0.8431372549019608,0.9148936170212766,3,-0.14745743433634573,0.6666666666666666,exploratory
D,S4,72,lstm,3,train_q95,9.57,23,8,5,0.7419354838709677,0.17857142857142858,0.6388888888888888,0.7796610169491526,3,0.05629825274149466,0.3333333333333333,exploratory
D,S4,72,lstm,4,official_alarm,11.4,7,6,0,0.5384615384615384,0.0,0.5384615384615384,0.7,2,0.35346156120300254,0.5,exploratory
D,S4,72,lstm,4,train_q90,8.42,40,7,7,0.851063829787234,0.14893617021276595,0.7407407407407407,0.851063829787234,3,-0.006678740183513554,1.6666666666666667,exploratory
D,S4,72,lstm,4,train_q95,9.57,21,10,9,0.6774193548387096,0.3,0.525,0.6885245901639344,3,0.104878257115681,1.0,exploratory
D,S4,72,lstm,5,official_alarm,11.4,6,8,1,0.42857142857142855,0.14285714285714285,0.4,0.5714285714285714,2,0.36858263969421223,1.0,exploratory
D,S4,72,lstm,5,train_q90,8.42,38,9,9,0.8085106382978723,0.19148936170212766,0.6785714285714286,0.8085106382978723,3,0.18193936983744172,2.6666666666666665,exploratory
D,S4,72,lstm,5,train_q95,9.57,19,12,11,0.6129032258064516,0.36666666666666664,0.4523809523809524,0.6229508196721312,3,0.13608939488728686,1.6666666666666667,exploratory
D,S4,72,lstm,6,official_alarm,11.4,5,10,2,0.3333333333333333,0.2857142857142857,0.29411764705882354,0.45454545454545453,2,0.08051317214965792,2.0,exploratory
D,S4,72,lstm,6,train_q90,8.42,37,9,10,0.8043478260869565,0.2127659574468085,0.6607142857142857,0.7956989247311828,3,0.03667654673258328,2.6666666666666665,exploratory
D,S4,72,lstm,6,train_q95,9.57,18,14,11,0.5625,0.3793103448275862,0.4186046511627907,0.5901639344262295,3,-0.06738320032755614,2.6666666666666665,exploratory
D,S4,72,lstm,7,official_alarm,11.4,4,12,3,0.25,0.42857142857142855,0.21052631578947367,0.34782608695652173,2,0.2191804075241084,3.0,exploratory
D,S4,72,lstm,7,train_q90,8.42,37,8,10,0.8222222222222222,0.2127659574468085,0.6727272727272727,0.8043478260869565,3,0.2316515922546382,3.3333333333333335,exploratory
D,S4,72,lstm,7,train_q95,9.57,19,13,10,0.59375,0.3448275862068966,0.4523809523809524,0.6229508196721312,3,-0.018220841089885198,3.3333333333333335,exploratory
D,S4,72,lstm,8,official_alarm,11.4,2,14,5,0.125,0.7142857142857143,0.09523809523809523,0.17391304347826086,2,0.12332690715789862,4.0,exploratory
D,S4,72,lstm,8,train_q90,8.42,37,7,10,0.8409090909090909,0.2127659574468085,0.6851851851851852,0.8131868131868132,3,0.5549510542551666,3.6666666666666665,exploratory
D,S4,72,lstm,8,train_q95,9.57,19,13,10,0.59375,0.3448275862068966,0.4523809523809524,0.6229508196721312,2,0.1285669422149649,4.0,exploratory
D,S4,72,lstm,9,official_alarm,11.4,0,16,6,0.0,1.0,0.0,0.0,2,-0.22994527816772603,5.0,exploratory
D,S4,72,lstm,9,train_q90,8.42,36,7,11,0.8372093023255814,0.23404255319148937,0.6666666666666666,0.8,3,0.37059682210286365,3.6666666666666665,exploratory
D,S4,72,lstm,9,train_q95,9.57,18,14,8,0.5625,0.3076923076923077,0.45,0.6206896551724138,2,-0.981529941558839,4.0,exploratory
D,S4,72,lstm,10,official_alarm,11.4,0,16,6,0.0,1.0,0.0,0.0,2,-1.0802793979644791,5.0,exploratory
D,S4,72,lstm,10,train_q90,8.42,35,7,11,0.8333333333333334,0.2391304347826087,0.660377358490566,0.7954545454545454,3,0.19442563692728676,3.3333333333333335,exploratory
D,S4,72,lstm,10,train_q95,9.57,17,15,7,0.53125,0.2916666666666667,0.4358974358974359,0.6071428571428571,1,0.20584423065185575,7.0,exploratory
D,S4,72,lstm,11,official_alarm,11.4,0,16,6,0.0,1.0,0.0,0.0,2,-2.699901657104493,5.0,exploratory
D,S4,72,lstm,11,train_q90,8.42,35,6,11,0.8536585365853658,0.2391304347826087,0.6730769230769231,0.8045977011494253,3,-0.2069340387980144,3.6666666666666665,exploratory
D,S4,72,lstm,11,train_q95,9.57,16,16,8,0.5,0.3333333333333333,0.4,0.5714285714285714,1,0.1564483642578125,8.0,exploratory
D,S4,72,lstm,12,official_alarm,11.4,0,15,5,0.0,1.0,0.0,0.0,2,-3.2872477483749396,3.0,exploratory
D,S4,72,lstm,12,train_q90,8.42,35,5,10,0.875,0.2222222222222222,0.7,0.8235294117647058,2,0.17923127174377296,5.5,exploratory
D,S4,72,lstm,12,train_q95,9.57,14,18,7,0.4375,0.3333333333333333,0.358974358974359,0.5283018867924528,1,-0.17521886825561594,9.0,exploratory
D,S4,72,lstm,13,official_alarm,11.4,0,14,5,0.0,1.0,0.0,0.0,2,-3.526775827407838,2.5,exploratory
D,S4,72,lstm,13,train_q90,8.42,35,5,10,0.875,0.2222222222222222,0.7,0.8235294117647058,2,0.09691247940063352,6.5,exploratory
D,S4,72,lstm,13,train_q95,9.57,10,21,9,0.3225806451612903,0.47368421052631576,0.25,0.4,1,-0.2845785808563246,10.0,exploratory
D,S4,72,lstm,14,official_alarm,11.4,0,13,5,0.0,1.0,0.0,0.0,2,-3.5801979112625135,2.0,exploratory
D,S4,72,lstm,14,train_q90,8.42,34,6,11,0.85,0.24444444444444444,0.6666666666666666,0.8,2,0.4169526386260971,6.0,exploratory
D,S4,72,lstm,14,train_q95,9.57,10,20,9,0.3333333333333333,0.47368421052631576,0.2564102564102564,0.40816326530612246,1,-0.125639362335205,11.0,exploratory
D,S4,82,lstm,1,official_alarm,11.4,10,0,1,1.0,0.09090909090909091,0.9090909090909091,0.9523809523809523,2,0.19363380432128707,1.5,exploratory
D,S4,82,lstm,1,train_q90,8.42,45,0,6,1.0,0.11764705882352941,0.8823529411764706,0.9375,3,-0.013710212707521189,0.6666666666666666,exploratory
D,S4,82,lstm,1,train_q95,9.57,30,1,6,0.967741935483871,0.16666666666666666,0.8108108108108109,0.8955223880597015,3,0.03939228057861103,1.0,exploratory
D,S4,82,lstm,2,official_alarm,11.4,10,1,0,0.9090909090909091,0.0,0.9090909090909091,0.9523809523809523,2,-0.0826953983306895,1.5,exploratory
D,S4,82,lstm,2,train_q90,8.42,45,1,5,0.9782608695652174,0.1,0.8823529411764706,0.9375,3,-0.2551472409566262,0.6666666666666666,exploratory
D,S4,82,lstm,2,train_q95,9.57,27,4,5,0.8709677419354839,0.15625,0.75,0.8571428571428571,3,-0.2010055796305359,1.3333333333333333,exploratory
D,S4,82,lstm,3,official_alarm,11.4,9,3,0,0.75,0.0,0.75,0.8571428571428571,2,-0.27011805534362754,0.0,exploratory
D,S4,82,lstm,3,train_q90,8.42,44,3,5,0.9361702127659575,0.10204081632653061,0.8461538461538461,0.9166666666666666,3,-0.3024275588989263,1.0,exploratory
D,S4,82,lstm,3,train_q95,9.57,24,7,5,0.7741935483870968,0.1724137931034483,0.6666666666666666,0.8,3,-0.3628280957539876,0.6666666666666666,exploratory
D,S4,82,lstm,4,official_alarm,11.4,7,6,0,0.5384615384615384,0.0,0.5384615384615384,0.7,2,-0.6048217296600358,0.5,exploratory
D,S4,82,lstm,4,train_q90,8.42,41,6,7,0.8723404255319149,0.14583333333333334,0.7592592592592593,0.8631578947368421,3,-0.4197663561503108,2.0,exploratory
D,S4,82,lstm,4,train_q95,9.57,20,11,7,0.6451612903225806,0.25925925925925924,0.5263157894736842,0.6896551724137931,3,-0.6421380488077814,1.3333333333333333,exploratory
D,S4,82,lstm,5,official_alarm,11.4,5,9,0,0.35714285714285715,0.0,0.35714285714285715,0.5263157894736842,2,-1.1096173954010018,0.5,exploratory
D,S4,82,lstm,5,train_q90,8.42,39,8,9,0.8297872340425532,0.1875,0.6964285714285714,0.8210526315789474,3,-0.541619888941448,2.3333333333333335,exploratory
D,S4,82,lstm,5,train_q95,9.57,18,13,6,0.5806451612903226,0.25,0.4864864864864865,0.6545454545454545,3,-1.0123423353830983,1.3333333333333333,exploratory
D,S4,82,lstm,6,official_alarm,11.4,3,12,0,0.2,0.0,0.2,0.3333333333333333,2,-1.264879865646364,1.5,exploratory
D,S4,82,lstm,6,train_q90,8.42,37,9,9,0.8043478260869565,0.1956521739130435,0.6727272727272727,0.8043478260869565,3,-0.7627511660257996,2.3333333333333335,exploratory
D,S4,82,lstm,6,train_q95,9.57,15,17,3,0.46875,0.16666666666666666,0.42857142857142855,0.6,3,-1.1702221965789814,2.3333333333333335,exploratory
D,S4,82,lstm,7,official_alarm,11.4,2,14,1,0.125,0.3333333333333333,0.11764705882352941,0.21052631578947367,2,-1.3791970539093041,2.5,exploratory
D,S4,82,lstm,7,train_q90,8.42,36,9,10,0.8,0.21739130434782608,0.6545454545454545,0.7912087912087912,3,-0.7698972765604678,3.0,exploratory
D,S4,82,lstm,7,train_q95,9.57,15,17,3,0.46875,0.16666666666666666,0.42857142857142855,0.6,3,-1.2669466654459658,3.0,exploratory
D,S4,82,lstm,8,official_alarm,11.4,1,15,2,0.0625,0.6666666666666666,0.05555555555555555,0.10526315789473684,2,-1.3364426851272597,3.5,exploratory
D,S4,82,lstm,8,train_q90,8.42,36,8,10,0.8181818181818182,0.21739130434782608,0.6666666666666666,0.8,3,-0.4455822563171405,3.3333333333333335,exploratory
D,S4,82,lstm,8,train_q95,9.57,14,18,3,0.4375,0.17647058823529413,0.4,0.5714285714285714,2,-0.8179218626022351,3.5,exploratory
D,S4,82,lstm,9,official_alarm,11.4,0,16,3,0.0,1.0,0.0,0.0,2,-1.355816655158998,4.5,exploratory
D,S4,82,lstm,9,train_q90,8.42,35,8,11,0.813953488372093,0.2391304347826087,0.6481481481481481,0.7865168539325843,3,-0.34154829025268657,3.3333333333333335,exploratory
D,S4,82,lstm,9,train_q95,9.57,14,18,4,0.4375,0.2222222222222222,0.3888888888888889,0.56,2,-1.4758562803268456,3.5,exploratory
D,S4,82,lstm,10,official_alarm,11.4,0,16,3,0.0,1.0,0.0,0.0,2,-1.413359546661379,5.0,exploratory
D,S4,82,lstm,10,train_q90,8.42,35,7,11,0.8333333333333334,0.2391304347826087,0.660377358490566,0.7954545454545454,3,-0.25297117233276484,3.0,exploratory
D,S4,82,lstm,10,train_q95,9.57,14,18,3,0.4375,0.17647058823529413,0.4,0.5714285714285714,1,-1.1841724205017101,6.0,exploratory
D,S4,82,lstm,11,official_alarm,11.4,0,16,3,0.0,1.0,0.0,0.0,2,-2.5130270671844483,5.0,exploratory
D,S4,82,lstm,11,train_q90,8.42,35,6,11,0.8536585365853658,0.2391304347826087,0.6730769230769231,0.8045977011494253,3,-0.6072729555765809,3.3333333333333335,exploratory
D,S4,82,lstm,11,train_q95,9.57,13,19,4,0.40625,0.23529411764705882,0.3611111111111111,0.5306122448979592,1,-1.334725170135501,7.0,exploratory
D,S4,82,lstm,12,official_alarm,11.4,0,15,3,0.0,1.0,0.0,0.0,2,-3.4001488542556766,3.0,exploratory
D,S4,82,lstm,12,train_q90,8.42,35,5,11,0.875,0.2391304347826087,0.6862745098039216,0.813953488372093,2,-0.4221204996109016,5.0,exploratory
D,S4,82,lstm,12,train_q95,9.57,12,20,5,0.375,0.29411764705882354,0.32432432432432434,0.4897959183673469,1,-1.2765391445159917,8.0,exploratory
D,S4,82,lstm,13,official_alarm,11.4,0,14,2,0.0,1.0,0.0,0.0,2,-3.6501285552978526,2.5,exploratory
D,S4,82,lstm,13,train_q90,8.42,35,5,11,0.875,0.2391304347826087,0.6862745098039216,0.813953488372093,2,-0.543229579925538,6.0,exploratory
D,S4,82,lstm,13,train_q95,9.57,8,23,7,0.25806451612903225,0.4666666666666667,0.21052631578947367,0.34782608695652173,1,-1.4715017890930202,9.0,exploratory
D,S4,82,lstm,14,official_alarm,11.4,0,13,2,0.0,1.0,0.0,0.0,2,-3.770932097435,2.0,exploratory
D,S4,82,lstm,14,train_q90,8.42,35,5,11,0.875,0.2391304347826087,0.6862745098039216,0.813953488372093,2,-0.44013062953949245,5.5,exploratory
D,S4,82,lstm,14,train_q95,9.57,7,23,8,0.23333333333333334,0.5333333333333333,0.18421052631578946,0.3111111111111111,1,-1.3956839942932167,10.0,exploratory
final_period,S0,42,lstm,1,official_alarm,11.4,0,0,0,,,,,0,,,exploratory
final_period,S0,42,lstm,1,train_q90,8.309000000000006,59,1,1,0.9833333333333333,0.016666666666666666,0.9672131147540983,0.9833333333333333,1,0.06501223564147907,1.0,exploratory
final_period,S0,42,lstm,1,train_q95,9.508999999999997,13,1,1,0.9285714285714286,0.07142857142857142,0.8666666666666667,0.9285714285714286,2,0.0443262338638295,1.0,exploratory
final_period,S0,42,lstm,2,official_alarm,11.4,0,0,0,,,,,0,,,exploratory
final_period,S0,42,lstm,2,train_q90,8.309000000000006,58,2,1,0.9666666666666667,0.01694915254237288,0.9508196721311475,0.9747899159663865,1,-0.025850543975829865,2.0,exploratory
final_period,S0,42,lstm,2,train_q95,9.508999999999997,6,8,1,0.42857142857142855,0.14285714285714285,0.4,0.5714285714285714,2,-0.045917158126831836,2.0,exploratory
final_period,S0,42,lstm,3,official_alarm,11.4,0,0,0,,,,,0,,,exploratory
final_period,S0,42,lstm,3,train_q90,8.309000000000006,57,3,2,0.95,0.03389830508474576,0.9193548387096774,0.957983193277311,1,-0.09031355857849199,3.0,exploratory
final_period,S0,42,lstm,3,train_q95,9.508999999999997,1,13,1,0.07142857142857142,0.5,0.06666666666666667,0.125,2,-0.10915841579437391,3.0,exploratory
final_period,S0,42,lstm,4,official_alarm,11.4,0,0,0,,,,,0,,,exploratory
final_period,S0,42,lstm,4,train_q90,8.309000000000006,55,5,3,0.9166666666666666,0.05172413793103448,0.873015873015873,0.9322033898305084,1,-0.171771144866943,4.0,exploratory
final_period,S0,42,lstm,4,train_q95,9.508999999999997,0,14,1,0.0,1.0,0.0,0.0,2,-0.1889311885833731,4.0,exploratory
final_period,S0,42,lstm,5,official_alarm,11.4,0,0,0,,,,,0,,,exploratory
final_period,S0,42,lstm,5,train_q90,8.309000000000006,54,6,3,0.9,0.05263157894736842,0.8571428571428571,0.9230769230769231,1,-0.23024766921997042,5.0,exploratory
final_period,S0,42,lstm,5,train_q95,9.508999999999997,0,14,0,0.0,,0.0,0.0,2,-0.2676207256317156,4.5,exploratory
final_period,S0,42,lstm,6,official_alarm,11.4,0,0,0,,,,,0,,,exploratory
final_period,S0,42,lstm,6,train_q90,8.309000000000006,53,7,4,0.8833333333333333,0.07017543859649122,0.828125,0.905982905982906,1,-0.28286751747131333,6.0,exploratory
final_period,S0,42,lstm,6,train_q95,9.508999999999997,0,14,0,0.0,,0.0,0.0,2,-0.39846190929412906,4.5,exploratory
final_period,S0,42,lstm,7,official_alarm,11.4,0,0,0,,,,,0,,,exploratory
final_period,S0,42,lstm,7,train_q90,8.309000000000006,51,9,5,0.85,0.08928571428571429,0.7846153846153846,0.8793103448275862,1,-0.288684616088867,7.0,exploratory
final_period,S0,42,lstm,7,train_q95,9.508999999999997,0,14,0,0.0,,0.0,0.0,2,-0.4399830436706553,4.5,exploratory
final_period,S0,42,lstm,8,official_alarm,11.4,0,0,0,,,,,0,,,exploratory
final_period,S0,42,lstm,8,train_q90,8.309000000000006,50,10,6,0.8333333333333334,0.10714285714285714,0.7575757575757576,0.8620689655172413,1,-0.312970943450928,8.0,exploratory
final_period,S0,42,lstm,8,train_q95,9.508999999999997,0,14,0,0.0,,0.0,0.0,2,-0.5484372234344486,4.5,exploratory
final_period,S0,42,lstm,9,official_alarm,11.4,0,0,0,,,,,0,,,exploratory
final_period,S0,42,lstm,9,train_q90,8.309000000000006,48,12,6,0.8,0.1111111111111111,0.7272727272727273,0.8421052631578947,1,-0.3950427722930918,9.0,exploratory
final_period,S0,42,lstm,9,train_q95,9.508999999999997,0,14,0,0.0,,0.0,0.0,2,-0.7260989665985118,4.5,exploratory
final_period,S0,42,lstm,10,official_alarm,11.4,0,0,0,,,,,0,,,exploratory
final_period,S0,42,lstm,10,train_q90,8.309000000000006,47,13,6,0.7833333333333333,0.11320754716981132,0.7121212121212122,0.831858407079646,1,-0.437527618408204,10.0,exploratory
final_period,S0,42,lstm,10,train_q95,9.508999999999997,0,14,0,0.0,,0.0,0.0,2,-0.7332134151458751,3.5,exploratory
final_period,S0,42,lstm,11,official_alarm,11.4,0,0,0,,,,,0,,,exploratory
final_period,S0,42,lstm,11,train_q90,8.309000000000006,45,15,6,0.75,0.11764705882352941,0.6818181818181818,0.8108108108108109,1,-0.5073312187194841,11.0,exploratory
final_period,S0,42,lstm,11,train_q95,9.508999999999997,0,14,0,0.0,,0.0,0.0,2,-0.7874634599685661,3.0,exploratory
final_period,S0,42,lstm,12,official_alarm,11.4,0,0,0,,,,,0,,,exploratory
final_period,S0,42,lstm,12,train_q90,8.309000000000006,42,18,7,0.7,0.14285714285714285,0.6268656716417911,0.7706422018348624,1,-0.5715330219268786,12.0,exploratory
final_period,S0,42,lstm,12,train_q95,9.508999999999997,0,14,0,0.0,,0.0,0.0,2,-0.847262268066407,3.0,exploratory
final_period,S0,42,lstm,13,official_alarm,11.4,0,0,0,,,,,0,,,exploratory
final_period,S0,42,lstm,13,train_q90,8.309000000000006,40,20,8,0.6666666666666666,0.16666666666666666,0.5882352941176471,0.7407407407407407,1,-0.5978140544891346,13.0,exploratory
final_period,S0,42,lstm,13,train_q95,9.508999999999997,0,14,0,0.0,,0.0,0.0,2,-0.8668084001541141,3.0,exploratory
final_period,S0,42,lstm,14,official_alarm,11.4,0,0,0,,,,,0,,,exploratory
final_period,S0,42,lstm,14,train_q90,8.309000000000006,37,23,8,0.6166666666666667,0.17777777777777778,0.5441176470588235,0.7047619047619048,1,-0.6667706966400146,14.0,exploratory
final_period,S0,42,lstm,14,train_q95,9.508999999999997,0,14,0,0.0,,0.0,0.0,2,-0.9313794612884525,3.0,exploratory
final_period,S0,52,lstm,1,official_alarm,11.4,0,0,0,,,,,0,,,exploratory
final_period,S0,52,lstm,1,train_q90,8.309000000000006,59,1,1,0.9833333333333333,0.016666666666666666,0.9672131147540983,0.9833333333333333,1,-0.03327527999877944,2.0,exploratory
final_period,S0,52,lstm,1,train_q95,9.508999999999997,8,6,0,0.5714285714285714,0.0,0.5714285714285714,0.7272727272727273,2,-0.04051403999328684,2.0,exploratory
final_period,S0,52,lstm,2,official_alarm,11.4,0,0,0,,,,,0,,,exploratory
final_period,S0,52,lstm,2,train_q90,8.309000000000006,58,2,2,0.9666666666666667,0.03333333333333333,0.9354838709677419,0.9666666666666667,1,-0.03777444839477617,3.0,exploratory
final_period,S0,52,lstm,2,train_q95,9.508999999999997,6,8,2,0.42857142857142855,0.25,0.375,0.5454545454545454,2,-0.044165458679199965,3.0,exploratory
final_period,S0,52,lstm,3,official_alarm,11.4,0,0,0,,,,,0,,,exploratory
final_period,S0,52,lstm,3,train_q90,8.309000000000006,57,3,3,0.95,0.05,0.9047619047619048,0.95,1,-0.06641192436218368,4.0,exploratory
final_period,S0,52,lstm,3,train_q95,9.508999999999997,3,11,3,0.21428571428571427,0.5,0.17647058823529413,0.3,2,-0.07237154006958146,4.0,exploratory
final_period,S0,52,lstm,4,official_alarm,11.4,0,0,0,,,,,0,,,exploratory
final_period,S0,52,lstm,4,train_q90,8.309000000000006,56,4,4,0.9333333333333333,0.06666666666666667,0.875,0.9333333333333333,1,-0.03752985954284682,5.0,exploratory
final_period,S0,52,lstm,4,train_q95,9.508999999999997,3,11,5,0.21428571428571427,0.625,0.15789473684210525,0.2727272727272727,2,-0.04518497467041094,4.5,exploratory
final_period,S0,52,lstm,5,official_alarm,11.4,0,0,0,,,,,0,,,exploratory
final_period,S0,52,lstm,5,train_q90,8.309000000000006,55,5,5,0.9166666666666666,0.08333333333333333,0.8461538461538461,0.9166666666666666,1,-0.08996290206909308,6.0,exploratory
final_period,S0,52,lstm,5,train_q95,9.508999999999997,1,13,4,0.07142857142857142,0.8,0.05555555555555555,0.10526315789473684,2,-0.11770398616790878,4.5,exploratory
final_period,S0,52,lstm,6,official_alarm,11.4,0,0,0,,,,,0,,,exploratory
final_period,S0,52,lstm,6,train_q90,8.309000000000006,55,5,6,0.9166666666666666,0.09836065573770492,0.8333333333333334,0.9090909090909091,1,-0.000997467041015554,7.0,exploratory
final_period,S0,52,lstm,6,train_q95,9.508999999999997,5,9,9,0.35714285714285715,0.6428571428571429,0.21739130434782608,0.35714285714285715,2,-0.08602260589599808,4.5,exploratory
final_period,S0,52,lstm,7,official_alarm,11.4,0,0,0,,,,,0,,,exploratory
final_period,S0,52,lstm,7,train_q90,8.309000000000006,54,6,7,0.9,0.11475409836065574,0.8059701492537313,0.8925619834710744,1,-0.02598510742187443,8.0,exploratory
final_period,S0,52,lstm,7,train_q95,9.508999999999997,0,14,10,0.0,1.0,0.0,0.0,2,-0.16341914653778034,4.5,exploratory
final_period,S0,52,lstm,8,official_alarm,11.4,0,0,0,,,,,0,,,exploratory
final_period,S0,52,lstm,8,train_q90,8.309000000000006,52,8,8,0.8666666666666667,0.13333333333333333,0.7647058823529411,0.8666666666666667,1,-0.1359653949737556,9.0,exploratory
final_period,S0,52,lstm,8,train_q95,9.508999999999997,0,14,2,0.0,1.0,0.0,0.0,2,-0.3661267089843756,4.5,exploratory
final_period,S0,52,lstm,9,official_alarm,11.4,0,0,0,,,,,0,,,exploratory
final_period,S0,52,lstm,9,train_q90,8.309000000000006,51,9,9,0.85,0.15,0.7391304347826086,0.85,1,-0.14801990509033303,10.0,exploratory
final_period,S0,52,lstm,9,train_q95,9.508999999999997,0,14,2,0.0,1.0,0.0,0.0,2,-0.4571098041534425,3.0,exploratory
final_period,S0,52,lstm,10,official_alarm,11.4,0,0,0,,,,,0,,,exploratory
final_period,S0,52,lstm,10,train_q90,8.309000000000006,49,11,9,0.8166666666666667,0.15517241379310345,0.7101449275362319,0.8305084745762712,1,-0.23249962806701774,11.0,exploratory
final_period,S0,52,lstm,10,train_q95,9.508999999999997,0,14,0,0.0,,0.0,0.0,2,-0.5075390386581429,3.5,exploratory
final_period,S0,52,lstm,11,official_alarm,11.4,0,0,0,,,,,0,,,exploratory
final_period,S0,52,lstm,11,train_q90,8.309000000000006,48,12,10,0.8,0.1724137931034483,0.6857142857142857,0.8135593220338984,1,-0.3250143718719496,12.0,exploratory
final_period,S0,52,lstm,11,train_q95,9.508999999999997,0,14,0,0.0,,0.0,0.0,2,-0.5878928089141837,2.5,exploratory
final_period,S0,52,lstm,12,official_alarm,11.4,0,0,0,,,,,0,,,exploratory
final_period,S0,52,lstm,12,train_q90,8.309000000000006,47,13,11,0.7833333333333333,0.1896551724137931,0.6619718309859155,0.7966101694915254,1,-0.3348549175262452,13.0,exploratory
final_period,S0,52,lstm,12,train_q95,9.508999999999997,0,14,0,0.0,,0.0,0.0,2,-0.5960164833068857,2.5,exploratory
final_period,S0,52,lstm,13,official_alarm,11.4,0,0,0,,,,,0,,,exploratory
final_period,S0,52,lstm,13,train_q90,8.309000000000006,44,16,10,0.7333333333333333,0.18518518518518517,0.6285714285714286,0.7719298245614035,1,-0.4564124107360854,14.0,exploratory
final_period,S0,52,lstm,13,train_q95,9.508999999999997,0,14,0,0.0,,0.0,0.0,2,-0.7092231273651128,2.5,exploratory
final_period,S0,52,lstm,14,official_alarm,11.4,0,0,0,,,,,0,,,exploratory
final_period,S0,52,lstm,14,train_q90,8.309000000000006,42,18,10,0.7,0.19230769230769232,0.6,0.75,1,-0.5506574821472174,15.0,exploratory
final_period,S0,52,lstm,14,train_q95,9.508999999999997,0,14,0,0.0,,0.0,0.0,2,-0.7989856529235846,2.5,exploratory
final_period,S0,62,lstm,1,official_alarm,11.4,0,0,0,,,,,0,,,exploratory
final_period,S0,62,lstm,1,train_q90,8.309000000000006,60,0,1,1.0,0.01639344262295082,0.9836065573770492,0.9917355371900827,1,0.09997577667236257,2.0,exploratory
final_period,S0,62,lstm,1,train_q95,9.508999999999997,14,0,5,1.0,0.2631578947368421,0.7368421052631579,0.8484848484848485,2,0.09223636150360015,2.0,exploratory
final_period,S0,62,lstm,2,official_alarm,11.4,0,0,0,,,,,0,,,exploratory
final_period,S0,62,lstm,2,train_q90,8.309000000000006,58,2,2,0.9666666666666667,0.03333333333333333,0.9354838709677419,0.9666666666666667,1,-0.014164896011353179,3.0,exploratory
final_period,S0,62,lstm,2,train_q95,9.508999999999997,7,7,3,0.5,0.3,0.4117647058823529,0.5833333333333334,2,-0.0207842683792121,3.0,exploratory
final_period,S0,62,lstm,3,official_alarm,11.4,0,0,0,,,,,0,,,exploratory
final_period,S0,62,lstm,3,train_q90,8.309000000000006,57,3,3,0.95,0.05,0.9047619047619048,0.95,1,-0.07026439666748097,4.0,exploratory
final_period,S0,62,lstm,3,train_q95,9.508999999999997,3,11,2,0.21428571428571427,0.4,0.1875,0.3157894736842105,2,-0.0759536981582647,4.0,exploratory
final_period,S0,62,lstm,4,official_alarm,11.4,0,0,0,,,,,0,,,exploratory
final_period,S0,62,lstm,4,train_q90,8.309000000000006,56,4,4,0.9333333333333333,0.06666666666666667,0.875,0.9333333333333333,1,-0.09858841896057058,5.0,exploratory
final_period,S0,62,lstm,4,train_q95,9.508999999999997,2,12,3,0.14285714285714285,0.6,0.11764705882352941,0.21052631578947367,2,-0.10684194564819283,4.5,exploratory
final_period,S0,62,lstm,5,official_alarm,11.4,0,0,0,,,,,0,,,exploratory
final_period,S0,62,lstm,5,train_q90,8.309000000000006,54,6,5,0.9,0.0847457627118644,0.8307692307692308,0.907563025210084,1,-0.17007881164550653,6.0,exploratory
final_period,S0,62,lstm,5,train_q95,9.508999999999997,0,14,2,0.0,1.0,0.0,0.0,2,-0.19805300712585439,4.5,exploratory
final_period,S0,62,lstm,6,official_alarm,11.4,0,0,0,,,,,0,,,exploratory
final_period,S0,62,lstm,6,train_q90,8.309000000000006,53,7,5,0.8833333333333333,0.08620689655172414,0.8153846153846154,0.8983050847457628,1,-0.24526099205017182,7.0,exploratory
final_period,S0,62,lstm,6,train_q95,9.508999999999997,0,14,0,0.0,,0.0,0.0,2,-0.32649065017700263,4.5,exploratory
final_period,S0,62,lstm,7,official_alarm,11.4,0,0,0,,,,,0,,,exploratory
final_period,S0,62,lstm,7,train_q90,8.309000000000006,52,8,6,0.8666666666666667,0.10344827586206896,0.7878787878787878,0.8813559322033898,1,-0.30014467239379883,8.0,exploratory
final_period,S0,62,lstm,7,train_q95,9.508999999999997,0,14,0,0.0,,0.0,0.0,2,-0.4378498172760015,4.5,exploratory
final_period,S0,62,lstm,8,official_alarm,11.4,0,0,0,,,,,0,,,exploratory
final_period,S0,62,lstm,8,train_q90,8.309000000000006,50,10,6,0.8333333333333334,0.10714285714285714,0.7575757575757576,0.8620689655172413,1,-0.3694226837158201,9.0,exploratory
final_period,S0,62,lstm,8,train_q95,9.508999999999997,0,14,0,0.0,,0.0,0.0,2,-0.6042383098602304,4.5,exploratory
final_period,S0,62,lstm,9,official_alarm,11.4,0,0,0,,,,,0,,,exploratory
final_period,S0,62,lstm,9,train_q90,8.309000000000006,49,11,7,0.8166666666666667,0.125,0.7313432835820896,0.8448275862068966,1,-0.376156396865845,10.0,exploratory
final_period,S0,62,lstm,9,train_q95,9.508999999999997,0,14,0,0.0,,0.0,0.0,2,-0.6772322511672977,3.0,exploratory
final_period,S0,62,lstm,10,official_alarm,11.4,0,0,0,,,,,0,,,exploratory
final_period,S0,62,lstm,10,train_q90,8.309000000000006,48,12,7,0.8,0.12727272727272726,0.7164179104477612,0.8347826086956521,1,-0.42294569015503214,11.0,exploratory
final_period,S0,62,lstm,10,train_q95,9.508999999999997,0,14,0,0.0,,0.0,0.0,2,-0.6848125267028813,3.5,exploratory
final_period,S0,62,lstm,11,official_alarm,11.4,0,0,0,,,,,0,,,exploratory
final_period,S0,62,lstm,11,train_q90,8.309000000000006,46,14,7,0.7666666666666667,0.1320754716981132,0.6865671641791045,0.8141592920353983,1,-0.5025898361206078,12.0,exploratory
final_period,S0,62,lstm,11,train_q95,9.508999999999997,0,14,0,0.0,,0.0,0.0,2,-0.7596958971023575,2.5,exploratory
final_period,S0,62,lstm,12,official_alarm,11.4,0,0,0,,,,,0,,,exploratory
final_period,S0,62,lstm,12,train_q90,8.309000000000006,44,16,8,0.7333333333333333,0.15384615384615385,0.6470588235294118,0.7857142857142857,1,-0.5488369178771997,13.0,exploratory
final_period,S0,62,lstm,12,train_q95,9.508999999999997,0,14,0,0.0,,0.0,0.0,2,-0.8018486881256113,2.5,exploratory
final_period,S0,62,lstm,13,official_alarm,11.4,0,0,0,,,,,0,,,exploratory
final_period,S0,62,lstm,13,train_q90,8.309000000000006,38,22,8,0.6333333333333333,0.17391304347826086,0.5588235294117647,0.7169811320754716,1,-0.6692909908294684,14.0,exploratory
final_period,S0,62,lstm,13,train_q95,9.508999999999997,0,14,0,0.0,,0.0,0.0,2,-0.9172047853469856,2.5,exploratory
final_period,S0,62,lstm,14,official_alarm,11.4,0,0,0,,,,,0,,,exploratory
final_period,S0,62,lstm,14,train_q90,8.309000000000006,36,24,8,0.6,0.18181818181818182,0.5294117647058824,0.6923076923076923,1,-0.7191032123565684,15.0,exploratory
final_period,S0,62,lstm,14,train_q95,9.508999999999997,0,14,0,0.0,,0.0,0.0,2,-0.9646878719329841,2.5,exploratory
final_period,S0,72,lstm,1,official_alarm,11.4,0,0,0,,,,,0,,,exploratory
final_period,S0,72,lstm,1,train_q90,8.309000000000006,60,0,1,1.0,0.01639344262295082,0.9836065573770492,0.9917355371900827,1,0.0674779129028309,1.0,exploratory
final_period,S0,72,lstm,1,train_q95,9.508999999999997,14,0,1,1.0,0.06666666666666667,0.9333333333333333,0.9655172413793104,2,0.047974090576170525,1.0,exploratory
final_period,S0,72,lstm,2,official_alarm,11.4,0,0,0,,,,,0,,,exploratory
final_period,S0,72,lstm,2,train_q90,8.309000000000006,58,2,2,0.9666666666666667,0.03333333333333333,0.9354838709677419,0.9666666666666667,1,0.020443239212037057,2.0,exploratory
final_period,S0,72,lstm,2,train_q95,9.508999999999997,7,7,3,0.5,0.3,0.4117647058823529,0.5833333333333334,2,0.0016150045394898171,2.0,exploratory
final_period,S0,72,lstm,3,official_alarm,11.4,0,0,0,,,,,0,,,exploratory
final_period,S0,72,lstm,3,train_q90,8.309000000000006,57,3,2,0.95,0.03389830508474576,0.9193548387096774,0.957983193277311,1,-0.03998445510864279,3.0,exploratory
final_period,S0,72,lstm,3,train_q95,9.508999999999997,4,10,2,0.2857142857142857,0.3333333333333333,0.25,0.4,2,-0.05744132995605522,3.0,exploratory
final_period,S0,72,lstm,4,official_alarm,11.4,0,0,0,,,,,0,,,exploratory
final_period,S0,72,lstm,4,train_q90,8.309000000000006,56,4,3,0.9333333333333333,0.05084745762711865,0.8888888888888888,0.9411764705882353,1,-0.09176605224609347,4.0,exploratory
final_period,S0,72,lstm,4,train_q95,9.508999999999997,0,14,2,0.0,1.0,0.0,0.0,2,-0.10781713485717859,4.0,exploratory
final_period,S0,72,lstm,5,official_alarm,11.4,0,0,0,,,,,0,,,exploratory
final_period,S0,72,lstm,5,train_q90,8.309000000000006,55,5,4,0.9166666666666666,0.06779661016949153,0.859375,0.9243697478991597,1,-0.12856678009033295,5.0,exploratory
final_period,S0,72,lstm,5,train_q95,9.508999999999997,0,14,2,0.0,1.0,0.0,0.0,2,-0.16751541614532606,4.5,exploratory
final_period,S0,72,lstm,6,official_alarm,11.4,0,0,0,,,,,0,,,exploratory
final_period,S0,72,lstm,6,train_q90,8.309000000000006,53,7,5,0.8833333333333333,0.08620689655172414,0.8153846153846154,0.8983050847457628,1,-0.16572053909301765,6.0,exploratory
final_period,S0,72,lstm,6,train_q95,9.508999999999997,0,14,1,0.0,1.0,0.0,0.0,2,-0.28023129940033176,4.5,exploratory
final_period,S0,72,lstm,7,official_alarm,11.4,0,0,0,,,,,0,,,exploratory
final_period,S0,72,lstm,7,train_q90,8.309000000000006,52,8,6,0.8666666666666667,0.10344827586206896,0.7878787878787878,0.8813559322033898,1,-0.22299786567687896,7.0,exploratory
final_period,S0,72,lstm,7,train_q95,9.508999999999997,0,14,0,0.0,,0.0,0.0,2,-0.37485473155975413,4.5,exploratory
final_period,S0,72,lstm,8,official_alarm,11.4,0,0,0,,,,,0,,,exploratory
final_period,S0,72,lstm,8,train_q90,8.309000000000006,50,10,6,0.8333333333333334,0.10714285714285714,0.7575757575757576,0.8620689655172413,1,-0.3041807842254638,8.0,exploratory
final_period,S0,72,lstm,8,train_q95,9.508999999999997,0,14,0,0.0,,0.0,0.0,2,-0.5397064304351815,4.5,exploratory
final_period,S0,72,lstm,9,official_alarm,11.4,0,0,0,,,,,0,,,exploratory
final_period,S0,72,lstm,9,train_q90,8.309000000000006,49,11,6,0.8166666666666667,0.10909090909090909,0.7424242424242424,0.8521739130434782,1,-0.3686810016632087,9.0,exploratory
final_period,S0,72,lstm,9,train_q95,9.508999999999997,0,14,0,0.0,,0.0,0.0,2,-0.7003827047348032,4.5,exploratory
final_period,S0,72,lstm,10,official_alarm,11.4,0,0,0,,,,,0,,,exploratory
final_period,S0,72,lstm,10,train_q90,8.309000000000006,47,13,7,0.7833333333333333,0.12962962962962962,0.7014925373134329,0.8245614035087719,1,-0.38925891876220753,10.0,exploratory
final_period,S0,72,lstm,10,train_q95,9.508999999999997,0,14,0,0.0,,0.0,0.0,2,-0.6851805973052985,3.5,exploratory
final_period,S0,72,lstm,11,official_alarm,11.4,0,0,0,,,,,0,,,exploratory
final_period,S0,72,lstm,11,train_q90,8.309000000000006,46,14,7,0.7666666666666667,0.1320754716981132,0.6865671641791045,0.8141592920353983,1,-0.45385412216186793,11.0,exploratory
final_period,S0,72,lstm,11,train_q95,9.508999999999997,0,14,0,0.0,,0.0,0.0,2,-0.7385595417022728,3.0,exploratory
final_period,S0,72,lstm,12,official_alarm,11.4,0,0,0,,,,,0,,,exploratory
final_period,S0,72,lstm,12,train_q90,8.309000000000006,45,15,8,0.75,0.1509433962264151,0.6617647058823529,0.7964601769911505,1,-0.4843572807312011,12.0,exploratory
final_period,S0,72,lstm,12,train_q95,9.508999999999997,0,14,0,0.0,,0.0,0.0,2,-0.7643323993682865,3.0,exploratory
final_period,S0,72,lstm,13,official_alarm,11.4,0,0,0,,,,,0,,,exploratory
final_period,S0,72,lstm,13,train_q90,8.309000000000006,42,18,8,0.7,0.16,0.6176470588235294,0.7636363636363637,1,-0.5217057609558111,13.0,exploratory
final_period,S0,72,lstm,13,train_q95,9.508999999999997,0,14,0,0.0,,0.0,0.0,2,-0.7983864498138429,3.0,exploratory
final_period,S0,72,lstm,14,official_alarm,11.4,0,0,0,,,,,0,,,exploratory
final_period,S0,72,lstm,14,train_q90,8.309000000000006,37,23,9,0.6166666666666667,0.1956521739130435,0.5362318840579711,0.6981132075471698,1,-0.616308612823488,14.0,exploratory
final_period,S0,72,lstm,14,train_q95,9.508999999999997,0,14,0,0.0,,0.0,0.0,2,-0.88511694431305,3.0,exploratory
final_period,S0,82,lstm,1,official_alarm,11.4,0,0,0,,,,,0,,,exploratory
final_period,S0,82,lstm,1,train_q90,8.309000000000006,59,1,1,0.9833333333333333,0.016666666666666666,0.9672131147540983,0.9833333333333333,1,0.02602841377258258,2.0,exploratory
final_period,S0,82,lstm,1,train_q95,9.508999999999997,13,1,2,0.9285714285714286,0.13333333333333333,0.8125,0.896551724137931,2,0.019070653915405522,2.0,exploratory
final_period,S0,82,lstm,2,official_alarm,11.4,0,0,0,,,,,0,,,exploratory
final_period,S0,82,lstm,2,train_q90,8.309000000000006,58,2,2,0.9666666666666667,0.03333333333333333,0.9354838709677419,0.9666666666666667,1,0.02622630119323688,3.0,exploratory
final_period,S0,82,lstm,2,train_q95,9.508999999999997,12,2,4,0.8571428571428571,0.25,0.6666666666666666,0.8,2,0.01975178241729658,3.0,exploratory
final_period,S0,82,lstm,3,official_alarm,11.4,0,0,0,,,,,0,,,exploratory
final_period,S0,82,lstm,3,train_q90,8.309000000000006,57,3,3,0.95,0.05,0.9047619047619048,0.95,1,-0.03294757843017493,4.0,exploratory
final_period,S0,82,lstm,3,train_q95,9.508999999999997,4,10,5,0.2857142857142857,0.5555555555555556,0.21052631578947367,0.34782608695652173,2,-0.03821102619171146,4.0,exploratory
final_period,S0,82,lstm,4,official_alarm,11.4,0,0,0,,,,,0,,,exploratory
final_period,S0,82,lstm,4,train_q90,8.309000000000006,56,4,4,0.9333333333333333,0.06666666666666667,0.875,0.9333333333333333,1,-0.1403790760040291,5.0,exploratory
final_period,S0,82,lstm,4,train_q95,9.508999999999997,0,14,2,0.0,1.0,0.0,0.0,2,-0.1455570363998424,4.5,exploratory
final_period,S0,82,lstm,5,official_alarm,11.4,0,0,0,,,,,0,,,exploratory
final_period,S0,82,lstm,5,train_q90,8.309000000000006,54,6,5,0.9,0.0847457627118644,0.8307692307692308,0.907563025210084,1,-0.16849808692932378,6.0,exploratory
final_period,S0,82,lstm,5,train_q95,9.508999999999997,0,14,2,0.0,1.0,0.0,0.0,2,-0.19251532554626483,4.5,exploratory
final_period,S0,82,lstm,6,official_alarm,11.4,0,0,0,,,,,0,,,exploratory
final_period,S0,82,lstm,6,train_q90,8.309000000000006,53,7,5,0.8833333333333333,0.08620689655172414,0.8153846153846154,0.8983050847457628,1,-0.2588313198089587,7.0,exploratory
final_period,S0,82,lstm,6,train_q95,9.508999999999997,0,14,0,0.0,,0.0,0.0,2,-0.33809358119964816,4.5,exploratory
final_period,S0,82,lstm,7,official_alarm,11.4,0,0,0,,,,,0,,,exploratory
final_period,S0,82,lstm,7,train_q90,8.309000000000006,52,8,6,0.8666666666666667,0.10344827586206896,0.7878787878787878,0.8813559322033898,1,-0.27946781158447287,8.0,exploratory
final_period,S0,82,lstm,7,train_q95,9.508999999999997,0,14,0,0.0,,0.0,0.0,2,-0.4155950021743795,4.5,exploratory
final_period,S0,82,lstm,8,official_alarm,11.4,0,0,0,,,,,0,,,exploratory
final_period,S0,82,lstm,8,train_q90,8.309000000000006,50,10,5,0.8333333333333334,0.09090909090909091,0.7692307692307693,0.8695652173913043,1,-0.37852708816528313,9.0,exploratory
final_period,S0,82,lstm,8,train_q95,9.508999999999997,0,14,0,0.0,,0.0,0.0,2,-0.6122808504104613,4.5,exploratory
final_period,S0,82,lstm,9,official_alarm,11.4,0,0,0,,,,,0,,,exploratory
final_period,S0,82,lstm,9,train_q90,8.309000000000006,48,12,6,0.8,0.1111111111111111,0.7272727272727273,0.8421052631578947,1,-0.41765734672546273,10.0,exploratory
final_period,S0,82,lstm,9,train_q95,9.508999999999997,0,14,0,0.0,,0.0,0.0,2,-0.7231203651428233,3.0,exploratory
final_period,S0,82,lstm,10,official_alarm,11.4,0,0,0,,,,,0,,,exploratory
final_period,S0,82,lstm,10,train_q90,8.309000000000006,47,13,7,0.7833333333333333,0.12962962962962962,0.7014925373134329,0.8245614035087719,1,-0.45284410476684656,11.0,exploratory
final_period,S0,82,lstm,10,train_q95,9.508999999999997,0,14,0,0.0,,0.0,0.0,2,-0.7219500589370726,3.5,exploratory
final_period,S0,82,lstm,11,official_alarm,11.4,0,0,0,,,,,0,,,exploratory
final_period,S0,82,lstm,11,train_q90,8.309000000000006,46,14,7,0.7666666666666667,0.1320754716981132,0.6865671641791045,0.8141592920353983,1,-0.5123409366607667,12.0,exploratory
final_period,S0,82,lstm,11,train_q95,9.508999999999997,0,14,0,0.0,,0.0,0.0,2,-0.770216383934021,2.5,exploratory
final_period,S0,82,lstm,12,official_alarm,11.4,0,0,0,,,,,0,,,exploratory
final_period,S0,82,lstm,12,train_q90,8.309000000000006,42,18,8,0.7,0.16,0.6176470588235294,0.7636363636363637,1,-0.5627571105957028,13.0,exploratory
final_period,S0,82,lstm,12,train_q95,9.508999999999997,0,14,0,0.0,,0.0,0.0,2,-0.8179084396362324,2.5,exploratory
final_period,S0,82,lstm,13,official_alarm,11.4,0,0,0,,,,,0,,,exploratory
final_period,S0,82,lstm,13,train_q90,8.309000000000006,43,17,9,0.7166666666666667,0.17307692307692307,0.6231884057971014,0.7678571428571429,1,-0.5549429321289079,14.0,exploratory
final_period,S0,82,lstm,13,train_q95,9.508999999999997,0,14,0,0.0,,0.0,0.0,2,-0.8081723785400401,2.5,exploratory
final_period,S0,82,lstm,14,official_alarm,11.4,0,0,0,,,,,0,,,exploratory
final_period,S0,82,lstm,14,train_q90,8.309000000000006,40,20,9,0.6666666666666666,0.1836734693877551,0.5797101449275363,0.7339449541284404,1,-0.6034894657135013,15.0,exploratory
final_period,S0,82,lstm,14,train_q95,9.508999999999997,0,14,0,0.0,,0.0,0.0,2,-0.8541234207153332,2.5,exploratory
final_period,S4,42,lstm,1,official_alarm,11.4,0,0,0,,,,,0,,,exploratory
final_period,S4,42,lstm,1,train_q90,8.309000000000006,60,0,6,1.0,0.09090909090909091,0.9090909090909091,0.9523809523809523,1,0.5127428150176989,0.0,exploratory
final_period,S4,42,lstm,1,train_q95,9.508999999999997,14,0,23,1.0,0.6216216216216216,0.3783783783783784,0.5490196078431373,2,0.5423293209075917,0.0,exploratory
final_period,S4,42,lstm,2,official_alarm,11.4,0,0,0,,,,,0,,,exploratory
final_period,S4,42,lstm,2,train_q90,8.309000000000006,60,0,6,1.0,0.09090909090909091,0.9090909090909091,0.9523809523809523,1,0.4528399181365952,1.0,exploratory
final_period,S4,42,lstm,2,train_q95,9.508999999999997,14,0,20,1.0,0.5882352941176471,0.4117647058823529,0.5833333333333334,2,0.4841674375534035,1.0,exploratory
final_period,S4,42,lstm,3,official_alarm,11.4,0,0,0,,,,,0,,,exploratory
final_period,S4,42,lstm,3,train_q90,8.309000000000006,60,0,4,1.0,0.0625,0.9375,0.967741935483871,1,0.3802524375915528,2.0,exploratory
final_period,S4,42,lstm,3,train_q95,9.508999999999997,14,0,15,1.0,0.5172413793103449,0.4827586206896552,0.6511627906976745,2,0.4131215000152588,1.5,exploratory
final_period,S4,42,lstm,4,official_alarm,11.4,0,0,0,,,,,0,,,exploratory
final_period,S4,42,lstm,4,train_q90,8.309000000000006,60,0,4,1.0,0.0625,0.9375,0.967741935483871,1,0.32617059707641616,3.0,exploratory
final_period,S4,42,lstm,4,train_q95,9.508999999999997,14,0,15,1.0,0.5172413793103449,0.4827586206896552,0.6511627906976745,2,0.36393856048583917,2.5,exploratory
final_period,S4,42,lstm,5,official_alarm,11.4,0,0,0,,,,,0,,,exploratory
final_period,S4,42,lstm,5,train_q90,8.309000000000006,59,1,5,0.9833333333333333,0.078125,0.9076923076923077,0.9516129032258065,1,0.2584004878997792,4.0,exploratory
final_period,S4,42,lstm,5,train_q95,9.508999999999997,14,0,14,1.0,0.5,0.5,0.6666666666666666,2,0.29880747795104856,3.5,exploratory
final_period,S4,42,lstm,6,official_alarm,11.4,0,0,0,,,,,0,,,exploratory
final_period,S4,42,lstm,6,train_q90,8.309000000000006,58,2,5,0.9666666666666667,0.07936507936507936,0.8923076923076924,0.943089430894309,1,0.17692548751831083,5.0,exploratory
final_period,S4,42,lstm,6,train_q95,9.508999999999997,13,1,14,0.9285714285714286,0.5185185185185185,0.4642857142857143,0.6341463414634146,2,0.21794513702392582,4.5,exploratory
final_period,S4,42,lstm,7,official_alarm,11.4,0,0,0,,,,,0,,,exploratory
final_period,S4,42,lstm,7,train_q90,8.309000000000006,57,3,6,0.95,0.09523809523809523,0.8636363636363636,0.926829268292683,1,0.06779057502746433,6.0,exploratory
final_period,S4,42,lstm,7,train_q95,9.508999999999997,7,7,14,0.5,0.6666666666666666,0.25,0.4,2,0.07954979896545211,4.5,exploratory
final_period,S4,42,lstm,8,official_alarm,11.4,0,0,0,,,,,0,,,exploratory
final_period,S4,42,lstm,8,train_q90,8.309000000000006,55,5,7,0.9166666666666666,0.11290322580645161,0.8208955223880597,0.9016393442622951,1,-0.0011312389373792087,7.0,exploratory
final_period,S4,42,lstm,8,train_q95,9.508999999999997,4,10,11,0.2857142857142857,0.7333333333333333,0.16,0.27586206896551724,2,-0.018542995452880184,4.5,exploratory
final_period,S4,42,lstm,9,official_alarm,11.4,0,0,0,,,,,0,,,exploratory
final_period,S4,42,lstm,9,train_q90,8.309000000000006,54,6,7,0.9,0.11475409836065574,0.8059701492537313,0.8925619834710744,1,-0.05299515724182413,8.0,exploratory
final_period,S4,42,lstm,9,train_q95,9.508999999999997,0,14,11,0.0,1.0,0.0,0.0,2,-0.16415687084198094,4.5,exploratory
final_period,S4,42,lstm,10,official_alarm,11.4,0,0,0,,,,,0,,,exploratory
final_period,S4,42,lstm,10,train_q90,8.309000000000006,53,7,8,0.8833333333333333,0.13114754098360656,0.7794117647058824,0.8760330578512396,1,-0.11108382225036806,9.0,exploratory
final_period,S4,42,lstm,10,train_q95,9.508999999999997,0,14,7,0.0,1.0,0.0,0.0,2,-0.2778332996368418,4.5,exploratory
final_period,S4,42,lstm,11,official_alarm,11.4,0,0,0,,,,,0,,,exploratory
final_period,S4,42,lstm,11,train_q90,8.309000000000006,52,8,9,0.8666666666666667,0.14754098360655737,0.7536231884057971,0.859504132231405,1,-0.1767919445037851,10.0,exploratory
final_period,S4,42,lstm,11,train_q95,9.508999999999997,0,14,1,0.0,1.0,0.0,0.0,2,-0.43522780895233204,5.0,exploratory
final_period,S4,42,lstm,12,official_alarm,11.4,0,0,0,,,,,0,,,exploratory
final_period,S4,42,lstm,12,train_q90,8.309000000000006,50,10,9,0.8333333333333334,0.15254237288135594,0.7246376811594203,0.8403361344537815,1,-0.2625603103637708,11.0,exploratory
final_period,S4,42,lstm,12,train_q95,9.508999999999997,0,14,0,0.0,,0.0,0.0,2,-0.5045081949234023,3.5,exploratory
final_period,S4,42,lstm,13,official_alarm,11.4,0,0,0,,,,,0,,,exploratory
final_period,S4,42,lstm,13,train_q90,8.309000000000006,49,11,10,0.8166666666666667,0.1694915254237288,0.7,0.8235294117647058,1,-0.35085530281067,12.0,exploratory
final_period,S4,42,lstm,13,train_q95,9.508999999999997,0,14,0,0.0,,0.0,0.0,2,-0.5760951566696173,4.0,exploratory
final_period,S4,42,lstm,14,official_alarm,11.4,0,0,0,,,,,0,,,exploratory
final_period,S4,42,lstm,14,train_q90,8.309000000000006,47,13,10,0.7833333333333333,0.17543859649122806,0.6714285714285714,0.8034188034188035,1,-0.42948389053344727,13.0,exploratory
final_period,S4,42,lstm,14,train_q95,9.508999999999997,0,14,0,0.0,,0.0,0.0,2,-0.6520669078826913,4.0,exploratory
final_period,S4,52,lstm,1,official_alarm,11.4,0,0,0,,,,,0,,,exploratory
final_period,S4,52,lstm,1,train_q90,8.309000000000006,60,0,3,1.0,0.047619047619047616,0.9523809523809523,0.975609756097561,1,0.29347088813781674,0.0,exploratory
final_period,S4,52,lstm,1,train_q95,9.508999999999997,14,0,14,1.0,0.5,0.5,0.6666666666666666,2,0.3374410390853875,0.0,exploratory
final_period,S4,52,lstm,2,official_alarm,11.4,0,0,0,,,,,0,,,exploratory
final_period,S4,52,lstm,2,train_q90,8.309000000000006,60,0,4,1.0,0.0625,0.9375,0.967741935483871,1,0.31312585830688455,1.0,exploratory
final_period,S4,52,lstm,2,train_q95,9.508999999999997,14,0,14,1.0,0.5,0.5,0.6666666666666666,2,0.3556993198394771,1.0,exploratory
final_period,S4,52,lstm,3,official_alarm,11.4,0,0,0,,,,,0,,,exploratory
final_period,S4,52,lstm,3,train_q90,8.309000000000006,60,0,3,1.0,0.047619047619047616,0.9523809523809523,0.975609756097561,1,0.2935088825225822,2.0,exploratory
final_period,S4,52,lstm,3,train_q95,9.508999999999997,14,0,14,1.0,0.5,0.5,0.6666666666666666,2,0.340213046073913,1.5,exploratory
final_period,S4,52,lstm,4,official_alarm,11.4,0,0,0,,,,,0,,,exploratory
final_period,S4,52,lstm,4,train_q90,8.309000000000006,60,0,3,1.0,0.047619047619047616,0.9523809523809523,0.975609756097561,1,0.22553376197814856,3.0,exploratory
final_period,S4,52,lstm,4,train_q95,9.508999999999997,14,0,13,1.0,0.48148148148148145,0.5185185185185185,0.6829268292682927,2,0.27460386753082133,2.5,exploratory
final_period,S4,52,lstm,5,official_alarm,11.4,0,0,0,,,,,0,,,exploratory
final_period,S4,52,lstm,5,train_q90,8.309000000000006,59,1,4,0.9833333333333333,0.06349206349206349,0.921875,0.959349593495935,1,0.1728822517394999,4.0,exploratory
final_period,S4,52,lstm,5,train_q95,9.508999999999997,13,1,13,0.9285714285714286,0.5,0.48148148148148145,0.65,2,0.22097321033477613,3.5,exploratory
final_period,S4,52,lstm,6,official_alarm,11.4,0,0,0,,,,,0,,,exploratory
final_period,S4,52,lstm,6,train_q90,8.309000000000006,58,2,4,0.9666666666666667,0.06451612903225806,0.90625,0.9508196721311475,1,0.12162466049194265,5.0,exploratory
final_period,S4,52,lstm,6,train_q95,9.508999999999997,11,3,14,0.7857142857142857,0.56,0.39285714285714285,0.5641025641025641,2,0.16686010360717773,4.5,exploratory
final_period,S4,52,lstm,7,official_alarm,11.4,0,0,0,,,,,0,,,exploratory
final_period,S4,52,lstm,7,train_q90,8.309000000000006,56,4,5,0.9333333333333333,0.08196721311475409,0.8615384615384616,0.9256198347107438,1,0.04475093841552713,6.0,exploratory
final_period,S4,52,lstm,7,train_q95,9.508999999999997,5,9,11,0.35714285714285715,0.6875,0.2,0.3333333333333333,2,0.055901460647582724,4.5,exploratory
final_period,S4,52,lstm,8,official_alarm,11.4,0,0,0,,,,,0,,,exploratory
final_period,S4,52,lstm,8,train_q90,8.309000000000006,55,5,6,0.9166666666666666,0.09836065573770492,0.8333333333333334,0.9090909090909091,1,-0.05403287887573072,7.0,exploratory
final_period,S4,52,lstm,8,train_q95,9.508999999999997,1,13,9,0.07142857142857142,0.9,0.043478260869565216,0.08333333333333333,2,-0.0734642744064331,4.5,exploratory
final_period,S4,52,lstm,9,official_alarm,11.4,0,0,0,,,,,0,,,exploratory
final_period,S4,52,lstm,9,train_q90,8.309000000000006,54,6,6,0.9,0.1,0.8181818181818182,0.9,1,-0.1436014747619634,8.0,exploratory
final_period,S4,52,lstm,9,train_q95,9.508999999999997,0,14,4,0.0,1.0,0.0,0.0,2,-0.25646699905395565,4.5,exploratory
final_period,S4,52,lstm,10,official_alarm,11.4,0,0,0,,,,,0,,,exploratory
final_period,S4,52,lstm,10,train_q90,8.309000000000006,52,8,7,0.8666666666666667,0.11864406779661017,0.7761194029850746,0.8739495798319328,1,-0.21424174308776855,9.0,exploratory
final_period,S4,52,lstm,10,train_q95,9.508999999999997,0,14,0,0.0,,0.0,0.0,2,-0.3833852624893197,4.5,exploratory
final_period,S4,52,lstm,11,official_alarm,11.4,0,0,0,,,,,0,,,exploratory
final_period,S4,52,lstm,11,train_q90,8.309000000000006,51,9,7,0.85,0.1206896551724138,0.7611940298507462,0.864406779661017,1,-0.2957626533508311,10.0,exploratory
final_period,S4,52,lstm,11,train_q95,9.508999999999997,0,14,0,0.0,,0.0,0.0,2,-0.5640370845794687,4.5,exploratory
final_period,S4,52,lstm,12,official_alarm,11.4,0,0,0,,,,,0,,,exploratory
final_period,S4,52,lstm,12,train_q90,8.309000000000006,50,10,8,0.8333333333333334,0.13793103448275862,0.7352941176470589,0.847457627118644,1,-0.3656960678100596,11.0,exploratory
final_period,S4,52,lstm,12,train_q95,9.508999999999997,0,14,0,0.0,,0.0,0.0,2,-0.6261772966384891,3.5,exploratory
final_period,S4,52,lstm,13,official_alarm,11.4,0,0,0,,,,,0,,,exploratory
final_period,S4,52,lstm,13,train_q90,8.309000000000006,47,13,9,0.7833333333333333,0.16071428571428573,0.6811594202898551,0.8103448275862069,1,-0.4298749160766615,12.0,exploratory
final_period,S4,52,lstm,13,train_q95,9.508999999999997,0,14,0,0.0,,0.0,0.0,2,-0.6685703229904183,4.0,exploratory
final_period,S4,52,lstm,14,official_alarm,11.4,0,0,0,,,,,0,,,exploratory
final_period,S4,52,lstm,14,train_q90,8.309000000000006,43,17,10,0.7166666666666667,0.18867924528301888,0.6142857142857143,0.7610619469026548,1,-0.47379009246826165,13.0,exploratory
final_period,S4,52,lstm,14,train_q95,9.508999999999997,0,14,0,0.0,,0.0,0.0,2,-0.7124621486663827,4.0,exploratory
final_period,S4,62,lstm,1,official_alarm,11.4,0,0,0,,,,,0,,,exploratory
final_period,S4,62,lstm,1,train_q90,8.309000000000006,60,0,3,1.0,0.047619047619047616,0.9523809523809523,0.975609756097561,1,0.2395299434661844,0.0,exploratory
final_period,S4,62,lstm,1,train_q95,9.508999999999997,14,0,13,1.0,0.48148148148148145,0.5185185185185185,0.6829268292682927,2,0.2713577222824082,0.0,exploratory
final_period,S4,62,lstm,2,official_alarm,11.4,0,0,0,,,,,0,,,exploratory
final_period,S4,62,lstm,2,train_q90,8.309000000000006,60,0,3,1.0,0.047619047619047616,0.9523809523809523,0.975609756097561,1,0.26203607559204123,1.0,exploratory
final_period,S4,62,lstm,2,train_q95,9.508999999999997,14,0,13,1.0,0.48148148148148145,0.5185185185185185,0.6829268292682927,2,0.29562030315399035,1.0,exploratory
final_period,S4,62,lstm,3,official_alarm,11.4,0,0,0,,,,,0,,,exploratory
final_period,S4,62,lstm,3,train_q90,8.309000000000006,60,0,4,1.0,0.0625,0.9375,0.967741935483871,1,0.26933495521545225,2.0,exploratory
final_period,S4,62,lstm,3,train_q95,9.508999999999997,14,0,14,1.0,0.5,0.5,0.6666666666666666,2,0.3086096334457382,1.5,exploratory
final_period,S4,62,lstm,4,official_alarm,11.4,0,0,0,,,,,0,,,exploratory
final_period,S4,62,lstm,4,train_q90,8.309000000000006,60,0,3,1.0,0.047619047619047616,0.9523809523809523,0.975609756097561,1,0.2325144386291491,3.0,exploratory
final_period,S4,62,lstm,4,train_q95,9.508999999999997,14,0,14,1.0,0.5,0.5,0.6666666666666666,2,0.27625662326812694,2.5,exploratory
final_period,S4,62,lstm,5,official_alarm,11.4,0,0,0,,,,,0,,,exploratory
final_period,S4,62,lstm,5,train_q90,8.309000000000006,59,1,4,0.9833333333333333,0.06349206349206349,0.921875,0.959349593495935,1,0.1470745658874506,4.0,exploratory
final_period,S4,62,lstm,5,train_q95,9.508999999999997,13,1,13,0.9285714285714286,0.5,0.48148148148148145,0.65,2,0.19187901020049924,3.5,exploratory
final_period,S4,62,lstm,6,official_alarm,11.4,0,0,0,,,,,0,,,exploratory
final_period,S4,62,lstm,6,train_q90,8.309000000000006,58,2,5,0.9666666666666667,0.07936507936507936,0.8923076923076924,0.943089430894309,1,0.08726823806762418,5.0,exploratory
final_period,S4,62,lstm,6,train_q95,9.508999999999997,10,4,13,0.7142857142857143,0.5652173913043478,0.37037037037037035,0.5405405405405406,2,0.13273639678954918,4.5,exploratory
final_period,S4,62,lstm,7,official_alarm,11.4,0,0,0,,,,,0,,,exploratory
final_period,S4,62,lstm,7,train_q90,8.309000000000006,56,4,6,0.9333333333333333,0.0967741935483871,0.8484848484848485,0.9180327868852459,1,0.018039302825929582,6.0,exploratory
final_period,S4,62,lstm,7,train_q95,9.508999999999997,5,9,11,0.35714285714285715,0.6875,0.2,0.3333333333333333,2,0.03384334564208746,4.5,exploratory
final_period,S4,62,lstm,8,official_alarm,11.4,0,0,0,,,,,0,,,exploratory
final_period,S4,62,lstm,8,train_q90,8.309000000000006,55,5,6,0.9166666666666666,0.09836065573770492,0.8333333333333334,0.9090909090909091,1,-0.06643013000488374,7.0,exploratory
final_period,S4,62,lstm,8,train_q95,9.508999999999997,1,13,9,0.07142857142857142,0.9,0.043478260869565216,0.08333333333333333,2,-0.07795988082885685,4.5,exploratory
final_period,S4,62,lstm,9,official_alarm,11.4,0,0,0,,,,,0,,,exploratory
final_period,S4,62,lstm,9,train_q90,8.309000000000006,54,6,7,0.9,0.11475409836065574,0.8059701492537313,0.8925619834710744,1,-0.12091407775879048,8.0,exploratory
final_period,S4,62,lstm,9,train_q95,9.508999999999997,0,14,7,0.0,1.0,0.0,0.0,2,-0.22433008193969872,4.5,exploratory
final_period,S4,62,lstm,10,official_alarm,11.4,0,0,0,,,,,0,,,exploratory
final_period,S4,62,lstm,10,train_q90,8.309000000000006,53,7,8,0.8833333333333333,0.13114754098360656,0.7794117647058824,0.8760330578512396,1,-0.14846317291259759,9.0,exploratory
final_period,S4,62,lstm,10,train_q95,9.508999999999997,0,14,4,0.0,1.0,0.0,0.0,2,-0.31083419322967565,4.5,exploratory
final_period,S4,62,lstm,11,official_alarm,11.4,0,0,0,,,,,0,,,exploratory
final_period,S4,62,lstm,11,train_q90,8.309000000000006,51,9,8,0.85,0.13559322033898305,0.75,0.8571428571428571,1,-0.23505633354186983,10.0,exploratory
final_period,S4,62,lstm,11,train_q95,9.508999999999997,0,14,0,0.0,,0.0,0.0,2,-0.49328006267547675,4.5,exploratory
final_period,S4,62,lstm,12,official_alarm,11.4,0,0,0,,,,,0,,,exploratory
final_period,S4,62,lstm,12,train_q90,8.309000000000006,50,10,9,0.8333333333333334,0.15254237288135594,0.7246376811594203,0.8403361344537815,1,-0.2812883758544906,11.0,exploratory
final_period,S4,62,lstm,12,train_q95,9.508999999999997,0,14,0,0.0,,0.0,0.0,2,-0.5289884519577033,3.5,exploratory
final_period,S4,62,lstm,13,official_alarm,11.4,0,0,0,,,,,0,,,exploratory
final_period,S4,62,lstm,13,train_q90,8.309000000000006,49,11,10,0.8166666666666667,0.1694915254237288,0.7,0.8235294117647058,1,-0.3413092136383078,12.0,exploratory
final_period,S4,62,lstm,13,train_q95,9.508999999999997,0,14,0,0.0,,0.0,0.0,2,-0.5706576061248789,4.0,exploratory
final_period,S4,62,lstm,14,official_alarm,11.4,0,0,0,,,,,0,,,exploratory
final_period,S4,62,lstm,14,train_q90,8.309000000000006,48,12,10,0.8,0.1724137931034483,0.6857142857142857,0.8135593220338984,1,-0.4097070217132597,13.0,exploratory
final_period,S4,62,lstm,14,train_q95,9.508999999999997,0,14,0,0.0,,0.0,0.0,2,-0.6352860546112078,4.0,exploratory
final_period,S4,72,lstm,1,official_alarm,11.4,0,0,0,,,,,0,,,exploratory
final_period,S4,72,lstm,1,train_q90,8.309000000000006,60,0,3,1.0,0.047619047619047616,0.9523809523809523,0.975609756097561,1,0.2777649593353271,0.0,exploratory
final_period,S4,72,lstm,1,train_q95,9.508999999999997,14,0,14,1.0,0.5,0.5,0.6666666666666666,2,0.30851583480834943,0.0,exploratory
final_period,S4,72,lstm,2,official_alarm,11.4,0,0,0,,,,,0,,,exploratory
final_period,S4,72,lstm,2,train_q90,8.309000000000006,60,0,3,1.0,0.047619047619047616,0.9523809523809523,0.975609756097561,1,0.3084145545959469,1.0,exploratory
final_period,S4,72,lstm,2,train_q95,9.508999999999997,14,0,15,1.0,0.5172413793103449,0.4827586206896552,0.6511627906976745,2,0.3387114763259884,1.0,exploratory
final_period,S4,72,lstm,3,official_alarm,11.4,0,0,0,,,,,0,,,exploratory
final_period,S4,72,lstm,3,train_q90,8.309000000000006,60,0,4,1.0,0.0625,0.9375,0.967741935483871,1,0.27726944923400865,2.0,exploratory
final_period,S4,72,lstm,3,train_q95,9.508999999999997,14,0,14,1.0,0.5,0.5,0.6666666666666666,2,0.3103799343109124,1.5,exploratory
final_period,S4,72,lstm,4,official_alarm,11.4,0,0,0,,,,,0,,,exploratory
final_period,S4,72,lstm,4,train_q90,8.309000000000006,60,0,4,1.0,0.0625,0.9375,0.967741935483871,1,0.2777127170562732,3.0,exploratory
final_period,S4,72,lstm,4,train_q95,9.508999999999997,14,0,14,1.0,0.5,0.5,0.6666666666666666,2,0.3123877000808708,2.5,exploratory
final_period,S4,72,lstm,5,official_alarm,11.4,0,0,0,,,,,0,,,exploratory
final_period,S4,72,lstm,5,train_q90,8.309000000000006,59,1,4,0.9833333333333333,0.06349206349206349,0.921875,0.959349593495935,1,0.21903355598449714,4.0,exploratory
final_period,S4,72,lstm,5,train_q95,9.508999999999997,14,0,14,1.0,0.5,0.5,0.6666666666666666,2,0.25148072242736763,3.5,exploratory
final_period,S4,72,lstm,6,official_alarm,11.4,0,0,0,,,,,0,,,exploratory
final_period,S4,72,lstm,6,train_q90,8.309000000000006,58,2,5,0.9666666666666667,0.07936507936507936,0.8923076923076924,0.943089430894309,1,0.14529674530029268,5.0,exploratory
final_period,S4,72,lstm,6,train_q95,9.508999999999997,12,2,14,0.8571428571428571,0.5384615384615384,0.42857142857142855,0.6,2,0.1782030105590815,4.5,exploratory
final_period,S4,72,lstm,7,official_alarm,11.4,0,0,0,,,,,0,,,exploratory
final_period,S4,72,lstm,7,train_q90,8.309000000000006,56,4,6,0.9333333333333333,0.0967741935483871,0.8484848484848485,0.9180327868852459,1,0.07059661865234546,6.0,exploratory
final_period,S4,72,lstm,7,train_q95,9.508999999999997,8,6,14,0.5714285714285714,0.6363636363636364,0.2857142857142857,0.4444444444444444,2,0.07021861553191933,4.5,exploratory
final_period,S4,72,lstm,8,official_alarm,11.4,0,0,0,,,,,0,,,exploratory
final_period,S4,72,lstm,8,train_q90,8.309000000000006,55,5,6,0.9166666666666666,0.09836065573770492,0.8333333333333334,0.9090909090909091,1,-0.022240285873415644,7.0,exploratory
final_period,S4,72,lstm,8,train_q95,9.508999999999997,4,10,11,0.2857142857142857,0.7333333333333333,0.16,0.27586206896551724,2,-0.049032301902771636,4.5,exploratory
final_period,S4,72,lstm,9,official_alarm,11.4,0,0,0,,,,,0,,,exploratory
final_period,S4,72,lstm,9,train_q90,8.309000000000006,54,6,7,0.9,0.11475409836065574,0.8059701492537313,0.8925619834710744,1,-0.10621974945068402,8.0,exploratory
final_period,S4,72,lstm,9,train_q95,9.508999999999997,0,14,7,0.0,1.0,0.0,0.0,2,-0.21593253135681145,4.5,exploratory
final_period,S4,72,lstm,10,official_alarm,11.4,0,0,0,,,,,0,,,exploratory
final_period,S4,72,lstm,10,train_q90,8.309000000000006,52,8,8,0.8666666666666667,0.13333333333333333,0.7647058823529411,0.8666666666666667,1,-0.1592306232452394,9.0,exploratory
final_period,S4,72,lstm,10,train_q95,9.508999999999997,0,14,3,0.0,1.0,0.0,0.0,2,-0.32561242580413907,4.5,exploratory
final_period,S4,72,lstm,11,official_alarm,11.4,0,0,0,,,,,0,,,exploratory
final_period,S4,72,lstm,11,train_q90,8.309000000000006,51,9,9,0.85,0.15,0.7391304347826086,0.85,1,-0.18392776489258011,10.0,exploratory
final_period,S4,72,lstm,11,train_q95,9.508999999999997,0,14,1,0.0,1.0,0.0,0.0,2,-0.44828402519226174,4.5,exploratory
final_period,S4,72,lstm,12,official_alarm,11.4,0,0,0,,,,,0,,,exploratory
final_period,S4,72,lstm,12,train_q90,8.309000000000006,50,10,9,0.8333333333333334,0.15254237288135594,0.7246376811594203,0.8403361344537815,1,-0.2174388122558586,11.0,exploratory
final_period,S4,72,lstm,12,train_q95,9.508999999999997,0,14,0,0.0,,0.0,0.0,2,-0.48025313377380474,3.5,exploratory
final_period,S4,72,lstm,13,official_alarm,11.4,0,0,0,,,,,0,,,exploratory
final_period,S4,72,lstm,13,train_q90,8.309000000000006,49,11,10,0.8166666666666667,0.1694915254237288,0.7,0.8235294117647058,1,-0.25988012313842646,12.0,exploratory
final_period,S4,72,lstm,13,train_q95,9.508999999999997,0,14,0,0.0,,0.0,0.0,2,-0.5067878580093392,4.0,exploratory
final_period,S4,72,lstm,14,official_alarm,11.4,0,0,0,,,,,0,,,exploratory
final_period,S4,72,lstm,14,train_q90,8.309000000000006,48,12,11,0.8,0.1864406779661017,0.676056338028169,0.8067226890756303,1,-0.30535623550415103,13.0,exploratory
final_period,S4,72,lstm,14,train_q95,9.508999999999997,0,14,0,0.0,,0.0,0.0,2,-0.5553913831710835,4.0,exploratory
final_period,S4,82,lstm,1,official_alarm,11.4,0,0,0,,,,,0,,,exploratory
final_period,S4,82,lstm,1,train_q90,8.309000000000006,60,0,10,1.0,0.14285714285714285,0.8571428571428571,0.9230769230769231,1,0.6345266914367667,0.0,exploratory
final_period,S4,82,lstm,1,train_q95,9.508999999999997,14,0,32,1.0,0.6956521739130435,0.30434782608695654,0.4666666666666667,2,0.6519648885726914,0.0,exploratory
final_period,S4,82,lstm,2,official_alarm,11.4,0,0,0,,,,,0,,,exploratory
final_period,S4,82,lstm,2,train_q90,8.309000000000006,60,0,10,1.0,0.14285714285714285,0.8571428571428571,0.9230769230769231,1,0.5869498062133776,1.0,exploratory
final_period,S4,82,lstm,2,train_q95,9.508999999999997,14,0,31,1.0,0.6888888888888889,0.3111111111111111,0.4745762711864407,2,0.6057862758636459,1.0,exploratory
final_period,S4,82,lstm,3,official_alarm,11.4,0,0,0,,,,,0,,,exploratory
final_period,S4,82,lstm,3,train_q90,8.309000000000006,60,0,10,1.0,0.14285714285714285,0.8571428571428571,0.9230769230769231,1,0.4657730484008784,2.0,exploratory
final_period,S4,82,lstm,3,train_q95,9.508999999999997,14,0,23,1.0,0.6216216216216216,0.3783783783783784,0.5490196078431373,2,0.48737281799316357,1.5,exploratory
final_period,S4,82,lstm,4,official_alarm,11.4,0,0,0,,,,,0,,,exploratory
final_period,S4,82,lstm,4,train_q90,8.309000000000006,60,0,9,1.0,0.13043478260869565,0.8695652173913043,0.9302325581395349,1,0.39705149650573723,3.0,exploratory
final_period,S4,82,lstm,4,train_q95,9.508999999999997,14,0,17,1.0,0.5483870967741935,0.45161290322580644,0.6222222222222222,2,0.4223133707046509,2.5,exploratory
final_period,S4,82,lstm,5,official_alarm,11.4,0,0,0,,,,,0,,,exploratory
final_period,S4,82,lstm,5,train_q90,8.309000000000006,60,0,10,1.0,0.14285714285714285,0.8571428571428571,0.9230769230769231,1,0.3665119266510004,4.0,exploratory
final_period,S4,82,lstm,5,train_q95,9.508999999999997,14,0,17,1.0,0.5483870967741935,0.45161290322580644,0.6222222222222222,2,0.39484936714172303,3.5,exploratory
final_period,S4,82,lstm,6,official_alarm,11.4,0,0,0,,,,,0,,,exploratory
final_period,S4,82,lstm,6,train_q90,8.309000000000006,60,0,8,1.0,0.11764705882352941,0.8823529411764706,0.9375,1,0.2794644165039042,5.0,exploratory
final_period,S4,82,lstm,6,train_q95,9.508999999999997,13,1,16,0.9285714285714286,0.5517241379310345,0.43333333333333335,0.6046511627906976,2,0.30765146255493026,4.5,exploratory
final_period,S4,82,lstm,7,official_alarm,11.4,0,0,0,,,,,0,,,exploratory
final_period,S4,82,lstm,7,train_q90,8.309000000000006,58,2,9,0.9666666666666667,0.13432835820895522,0.8405797101449275,0.9133858267716536,1,0.2086872100830064,6.0,exploratory
final_period,S4,82,lstm,7,train_q95,9.508999999999997,12,2,16,0.8571428571428571,0.5714285714285714,0.4,0.5714285714285714,2,0.21373250961303647,4.5,exploratory
final_period,S4,82,lstm,8,official_alarm,11.4,0,0,0,,,,,0,,,exploratory
final_period,S4,82,lstm,8,train_q90,8.309000000000006,57,3,10,0.95,0.14925373134328357,0.8142857142857143,0.8976377952755905,1,0.1991617012023923,7.0,exploratory
final_period,S4,82,lstm,8,train_q95,9.508999999999997,11,3,17,0.7857142857142857,0.6071428571428571,0.3548387096774194,0.5238095238095238,2,0.1700041389465312,4.5,exploratory
final_period,S4,82,lstm,9,official_alarm,11.4,0,0,0,,,,,0,,,exploratory
final_period,S4,82,lstm,9,train_q90,8.309000000000006,55,5,9,0.9166666666666666,0.140625,0.7971014492753623,0.8870967741935484,1,0.14029969215392946,8.0,exploratory
final_period,S4,82,lstm,9,train_q95,9.508999999999997,10,4,17,0.7142857142857143,0.6296296296296297,0.3225806451612903,0.4878048780487805,2,0.029946150779723624,4.5,exploratory
final_period,S4,82,lstm,10,official_alarm,11.4,0,0,0,,,,,0,,,exploratory
final_period,S4,82,lstm,10,train_q90,8.309000000000006,54,6,10,0.9,0.15625,0.7714285714285715,0.8709677419354839,1,0.08131420135498146,9.0,exploratory
final_period,S4,82,lstm,10,train_q95,9.508999999999997,10,4,16,0.7142857142857143,0.6153846153846154,0.3333333333333333,0.5,2,-0.08882310867309773,4.5,exploratory
final_period,S4,82,lstm,11,official_alarm,11.4,0,0,0,,,,,0,,,exploratory
final_period,S4,82,lstm,11,train_q90,8.309000000000006,52,8,11,0.8666666666666667,0.1746031746031746,0.7323943661971831,0.8455284552845529,1,-0.023792514801025177,10.0,exploratory
final_period,S4,82,lstm,11,train_q95,9.508999999999997,2,12,13,0.14285714285714285,0.8666666666666667,0.07407407407407407,0.13793103448275862,2,-0.27476485729217526,4.5,exploratory
final_period,S4,82,lstm,12,official_alarm,11.4,0,0,0,,,,,0,,,exploratory
final_period,S4,82,lstm,12,train_q90,8.309000000000006,51,9,11,0.85,0.1774193548387097,0.7183098591549296,0.8360655737704918,1,-0.07566751480102774,11.0,exploratory
final_period,S4,82,lstm,12,train_q95,9.508999999999997,1,13,8,0.07142857142857142,0.8888888888888888,0.045454545454545456,0.08695652173913043,2,-0.329781517982485,3.5,exploratory
final_period,S4,82,lstm,13,official_alarm,11.4,0,0,0,,,,,0,,,exploratory
final_period,S4,82,lstm,13,train_q90,8.309000000000006,50,10,12,0.8333333333333334,0.1935483870967742,0.6944444444444444,0.819672131147541,1,-0.0898085498809813,12.0,exploratory
final_period,S4,82,lstm,13,train_q95,9.508999999999997,2,12,6,0.14285714285714285,0.75,0.1,0.18181818181818182,2,-0.33210946559905885,4.0,exploratory
final_period,S4,82,lstm,14,official_alarm,11.4,0,0,0,,,,,0,,,exploratory
final_period,S4,82,lstm,14,train_q90,8.309000000000006,49,11,13,0.8166666666666667,0.20967741935483872,0.6712328767123288,0.8032786885245902,1,-0.16722131729125955,13.0,exploratory
final_period,S4,82,lstm,14,train_q95,9.508999999999997,0,14,3,0.0,1.0,0.0,0.0,2,-0.4114136409759537,4.0,exploratory
