date,actual,predicted,error,error_percent
2025-06-05,3.47,3.427120328282828,0.04287967171717222,1.2357254097167787
2025-01-29,1.97,1.9852912301587298,-0.015291230158729796,-0.7762045765852688
2006-09-03,10.62,10.875359787157286,-0.25535978715728724,-2.40451776984263
2011-02-25,0.98,0.9902668650793649,-0.010266865079364917,-1.0476392938127468
2025-04-14,1.95,1.865117857142856,0.08488214285714402,4.352930402930463
2015-02-17,1.34,1.373484087301587,-0.03348408730158692,-2.4988124851930533
2022-12-13,1.84,1.7760069841269848,0.06399301587301531,3.4778812974464843
2017-02-26,1.39,1.3772558333333336,0.012744166666666334,0.9168465227817507
2013-06-01,2.79,2.6240841311612355,0.16591586883876452,5.946805334722742
2013-08-15,10.54,10.370160205627705,0.1698397943722938,1.6113832483139832
2006-04-12,0.86,0.8730318253968253,-0.013031825396825347,-1.5153285345145753
2012-07-18,4.61,4.5384176984127,0.07158230158730028,1.5527614227180102
2012-11-24,3.2,3.2308345714285713,-0.030834571428571156,-0.9635803571428486
2010-07-31,8.26,8.10397992424242,0.1560200757575796,1.8888629026341357
2012-03-20,1.8,1.7476068650793644,0.05239313492063569,2.9107297178130938
2025-10-13,6.83,6.940320714285711,-0.11032071428571122,-1.6152373980338393
2015-12-20,2.25,2.307116904761905,-0.05711690476190512,-2.5385291005291166
2018-01-06,2.85,3.1235310714285704,-0.27353107142857036,-9.597581453634048
2009-12-18,2.5,2.5776294444444443,-0.0776294444444443,-3.1051777777777723
2011-12-20,2.34,2.33673169427191,0.003268305728089782,0.13967118496110179
2015-10-29,3.82,3.809991352813853,0.010008647186146913,0.2620064708415422
2018-07-15,5.83,5.664194126984123,0.16580587301587713,2.8440115440116145
2012-11-29,2.91,2.9757993650793644,-0.06579936507936424,-2.2611465663011763
2019-09-24,3.0,3.012140793650794,-0.012140793650794013,-0.40469312169313376
2023-10-22,5.09,5.30909253968254,-0.21909253968254028,-4.304372095924171
2009-12-26,2.16,2.2042911904761913,-0.04429119047619112,-2.0505180776014407
2006-08-22,8.14,8.323092261904764,-0.18309226190476302,-2.2492906867907
2023-12-11,1.82,1.8975043686868682,-0.07750436868686816,-4.258481795981767
2020-06-09,1.72,1.5029363888888898,0.21706361111111017,12.619977390180823
2022-06-21,4.62,4.75538115079365,-0.1353811507936502,-2.930327939256498
2010-11-23,3.49,3.426672380952382,0.06332761904761819,1.814544958384475
2019-10-04,2.23,2.2321251190476197,-0.0021251190476196946,-0.09529681827891007
2010-12-12,2.65,2.6342271376971826,0.01577286230281727,0.5952023510497083
2016-03-29,3.15,3.260850047619048,-0.11085004761904793,-3.519049130763426
2008-11-23,4.81,5.184749999999999,-0.3747499999999997,-7.791060291060285
2006-08-28,10.52,10.696704087301589,-0.17670408730158904,-1.679696647353508
2006-05-13,2.35,2.3437374206349215,0.006262579365078569,0.2664927389395136
2017-03-05,2.04,2.209986608946608,-0.169986608946608,-8.33267690914745
2015-02-08,2.23,2.197132889610389,0.032867110389610765,1.4738614524489133
2022-10-03,8.39,8.545027301587304,-0.15502730158730316,-1.8477628317914558
2009-04-09,1.03,0.952301731601731,0.07769826839826899,7.543521203715435
2019-06-29,2.32,2.405779523809523,-0.08577952380952336,-3.6973932676518695
2011-01-08,1.94,1.9925437698412694,-0.052543769841269405,-2.7084417443953304
2017-10-06,7.36,7.266810548340547,0.09318945165945358,1.2661610279817062
2017-01-29,3.04,2.8926058333333344,0.1473941666666656,4.848492324561369
2023-03-04,0.71,0.9054587698412699,-0.19545876984126997,-27.52940420299577
2012-11-23,3.26,3.2736601587301584,-0.013660158730158578,-0.4190232739312448
2011-05-01,0.84,0.7830201587301585,0.05697984126984146,6.783314436885888
2007-03-06,1.34,1.3273744841269843,0.012625515873015747,0.9422026770907274
2007-10-05,7.1,7.316082380952382,-0.21608238095238264,-3.0434138162307414
2015-11-04,3.73,3.7224659126984134,0.007534087301586556,0.20198625473422405
2021-09-01,5.42,5.864533499278499,-0.4445334992784993,-8.2017250789391
2021-11-13,3.17,2.9569903174603165,0.21300968253968344,6.719548345100425
2018-02-19,1.8,2.146367460317461,-0.34636746031746113,-19.242636684303395
2022-02-21,1.54,1.3053395634920637,0.23466043650793633,15.237690682333527
2025-06-24,4.34,4.2763800396825395,0.06361996031746031,1.4658977031672884
2012-04-04,0.62,0.8219614393939395,-0.2019614393939395,-32.57442570869992
2012-11-16,3.44,3.3702300757575774,0.06976992424242257,2.0281954721634463
2008-11-05,6.98,7.267745317460321,-0.2877453174603204,-4.122425751580521
2019-07-28,1.55,1.7061401190476182,-0.15614011904761815,-10.073556067588267
2019-01-28,0.84,0.8591920346320342,-0.019192034632034227,-2.2847660276231223
2006-02-07,1.38,1.408963015873016,-0.028963015873016085,-2.098769266160586
2022-08-04,5.13,5.380375158730159,-0.2503751587301588,-4.880607382654168
2013-01-16,3.33,3.361324722222221,-0.031324722222220824,-0.9406823490156403
2019-03-11,0.83,0.7315247619047622,0.09847523809523773,11.864486517498522
2025-05-13,2.52,2.4467688095238085,0.07323119047619153,2.905999622071093
2020-01-30,1.23,1.1321625396825397,0.09783746031746032,7.95426506646019
2008-05-16,2.03,1.79181134920635,0.2381886507936497,11.733431073578803
2016-01-03,3.23,3.3226838095238094,-0.09268380952380939,-2.869467787114842
2011-04-20,0.94,0.8969179365079362,0.04308206349206378,4.583198243836573
2021-07-04,3.72,3.6905343470418477,0.02946565295815251,0.7920874451116265
2015-08-09,11.02,11.026447857142859,-0.006447857142859448,-0.058510500388924205
2019-03-10,0.84,0.7109411147186148,0.1290588852813852,15.364153009688716
2007-09-18,10.39,10.300056984126986,0.08994301587301479,0.8656690651878227
2011-05-10,1.15,1.280917420634921,-0.13091742063492107,-11.384123533471397
2021-12-13,1.54,1.6085991821946164,-0.06859918219461636,-4.4544923502997635
2012-12-20,2.46,2.547924754689755,-0.08792475468975525,-3.5741770199087504
2020-11-18,2.42,2.7651220238095235,-0.3451220238095236,-14.2612406532861
2015-05-12,2.14,2.237750031781943,-0.09775003178194286,-4.567758494483311
2013-12-05,4.28,4.387372124819625,-0.10737212481962466,-2.508694505131417
2022-09-19,7.47,8.287125227272726,-0.8171252272727267,-10.938758062553235
2013-10-20,5.74,5.6059575000000015,0.13404249999999873,2.335235191637609
2006-09-21,6.64,6.826716533189033,-0.18671653318903303,-2.8119959817625455
2011-09-28,11.0,10.760038888888891,0.23996111111110885,2.181464646464626
2009-06-18,4.22,4.062175836940837,0.15782416305916236,3.7399090772313355
2013-04-19,2.62,2.7400998196248194,-0.1200998196248193,-4.583962581099973
2023-02-16,0.82,0.8642480555555556,-0.044248055555555665,-5.396104336043374
2010-04-13,1.9,1.7610096428571425,0.13899035714285746,7.315281954887235
2013-03-10,3.1,3.043591468253968,0.05640853174603189,1.8196300563236092
2022-06-05,4.37,4.618772402597403,-0.24877240259740319,-5.692732324883368
2006-02-20,1.5,1.440878134920635,0.05912186507936501,3.9414576719576675
2025-02-16,1.8,1.8895609956709947,-0.08956099567099463,-4.975610870610812
2022-08-14,7.55,8.948585357142855,-1.3985853571428555,-18.524309366130538
2020-12-09,1.55,1.4815390079365074,0.06846099206349265,4.4168381976446875
2015-08-20,7.32,7.307711421356418,0.012288578643582682,0.16787675742599292
2020-04-25,2.8,2.7847601695526696,0.015239830447330238,0.5442796588332228
2016-07-20,4.36,4.35661226190476,0.003387738095240067,0.0777004150284419
2021-05-31,5.26,4.891302698412697,0.36869730158730274,7.009454402800433
2016-04-15,3.1,3.371466626984128,-0.27146662698412793,-8.756987967229932
2010-11-20,3.61,3.465516316738819,0.14448368326118066,4.00231809587758
2023-03-25,0.57,0.6332711904761904,-0.06327119047619045,-11.10020885547201
2021-06-07,2.83,2.7109221284271285,0.11907787157287153,4.2076986421509375
2022-03-26,1.5,1.7468950793650786,-0.2468950793650786,-16.459671957671908
2025-10-10,7.03,7.12769896825397,-0.09769896825396973,-1.3897435029014187
2019-05-25,1.26,1.366914920634921,-0.10691492063492092,-8.48531116150166
2016-07-25,4.48,4.535908302808302,-0.05590830280830161,-1.2479531876853036
2013-07-13,4.15,4.158650753968253,-0.008650753968252545,-0.20845190284945891
2008-08-24,11.53,11.41435119047619,0.11564880952380996,1.0030252343782304
2007-03-14,1.48,1.4667303571428567,0.013269642857143271,0.8965974903475183
2022-07-18,7.03,7.0208342821067795,0.009165717893220737,0.13038005538009584
2011-11-29,3.06,3.1317288492063504,-0.07172884920635036,-2.3440800394232144
2018-08-28,11.65,11.529148611111111,0.12085138888888913,1.037350977587031
2014-03-07,1.23,1.2128517640692649,0.017148235930735112,1.3941655228239929
2010-12-02,2.8,2.599439354909796,0.20056064509020377,7.162880181792993
2011-01-15,1.69,1.7700906349206356,-0.08009063492063562,-4.73909082370625
2009-03-10,0.48,0.5241796608946612,-0.04417966089466119,-9.204096019721081
2023-06-15,2.7,2.299053015873017,0.40094698412698326,14.849888300999378
2012-05-08,2.38,2.3221900577200576,0.057809942279942295,2.428989171426147
2022-01-21,1.72,1.6313926417905764,0.08860735820942356,5.151590593571137
2013-05-17,2.82,2.8227217857142857,-0.0027217857142858293,-0.09651722391084502
2008-03-23,1.22,1.3081813095238093,-0.08818130952380931,-7.2279761904761735
2015-02-03,3.77,3.5374844444444453,0.2325155555555547,6.167521367521345
2011-02-14,1.14,1.1717470346320347,-0.031747034632034765,-2.7848275993012956
2018-05-23,3.38,3.4299803787878798,-0.049980378787879864,-1.4787094315940787
2009-03-23,0.86,0.7991691269841269,0.06083087301587309,7.073357327427103
2024-03-21,2.15,2.3730611507936508,-0.22306115079365085,-10.37493724621632
2021-10-26,3.45,3.436214801587301,0.013785198412699096,0.39957096848403173
2025-07-07,5.55,5.540361825396826,0.00963817460317351,0.17366080366078399
2008-11-22,4.92,5.298762034632033,-0.3787620346320333,-7.698415338049457
2013-06-02,2.77,2.4999137740183794,0.2700862259816206,9.750405270094605
2008-09-24,8.82,8.793490873015877,0.026509126984123554,0.30055699528484753
2024-12-03,2.18,2.146525331890331,0.03347466810966937,1.5355352343885031
2017-01-28,2.88,2.925860595238097,-0.04586059523809727,-1.5923817791005996
2022-08-19,9.06,9.72931119047619,-0.6693111904761899,-7.387540733732781
2017-10-21,7.05,6.78959251803752,0.26040748196247954,3.693723148403965
2016-11-05,4.03,4.1006690079365065,-0.07066900793650621,-1.7535733979281938
2025-08-19,9.33,9.455047619047622,-0.1250476190476224,-1.3402745878630484
2012-04-08,0.67,0.895744015151515,-0.225744015151515,-33.693136589778355
2018-11-08,5.66,5.428838520923519,0.23116147907648088,4.084125072022631
2006-06-27,4.92,4.931083917748918,-0.011083917748917926,-0.22528288107556763
2015-09-02,6.64,6.14959242063492,0.4904075793650797,7.385656315739153
2013-01-24,3.12,3.109348928571428,0.010651071428572134,0.3413804945055171
2012-03-23,1.72,1.5812906349206357,0.13870936507936427,8.06449796973048
2022-04-07,0.82,0.8356139682539682,-0.015613968253968213,-1.9041424699961236
2008-10-07,7.87,8.274586904761904,-0.40458690476190373,-5.140875537000047
2022-06-18,5.02,5.004401616161615,0.015598383838384855,0.31072477765706885
2007-06-20,3.25,3.5033352994227993,-0.2533352994227993,-7.794932289932286
2010-02-17,1.4,1.4084482611832616,-0.008448261183261696,-0.6034472273758354
2006-03-21,1.0,1.0193012950937952,-0.01930129509379519,-1.930129509379519
2014-12-06,3.81,3.6312705952380937,0.17872940476190635,4.691060492438487
2013-11-15,4.89,5.000757615440117,-0.11075761544011709,-2.26498191084084
2015-12-03,1.98,2.026796507936507,-0.04679650793650714,-2.3634599967932894
2020-06-25,3.09,2.8216333730158714,0.2683666269841285,8.685004109518722
2014-03-01,1.34,1.376126190476191,-0.03612619047619092,-2.6959843638948446
2006-08-19,7.72,7.667890317460318,0.0521096825396814,0.6749958878197073
2009-04-08,1.0,0.9356082792207787,0.06439172077922128,6.439172077922128
2008-01-23,2.36,2.4856702380952376,-0.1256702380952377,-5.325010088781259
2021-11-11,3.64,3.5742215079365063,0.06577849206349384,1.8071014303157649
2012-04-22,1.65,1.6908838095238103,-0.04088380952381043,-2.477806637806693
2022-11-26,2.63,2.716208156565656,-0.08620815656565606,-3.2778766755002304
2019-09-11,3.83,3.5479354725829735,0.2820645274170266,7.3646090709406415
2016-11-09,4.1,4.803374191919191,-0.7033741919191909,-17.155468095590024
2023-10-02,7.05,7.101413827561329,-0.05141382756132895,-0.7292741498060844
2009-07-20,7.97,7.866773535353534,0.10322646464646557,1.2951877621890284
2018-03-28,3.26,3.2306295670995673,0.029370432900432508,0.9009335245531445
2023-04-14,0.67,0.7732898917748914,-0.10328989177489134,-15.416401757446469
2014-11-24,3.84,3.79980380952381,0.04019619047618983,1.0467757936507769
2015-08-18,7.74,7.471823041125543,0.2681769588744576,3.4648185901092714
2015-06-14,4.66,4.569416715506716,0.09058328449328457,1.9438473067228446
2020-09-05,4.94,4.867846547619048,0.07215345238095239,1.4605962020435705
2015-11-23,3.04,3.0751223809523807,-0.03512238095238063,-1.1553414786967313
2017-05-10,4.25,4.403730366300368,-0.15373036630036818,-3.617185089420428
2016-06-21,2.35,2.4776035317460328,-0.12760353174603267,-5.429937521107773
2007-01-17,1.59,1.7653246031746022,-0.17532460317460208,-11.026704602176231
2017-06-23,3.17,2.8751753571428567,0.29482464285714327,9.3004619197837
2020-01-20,1.47,1.5211559126984124,-0.051155912698412465,-3.479994061116494
2009-03-28,0.82,0.6649656349206352,0.15503436507936474,18.90662988772741
2013-01-25,3.12,3.1089510714285717,0.011048928571428362,0.3541323260073193
2011-10-27,5.19,5.191633150183151,-0.0016331501831503559,-0.03146724823025734
2010-10-28,6.16,6.222121132756132,-0.062121132756131736,-1.008459947339801
2022-06-06,4.59,5.018611587301587,-0.428611587301587,-9.337943078465948
2023-02-17,0.84,0.8807560317460319,-0.04075603174603193,-4.851908541194278
2007-05-12,2.46,2.9160067063492074,-0.4560067063492075,-18.5368579816751
2006-08-06,8.22,8.180220198412698,0.03977980158730254,0.4839391920596416
2009-05-01,1.71,1.7188767246642245,-0.008876724664224511,-0.5191067055102053
2023-01-11,0.94,1.0122893686868686,-0.07228936868686864,-7.690358370943473
2012-06-17,2.16,1.9824749603174607,0.1775250396825394,8.218751837154601
2011-03-22,0.92,0.9389137698412696,-0.01891376984126958,-2.055844547964085
2020-05-04,3.02,2.952877380952379,0.06712261904762107,2.2226032797225517
2017-01-19,3.02,2.906592420634921,0.11340757936507906,3.7552178597708297
2008-07-27,10.5,10.841516984126981,-0.34151698412698117,-3.2525427059712495
2017-07-31,9.23,9.66969849206349,-0.4396984920634903,-4.763797313797294
2009-10-03,6.77,6.974690357142858,-0.20469035714285866,-3.0234912428782668
2017-05-11,4.4,4.322761755189257,0.0772382448107436,1.755414654789627
2007-04-19,1.13,1.2924643795093798,-0.16246437950937986,-14.377378717644238
2009-11-09,3.95,3.9626109199134207,-0.01261091991342056,-0.31926379527646986
2008-02-03,2.06,2.1156492171717174,-0.055649217171717336,-2.701418309306667
2016-11-07,3.62,3.7384492460317476,-0.11844924603174745,-3.2720786196615315
2010-03-25,2.58,2.4343840873015874,0.14561591269841268,5.6440276239694835
2022-07-31,5.31,5.37220095959596,-0.062200959595960725,-1.1713928360821229
2016-06-16,2.98,2.962315952380952,0.01768404761904785,0.5934244167465721
2023-05-15,0.78,0.790470595238095,-0.010470595238095015,-1.3423840048839764
2021-07-26,6.95,8.364336814574315,-1.4143368145743151,-20.350169993875035
2016-11-20,5.75,5.734528095238096,0.015471904761904298,0.2690766045548573
2016-12-09,3.98,4.091090714285714,-0.1110907142857136,-2.79122397702798
2015-04-03,2.56,2.6933859523809525,-0.1333859523809524,-5.210388764880953
2023-07-15,3.38,3.3514501984126985,0.02854980158730136,0.8446686860148331
2012-08-30,9.52,9.131549453601952,0.38845054639804744,4.080362882332431
2011-02-12,1.18,1.2322369444444445,-0.0522369444444446,-4.426859698681747
2024-09-30,8.2,7.543389325396828,0.6566106746031712,8.007447251258187
2012-02-08,2.26,2.224067258297259,0.035932741702740856,1.5899443231301265
2018-12-28,2.82,2.6560591178266173,0.16394088217338254,5.813506460049027
2023-09-17,5.9,6.317952380952383,-0.4179523809523831,-7.083938660209882
2009-03-15,0.66,0.6573900180375177,0.0026099819624822995,0.3954518124973181
2017-04-21,1.9,1.9289715476190474,-0.028971547619047522,-1.5248182957393432
2024-09-23,9.55,9.411715858585861,0.13828414141413958,1.4480014807763306
2023-04-02,0.65,0.7058597763347764,-0.055859776334776345,-8.593811743811745
2025-07-22,7.33,7.591399246031745,-0.26139924603174514,-3.566156153229811
2024-12-16,2.42,2.3226815873015862,0.09731841269841368,4.0214220123311435
2011-02-04,1.3,1.3293194047619048,-0.029319404761904755,-2.2553388278388273
2013-05-23,3.1,3.077519285714285,0.022480714285715298,0.7251843317972677
2017-02-20,1.79,1.5759362301587303,0.21406376984126974,11.958869823534622
2022-08-27,7.66,7.929467261904759,-0.2694672619047589,-3.51784937212479
2007-05-19,2.8,2.730298928571429,0.06970107142857085,2.4893239795918163
2010-09-18,10.73,10.489871976911973,0.24012802308802783,2.2379126103264477
2012-02-09,2.28,2.290447774170274,-0.010447774170274204,-0.4582357092225529
2011-01-11,1.93,2.126001547619047,-0.1960015476190471,-10.155520602023167
2010-02-09,1.52,1.4881989285714292,0.031801071428570804,2.092175751879658
2015-01-23,1.4,1.4265335317460321,-0.026533531746032235,-1.8952522675737313
2006-07-05,5.32,5.254286468253967,0.06571353174603356,1.2352167621434877
2011-03-29,0.75,0.7464540476190479,0.003545952380952122,0.4727936507936163
2007-06-19,2.76,2.8246916269841273,-0.06469162698412756,-2.343899528410419
2021-08-25,6.23,6.192694285714286,0.03730571428571405,0.5988076129328098
2025-07-12,6.12,6.086545375180374,0.03345462481962613,0.5466441963991199
2023-10-16,6.45,6.646224047619045,-0.19622404761904466,-3.0422332964192966
2013-08-04,9.85,9.617213293650794,0.23278670634920573,2.3633168157279774
2019-06-22,2.91,2.7769635317460324,0.13303646825396775,4.571699939998892
2025-03-05,1.89,1.921620602453102,-0.031620602453102054,-1.6730477488413786
2008-01-07,2.48,2.6985815873015877,-0.21858158730158772,-8.813773681515634
2025-01-23,1.99,2.0314153102453094,-0.04141531024530942,-2.081171369111026
2018-10-28,5.64,5.507694920634921,0.13230507936507863,2.3458347405155786
2020-11-22,2.31,2.17062880952381,0.13937119047619007,6.033384869099137
2009-08-24,8.74,8.685901984126982,0.05409801587301821,0.6189704333297279
2008-07-22,10.79,11.060338535353537,-0.27033853535353813,-2.50545445184002
2019-09-15,3.45,3.561914642857143,-0.1119146428571427,-3.243902691511382
2015-09-10,8.93,8.735182063492065,0.19481793650793477,2.18161183099591
2012-11-06,4.58,4.694010595238096,-0.11401059523809565,-2.4893143065086383
2016-06-30,3.23,3.367460714285713,-0.13746071428571316,-4.255749668288333
2009-04-15,1.06,1.0294205627705628,0.030579437229437234,2.8848525688148334
2024-06-15,3.82,3.803263730158731,0.016736269841268747,0.4381222471536322
2007-01-29,1.53,1.728296201298702,-0.19829620129870196,-12.960536032594899
2015-03-09,1.46,1.5834843253968263,-0.1234843253968263,-8.45783050663194
2021-11-27,2.53,2.5612834523809522,-0.031283452380952426,-1.2365000941087918
2012-01-26,1.71,1.691270753968254,0.01872924603174586,1.0952775457161323
2013-02-03,2.81,2.8122001190476187,-0.0022001190476186316,-0.07829605151667728
2010-05-20,4.22,4.20102623015873,0.01897376984126975,0.4496153990822216
2010-01-28,1.95,1.9422490367965373,0.007750963203462691,0.39748529248526626
2023-03-06,0.98,1.0026692063492069,-0.022669206349206883,-2.313184321347641
2015-07-13,3.46,3.4030111904761897,0.05698880952381025,1.6470754197633017
2010-10-15,5.98,6.166209967532466,-0.18620996753246555,-3.1138790557268483
2023-02-18,0.84,0.9060962698412699,-0.06609626984126993,-7.868603552532134
2010-11-26,3.26,3.116357142857142,0.14364285714285785,4.406222611744106
2015-09-19,6.8,6.84955374819625,-0.04955374819625025,-0.7287315911213271
2019-12-14,1.34,1.3898072619047626,-0.04980726190476248,-3.716959843638991
2010-12-27,2.21,2.267577341269841,-0.05757734126984104,-2.6053095597213143
2016-02-11,1.48,1.5453431349206348,-0.06534313492063482,-4.415076683826677
2008-01-05,2.55,2.704084365079366,-0.15408436507936596,-6.04252412075945
2023-06-17,2.3,2.240173333333333,0.05982666666666692,2.601159420289866
2006-11-18,3.92,4.122776904761907,-0.20277690476190724,-5.172880223518042
2017-09-29,6.54,6.1529678499278475,0.3870321500721525,5.917922783977867
2016-04-13,2.5,2.6299604870129865,-0.12996048701298646,-5.198419480519458
2017-03-06,2.13,2.2085640476190487,-0.07856404761904878,-3.6884529398614454
2007-02-13,1.86,1.7476347619047612,0.1123652380952389,6.0411418330773605
2010-09-01,11.25,11.332861706349204,-0.08286170634920431,-0.7365485008818161
2013-04-29,2.57,2.5764597222222223,-0.006459722222222464,-0.2513510592304461
2017-07-27,8.86,9.409520714285717,-0.5495207142857179,-6.2022653982586675
2019-08-28,5.78,5.335555317460316,0.44444468253968417,7.689354369198688
2015-05-22,2.62,2.6348696765472233,-0.014869676547223154,-0.5675449063825632
2024-03-19,2.13,2.3293205158730164,-0.19932051587301647,-9.357770698263684
2006-06-19,4.06,4.086605000000002,-0.026605000000002654,-0.6552955665025285
2015-02-26,0.97,1.034567983405483,-0.06456798340548309,-6.656493134585885
2010-05-07,2.71,2.612645714285715,0.09735428571428484,3.5924090669477797
2007-03-12,1.32,1.3654478607503608,-0.04544786075036078,-3.4430197538152103
2007-06-23,4.21,4.2456363888888875,-0.03563638888888754,-0.8464700448666873
2012-02-03,1.95,2.0782712481962484,-0.12827124819624847,-6.578012728012742
2008-11-09,8.65,9.655214325396832,-1.0052143253968318,-11.620974860078979
2020-01-19,1.35,1.4348619047619047,-0.08486190476190458,-6.286067019400339
2021-04-19,2.28,2.387337936507937,-0.10733793650793721,-4.707804232804264
2010-01-18,1.88,1.8563147077922082,0.023685292207791697,1.2598559684995585
2016-09-16,9.61,9.683823968253966,-0.07382396825396675,-0.7681994615397165
2022-11-19,2.62,2.651417222222222,-0.03141722222222176,-1.1991306191687696
2011-11-21,3.4,3.448080873015875,-0.04808087301587527,-1.4141433239963315
2010-06-10,3.02,2.8646159523809533,0.15538404761904667,5.145167139703532
2010-05-16,4.08,3.9437907936507957,0.13620920634920441,3.3384609399314806
2025-11-07,5.22,5.6974325000000015,-0.4774325000000017,-9.146216475095818
2006-06-29,5.46,5.3398388095238065,0.12016119047619345,2.2007544043258873
2007-07-31,8.62,8.528269920634921,0.09173007936507815,1.0641540529591436
2009-03-05,0.34,0.4562247619047621,-0.11622476190476205,-34.1837535014006
2018-12-24,3.02,3.0656733333333324,-0.045673333333332344,-1.5123620309050445
2008-02-04,2.02,2.076749206349206,-0.056749206349206105,-2.8093666509507975
2015-04-01,2.68,2.6467273989898983,0.03327260101010188,1.2415149630635027
2024-07-20,5.38,5.433641749639248,-0.05364174963924828,-0.9970585434804514
2010-07-30,8.58,8.552590714285715,0.027409285714284692,0.31945554445553254
2012-01-21,2.22,2.2101850396825395,0.009814960317460653,0.4421153296153447
2014-02-06,1.98,2.00959693001443,-0.02959693001443009,-1.494794445173237
2011-04-05,0.78,0.7669143650793648,0.013085634920635192,1.6776455026455375
2016-04-22,1.72,1.8343807142857158,-0.11438071428571583,-6.650041528239292
2011-08-27,10.62,10.36383115079365,0.2561688492063485,2.4121360565569545
2006-06-18,4.11,4.102812619047622,0.007187380952378142,0.1748754489629718
2007-12-08,2.8,3.008870595238095,-0.20887059523809537,-7.459664115646264
2009-11-28,2.56,2.838514682539682,-0.27851468253968203,-10.87947978670633
2022-02-11,1.14,1.094159007936508,0.0458409920634919,4.021139654692273
2023-08-21,5.56,5.669648095238095,-0.1096480952380956,-1.9720880438506405
2022-08-07,5.48,5.802036507936507,-0.32203650793650684,-5.876578611980052
2019-11-03,1.52,1.2967946464646467,0.2232053535353533,14.684562732589034
2023-05-11,0.63,0.6505757539682537,-0.02057575396825373,-3.265992693373608
2015-05-15,2.1,2.037530198412699,0.06246980158730109,2.974752456538147
2025-04-10,2.29,2.0815394769119764,0.20846052308802365,9.103079610830727
2007-04-18,1.09,1.2488917460317461,-0.15889174603174605,-14.577224406582207
2010-02-21,1.28,1.2675694444444447,0.012430555555555278,0.9711371527777561
2010-03-26,2.55,2.2344046428571427,0.31559535714285714,12.376288515406163
2019-04-15,1.18,1.0926787698412692,0.08732123015873072,7.400104250739892
2013-11-16,4.81,4.816796345598846,-0.00679634559884601,-0.14129616629617486
2010-09-27,8.88,8.782987777777779,0.09701222222222228,1.0924799799799805
2012-10-24,5.17,5.20383168109668,-0.03383168109667967,-0.6543845473245584
2025-07-26,7.91,7.961336666666667,-0.05133666666666681,-0.649009692372526
2019-07-10,2.4,2.3826305555555565,0.017369444444443438,0.72372685185181
2022-01-28,1.35,1.3854096031746033,-0.03540960317460318,-2.622933568489124
2015-03-01,1.5,1.6433531349206354,-0.1433531349206354,-9.556875661375692
2010-01-21,2.32,2.2680340909090915,0.05196590909090837,2.2399098746081196
2018-06-15,4.06,3.7331322077922082,0.3268677922077914,8.05093084255644
2024-07-24,4.75,4.918998044733043,-0.16899804473304325,-3.5578535733272263
2014-03-10,1.36,1.4927200000000012,-0.13272000000000106,-9.758823529411842
2010-07-22,5.61,5.6996006349206345,-0.08960063492063419,-1.59715926774749
2013-05-18,2.92,2.9122783730158712,0.007721626984128704,0.2644392802783803
2014-02-07,1.98,2.022834126984126,-0.04283412698412592,-2.163339746673026
2017-03-07,2.15,2.137058095238095,0.012941904761905043,0.6019490586932579
2017-05-24,3.9,3.861762590187589,0.03823740981241075,0.9804464054464295
2009-12-08,2.36,2.6186792279942273,-0.2586792279942274,-10.960984237043533
2016-09-15,10.28,10.255923001442998,0.024076998557001517,0.23421204821985914
2015-10-10,4.71,4.7282341666666685,-0.01823416666666855,-0.387137296532241
2009-11-16,2.92,3.30607445887446,-0.38607445887446,-13.221728043645891
2013-02-24,2.74,2.7156660714285703,0.024333928571429908,0.8880995828989017
2021-01-14,1.08,1.1253628724053726,-0.04536287240537251,-4.200265963460417
2009-10-18,5.16,5.29921568986569,-0.13921568986569,-2.6979784857691858
2017-09-24,8.52,8.654223373015874,-0.13422337301587461,-1.575391702064256
2013-03-31,2.73,2.7393914285714294,-0.009391428571429383,-0.3440083725798309
2025-05-17,2.59,2.810226428571428,-0.22022642857142793,-8.502950910093743
2006-03-22,0.95,0.9047513492063493,0.0452486507936507,4.763015873015863
2009-09-08,8.34,8.3425126984127,-0.002512698412699521,-0.030128278329730467
2016-06-02,2.84,2.7920026984126984,0.04799730158730142,1.6900458305387827
2020-04-05,1.9,1.7770710714285716,0.12292892857142834,6.469943609022545
2009-10-05,6.85,6.8801845238095245,-0.030184523809524855,-0.44064998262080085
2006-04-06,0.82,0.8585394444444444,-0.03853944444444446,-4.699932249322495
2012-02-25,1.54,1.5550676443001448,-0.015067644300144734,-0.9784184610483594
2008-11-24,4.68,5.033379642857142,-0.3533796428571421,-7.5508470695970535
2009-10-06,6.51,6.510556507936509,-0.0005565079365092984,-0.008548509009359424
2024-11-11,3.16,3.254295786435785,-0.09429578643578473,-2.98404387455015
2023-02-12,0.92,0.91603746031746,0.003962539682540012,0.4307108350586969
2018-07-11,4.26,4.331918898046398,-0.07191889804639828,-1.6882370433426825
2008-12-21,3.03,3.2326154761904746,-0.20261547619047482,-6.686979412226893
2008-12-24,2.77,2.8985224098124087,-0.1285224098124087,-4.639798188173599
2024-08-21,10.32,10.86315341269841,-0.543153412698409,-5.26311446413187
2014-02-02,1.92,1.9742224206349204,-0.05422242063492044,-2.824084408068773
2015-08-22,7.2,7.131395119047619,0.06860488095238093,0.9528455687830685
2023-07-06,3.58,3.5558290800865797,0.024170919913420352,0.6751653607100657
2019-02-23,0.7,0.7128953246753251,-0.01289532467532517,-1.8421892393321673
2014-02-25,1.46,1.4952712301587294,-0.03527123015872946,-2.415837682104758
2012-07-22,4.01,4.0570574747474755,-0.04705747474747568,-1.173503110909618
2016-05-03,3.56,3.538659444444445,0.021340555555555252,0.5994538077403161
2023-06-30,3.92,3.8594276984126994,0.06057230158730054,1.5452117751862382
2025-08-22,9.59,9.725135000000005,-0.13513500000000533,-1.4091240875912965
2009-09-15,7.07,7.206649047619046,-0.13664904761904584,-1.9328012393075789
2010-08-23,9.97,9.96913417748918,0.0008658225108213458,0.008684277942039575
2015-05-19,2.36,2.496631857864357,-0.13663185786435728,-5.789485502727003
2013-01-22,3.14,3.144945761904763,-0.004945761904763035,-0.15750834091602023
2018-09-25,8.12,7.94579547924298,0.1742045207570193,2.1453758713918636
2020-04-27,2.85,2.769837976190476,0.0801620238095242,2.8127025898078664
2019-10-10,1.82,1.9376037698412691,-0.11760376984126908,-6.461745595674125
2013-06-10,2.58,2.5244416594516585,0.05555834054834152,2.1534240522612995
2007-04-03,1.77,1.7104834126984119,0.05951658730158815,3.362519056586901
2009-08-14,8.8,8.848022222222221,-0.048022222222220634,-0.5457070707070526
2018-09-05,12.32,12.019888928571426,0.3001110714285744,2.435966488868299
2021-12-31,1.18,1.2152699062049064,-0.03526990620490644,-2.988975102110716
2007-11-28,3.44,3.5781033044733026,-0.13810330447330266,-4.014630943991357
2023-11-16,2.48,2.558011053391054,-0.07801105339105385,-3.1456069915747524
2018-08-04,11.32,11.3504476984127,-0.030447698412698898,-0.26897260081889485
2024-10-29,4.18,4.078692817460318,0.1013071825396814,2.4236168071694117
2022-03-17,1.36,1.3345094264069264,0.025490573593073718,1.8743068818436557
2016-02-09,1.49,1.4406721031746033,0.04932789682539673,3.3105971023756195
2024-02-07,1.1,1.101907640415141,-0.001907640415141021,-0.17342185592191098
2007-04-15,1.33,1.2548293253968255,0.07517067460317461,5.651930421291325
2010-05-03,2.42,2.363250702208419,0.05674929779158111,2.345012305437236
2011-12-10,2.56,2.5744665265436324,-0.014466526543632341,-0.5650986931106383
2012-02-13,2.14,2.10239876984127,0.03760123015873029,1.7570668298472099
2014-03-08,1.21,1.181875930735931,0.028124069264068963,2.3243032449643772
2015-07-26,5.77,5.627336865079368,0.14266313492063176,2.4724980055568766
2025-08-26,9.37,9.390132380952384,-0.020132380952384565,-0.21485998881947246
2016-04-14,2.7,3.036080793650794,-0.3360807936507939,-12.447436801881254
2025-08-02,8.7,8.684764895382395,0.015235104617604023,0.1751161450299313
2024-05-09,1.62,1.6294558730158726,-0.009455873015872474,-0.5836958651773132
2023-07-01,3.9,3.7441254365079377,0.1558745634920622,3.9967836792836464
2021-11-08,3.65,4.2894957539682546,-0.6394957539682546,-17.520431615568622
2012-09-09,8.42,8.431156984126982,-0.011156984126982294,-0.13250574972663057
2010-10-12,5.84,5.814381724386723,0.025618275613276786,0.43866910296706824
2017-08-07,6.72,6.186232619047619,0.5337673809523809,7.942966978458049
2024-09-03,10.34,10.28615011904762,0.05384988095237908,0.5207918854195269
2011-11-25,3.19,3.346394206349205,-0.15639420634920498,-4.90263969746724
2006-03-03,1.24,1.1908499206349208,0.0491500793650792,3.963716077828968
2017-06-24,3.12,2.766204801587301,0.353795198412699,11.339589692714712
2015-05-31,2.68,2.584257698412698,0.09574230158730224,3.57247393982471
2022-01-26,1.62,1.5815857539682532,0.038414246031746924,2.3712497550461062
2008-08-16,13.53,13.338539603174604,0.19146039682539495,1.4150805382512561
2022-06-29,4.19,4.966251547619047,-0.7762515476190464,-18.52628991930898
2008-04-14,2.05,1.8239919841269847,0.2260080158730151,11.0247812620983
2024-09-25,10.25,10.059235714285716,0.19076428571428394,1.86111498257838
2025-09-24,8.52,8.69386765873016,-0.17386765873015975,-2.040700219837556
2017-08-21,9.87,9.92701867243867,-0.0570186724386712,-0.577696782559992
2010-04-20,1.66,1.5643379004329003,0.09566209956709959,5.762777082355397
2008-05-03,1.95,1.767948549783551,0.18205145021644897,9.335971805971742
2023-07-09,4.45,4.486003690476191,-0.0360036904761909,-0.8090716960941774
2017-02-01,2.72,2.4156478571428566,0.3043521428571436,11.18941701680675
2006-01-20,1.75,1.7671652777777782,-0.01716527777777821,-0.9808730158730405
2020-10-30,2.65,2.72884376984127,-0.07884376984127028,-2.9752365977837845
2015-09-05,9.23,9.056669426406927,0.17333057359307347,1.877904372622681
2009-11-21,2.92,3.1537444841269844,-0.23374448412698445,-8.004948086540564
2012-03-01,1.68,1.6899594047619046,-0.009959404761904711,-0.5928217120181376
2013-10-31,6.6,6.499595873015874,0.1004041269841256,1.5212746512746302
2025-05-08,2.4,2.4550476443001448,-0.05504764430014486,-2.2936518458393693
2007-06-28,4.19,4.085631706349206,0.10436829365079436,2.4908900632647817
2016-05-15,3.43,3.3857563419913426,0.044243658008657594,1.2899025658500756
2014-11-10,4.66,4.621392698412697,0.03860730158730341,0.8284828666803307
2008-12-12,3.47,3.7172085353535356,-0.24720853535353537,-7.1241652839635545
2021-12-28,1.27,1.3111111904761898,-0.04111119047618983,-3.237101612298412
2007-05-27,3.69,3.829009594572094,-0.13900959457209394,-3.7671976848805944
2011-03-03,0.92,0.9375465231990233,-0.01754652319902328,-1.90723078250253
2024-01-26,1.26,1.4546831547619041,-0.19468315476190412,-15.45104402872255
2018-12-23,2.78,2.5428060714285707,0.23719392857142907,8.53215570400824
2019-04-21,1.44,1.2101855519480522,0.22981444805194773,15.95933667027415
2020-07-23,3.6,3.569890753968254,0.03010924603174603,0.8363679453262786
2011-10-18,6.22,6.165918690476192,0.05408130952380752,0.8694744296432078
2025-09-14,9.31,9.636923755411251,-0.32692375541125074,-3.511533355652532
2023-09-03,5.0,5.236378181818179,-0.23637818181817938,-4.727563636363588
2022-06-02,4.74,4.641772501803754,0.09822749819624654,2.072310088528408
2017-02-05,2.27,2.087044087301587,0.18295591269841305,8.059731836934496
2006-09-05,9.79,9.660135515873016,0.12986448412698337,1.3265013700406882
2025-07-14,6.4,6.469638293650795,-0.06963829365079466,-1.0880983382936664
2008-12-27,2.59,2.6134057978279013,-0.02340579782790142,-0.9036987578340316
2022-02-08,1.3,1.2349065079365074,0.06509349206349269,5.007191697191745
2020-04-10,2.2,2.1100343253968243,0.08996567460317584,4.089348845598901
2015-10-14,6.08,6.242080176767676,-0.1620801767676756,-2.665792381047296
2015-07-14,3.46,3.5364734523809522,-0.07647345238095227,-2.2102153867327243
2022-09-16,7.74,8.013422734487735,-0.2734227344877347,-3.5325934688337814
2012-04-25,1.79,1.839143650793651,-0.049143650793650906,-2.7454553516006093
2021-08-20,5.92,5.828898365800866,0.0911016341991342,1.538878956066456
2010-07-25,6.04,5.793029166666668,0.24697083333333225,4.088921081677686
2016-11-26,4.02,4.015953611111111,0.004046388888888863,0.10065644002211104
2021-12-21,1.8,1.7234389682539675,0.07656103174603257,4.253390652557365
2022-02-13,1.12,1.3716977261627263,-0.25169772616272623,-22.473011264529124
2012-09-30,6.45,6.52001917748918,-0.07001917748918007,-1.085568643243102
2021-10-10,3.48,3.6311627922077943,-0.15116279220779427,-4.343758396775697
2006-08-17,8.26,8.272501020923526,-0.01250102092352634,-0.15134407897731647
2007-04-14,1.51,1.3634082142857136,0.14659178571428644,9.708065279091818
2012-03-03,1.66,1.7165736111111114,-0.05657361111111148,-3.408048862115149
2017-09-02,9.1,9.062566190476193,0.03743380952380626,0.4113605442176513
2011-10-13,6.55,6.372374047619048,0.1776259523809518,2.7118466012359055
2012-04-09,0.8,0.9877413564213566,-0.1877413564213566,-23.467669552669573
2011-10-29,4.9,4.8984047835497835,0.0015952164502168742,0.032555437759528044
2016-05-29,4.5,4.386569014041513,0.11343098595848744,2.5206885768552767
2020-11-27,1.89,1.760098214285715,0.129901785714285,6.873110355253176
2017-04-13,3.56,3.5772081349206353,-0.01720813492063522,-0.48337457642233767
2018-02-14,1.71,1.463230198412698,0.24676980158730188,14.430982548965025
2009-01-21,1.84,1.9372512987012989,-0.09725129870129878,-5.285396668548847
2021-07-12,3.67,3.942609285714286,-0.2726092857142861,-7.428045932269376
2012-07-28,6.52,6.083023055555554,0.4369769444444458,6.702100374914813
2017-12-30,3.22,3.232008849206348,-0.012008849206347705,-0.3729456275263262
2020-05-19,3.28,3.2940415404040393,-0.014041540404039488,-0.42809574402559414
2017-04-03,1.96,2.0627238888888892,-0.10272388888888928,-5.241014739229045
2025-01-28,1.97,2.0705996031746023,-0.10059960317460237,-5.106578841350374
2021-12-17,1.82,1.830202738095239,-0.010202738095238972,-0.5605900052329106
2017-12-26,3.16,3.10667865079365,0.05332134920635001,1.68738446855538
2007-11-08,5.86,5.953883214285716,-0.09388321428571533,-1.6021026328620365
2025-07-18,6.97,6.8763717857142845,0.09362821428571522,1.3433029309284825
2012-05-24,2.3,2.2509761127761125,0.049023887223887286,2.1314733575603166
2006-02-01,1.7,1.709724199134199,-0.009724199134198974,-0.5720117137764102
2011-03-19,0.93,0.984789816849817,-0.054789816849816986,-5.8913781558943
2011-11-04,5.46,5.508299722222222,-0.048299722222221675,-0.8846102971102872
2008-12-15,3.87,3.8092532936507926,0.060746706349207535,1.5696823346048459
2007-06-29,4.11,3.9549036507936512,0.15509634920634907,3.7736338006410963
2009-07-22,7.63,7.243776666666667,0.3862233333333327,5.061904761904754
2012-12-26,2.24,2.2554005411255416,-0.015400541125541345,-0.6875241573902385
2021-03-11,2.2,2.414790198412698,-0.21479019841269764,-9.763190836940801
2017-03-27,2.1,2.2012411507936505,-0.10124115079365037,-4.821007180650017
2007-08-16,7.14,6.992734559884561,0.1472654401154383,2.0625411780873715
2018-04-14,3.44,3.451365595238095,-0.011365595238094883,-0.33039521040973496
2017-10-30,6.1,6.055600761183258,0.04439923881674179,0.7278563740449474
2025-06-01,3.21,3.0965769372294365,0.11342306277056347,3.5334287467465253
2016-03-06,3.43,3.5278114285714293,-0.0978114285714291,-2.8516451478550757
2006-01-18,1.78,1.7565669047619041,0.02343309523809589,1.3164660246121287
2006-04-07,0.8,0.837791349206349,-0.03779134920634897,-4.723918650793621
2007-12-14,3.04,3.1190973809523803,-0.07909738095238028,-2.6018875313282988
2011-10-01,10.76,10.096706406926407,0.6632935930735933,6.164438597338227
2025-05-21,3.25,3.0813063095238094,0.16869369047619065,5.190575091575097
2006-06-06,3.65,3.507633769841269,0.14236623015873073,3.900444661883034
2015-06-05,1.94,1.7939812698412698,0.14601873015873013,7.5267386679757795
2025-03-12,1.85,1.9954553102453099,-0.14545531024530978,-7.862449202449177
2020-10-31,2.62,2.7101865079365073,-0.09018650793650718,-3.442233127347602
2017-01-20,3.02,2.972498492063494,0.047501507936506204,1.5728976137915962
2006-11-16,4.06,4.238797857142859,-0.17879785714285923,-4.403888106966977
2011-05-20,2.1,1.8017804761904757,0.29821952380952443,14.200929705215447
2025-07-16,6.72,6.777363015873016,-0.05736301587301629,-0.853616307634171
2009-08-15,8.42,8.479989563492063,-0.059989563492063525,-0.7124651246088304
2008-11-08,8.57,9.492205660173159,-0.9222056601731587,-10.760859511938841
2007-03-02,1.54,1.473240873015873,0.066759126984127,4.335008245722532
2023-04-13,0.65,0.7399577092352091,-0.08995770923520907,-13.839647574647548
2020-06-12,1.78,1.8287240476190474,-0.04872404761904736,-2.7373060460138965
2007-03-24,1.5,1.4803581349206343,0.019641865079365717,1.3094576719577145
2018-05-13,2.74,2.857948373015873,-0.11794837301587258,-4.304685146564692
2018-09-01,11.85,11.253567460317448,0.5964325396825512,5.0331859888822885
2015-12-25,1.91,1.9763308974358966,-0.06633089743589671,-3.4728218552825507
2020-05-10,3.15,3.0347580952380957,0.11524190476190421,3.6584731670445785
2017-05-16,4.22,4.135401626984128,0.08459837301587214,2.0047007823666383
2014-11-08,4.42,4.512442976190475,-0.09244297619047526,-2.091470049558264
2025-09-19,8.85,8.974023571428571,-0.12402357142857134,-1.40139628732849
2008-12-16,3.32,3.73619107142857,-0.41619107142857015,-12.53587564543886
2025-02-22,1.92,2.0313446428571424,-0.11134464285714252,-5.799200148809507
2025-11-09,4.98,5.1651296176046175,-0.1851296176046171,-3.7174622008959255
2013-07-06,3.27,3.1248312481962484,0.14516875180375166,4.439411370145311
2022-12-21,1.62,1.692989444444445,-0.072989444444445,-4.505521262002777
2015-03-30,2.92,2.8840052777777796,0.03599472222222033,1.232695966514395
2021-07-28,7.63,8.071062658730163,-0.44106265873016337,-5.780637729097816
2022-09-04,7.46,7.234624383116884,0.2253756168831158,3.0211208697468606
2013-10-23,4.83,4.701116785714287,0.1288832142857128,2.668389529724903
2012-02-19,1.59,1.5530724062049064,0.036927593795093694,2.322490175792056
2006-04-04,0.92,0.8994846825396826,0.020515317460317428,2.229925810904068
2025-08-27,9.33,9.405627142857144,-0.07562714285714378,-0.8105803092941455
2007-08-09,9.82,9.737304523809522,0.08269547619047835,0.8421127921637305
2022-04-12,0.66,0.6900621428571431,-0.030062142857143037,-4.554870129870157
2018-07-23,8.3,8.33443972222222,-0.034439722222218805,-0.4149364123158892
2017-05-23,4.0,3.907425039682539,0.09257496031746104,2.314374007936526
2022-02-22,1.48,1.277339365079365,0.20266063492063502,13.693286143286151
2024-09-26,10.26,9.960253412698412,0.29974658730158765,2.9215066988458838
2007-04-22,1.46,1.5413677380952375,-0.08136773809523756,-5.573132746249148
2013-02-07,2.25,2.2232147054416154,0.02678529455838463,1.1904575359282057
2012-08-14,9.6,9.415726309523809,0.18427369047619102,1.9195176091269899
2019-03-17,0.72,0.7536897222222223,-0.03368972222222233,-4.679128086419769
2011-09-10,9.79,9.683769880952381,0.10623011904761803,1.0850880393015123
2008-10-03,9.4,10.030218253968254,-0.6302182539682537,-6.704449510300571
2015-08-25,6.6,6.550138492063493,0.04986150793650701,0.755477392977379
2015-07-06,2.72,2.671887954545454,0.04811204545454606,1.7688252005347813
2016-01-29,2.3,2.380238113275613,-0.08023811327561337,-3.4886136206788425
2024-06-20,2.9,2.604804325396825,0.29519567460317475,10.179161193212922
2008-12-11,3.52,3.7747988095238116,-0.2547988095238116,-7.238602543290103
2017-02-10,2.27,2.179248145743145,0.09075185425685506,3.9978790421522055
2013-01-21,3.13,3.214706238095238,-0.08470623809523792,-2.7062695877072818
2022-10-27,3.36,3.4720061111111096,-0.1120061111111097,-3.333515211640169
2007-05-03,2.07,2.1660174603174607,-0.09601746031746083,-4.6385246530174316
2016-03-20,3.19,3.1663574285714287,0.02364257142857129,0.7411464397671251
2012-12-19,2.52,2.5480464213564216,-0.028046421356421547,-1.1129532284294263
2020-05-12,3.07,2.9727136904761915,0.09728630952380835,3.1689351636419656
2020-02-25,1.02,0.965887619047619,0.05411238095238102,5.305135387488336
2007-07-16,3.55,3.46721918831169,0.08278081168830997,2.331853850374929
2013-04-03,2.64,2.6795523593073596,-0.03955235930735945,-1.4981954283090702
2009-12-15,2.53,2.662742388279935,-0.13274238827993523,-5.2467347146219465
2015-01-30,2.9,2.9552263888888888,-0.05522638888888887,-1.9043582375478918
2006-12-01,3.26,3.1882015079365082,0.07179849206349154,2.2024077320089432
2022-09-02,8.36,8.243267936507937,0.11673206349206211,1.3963165489481115
2017-11-12,4.9,4.7358399603174615,0.1641600396825389,3.3502048914803852
2014-05-15,2.12,2.1374267460317458,-0.017426746031745655,-0.8220163222521535
2006-01-24,1.78,1.7530409920634924,0.02695900793650763,1.5145510076689679
2012-07-19,4.46,4.412452896825396,0.047547103174603755,1.0660785465157794
2019-11-20,1.06,1.0710740079365078,-0.011074007936507702,-1.044717729859217
2009-06-16,4.32,4.141469927849926,0.17853007215007466,4.132640559029506
2023-07-13,3.38,3.2291078571428558,0.15089214285714414,4.464264581572312
2018-11-26,3.79,3.692276984126985,0.09772301587301513,2.5784436905808743
2025-01-17,2.72,2.7083244552669545,0.011675544733045662,0.4292479681266787
2013-10-18,4.53,4.652566118326118,-0.12256611832611775,-2.7056538261836143
2022-11-23,2.5,2.6833979365079363,-0.18339793650793634,-7.335917460317454
2024-08-06,10.38,10.347391547619052,0.03260845238094845,0.3141469400862085
2011-11-27,3.34,3.2837659523809526,0.05623404761904727,1.6836541203307565
2012-08-04,11.66,10.530004603174605,1.1299953968253948,9.69121266574095
2022-10-02,7.6,8.40197277777778,-0.801972777777781,-10.552273391812909
2013-05-09,2.43,2.2829616269841266,0.14703837301587352,6.0509618525050834
2023-05-12,0.7,0.7371384126984125,-0.03713841269841256,-5.305487528344652
2008-04-09,1.74,1.6962922619047616,0.043707738095238424,2.511938970990714
2016-02-20,2.82,2.984421547619047,-0.16442154761904737,-5.8305513340087725
2017-05-20,3.99,3.9609657142857144,0.02903428571428579,0.7276763336913732
2025-03-24,1.96,2.0471250793650793,-0.0871250793650793,-4.445157110463229
2021-11-24,2.46,2.3744607142857133,0.0855392857142867,3.4772067363531183
2015-07-20,2.38,2.4847396464646456,-0.10473964646464573,-4.400825481707804
2009-05-07,1.87,1.7057527167277164,0.16424728327228366,8.783277180336025
2009-11-12,3.54,3.7710172727272733,-0.23101727272727324,-6.52591165896252
2017-03-02,1.49,1.409940476190476,0.08005952380952408,5.373122403323763
2013-07-16,5.15,5.528051706349208,-0.3780517063492077,-7.340809832023449
2015-12-22,2.0,2.1181535714285715,-0.11815357142857152,-5.907678571428576
2012-05-07,2.31,2.24601852980353,0.06398147019647027,2.7697606145658122
2011-02-07,1.27,1.2946473015873017,-0.024647301587301662,-1.94073240844895
2009-02-19,0.59,0.6313151587301588,-0.041315158730158785,-7.0025692762981
2010-01-24,2.1,2.019483196248196,0.08051680375180403,3.834133511990668
2016-01-10,3.16,3.3179487698412715,-0.15794876984127137,-4.998378792445297
2019-05-08,2.16,1.8555600793650802,0.30443992063492,14.094440770135183
2011-09-16,10.42,10.16145323593074,0.25854676406926025,2.481254933486183
2007-01-14,1.67,1.7055859523809525,-0.035585952380952524,-2.1308953521528458
2009-12-05,2.56,2.8872380769230768,-0.3272380769230767,-12.782737379807685
2020-05-23,3.6,3.465199512987013,0.13480048701298708,3.7444579725829743
2006-07-19,7.06,6.927752893217896,0.1322471067821036,1.8731884813329123
2015-06-12,4.45,4.431263540903541,0.018736459096459157,0.42104402463953156
2010-07-29,8.58,8.704187301587304,-0.12418730158730362,-1.4474044474044712
2020-11-19,2.55,2.8605172943722943,-0.3105172943722945,-12.177148798913509
2025-04-11,2.26,2.0533612626262623,0.2066387373737375,9.143306963439715
2020-06-13,1.86,1.8693381746031748,-0.009338174603174654,-0.5020523980201427
2009-07-12,8.99,9.119426190476187,-0.12942619047618642,-1.4396684146405607
2017-05-02,3.84,4.020263225108224,-0.18026322510822457,-4.694354820526682
2023-08-19,6.28,6.604067896825396,-0.3240678968253956,-5.160316828429866
2019-04-01,1.06,1.071112121212121,-0.011112121212121018,-1.0483133218982092
2008-01-27,2.18,2.339531865079365,-0.1595318650793649,-7.317975462356187
2018-07-02,7.62,7.782680223665222,-0.16268022366522228,-2.134911071722077
2013-09-18,8.9,8.772212222222224,0.12778777777777606,1.4358177278401802
2023-04-12,0.67,0.7344488492063489,-0.06444884920634886,-9.619231224828187
2019-02-22,0.7,0.7111671103896109,-0.011167110389610935,-1.5953014842301338
2009-12-23,2.13,2.4314985714285724,-0.3014985714285725,-14.154862508383687
2013-05-02,2.69,2.556242103174604,0.13375789682539585,4.972412521390181
2015-06-28,3.06,2.909470634920634,0.15052936507936598,4.919260296711307
2019-03-09,0.8,0.7117734956709956,0.08822650432900447,11.028313041125559
2015-12-01,2.44,2.387592261904763,0.05240773809523702,2.147858118657255
2023-10-03,7.1,7.074831208513712,0.025168791486287923,0.35449002093363274
2009-05-28,1.61,1.6194375396825396,-0.009437539682539464,-0.5861825889776064
2011-06-27,5.0,5.0263398015873015,-0.026339801587301537,-0.5267960317460307
2010-04-12,1.84,1.6646548412698405,0.17534515873015954,9.529628191856498
2017-06-10,2.09,2.3146148412698415,-0.22461484126984166,-10.747121591858454
2019-11-05,1.12,1.173939527417027,-0.0539395274170269,-4.816029233663115
2008-03-12,1.3,1.4271657936507933,-0.12716579365079328,-9.7819841269841
2013-07-20,6.03,6.105345613275615,-0.07534561327561473,-1.2495126579703935
2022-07-07,4.22,4.468617261904761,-0.2486172619047613,-5.891404310539368
2007-07-02,4.48,4.328788412698412,0.15121158730158868,3.375258645124747
2009-11-08,3.87,3.94181369047619,-0.07181369047618968,-1.855650916697408
2021-01-25,2.05,2.1941250793650795,-0.14412507936507968,-7.03049167634535
2025-04-03,1.99,2.024930407647907,-0.03493040764790689,-1.7552968667289897
2023-12-06,1.6,1.7633088095238096,-0.16330880952380955,-10.206800595238096
2022-09-17,7.76,7.985721587301588,-0.22572158730158787,-2.9087833415153077
2016-05-07,2.57,2.62897977994228,-0.058979779942279986,-2.294933071684046
2023-04-27,0.74,0.8174922222222217,-0.07749222222222174,-10.471921921921858
2023-12-27,1.5,1.4847163383838384,0.01528366161616157,1.0189107744107715
2020-08-10,4.85,4.749958333333334,0.10004166666666592,2.062714776632287
2022-03-11,0.9,1.05763702020202,-0.15763702020201997,-17.51522446689111
2021-11-05,3.34,3.451656103896103,-0.11165610389610325,-3.3429971226378226
2016-10-08,6.06,6.243230692640691,-0.18323069264069147,-3.0236087894503547
2020-12-31,2.28,2.5972480555555557,-0.3172480555555559,-13.91438840155947
2014-04-28,3.12,3.1321407539682538,-0.012140753968253648,-0.38912672975171947
2023-08-31,5.64,5.844231666666668,-0.2042316666666686,-3.6211288416075993
2025-03-06,1.93,1.9130414357864354,0.016958564213564564,0.8786820836043816
2020-12-11,1.55,1.4962521518759015,0.053747848124098496,3.467603104780548
2007-06-03,3.61,3.4581949855699867,0.15180501443001315,4.205125053462969
2007-09-04,8.86,8.802258690476188,0.05774130952381107,0.6517077824357909
2024-12-25,2.3,2.647163373015873,-0.34716337301587297,-15.094059696342304
2019-08-22,5.15,4.561073055555557,0.5889269444444434,11.435474649406666
2007-11-15,4.43,4.4867308333333344,-0.05673083333333473,-1.2806057185854343
2020-05-05,3.03,2.9664677380952384,0.06353226190476136,2.096774320289154
2007-05-07,2.44,2.4154236111111107,0.024576388888889245,1.0072290528233296
2018-12-07,2.64,2.568706038961038,0.07129396103896202,2.7005288272334096
2008-01-13,2.62,2.6034396073517114,0.01656039264828868,0.6320760552781938
2006-11-20,3.72,3.519539239094237,0.20046076090576337,5.388730131875359
2013-07-11,3.84,3.922412222222222,-0.08241222222222211,-2.1461516203703677
2015-10-22,4.56,4.373047579365079,0.18695242063492046,4.099833785853519
2012-06-11,3.94,3.743642142857145,0.1963578571428548,4.983701957940478
2008-11-13,7.17,7.457538690476188,-0.28753869047618785,-4.0103025171016435
2017-03-11,1.78,1.8510903968253964,-0.07109039682539642,-3.993842518280698
2009-10-07,6.09,5.967826547619045,0.122173452380955,2.0061322230041876
2025-11-03,4.98,5.141605093795094,-0.16160509379509325,-3.245082204720748
2006-11-21,3.71,3.5092292390942372,0.20077076090576274,5.41161080608525
2021-10-15,3.85,3.622422240259738,0.22757775974026195,5.911110642604207
2007-08-10,9.72,9.652681547619046,0.06731845238095424,0.692576670585949
2021-08-19,5.65,5.948077453102451,-0.2980774531024508,-5.275707134556652
2025-06-19,4.32,4.219101168831167,0.10089883116883325,2.3356210918711398
2015-11-20,3.52,3.4671514682539692,0.05284853174603077,1.501378742784965
2011-10-30,4.64,4.5988502380952365,0.04114976190476316,0.8868483169129991
2020-12-18,1.92,1.7443701587301592,0.17562984126984071,9.147387566137539
2017-01-21,3.04,2.9665950396825407,0.07340496031745936,2.414636852548005
2019-05-24,1.35,1.328900714285715,0.0210992857142851,1.5629100529100073
2015-05-01,2.0,2.0534145887445887,-0.05341458874458871,-2.6707294372294355
2016-04-10,3.23,3.41166630952381,-0.18166630952381002,-5.624343948105573
2013-12-28,4.02,4.192933668831169,-0.17293366883116956,-4.301832557989293
2008-01-04,2.56,2.6935661507936497,-0.13356615079364964,-5.217427765376939
2022-03-18,1.39,1.2753655158730153,0.11463448412698463,8.2470851889917
2016-08-04,5.52,5.615605238095238,-0.09560523809523858,-1.731978951000699
2006-03-30,1.12,1.1213402489177486,-0.0013402489177485322,-0.1196650819418332
2018-08-05,10.82,10.76402619047619,0.05597380952380959,0.5173180177801255
2012-01-19,2.33,2.340333434343434,-0.010333434343433812,-0.44349503619887604
2011-04-04,0.78,0.7694488888888888,0.010551111111111178,1.3527065527065611
2021-10-08,3.55,3.4334137698412706,0.11658623015872926,3.2841191594008246
2013-03-28,2.85,2.7248976623376624,0.1251023376623377,4.389555707450445
2018-07-16,5.72,5.589896865079364,0.13010313492063563,2.2745303307803435
2019-06-21,3.06,2.9022883333333325,0.15771166666666758,5.153976034858418
2020-09-22,6.08,6.5948533189033185,-0.5148533189033184,-8.467982218804579
2019-02-13,0.84,0.8571642099567096,-0.017164209956709642,-2.0433583281797194
2006-07-18,7.23,7.083969642857144,0.14603035714285628,2.0197836395969055
2012-03-16,1.94,1.925124244089244,0.014875755910755961,0.7667915417915444
2014-04-30,3.19,3.0812357936507935,0.10876420634920647,3.409536249191426
2016-12-06,3.65,3.80657626984127,-0.15657626984127004,-4.289760817569042
2006-03-15,1.05,1.0505735569985568,-0.0005735569985567679,-0.054624476053025506
2010-11-19,3.62,3.5345020634920656,0.08549793650793447,2.361821450495427
2012-12-17,2.68,2.6013295727621197,0.07867042723788042,2.935463702905986
2015-01-26,1.72,1.8472799206349213,-0.12727992063492133,-7.39999538575124
2018-03-25,3.24,3.2253904797979804,0.014609520202019777,0.4509111173462894
2009-07-02,3.39,3.3087048015873006,0.0812951984126995,2.3980884487521976
2021-09-23,5.01,4.988492738095237,0.021507261904762487,0.4292866647657183
2013-10-19,4.91,5.349230952380952,-0.4392309523809521,-8.945640578023465
2023-08-03,5.12,5.05971873015873,0.060281269841270024,1.1773685515873051
2019-06-08,4.26,4.2672387301587325,-0.007238730158732665,-0.1699232431627386
2013-04-12,2.88,2.8826577777777778,-0.00265777777777787,-0.09228395061728716
2023-09-16,5.52,5.8171148015873015,-0.29711480158730197,-5.382514521509094
2025-01-18,2.51,2.4037193253968256,0.10628067460317414,4.2342898248276555
2023-05-03,1.26,1.0046685714285715,0.25533142857142854,20.26439909297052
2024-06-08,1.92,1.9026996825396825,0.01730031746031746,0.9010582010582011
2024-10-21,4.96,4.904175753968254,0.055824246031746405,1.1254888312852098
2019-06-24,2.66,2.515651190476191,0.14434880952380924,5.4266469745792945
2009-05-05,1.99,1.9051423199023199,0.08485768009768013,4.264205030034177
2024-02-22,0.78,0.8430429004329005,-0.0630429004329005,-8.082423132423141
2023-01-24,1.11,1.3465351587301588,-0.23653515873015873,-21.309473759473757
2009-01-09,1.56,1.609983452380952,-0.04998345238095192,-3.2040674603174306
2014-11-27,3.8,3.8502844047619043,-0.05028440476190443,-1.323273809523801
2013-12-18,4.08,4.13677642857143,-0.05677642857143006,-1.3915791316526975
2022-09-06,7.22,7.346527734487733,-0.12652773448773313,-1.752461696505999
2012-09-15,8.07,7.938459007936508,0.131540992063492,1.629999901654176
2019-10-26,1.55,1.3353605555555559,0.21463944444444416,13.847706093189945
2008-04-23,1.84,1.6741605555555545,0.16583944444444554,9.013013285024215
2009-05-09,1.69,1.515689087301587,0.17431091269841303,10.31425518925521
2024-06-13,3.43,3.6191605555555544,-0.18916055555555422,-5.514885001619656
2021-07-18,3.5,3.208711991341991,0.2912880086580092,8.322514533085977
2021-04-03,2.65,2.640686547619048,0.009313452380951937,0.3514510332434693
2013-05-03,2.69,2.5506386507936516,0.13936134920634835,5.18071930135124
2011-07-17,7.09,6.991265436507934,0.09873456349206577,1.3925890478429588
2013-11-21,4.56,4.680780674603174,-0.1207806746031741,-2.6486990044555725
2006-07-28,8.0,7.860976666666666,0.13902333333333416,1.737791666666677
2019-08-31,5.69,5.005592857142857,0.6844071428571432,12.028245041426066
2022-02-23,1.38,1.2689551190476183,0.11104488095238163,8.046730503795771
2017-09-10,8.5,8.545459285714285,-0.04545928571428526,-0.5348151260504148
2007-09-13,10.44,10.280902539682543,0.1590974603174562,1.5239220336921093
2022-04-29,0.58,0.6413159451659451,-0.061315945165945185,-10.571714683783654
2019-03-31,1.01,0.9208439682539675,0.08915603174603248,8.8273298758448
2024-09-13,13.27,13.004313333333334,0.2656866666666655,2.0021602612408858
2023-12-05,1.73,1.7968963888888887,-0.06689638888888871,-3.86684328837507
2008-09-30,10.29,10.818111785714287,-0.5281117857142874,-5.132281688185495
2023-04-23,0.93,0.9423018650793651,-0.012301865079365037,-1.322781191329574
2017-07-20,8.02,8.236604884559881,-0.21660488455988158,-2.700809034412489
2022-09-18,7.66,7.908210674603176,-0.24821067460317625,-3.240348232417444
2025-01-02,2.48,2.475523611111111,0.004476388888889016,0.18049955197133127
2008-11-28,4.26,4.601433333333333,-0.3414333333333328,-8.0148669796557
2017-07-17,5.95,6.031565,-0.08156499999999944,-1.3708403361344443
2022-11-24,2.54,2.889974062049062,-0.3499740620490619,-13.778506379884325
2006-10-14,10.09,10.536199668109669,-0.44619966810966893,-4.422196908916441
2007-07-05,4.41,4.295033333333333,0.11496666666666755,2.6069538926681983
2022-04-26,0.72,0.7368919047619049,-0.01689190476190494,-2.3460978835979085
2015-02-15,1.48,1.402927936507937,0.07707206349206297,5.207571857571822
2015-11-02,3.9,3.922130721500722,-0.02213072150072204,-0.5674543974544113
2014-11-14,4.54,4.338284404761904,0.20171559523809623,4.443074784980093
2019-10-07,2.14,2.1646004004329,-0.024600400432899683,-1.1495514220981158
2010-07-10,3.88,3.6785238095238113,0.2014761904761886,5.192685321551252
2018-08-09,10.03,9.477324126984128,0.5526758730158718,5.510228046020657
2021-12-30,1.24,1.2146066125541126,0.025393387445887372,2.04785382628124
2025-03-08,1.94,1.919605674603174,0.020394325396825952,1.0512538864343275
2007-02-06,2.22,2.340888492063492,-0.12088849206349161,-5.445427570427549
2008-11-01,6.08,6.327500396825401,-0.2475003968254006,-4.070730210944089
2008-01-18,2.48,2.672895836663336,-0.19289583666333598,-7.778057929973226
2012-12-08,3.2,3.237388373015873,-0.03738837301587283,-1.168386656746026
2006-02-11,1.61,1.663475497835498,-0.053475497835497876,-3.3214594928880667
2017-02-25,1.37,1.3350816666666672,0.03491833333333294,2.548783454987806
2017-11-01,6.89,6.767025277777775,0.12297472222222439,1.7848290598290912
2024-10-15,5.76,5.407512326839826,0.3524876731601738,6.119577659030796
2020-07-29,3.5,3.447852341269842,0.05214765873015814,1.489933106575947
2017-12-01,5.82,5.411338621933623,0.4086613780663777,7.0216731626525375
2022-02-26,1.33,1.3247187121212114,0.005281287878788676,0.3970893141946373
2009-11-25,2.68,2.822112261904761,-0.142112261904761,-5.302696339729888
2008-01-08,2.46,2.661447716450218,-0.2014477164502182,-8.188931563017
2008-09-10,11.47,11.44464214285714,0.025357857142861207,0.22107983559600006
2018-01-31,1.98,1.8982735606060606,0.08172643939393942,4.12759794918886
2016-01-15,3.0,2.977503737373737,0.02249626262626281,0.749875420875427
2023-11-27,2.32,2.3719515476190476,-0.051951547619047744,-2.23929084564861
2009-01-03,1.95,2.010359924242424,-0.0603599242424242,-3.0953807303807284
2021-03-16,2.55,2.6078027777777777,-0.05780277777777787,-2.266775599128544
2019-10-24,1.81,2.360238225108224,-0.5502382251082238,-30.399901939680873
2024-08-26,11.73,11.752389285714287,-0.022389285714286444,-0.19087200097430898
2025-05-03,2.34,2.3388163095238106,0.0011836904761892697,0.050585063085011525
2020-10-29,3.06,2.517059285714284,0.5429407142857161,17.743160597572423
2011-02-28,0.96,0.9755063888888883,-0.015506388888888334,-1.615248842592535
2021-05-25,4.89,5.977308921356416,-1.0873089213564162,-22.23535626495739
2010-02-11,1.47,1.4464860714285723,0.023513928571427645,1.5995869776481393
2025-10-25,5.63,5.695102420634921,-0.06510242063492111,-1.1563485015083679
2017-07-29,9.5,10.006512896825395,-0.5065128968253951,-5.331714703425212
2024-08-16,8.1,7.66730761904762,0.4326923809523793,5.34188124632567
2021-02-23,1.25,1.341306785714286,-0.09130678571428597,-7.304542857142877
2012-01-02,2.3,2.3051172170824348,-0.005117217082434955,-0.2224876992363024
2008-11-14,6.73,7.019316309523806,-0.28931630952380516,-4.29890504493024
2010-06-24,2.4,2.3668416955266953,0.03315830447330459,1.3815960197210246
2021-10-28,3.43,3.5027746031746,-0.07277460317459994,-2.1217085473644297
2024-10-16,5.53,5.3380362355699855,0.19196376443001473,3.471315812477662
2021-01-23,1.69,1.87128619047619,-0.18128619047619,-10.726993519301182
2007-07-04,4.55,4.400506547619046,0.14949345238095368,3.285570381998982
2023-05-02,1.16,1.3678774206349211,-0.2078774206349212,-17.920467296113898
2013-03-09,3.14,3.0716099206349208,0.06839007936507935,2.178028005257304
2008-08-29,10.28,10.330646760461757,-0.05064676046175798,-0.49267276713772357
2006-10-24,7.32,7.415836626984128,-0.09583662698412798,-1.309243538034535
2014-03-16,3.16,3.0895391666666656,0.07046083333333453,2.2297732067510925
2015-12-05,2.06,2.185014639249639,-0.12501463924963874,-6.06867180823489
2017-11-09,4.84,4.845478874458874,-0.005478874458874294,-0.11319988551393172
2023-07-19,3.93,4.200677896825398,-0.27067789682539756,-6.887478290722584
2021-07-21,2.68,2.7616425396825406,-0.08164253968254043,-3.0463634209903145
2016-03-24,3.07,3.2928625793650785,-0.2228625793650787,-7.2593674060286215
2025-06-12,3.91,3.7751145238095245,0.13488547619047564,3.44975642430884
2018-03-01,3.43,3.3869171825396824,0.043082817460317724,1.2560588180850647
2006-04-11,0.77,0.841981349206349,-0.07198134920634902,-9.348227169655717
2021-10-17,3.48,3.8728117604617602,-0.39281176046176025,-11.287694266142537
2025-04-17,1.95,1.9858486507936504,-0.035848650793650405,-1.8383923483923286
2020-09-30,5.83,5.9507158044733055,-0.12071580447330543,-2.070596989250522
2017-10-15,6.53,6.43790095376845,0.0920990462315503,1.410398870314706
2009-12-10,2.44,2.8420609920634923,-0.40206099206349233,-16.477909510798867
2018-07-01,7.52,7.467103701298701,0.05289629870129886,0.7034082274108892
2018-05-12,2.73,2.6733979761904765,0.056602023809523505,2.073334205477052
2017-12-27,3.17,3.1150804365079354,0.054919563492064505,1.7324783435982494
2015-08-11,10.23,10.167329484126988,0.06267051587301253,0.6126150134214324
2008-03-10,1.32,1.4253689285714282,-0.1053689285714281,-7.982494588744553
2010-04-01,1.76,1.6505474711399717,0.10945252886002832,6.218893685228881
2009-10-08,5.67,5.549350212842712,0.12064978715728802,2.1278622073595774
2009-11-02,3.73,3.727728813131313,0.002271186868687103,0.06088972838303225
2025-06-03,3.33,3.3425076551226556,-0.012507655122655503,-0.3756052589386037
2017-08-31,8.64,8.742172936507936,-0.10217293650793557,-1.1825571355085134
2006-12-13,2.78,2.7429200721500724,0.03707992784992742,1.3338103543139361
2008-10-18,6.64,6.722142857142859,-0.08214285714285907,-1.2370912220310102
2010-06-06,2.55,2.437872658730159,0.11212734126984092,4.3971506380329775
2011-12-23,2.22,2.3212034523809515,-0.1012034523809513,-4.558714071214022
2018-05-14,2.89,2.9133203968253962,-0.023320396825396106,-0.8069341462074777
2007-11-13,4.53,4.500656507936508,0.02934349206349207,0.6477592066996042
2020-03-17,1.45,1.440868531746032,0.009131468253968045,0.629756431308141
2013-01-31,2.92,2.884284841269842,0.03571515873015807,1.223121874320482
2009-08-22,8.62,8.581878531746035,0.0381214682539639,0.4422444112988852
2006-03-29,1.11,1.114560725108225,-0.004560725108224917,-0.41087613587611854
2007-04-11,1.71,1.682179206349206,0.02782079365079393,1.626946997122452
2013-09-08,9.3,9.48328579365079,-0.18328579365078923,-1.9708149854923571
2010-10-23,6.38,6.086974484126983,0.2930255158730173,4.592876424341964
2009-02-24,0.47,0.47475380952380947,-0.0047538095238094935,-1.0114488348530837
2010-04-04,1.83,1.7444543434343442,0.08554565656565583,4.674626041839116
2020-03-27,1.2,1.3143411507936509,-0.11434115079365093,-9.528429232804244
2008-08-19,12.41,12.335125238095236,0.0748747619047645,0.6033421587813417
2011-07-29,9.38,9.309565833333329,0.07043416666667213,0.7508972992182529
2025-10-06,7.3,7.583534563492067,-0.28353456349206674,-3.884035116329682
2006-06-07,3.82,3.73757441919192,0.08242558080808005,2.1577377174890064
2006-12-18,2.59,2.6044125396825395,-0.014412539682539638,-0.556468713611569
2014-11-19,3.5,3.2581380952380954,0.2418619047619046,6.910340136054417
2015-01-14,1.62,1.66385876984127,-0.043858769841269796,-2.7073314716833203
2009-04-11,1.12,1.1386059776334774,-0.018605977633477266,-1.6612480029890415
2017-10-18,6.37,6.355316071428567,0.014683928571432858,0.2305169320476116
2019-05-10,1.76,1.603161468253968,0.1568385317460319,8.911280212842723
2013-09-28,6.7,7.001779087301585,-0.3017790873015844,-4.5041654821132004
2015-04-04,2.66,2.763896666666666,-0.10389666666666564,-3.905889724310738
2014-05-09,2.6,2.3707988095238095,0.22920119047619059,8.815430402930406
2008-01-14,2.63,2.6450550396825387,-0.015055039682538851,-0.5724349689178271
2025-07-10,5.9,5.93471857142857,-0.034718571428570044,-0.5884503631961024
2006-03-26,1.12,1.1658300505050505,-0.0458300505050504,-4.091968795093785
2020-08-08,5.05,4.827956602564103,0.22204339743589685,4.39689895912667
2013-09-05,8.38,8.3736607972583,0.0063392027417013,0.0756468107601587
2011-12-15,2.37,2.398203062770563,-0.028203062770562948,-1.1900026485469597
2025-05-25,3.89,3.7488066269841274,0.14119337301587276,3.6296496919247496
2024-06-26,3.45,3.585326616161617,-0.1353266161616169,-3.9225106133802
2009-07-27,7.11,6.813323055555555,0.29667694444444503,4.172671511173629
2016-06-23,2.43,2.537114278499278,-0.10711427849927802,-4.407994999970288
2024-10-20,5.23,5.203054722222222,0.02694527777777811,0.5152060760569428
2018-04-09,3.92,3.834741839826839,0.08525816017316101,2.1749530656418625
2009-04-26,1.3,1.2989682683982686,0.0010317316017314226,0.0793639693639556
2012-11-12,3.66,3.6502626190476195,0.009737380952380637,0.2660486599011103
2015-04-29,1.54,1.662631587301588,-0.12263158730158796,-7.963090084518698
2017-06-08,2.18,2.0764807142857142,0.10351928571428592,4.74859108781128
2016-11-17,6.43,6.556090805860806,-0.12609080586080612,-1.9609767629985402
2013-10-08,5.52,5.443063611111109,0.07693638888889076,1.39377516103063
2015-11-09,3.45,3.3774796428571414,0.07252035714285876,2.102039337474167
2020-08-02,3.15,3.367651507936509,-0.2176515079365089,-6.909571680524092
2006-06-17,4.21,4.185764642857144,0.02423535714285574,0.5756616898540556
2021-07-08,3.78,3.877694206349207,-0.09769420634920722,-2.584502813471091
2022-05-19,1.66,2.090397380952382,-0.430397380952382,-25.927553069420604
2020-05-27,3.64,3.632693906926408,0.007306093073592201,0.2007168426811044
2017-08-02,8.1,7.962171194083697,0.13782880591630242,1.701590196497561
2023-08-28,5.44,5.424861572871572,0.015138427128428056,0.27827991044904515
2021-02-13,1.06,1.056352106782107,0.003647893217893161,0.34414086961256235
2025-03-01,1.89,1.9123861580086583,-0.022386158008658397,-1.1844528046909206
2016-02-16,2.16,2.215339512987012,-0.05533951298701201,-2.5620144901394446
2025-09-15,9.22,9.533898740981238,-0.31389874098123727,-3.404541659232508
2009-11-23,2.76,3.0142163888888884,-0.25421638888888864,-9.210738727858285
2015-06-20,4.48,4.424028961038961,0.05597103896103928,1.2493535482374838
2014-05-17,2.28,2.240814078144078,0.039185921855921624,1.7186807831544575
2017-09-12,8.26,7.873545357142854,0.3864546428571458,4.678627637495712
2013-04-06,2.66,2.738401825396825,-0.07840182539682505,-2.947437044993423
2014-03-19,2.92,2.9446417857142846,-0.02464178571428466,-0.8438967710371458
2021-12-24,1.39,1.3812185714285712,0.008781428571428718,0.6317574511819222
2017-08-15,7.82,7.764825303030301,0.0551746969696989,0.7055587847787582
2013-03-25,2.9,2.89322496031746,0.006775039682540118,0.23362205801862476
2013-12-29,3.84,4.114208492063494,-0.27420849206349374,-7.140846147486816
2009-01-14,1.52,1.5945258333333334,-0.0745258333333334,-4.903015350877197
2009-04-04,0.51,0.7669726298701298,-0.2569726298701298,-50.38679017061368
2022-05-04,1.05,1.151562103174603,-0.10156210317460301,-9.672581254724095
2013-10-28,7.05,7.28574757215007,-0.23574757215007036,-3.3439371936180193
2024-06-09,1.92,1.9541357936507942,-0.03413579365079422,-1.777905919312199
2016-12-11,3.16,2.9105622222222216,0.24943777777777854,7.893600562587928
2021-04-30,3.83,3.8492484740259725,-0.019248474025972406,-0.5025711233935354
2015-03-15,1.5,1.5637869963369957,-0.0637869963369957,-4.25246642246638
2024-03-07,2.12,2.1546790548340553,-0.0346790548340552,-1.6358044733044905
2008-09-22,9.25,9.520395220057717,-0.27039522005771666,-2.9231915681915313
2008-10-20,6.3,6.5101473809523815,-0.21014738095238172,-3.3356727135298683
2007-01-09,1.91,1.95349586940837,-0.043495869408370025,-2.277270649652881
2020-03-26,1.1,1.1613132142857139,-0.06131321428571379,-5.573928571428526
2020-06-06,1.52,1.665450436507937,-0.145450436507937,-9.569107664995855
2010-06-08,2.65,2.6779103354978355,-0.027910335497835614,-1.053220207465495
2006-11-05,5.02,5.220812420634919,-0.20081242063491977,-4.00024742300637
2021-10-16,3.54,3.565636958874461,-0.025636958874461158,-0.7242078778096372
2012-10-26,4.96,5.049941305916305,-0.08994130591630523,-1.81333278057067
2022-05-24,1.43,1.2957565934065933,0.1342434065934066,9.387650810727735
2009-08-11,8.72,8.804240562770566,-0.08424056277056557,-0.9660614996624491
2012-03-25,1.49,1.4416857142857142,0.048314285714285754,3.2425695110258896
2022-07-09,4.67,4.850250782828284,-0.180250782828284,-3.8597598036035117
2012-04-12,1.02,1.048555714285714,-0.028555714285714018,-2.799579831932747
2015-07-23,4.86,5.210430714285714,-0.3504307142857135,-7.2105085243973965
2024-03-23,2.32,2.7672659523809515,-0.4472659523809517,-19.27870484400654
2013-05-30,3.64,3.5725836507936504,0.06741634920634976,1.8520975056689493
2018-06-02,4.72,4.73969619047619,-0.01969619047619009,-0.4172921711057222
2017-05-30,4.22,4.297209743867244,-0.07720974386724411,-1.8296147835839838
2008-03-24,1.27,1.2956517857142855,-0.025651785714285502,-2.019825646794134
2006-03-07,1.15,1.1795079076479076,-0.029507907647907672,-2.5659050128615366
2008-07-17,7.44,7.1572648809523844,0.28273511904761595,3.8002032130055903
2016-02-04,1.6,1.6222738095238092,-0.022273809523809085,-1.3921130952380678
2016-01-27,1.92,2.067011428571428,-0.14701142857142813,-7.656845238095215
2011-02-15,1.12,1.1578303679653683,-0.037830367965368206,-3.377711425479304
2023-02-06,1.27,0.9370415873015872,0.33295841269841286,26.217197850268732
2011-02-27,0.96,0.9755063888888883,-0.015506388888888334,-1.615248842592535
2025-02-19,1.64,1.693670595238095,-0.05367059523809514,-3.2725972706155577
2016-04-06,3.34,3.331829761904761,0.008170238095238869,0.2446179070430799
2008-11-06,7.48,8.573878611111116,-1.0938786111111156,-14.62404560308978
2024-04-16,1.66,1.6811002380952376,-0.021100238095237644,-1.2710986804360027
2007-05-02,1.86,1.9426541630591634,-0.08265416305916329,-4.443772207481897
2025-05-01,2.27,2.3580503968253974,-0.08805039682539739,-3.8788721068457
2024-04-11,2.38,2.2870053968253967,0.09299460317460317,3.9073362678404693
2021-03-22,3.27,3.414875448717949,-0.14487544871794888,-4.430441856818009
2015-06-01,2.74,2.7731165079365074,-0.03311650793650722,-1.208631676514862
2008-07-11,8.48,8.986236785714285,-0.5062367857142842,-5.96977341644203
2006-11-19,3.82,4.030782619047621,-0.21078261904762075,-5.51786960857646
2006-09-06,9.39,9.256710476190479,0.13328952380952153,1.4194837466402717
2021-05-29,6.15,6.227917063492068,-0.07791706349206784,-1.2669441218222413
2018-08-02,11.52,11.079948888888886,0.4400511111111136,3.8198881172839725
2020-01-09,1.86,1.5215103571428574,0.33848964285714267,18.198367895545303
2010-07-03,3.54,3.397129430014431,0.14287056998556924,4.035891807501956
2017-09-26,7.68,7.539499285714289,0.14050071428571087,1.829436383928527
2006-08-20,7.59,7.529388690476192,0.06061130952380811,0.7985679779157854
2019-07-11,2.38,2.3799508225108235,4.917748917643294e-05,0.002066281057833317
2011-09-13,10.3,10.31732137085137,-0.017321370851369977,-0.16816864904242695
2019-06-28,2.19,2.2210486147186144,-0.03104861471861442,-1.4177449643202933
2024-09-28,9.15,8.367050396825396,0.7829496031746039,8.556826264203321
2012-03-15,1.96,1.9373207123432135,0.022679287656786506,1.1571065131013523
2013-04-20,2.49,2.4966876984126993,-0.006687698412699117,-0.2685822655702456
2006-04-02,0.98,0.9088996825396827,0.07110031746031731,7.255134434726256
2009-11-22,2.8,3.109459007936508,-0.30945900793650827,-11.052107426303866
2006-11-15,4.12,4.264667976190477,-0.144667976190477,-3.5113586453999273
2018-05-15,3.13,3.130850357142857,-0.0008503571428573053,-0.027167959835696656
2023-02-09,0.88,0.9523739285714282,-0.07237392857142821,-8.224310064935024
2011-10-10,7.5,6.75908345238095,0.74091654761905,9.878887301587334
2016-08-30,9.17,9.09522175324675,0.07477824675324918,0.8154661587050074
2015-02-07,2.27,2.284196507936508,-0.014196507936508063,-0.625396825396831
2017-03-21,1.26,1.2871591053391054,-0.02715910533910537,-2.1554845507226488
2015-07-04,2.67,2.6593670238095246,0.010632976190475318,0.3982388086320344
2022-01-04,1.28,1.5167207539682537,-0.23672075396825365,-18.493808903769814
2019-07-03,1.86,2.066994365079365,-0.20699436507936508,-11.128729305342208
2013-05-04,2.68,2.6298228571428557,0.050177142857144474,1.8722814498934506
2022-07-23,6.75,7.079043174603172,-0.32904317460317234,-4.874713697824776
2010-12-14,2.52,2.501358966999184,0.018641033000815987,0.7397235317784122
2024-05-02,1.84,1.895204206349206,-0.055204206349205975,-3.0002286059351073
2016-07-18,4.02,3.9218917063492063,0.09810829365079332,2.440504817183914
2012-06-05,3.16,3.253474480519482,-0.09347448051948204,-2.958053180996267
2012-05-29,2.4,2.2201076984126984,0.17989230158730152,7.495512566137563
2013-12-12,3.7,3.7781342965367966,-0.07813429653679638,-2.1117377442377396
2021-04-05,2.56,2.2982718253968257,0.2617281746031743,10.223756820436497
2016-03-30,3.06,3.135310494227994,-0.07531049422799407,-2.461127262352748
2010-03-17,1.52,1.5409705158730156,-0.02097051587301557,-1.3796392021720771
2010-05-21,4.41,4.309222069597069,0.10077793040293148,2.2852138413363146
2009-10-26,4.52,4.534625793650792,-0.014625793650792751,-0.3235795055485122
2011-04-02,0.77,0.7555509523809525,0.014449047619047528,1.8764996907853932
2024-05-17,1.66,1.7074621886446888,-0.047462188644688874,-2.859167990643908
2025-02-08,1.79,1.7131350793650792,0.07686492063492079,4.294129644408982
2009-12-24,2.18,2.390490317460318,-0.21049031746031766,-9.655519149555856
2018-06-13,4.57,4.389874531024531,0.18012546897546944,3.9414763451962673
2020-09-28,6.01,5.629148531746035,0.3808514682539652,6.3369628661225486
2013-05-15,3.07,2.9553283802308785,0.11467161976912132,3.7352319143036263
2012-01-17,2.22,2.164671666666667,0.0553283333333332,2.492267267267261
2007-12-13,3.06,3.179694484126984,-0.1196944841269838,-3.9115844485942417
2009-05-30,1.72,1.749638582251083,-0.029638582251082957,-1.7231733866908696
2017-08-13,8.02,8.005842222222224,0.014157777777775493,0.17653089498473185
2015-11-27,2.96,2.9270664682539693,0.03293353174603064,1.1126193157442783
2006-09-23,7.5,7.644108452380952,-0.14410845238095238,-1.9214460317460318
2024-07-31,5.32,5.187866825396827,0.1321331746031733,2.483706289533333
2024-10-25,4.43,4.403732420634921,0.026267579365078397,0.5929476154645237
2015-03-14,1.44,1.4435238888888886,-0.00352388888888866,-0.24471450617282361
2018-12-02,3.17,2.605655634920635,0.5643443650793651,17.80266135897051
2008-03-01,1.55,1.5745596031746032,-0.02455960317460315,-1.5844905273937515
2023-11-25,2.22,2.52952365079365,-0.30952365079364963,-13.94250679250674
2020-05-30,3.22,3.2754562698412686,-0.05545626984126839,-1.722244405008335
2013-06-11,2.75,2.7450039682539678,0.004996031746032248,0.18167388167389992
2008-04-19,2.42,2.0702698099415207,0.3497301900584793,14.451660746218153
2006-01-15,1.93,1.952952936507936,-0.022952936507936172,-1.189271321654724
2014-04-29,3.15,3.1251307539682536,0.02486924603174634,0.7894998740236933
2015-03-08,1.59,1.6352685714285717,-0.04526857142857166,-2.8470799640611104
2017-08-17,7.76,7.686464325396826,0.0735356746031739,0.9476246727213131
2022-05-26,1.44,1.595881726190476,-0.15588172619047613,-10.82511987433862
2006-01-09,1.99,1.997886150793651,-0.007886150793650959,-0.3962889846055758
2013-07-24,6.28,6.603864404761904,-0.3238644047619035,-5.157076508947508
2020-02-08,1.12,1.017174682539683,0.10282531746031709,9.18083191609974
2006-11-29,3.5,3.3061388636363636,0.19386113636363644,5.538889610389613
2012-10-09,5.91,5.962452528860025,-0.05245252886002483,-0.8875216389175097
2022-07-16,7.0,8.116398290043294,-1.1163982900432945,-15.948547000618493
2010-06-22,2.24,2.1320079365079376,0.10799206349206258,4.821074263038508
2016-08-14,7.67,7.814037066544569,-0.14403706654456894,-1.8779278558613943
2022-07-28,6.15,5.935109967532465,0.2148900324675358,3.494146869390826
2012-11-17,3.28,3.230554123376623,0.04944587662337696,1.5074962385175905
2019-10-02,2.42,2.3421575685425697,0.0778424314574302,3.2166293990673633
2013-11-29,4.58,4.6661637157287155,-0.0861637157287154,-1.8813038368715154
2013-10-02,6.87,6.9318200000000045,-0.06182000000000443,-0.8998544395924953
2006-12-06,2.88,2.9152715079365072,-0.03527150793650735,-1.2247051366842832
2025-01-07,2.56,2.5559509523809525,0.004049047619047563,0.15816592261904544
2015-01-27,2.02,2.098294206349207,-0.07829420634920714,-3.8759508093666897
2010-01-08,2.06,2.0100116666666663,0.049988333333333745,2.4266181229773665
2022-03-30,1.6,1.5116468650793642,0.0883531349206359,5.5220709325397435
2018-06-01,4.62,4.721424166666664,-0.1014241666666642,-2.1953282828282292
2007-09-15,10.11,10.153620079365078,-0.04362007936507872,-0.43145479095033357
2025-09-02,9.51,9.528214563492064,-0.018214563492064073,-0.19153063608900184
2024-06-21,2.88,2.742246865079366,0.1377531349206338,4.783094962522007
2012-09-25,6.98,6.993113214285713,-0.013113214285712438,-0.18786839950877418
2013-09-30,7.34,7.159490245310244,0.18050975468975583,2.4592609630756925
2009-08-29,8.34,9.402253160173165,-1.0622531601731655,-12.736848443323328
2010-03-18,1.6,1.5296167857142857,0.07038321428571437,4.398950892857148
2011-12-31,2.34,2.3185416738816746,0.02145832611832521,0.9170224836891117
2021-10-13,3.55,4.045889603174602,-0.49588960317460185,-13.968721216185967
2019-04-09,1.44,1.318317857142857,0.12168214285714285,8.45014880952381
2006-07-16,6.66,6.528639292929292,0.13136070707070857,1.9723829890496782
2017-01-14,3.76,3.3802676587301574,0.37973234126984234,10.099264395474531
2013-01-28,3.1,3.092150357142856,0.007849642857144179,0.25321428571432836
2009-02-28,0.41,0.4105311507936507,-0.0005311507936507365,-0.12954897406115526
2023-12-01,2.24,2.292503928571429,-0.052503928571428826,-2.3439253826530724
2018-12-14,2.46,2.4853853571428575,-0.0253853571428575,-1.0319250871080285
2007-03-09,1.42,1.4768842857142856,-0.05688428571428572,-4.005935613682094
2012-01-10,2.12,2.162595595238095,-0.04259559523809475,-2.0092261904761677
2025-01-16,3.02,3.0131026190476202,0.006897380952379795,0.22839009776092034
2013-12-02,4.35,4.547337063492063,-0.19733706349206326,-4.536484218208351
2009-10-12,5.14,5.224666482683983,-0.08466648268398291,-1.6472078343187337
2017-08-22,9.92,9.902593293650797,0.017406706349202494,0.17547083013308967
2015-05-02,2.03,2.092965595238096,-0.0629655952380963,-3.1017534600047445
2023-01-01,1.44,1.3357679292929285,0.10423207070707141,7.238338243546625
2018-07-08,5.21,5.145254108946608,0.06474589105339223,1.2427234367253788
2010-09-28,8.91,8.890853333333332,0.019146666666667755,0.21488963711187156
2007-08-28,7.5,7.544426255411257,-0.04442625541125711,-0.5923500721500948
2025-03-16,1.98,1.9578932936507938,0.022106706349206195,1.1165003206669795
2011-08-09,8.95,8.692115833333334,0.25788416666666514,2.881387337057711
2020-09-02,5.4,4.971067301587304,0.4289326984126962,7.943198118753633
2009-10-30,4.42,4.49389615079365,-0.07389615079364997,-1.6718586152409496
2020-01-05,1.58,1.673009365079365,-0.09300936507936486,-5.886668675909168
2019-05-19,1.43,1.4839309126984122,-0.053930912698412214,-3.771392496392463
2024-11-08,3.62,3.413389484126981,0.20661051587301893,5.707472814171793
2022-02-03,0.94,1.1098538492063492,-0.16985384920634927,-18.069558426207372
2014-04-23,2.0,1.8845205186480174,0.1154794813519826,5.773974067599131
2021-08-26,6.04,6.193182579365079,-0.15318257936507873,-2.5361354199516346
2018-10-20,6.1,6.089196356421354,0.010803643578645605,0.1771089111253378
2011-02-05,1.28,1.3293194047619048,-0.04931940476190477,-3.8530784970238106
2021-03-07,1.33,1.589011468253968,-0.2590114682539679,-19.474546485260745
2010-02-19,1.37,1.342592619047619,0.027407380952381155,2.0005387556482592
2017-12-18,3.78,3.4060072619047594,0.37399273809524036,9.893987780297364
2008-06-24,5.49,5.545033069985569,-0.05503306998556923,-1.0024238613036287
2024-08-22,10.62,10.983549801587303,-0.363549801587304,-3.4232561354736726
2011-12-06,2.92,2.9023361002885997,0.017663899711400255,0.604928072308228
2015-04-30,1.82,2.018147222222222,-0.1981472222222218,-10.887210012209989
2021-03-05,1.56,1.5200093001443002,0.03999069985569981,2.5635064010063977
2019-04-29,1.74,1.3811883730158723,0.3588116269841277,20.621357872651018
2018-03-08,3.13,3.098088769841269,0.03191123015873076,1.019528120087245
2011-07-26,10.07,10.204367142857143,-0.13436714285714224,-1.3343311107958513
2010-04-09,1.85,1.75513866883117,0.09486133116883,5.127639522639459
2013-06-27,2.67,4.413149047619046,-1.7431490476190463,-65.28648118423395
2023-01-12,0.98,1.0959811147186145,-0.1159811147186145,-11.834807624348418
2017-10-25,6.21,5.991029484126984,0.21897051587301597,3.5260952636556513
2011-09-02,10.13,9.71074145021645,0.41925854978355126,4.13878134041018
2016-01-14,3.28,3.3199471031746026,-0.039947103174602816,-1.2178994870305737
2010-02-22,1.28,1.2190044047619049,0.06099559523809517,4.765280877976185
2006-09-12,8.29,8.363928903318905,-0.07392890331890634,-0.8917841172365059
2014-04-18,3.62,3.5602287301587303,0.05977126984126979,1.6511400508638066
2006-08-10,8.72,8.735955912698413,-0.01595591269841279,-0.18298065021115584
2016-11-21,5.44,5.332597435897436,0.10740256410256421,1.9743118401206656
2016-01-20,2.48,2.456298167388168,0.023701832611831897,0.9557190569287055
2013-04-09,2.68,2.694315833333334,-0.01431583333333375,-0.5341728855721548
2011-08-06,9.6,8.811917301587304,0.7880826984126958,8.209194775132248
2009-03-22,0.77,0.7483890692640691,0.0216109307359309,2.806614381289727
2011-07-19,7.8,7.4079259920634914,0.3920740079365084,5.026589845339851
2025-09-01,9.48,9.51376918470419,-0.033769184704189215,-0.3562150285252027
2013-09-07,8.3,7.675215,0.624785000000001,7.52753012048194
2023-07-25,3.12,2.6999739682539676,0.4200260317460325,13.462372812372836
2020-05-31,3.32,3.3770626587301593,-0.05706265873015948,-1.7187547810289
2016-02-13,1.79,1.9203382142857146,-0.13033821428571457,-7.281464485235451
2015-11-28,2.9,2.9085425396825406,-0.008542539682540706,-0.294570333880714
2007-01-12,1.71,1.9111661147186143,-0.20116611471861434,-11.76410027594236
2008-01-26,2.24,2.3426290764790765,-0.10262907647907626,-4.581655199958761
2006-10-19,9.7,9.652904087301584,0.04709591269841518,0.4855248731795379
2014-05-30,2.8,2.7358854004329003,0.06411459956709953,2.289807127396412
2016-04-05,2.44,3.4348591233766235,-0.9948591233766235,-40.77291489248457
2006-07-08,4.85,4.7423473015873014,0.1076526984126982,2.2196432662412002
2025-07-17,6.83,6.828922976190473,0.0010770238095272333,0.015769016244908247
2021-03-10,2.02,2.1666635714285714,-0.14666357142857134,-7.260572842998581
2015-03-31,2.82,2.899333253968254,-0.07933325396825408,-2.813235956321067
2024-03-14,2.03,2.044780000000001,-0.014780000000001348,-0.7280788177340566
2007-05-17,3.03,2.9096552197802197,0.12034478021978012,3.9717749247452185
2013-05-14,3.2,3.100710414862913,0.09928958513708697,3.1027995355339675
2012-07-29,7.55,7.85253777777778,-0.30253777777778,-4.007122884473908
2023-08-16,6.93,7.114269285714285,-0.18426928571428558,-2.659008451865593
2017-01-16,3.52,3.180532738095236,0.33946726190476406,9.643956304112615
2017-10-22,6.67,6.365593266178263,0.3044067338217369,4.563819097777165
2024-05-29,3.82,4.7129025,-0.8929025000000004,-23.374410994764407
2007-11-04,5.58,5.587204577922075,-0.007204577922075295,-0.12911429967876872
2025-07-31,8.56,8.658377103174605,-0.09837710317460413,-1.1492652240023846
2009-03-21,0.88,0.752240378787879,0.12775962121212103,14.518138774104663
2013-01-23,3.14,3.1073616666666664,0.03263833333333377,1.039437367303623
2021-07-17,3.5,3.4754443253968246,0.024555674603175426,0.7015907029478693
2021-01-31,1.49,1.4947272619047618,-0.004727261904761804,-0.3172658996484432
2024-12-08,2.1,2.08754753968254,0.012452460317460279,0.5929743008314418
2014-04-14,3.18,3.0368907142857138,0.14310928571428638,4.500292003593912
2006-08-05,8.27,8.216303373015874,0.05369662698412547,0.6492941594211061
2017-04-27,3.57,3.744531150793652,-0.17453115079365222,-4.888827753323592
2007-02-26,1.58,1.5404527380952382,0.03954726190476188,2.5029912597950554
2020-12-13,1.62,1.543826388888889,0.0761736111111111,4.702074759945129
2019-04-19,1.32,1.2835813125763127,0.03641868742368737,2.758991471491467
2016-09-03,8.33,8.161622056277055,0.16837794372294468,2.021343862220224
2007-05-22,2.68,2.7065326587301586,-0.02653265873015842,-0.9900245794835231
2020-03-28,1.32,1.4176561111111112,-0.09765611111111117,-7.39819023569024
2015-12-24,1.92,1.9796581593406593,-0.05965815934065932,-3.1071957989926733
2010-04-17,1.82,1.6191923412698412,0.20080765873015882,11.033387842316419
2010-04-05,1.88,1.8066028968253973,0.07339710317460257,3.9041012326916267
2018-12-12,2.57,2.449455335497836,0.12054466450216372,4.690453871679522
2018-06-12,4.68,4.664717777777777,0.015282222222222863,0.3265432098765569
2013-07-07,3.22,3.025113134920634,0.19488686507936626,6.052387114266032
2014-03-30,3.32,3.1712806349206346,0.14871936507936523,4.479498948173652
2018-06-08,4.08,4.198091013708515,-0.11809101370851494,-2.894387590894974
2018-11-03,5.66,5.347622330447332,0.3123776695526681,5.519040098103677
2011-04-27,0.7,0.6992474603174604,0.0007525396825395214,0.10750566893421734
2006-12-14,2.73,2.7567345743145744,-0.026734574314574377,-0.9792884364312958
2010-06-05,2.53,2.361130079365079,0.16886992063492068,6.674700420352596
2006-11-30,3.37,3.237859603174604,0.13214039682539624,3.92108002449247
2020-06-29,2.54,2.5827527686202685,-0.042752768620268444,-1.6831798669397027
2012-09-07,8.43,8.447317658730158,-0.01731765873015867,-0.20542892918337685
2023-05-14,0.8,0.7671769047619046,0.03282309523809546,4.102886904761932
2021-05-14,3.4,3.4187718772893776,-0.01877187728937768,-0.552114037922873
2024-08-12,8.35,7.962472142857145,0.38752785714285487,4.641052181351555
2019-10-31,1.38,1.5297692063492052,-0.14976920634920532,-10.852841039797488
2011-03-08,0.86,0.8697571825396824,-0.009757182539682385,-1.1345561092653937
2008-01-17,2.52,2.5926867279942276,-0.0726867279942276,-2.884393968024905
2024-06-28,4.22,4.451798809523808,-0.23179880952380838,-5.49286278492437
2020-09-10,4.32,4.578998452380953,-0.2589984523809523,-5.995334545855377
2015-11-25,3.04,2.995343968253968,0.04465603174603183,1.4689484126984156
2013-06-23,2.18,2.0525322402597395,0.1274677597402607,5.847144942213793
2023-10-17,6.31,6.6341587301587275,-0.32415873015872787,-5.137222347998857
2018-02-21,2.67,2.795524166666668,-0.125524166666668,-4.701279650437003
2023-10-20,5.58,5.5913032900432915,-0.011303290043291447,-0.2025679219227858
2006-09-17,7.28,6.946224007936504,0.3337759920634964,4.584835055817258
2021-07-11,3.55,3.7541178571428575,-0.20411785714285768,-5.749798792756555
2016-07-04,3.54,3.441262142857143,0.09873785714285699,2.7892050040355083
2019-08-21,5.54,4.785890634920633,0.7541093650793673,13.612082402154646
2018-11-05,5.46,5.010481547619047,0.44951845238095256,8.232938688295835
2010-01-06,2.16,2.075246746031745,0.08475325396825495,3.923761757789581
2007-08-23,8.26,8.211085992063493,0.048914007936506465,0.5921792728390612
2006-02-15,1.61,1.6017309740259735,0.008269025974026567,0.5136040977656252
2018-10-21,5.98,6.020626785714281,-0.0406267857142808,-0.6793776875297792
2016-06-10,2.96,2.885983520923521,0.07401647907647879,2.500556725556716
2019-02-19,0.68,0.6946136507936509,-0.014613650793650845,-2.1490662931839477
2025-01-10,2.44,2.642303391053391,-0.20230339105339112,-8.291122584155373
2011-11-14,4.41,4.454986150793651,-0.04498615079365109,-1.0200941223050133
2009-04-17,1.14,1.105252982017982,0.03474701798201796,3.0479840335103474
2011-08-21,10.74,10.507173986291486,0.23282601370851452,2.1678399786640083
2015-03-17,1.48,1.4654605555555549,0.014539444444445104,0.9823948948949396
2020-02-18,1.42,1.3768317857142855,0.04316821428571438,3.0400150905432666
2013-09-10,10.8,10.746107777777777,0.05389222222222401,0.49900205761318517
2007-03-03,1.43,1.3386472619047618,0.09135273809523814,6.3883033633033675
2012-01-08,2.19,2.2428503083028084,-0.05285030830280846,-2.4132560868862307
2008-03-17,1.32,1.4074020238095233,-0.08740202380952322,-6.621365440115396
2007-02-15,1.67,1.6213232539682536,0.04867674603174632,2.9147752114818157
2018-09-04,12.54,12.270816904761901,0.26918309523809825,2.1465956558062063
2016-04-18,2.71,2.536107702589808,0.17389229741019196,6.416689941335497
2007-03-15,1.58,1.5045884523809523,0.07541154761904778,4.772882760699226
2018-10-19,6.23,6.28154169191919,-0.05154169191918978,-0.8273144770335438
2007-03-11,1.35,1.3493023845598844,0.0006976154401157064,0.05167521778634862
2013-11-24,4.65,4.771916309523808,-0.12191630952380805,-2.621856118791571
2009-04-13,1.12,1.0777415945165942,0.04225840548340587,3.773071918161238
2009-07-06,5.96,5.232059716810967,0.7279402831890334,12.213763140755592
2016-04-25,1.72,2.054150158730159,-0.3341501587301592,-19.427334809892976
2012-09-04,8.7,8.680992380952382,0.01900761904761694,0.21847837985766602
2010-04-10,1.84,1.7030091774891787,0.1369908225108214,7.445153397327249
2019-07-26,1.5,1.6047605555555557,-0.10476055555555575,-6.98403703703705
2013-04-22,2.04,2.0759209154734157,-0.03592091547341569,-1.7608291898733184
2008-11-16,6.16,6.253986111111111,-0.09398611111111066,-1.5257485569985496
2007-09-19,10.18,10.17695376984127,0.0030462301587288465,0.029923675429556453
2021-09-02,5.62,5.822703293650794,-0.20270329365079398,-3.6068201717223127
2006-07-30,7.71,7.636138809523808,0.0738611904761921,0.9579920943734385
2021-04-26,2.1,2.3161790476190474,-0.21617904761904727,-10.294240362811774
2023-04-06,0.65,0.7072223953823954,-0.057222395382395375,-8.803445443445442
2010-10-08,7.12,6.687485714285711,0.43251428571428896,6.074638844301812
2006-02-21,1.51,1.4752426190476189,0.03475738095238112,2.3018133081047103
2009-01-15,1.56,1.6530180952380953,-0.09301809523809523,-5.962698412698412
2010-10-05,8.15,8.287787095959597,-0.13778709595959704,-1.6906392142281845
2009-11-27,2.57,2.9416700793650796,-0.3716700793650798,-14.461870792415557
2010-05-27,4.2,4.157424491341988,0.04257550865801196,1.013702587095523
2011-03-11,0.89,0.8654515476190476,0.02454845238095238,2.758253076511503
2019-12-18,1.86,2.1298908333333326,-0.2698908333333325,-14.51025985663078
2022-03-24,1.22,1.4036377597402592,-0.1836377597402592,-15.052275388545835
2022-11-21,2.52,2.4798202380952374,0.04017976190476258,1.5944349962207374
2009-08-09,6.54,5.942674444444446,0.5973255555555541,9.133418280665966
2018-12-01,3.39,3.1504251190476187,0.23957488095238144,7.067105632813611
2017-11-10,4.89,4.7927784523809525,0.09722154761904722,1.988170707955976
2012-04-05,0.62,0.8262413311688311,-0.20624133116883114,-33.26473083368244
2015-12-30,2.53,2.5519994233690286,-0.021999423369028825,-0.8695424256533133
2021-06-23,4.83,4.794445734126986,0.03555426587301369,0.7361131650727472
2014-03-25,2.89,2.8619604761904758,0.028039523809524347,0.9702257373537837
2015-10-04,5.1,5.104168134920634,-0.004168134920634614,-0.08172813569871792
2024-07-25,5.1,5.2251749458874475,-0.12517494588744782,-2.454410703675448
2010-09-24,9.48,9.369647420634923,0.11035257936507747,1.1640567443573573
2018-07-26,9.26,8.893395072150069,0.3666049278499308,3.9590164994592962
2007-12-07,2.84,3.007863928571428,-0.1678639285714283,-5.910701710261559
2009-10-04,6.86,7.069119094516595,-0.20911909451659483,-3.048383301991178
2020-06-26,2.9,2.7686135317460323,0.1313864682539676,4.530567870826469
2012-07-05,2.11,2.1182118253968247,-0.008211825396824857,-0.38918603776421123
2024-02-02,1.33,1.2099642460317455,0.12003575396825461,9.025244659267264
2010-09-26,9.16,8.936412500000003,0.22358749999999716,2.440911572052371
2007-06-12,3.01,2.9471609126984135,0.06283908730158627,2.087677318989577
2025-10-23,5.78,5.919006111111112,-0.1390061111111116,-2.404950019223384
2007-07-20,3.92,3.8929084126984113,0.02709158730158867,0.6911119209588947
2011-05-22,1.51,1.4404557142857142,0.06954428571428584,4.605581835383168
2012-03-04,1.66,1.6513372222222216,0.008662777777778352,0.521854082998696
2007-10-03,7.04,6.942115873015876,0.09788412698412419,1.3903995310244914
2024-09-22,9.67,9.483490436507937,0.18650956349206282,1.9287441932995122
2008-01-01,2.53,2.63345795511506,-0.10345795511506006,-4.08924723774941
2020-08-03,3.44,3.7801057936507942,-0.3401057936507943,-9.886796327057974
2018-05-19,3.3,3.325486269841269,-0.025486269841269227,-0.7723112073111887
2006-11-22,3.76,3.7498632936507956,0.010136706349204161,0.2695932539681958
2018-03-21,3.32,3.283499325396824,0.03650067460317574,1.0994179097342092
2006-10-18,10.25,10.29346310606061,-0.0434631060606101,-0.42403030303034245
2022-08-24,7.9,8.263864166666664,-0.363864166666664,-4.605875527426126
2012-12-11,3.0,2.947200465367964,0.052799534632035794,1.7599844877345265
2019-04-25,1.37,1.0874193217893218,0.28258067821067834,20.62632687669185
2017-11-20,4.49,4.194315378787878,0.29568462121212225,6.585403590470429
2019-03-27,0.95,0.9008106746031743,0.049189325396825634,5.1778237259816455
2013-10-24,4.72,4.601021547619048,0.11897845238095162,2.5207299233252463
2016-04-28,3.44,3.691520873015875,-0.2515208730158749,-7.3116532853452005
2010-08-12,8.56,8.435952698412695,0.12404730158730537,1.4491507194778663
2008-05-15,2.07,1.8958537481962494,0.17414625180375043,8.41286240597828
2017-01-27,2.96,2.8898888455988465,0.07011115440115345,2.368620081120049
2023-02-22,0.66,0.8344151587301587,-0.17441515873015867,-26.42653920153919
2018-08-16,9.72,9.46041524531024,0.25958475468975983,2.670625048248558
2019-02-03,0.89,0.8418055303030297,0.04819446969697028,5.415108954715761
2014-02-10,1.82,1.7634846428571436,0.05651535714285649,3.1052394034536532
2019-04-17,1.12,1.0628125946275946,0.05718740537240552,5.10601833682192
2007-01-07,1.92,2.061558730158731,-0.1415587301587311,-7.372850529100579
2021-09-28,5.74,5.838587341269841,-0.09858734126984103,-1.7175494994745824
2013-05-06,2.92,2.9298898809523815,-0.009889880952381525,-0.33869455316375086
2010-09-19,10.85,10.747122341269842,0.10287765873015786,0.9481811864530679
2018-02-03,2.22,2.253874285714285,-0.033874285714284635,-1.5258687258686772
2024-08-29,12.69,12.722483968253966,-0.03248396825396682,-0.2559808373047031
2020-07-12,2.62,2.5493952813852814,0.07060471861471873,2.6948365883480427
2021-05-06,3.64,3.791859603174605,-0.1518596031746049,-4.171967120181453
2019-10-08,2.1,2.1185236111111103,-0.018523611111110228,-0.8820767195766774
2015-01-07,1.77,1.8373082539682537,-0.06730825396825368,-3.8027262128956885
2024-01-02,2.15,2.190510371572871,-0.04051037157287096,-1.8842033289707425
2019-04-27,1.34,1.4800081168831165,-0.14000811688311643,-10.448366931575851
2023-02-13,0.88,0.9152051984126985,-0.035205198412698535,-4.000590728715743
2010-12-10,2.69,2.5880113384963845,0.10198866150361541,3.7914000558964838
2018-02-20,2.07,2.373756511544012,-0.30375651154401195,-14.674227610821836
2021-10-31,3.48,3.5726664285714294,-0.09266642857142937,-2.662828407224982
2006-05-03,1.69,1.6917347619047616,-0.001734761904761628,-0.10264863341784781
2007-04-25,1.72,1.7494408913308916,-0.029440891330891672,-1.7116797285402137
2018-03-11,3.09,3.133465238095237,-0.04346523809523717,-1.406642009554601
2016-03-05,3.42,3.546749563492063,-0.126749563492063,-3.706127587487223
2011-12-25,2.22,2.3962907936507944,-0.17629079365079425,-7.941026741026767
2010-04-29,1.78,1.679692670940171,0.10030732905982909,5.635243205608376
2019-01-15,0.86,0.9644910317460317,-0.10449103174603169,-12.150119970468802
2008-07-30,10.94,11.144685808080812,-0.2046858080808125,-1.8709854486363118
2010-06-07,2.53,2.4689148809523815,0.061085119047618264,2.414431582909813
2020-08-13,5.32,5.589180357142856,-0.26918035714285615,-5.0597811493018074
2007-03-16,1.6,1.526170833333333,0.07382916666666706,4.614322916666691
2008-04-28,1.67,1.561752543290043,0.10824745670995695,6.481883635326764
2015-08-03,8.32,7.847002943722944,0.47299705627705624,5.685060772560772
2018-05-29,3.6,3.553301904761903,0.04669809523809709,1.2971693121693637
2013-11-27,4.77,4.882680515873016,-0.11268051587301642,-2.36227496589133
2015-05-26,2.58,2.612231111111111,-0.03223111111111088,-1.2492678725236774
2009-03-20,0.94,0.7867673412698412,0.1532326587301588,16.30134667342115
2016-12-26,3.11,3.120195595238095,-0.010195595238095212,-0.32783264431174314
2016-07-30,5.8,5.729555595238095,0.07044440476190506,1.2145587027914664
2010-07-09,3.91,3.745453333333332,0.16454666666666817,4.208354646206347
2022-07-25,7.03,6.763795912698408,0.26620408730159184,3.7866868748448343
2019-03-12,0.8,0.7099934956709959,0.09000650432900414,11.250813041125518
2024-04-10,2.35,2.4768553174603163,-0.1268553174603162,-5.3980986153326045
2019-11-08,1.14,1.1547552777777783,-0.014755277777778408,-1.2943226120858253
2006-10-07,7.66,7.791522261904763,-0.13152226190476313,-1.7170008081561765
2019-04-14,1.27,1.1430768253968253,0.1269231746031747,9.993950756155488
2016-05-30,4.22,3.8809530555555547,0.33904694444444505,8.034287783043723
2016-10-15,5.76,5.817236666666668,-0.05723666666666816,-0.9936921296296555
2024-01-01,2.16,2.171137196969697,-0.011137196969696728,-0.515610970819293
2023-03-02,0.65,0.6967048412698408,-0.04670484126984076,-7.185360195360116
2017-05-31,4.4,4.347542271062273,0.05245772893772749,1.1922211122210793
2010-10-09,7.31,6.370736547619049,0.9392634523809509,12.849021236401517
2009-01-07,1.59,1.5876070238095243,0.0023929761904757374,0.1505016471997319
2015-05-11,2.16,2.2265014298283403,-0.06650142982834018,-3.078769899460193
2011-03-10,0.84,0.9198461141636141,-0.07984611416361409,-9.50548978138263
2019-11-26,1.21,1.2825743453768452,-0.07257434537684526,-5.997879783210353
2007-08-01,8.52,8.517350476190478,0.002649523809521881,0.031097697294857757
2006-03-01,1.42,1.447155912698413,-0.02715591269841311,-1.9123882181981064
2024-04-28,1.72,1.6465973412698418,0.07340265873015817,4.267596437799893
2008-02-27,1.66,1.7472152960927962,-0.08721529609279632,-5.253933499566044
2023-06-24,2.5,2.4449871031746038,0.05501289682539623,2.200515873015849
2020-12-19,1.86,1.7937901984126983,0.06620980158730183,3.5596667520054748
2016-11-29,3.87,3.9233905627705625,-0.05339056277056242,-1.3796011051824915
2023-08-10,11.35,12.441177380952377,-1.0911773809523773,-9.613897629536364
2014-05-04,3.58,3.5897119047619066,-0.009711904761906531,-0.2712822559191769
2017-01-08,3.24,2.996164999999999,0.24383500000000113,7.525771604938305
2009-03-30,0.63,0.4994443650793652,0.13055563492063482,20.723116654069017
2017-08-14,7.8,7.752278239538235,0.047721760461764795,0.6118174418174973
2024-04-04,2.24,2.192731666666667,0.047268333333333246,2.110193452380948
2023-09-11,4.42,4.392360735930736,0.02763926406926398,0.6253227164991851
2010-07-17,4.51,4.303379285714283,0.20662071428571682,4.58139056065891
2024-09-15,13.82,13.30719662698413,0.5128033730158705,3.710588806192985
2022-11-13,2.34,2.6588013852813854,-0.3188013852813856,-13.623990823990836
2006-07-04,5.29,5.260551230158729,0.029448769841271094,0.5566875206289431
2017-12-24,3.22,3.1502409523809503,0.06975904761904994,2.166430050281054
2011-01-16,1.8,2.00435304029304,-0.20435304029304002,-11.352946682946667
2007-02-25,1.58,1.5337719047619047,0.046228095238095346,2.92582881253768
2019-12-21,2.16,2.061092182539682,0.09890781746031818,4.579065623162879
2007-07-08,4.58,4.489204563492064,0.09079543650793642,1.982433111526996
2010-08-31,10.98,11.237201984126987,-0.25720198412698636,-2.342458871830477
2012-11-28,2.93,2.9804800468975463,-0.05048004689754615,-1.722868494796797
2020-07-07,2.81,2.20289731962482,0.60710268037518,21.605077593422774
2022-05-11,0.88,0.7831636111111108,0.09683638888888924,11.00413510101014
2007-03-20,1.38,1.309990476190476,0.07000952380952397,5.073153899240868
2013-06-21,2.52,2.3519520238095235,0.1680479761904765,6.668570483749067
2012-08-01,10.25,10.139490714285714,0.11050928571428642,1.0781393728223065
2023-01-28,1.04,1.0717305158730162,-0.03173051587301612,-3.0510111416361654
2024-03-03,1.7,2.0775791269841277,-0.37757912698412777,-22.210536881419284
2023-09-29,6.42,6.802713888888889,-0.38271388888888946,-5.961275527864322
2022-09-24,7.93,8.048524722222224,-0.1185247222222241,-1.4946371024240113
2010-11-02,5.65,5.695912023809525,-0.04591202380952453,-0.8126021913190182
2006-07-01,5.14,5.032736655844155,0.10726334415584482,2.0868354894133234
2021-01-04,1.27,1.2569602236652242,0.013039776334775821,1.0267540421083323
2008-03-06,1.44,1.467201388888889,-0.027201388888889122,-1.888985339506189
2017-12-05,4.83,4.390985436507937,0.439014563492063,9.089328436688675
2022-12-01,2.58,2.5425702380952377,0.037429761904762326,1.4507659653008653
2015-07-29,7.07,7.17266585858586,-0.1026658585858593,-1.4521337848070623
2011-02-09,1.27,1.2965973015873014,-0.026597301587301336,-2.0942757155355385
2020-02-05,1.24,1.1806438095238097,0.05935619047619034,4.786789554531479
2021-08-29,5.42,5.38761095238095,0.03238904761905026,0.5975839044105214
2015-09-29,6.2,5.988519274891774,0.2114807251082258,3.4109794372294484
2019-02-28,0.72,0.7113590548340553,0.008640945165944713,1.200131273047877
2023-10-29,3.76,4.474872301587303,-0.7148723015873033,-19.01256121242828
2007-06-15,2.87,2.7779008333333337,0.0920991666666664,3.2090301974448217
2021-06-11,2.9,2.777543452380952,0.122456547619048,4.222639573070621
2007-12-12,3.04,3.1969541233766225,-0.1569541233766225,-5.16296458475732
2016-08-19,10.4,9.985664246031744,0.41433575396825617,3.9839976343101555
2024-10-13,6.24,5.68116626984127,0.5588337301587298,8.955668752543748
2007-07-13,3.93,3.976226865079365,-0.04622686507936491,-1.1762561088896923
2022-09-29,8.05,8.278902817460315,-0.22890281746031427,-2.8435132603765743
2018-02-15,1.63,1.396357936507936,0.23364206349206396,14.333868925893494
2022-08-06,5.26,5.405615941558442,-0.14561594155844215,-2.768363907955174
2024-09-18,12.57,12.417535714285716,0.1524642857142844,1.2129219229457786
2008-06-27,5.91,5.832374837662336,0.07762516233766448,1.3134545234799404
2018-11-12,4.7,4.407010357142857,0.292989642857143,6.233822188449851
2013-11-04,5.79,5.78247916056166,0.007520839438339699,0.12989359997132469
2022-11-10,2.7,2.5134346031746038,0.1865653968253964,6.909829512051719
2016-06-17,2.88,2.6826109962406006,0.19738900375939927,6.853784852756919
2012-05-01,1.85,1.7681542857142867,0.08184571428571341,4.424092664092616
2017-02-16,2.13,1.903778452380953,0.226221547619047,10.620729935166526
2016-08-06,5.62,5.573384444444445,0.04661555555555541,0.8294582839066799
2022-06-28,4.08,4.389570714285714,-0.30957071428571403,-7.5875175070027945
2020-04-30,2.83,2.8279294552669554,0.002070544733044688,0.07316412484256847
2008-07-16,7.64,7.335916587301586,0.30408341269841355,3.9801493808692876
2012-10-02,6.28,6.4818603571428595,-0.20186035714285921,-3.2143368971792867
2010-05-29,4.26,4.066433658008657,0.19356634199134248,4.5438108448671946
2017-11-13,4.83,4.677219960317461,0.15278003968253895,3.1631478195142635
2006-01-16,1.9,1.9127002777777766,-0.012700277777776714,-0.6684356725145639
2024-02-01,1.36,1.3135529365079364,0.046447063492063734,3.415225256769392
2006-11-12,4.34,4.431464523809524,-0.09146452380952397,-2.1074775071318887
2015-12-19,2.25,2.3223222835497834,-0.07232228354978343,-3.214323713323708
2020-03-22,1.42,1.4399405555555558,-0.01994055555555585,-1.4042644757433698
2009-03-08,0.46,0.4916307142857144,-0.0316307142857144,-6.876242236024869
2010-02-08,1.51,1.4861872619047622,0.023812738095237762,1.577002522863428
2010-11-12,4.18,4.182850833333334,-0.002850833333334357,-0.06820175438598941
2020-02-13,1.02,1.401430753968254,-0.381430753968254,-37.395171957671955
2009-09-25,7.8,7.847649967532469,-0.047649967532469084,-0.6108970196470396
2021-01-19,1.01,1.133212658730159,-0.12321265873015896,-12.199273141599898
2009-04-28,1.41,1.4602447619047618,-0.0502447619047619,-3.5634582911178656
2009-11-14,3.11,3.609043041125541,-0.4990430411255411,-16.046400036191034
2020-07-02,2.7,2.7335939085914087,-0.03359390859140854,-1.2442188367188347
2017-08-03,7.41,6.84136222222222,0.5686377777777798,7.6739241265557325
2021-06-27,4.25,4.300177734487734,-0.05017773448773433,-1.1806525761819842
2022-07-17,7.26,7.703079126984129,-0.443079126984129,-6.103018278018306
2012-08-06,9.55,9.367647341269842,0.18235265873015827,1.9094519238760026
2017-12-10,4.21,4.181274395881895,0.028725604118104542,0.6823183876034333
2022-03-25,1.34,1.6464351587301584,-0.30643515873015836,-22.868295427623757
2013-01-20,3.16,3.1734157222222223,-0.013415722222222204,-0.42454817158931024
2015-02-22,1.12,1.249464343434344,-0.12946434343434388,-11.559316378066416
2013-05-13,3.22,3.211359444444443,0.008640555555557317,0.26834023464463713
2020-12-28,2.55,2.855429816017316,-0.3054298160173161,-11.97763984381632
2009-08-17,8.2,8.014544166666662,0.1854558333333376,2.2616565040650927
