date,actual,predicted,error,error_percent
2025-06-05,3.47,3.34816698177964,0.12183301822036041,3.5110379890593775
2025-01-29,1.97,1.8908199027599566,0.07918009724004338,4.019294276144334
2006-09-03,10.62,10.314445207087598,0.3055547929124014,2.8771637750696932
2011-02-25,0.98,1.1747507187034492,-0.19475071870344918,-19.872522316678488
2025-04-14,1.95,1.8144998326784392,0.13550016732156078,6.94872652931081
2015-02-17,1.34,1.5740525085671853,-0.23405250856718518,-17.466605116954117
2022-12-13,1.84,1.8561141661517793,-0.016114166151779186,-0.8757698995532165
2017-02-26,1.39,1.3306833357081058,0.05931666429189408,4.26738592028015
2013-06-01,2.79,2.6918620768526007,0.09813792314739933,3.5174882848530222
2013-08-15,10.54,10.439683077400577,0.10031692259942204,0.9517734591975526
2006-04-12,0.86,0.8175551688390743,0.04244483116092568,4.935445483828568
2012-07-18,4.61,4.502914632737257,0.10708536726274342,2.322892999191831
2012-11-24,3.2,3.1929242821941743,0.007075717805825832,0.22111618143205725
2010-07-31,8.26,8.049295253413224,0.21070474658677618,2.550904922358065
2012-03-20,1.8,1.8630733618736603,-0.0630733618736603,-3.504075659647795
2025-10-13,6.83,7.028433451165524,-0.19843345116552413,-2.9053213933458877
2015-12-20,2.25,2.294130271346676,-0.0441302713466758,-1.961345393185591
2018-01-06,2.85,2.994522912918512,-0.14452291291851171,-5.0709794006495335
2009-12-18,2.5,2.491692600697073,0.00830739930292701,0.3322959721170804
2011-12-20,2.34,2.395213854665829,-0.055213854665828954,-2.359566438710639
2015-10-29,3.82,3.8308436073849585,-0.010843607384958709,-0.2838640676690761
2018-07-15,5.83,5.842426209242189,-0.012426209242188513,-0.21314252559500022
2012-11-29,2.91,2.925469305025281,-0.015469305025280988,-0.5315912379821646
2019-09-24,3.0,2.968294359532814,0.03170564046718605,1.056854682239535
2023-10-22,5.09,5.437190083241151,-0.3471900832411512,-6.821023246388039
2009-12-26,2.16,2.2405336675394096,-0.08053366753940949,-3.7284105342319207
2006-08-22,8.14,8.25719577730088,-0.11719577730088027,-1.439751563892878
2023-12-11,1.82,1.8945193647403817,-0.07451936474038168,-4.094470590130862
2020-06-09,1.72,1.580589393859856,0.1394106061401439,8.105267798845576
2022-06-21,4.62,4.864366606719588,-0.24436660671958776,-5.289320491765969
2010-11-23,3.49,3.3659899488840477,0.12401005111595254,3.553296593580302
2019-10-04,2.23,2.1841649404209047,0.04583505957909528,2.0553838376275912
2010-12-12,2.65,2.5606934843777935,0.08930651562220637,3.370057193290807
2016-03-29,3.15,3.3634215526781492,-0.21342155267814933,-6.775287386607916
2008-11-23,4.81,5.1398793626189025,-0.32987936261890294,-6.8581988070458
2006-08-28,10.52,10.382818462216694,0.13718153778330588,1.3040070131492953
2006-05-13,2.35,2.3777065051675517,-0.027706505167551576,-1.1790002198958116
2017-03-05,2.04,2.384802811055744,-0.34480281105574395,-16.90209858116392
2015-02-08,2.23,2.2351882306569824,-0.005188230656982373,-0.23265608327275217
2022-10-03,8.39,9.011849252734912,-0.6218492527349113,-7.411790855004901
2009-04-09,1.03,1.0159126286113591,0.014087371388640912,1.3677059600622246
2019-06-29,2.32,2.2747438935907076,0.04525610640929223,1.9506942417798374
2011-01-08,1.94,2.0504837254197135,-0.11048372541971352,-5.6950373927687385
2017-10-06,7.36,7.126640424889839,0.23335957511016137,3.1706464009532795
2017-01-29,3.04,2.8476191162395517,0.19238088376044837,6.328318544751591
2023-03-04,0.71,1.006940069640803,-0.2969400696408031,-41.82254501983142
2012-11-23,3.26,3.246217929789024,0.013782070210975661,0.4227628899072289
2011-05-01,0.84,0.8562555287949216,-0.016255528794921648,-1.9351819993954342
2007-03-06,1.34,1.490499572657928,-0.1504995726579279,-11.231311392382679
2007-10-05,7.1,7.165546927854368,-0.06554692785436878,-0.9231961669629406
2015-11-04,3.73,3.562499973276368,0.16750002672363218,4.49061733843518
2021-09-01,5.42,5.722536076835987,-0.30253607683598727,-5.581846436088326
2021-11-13,3.17,3.0436234082372295,0.12637659176277038,3.9866432732735135
2018-02-19,1.8,1.8923662234347018,-0.0923662234347018,-5.131456857483433
2022-02-21,1.54,1.4186394940731826,0.12136050592681746,7.8805523329102245
2025-06-24,4.34,4.232909284705871,0.10709071529412917,2.467528002168875
2012-04-04,0.62,0.8528829733768788,-0.2328829733768788,-37.56176989949658
2012-11-16,3.44,3.358682242083201,0.08131775791679896,2.3638883115348537
2008-11-05,6.98,7.603561175934727,-0.6235611759347268,-8.93354120250325
2019-07-28,1.55,1.818702965590485,-0.2687029655904849,-17.33567519938612
2019-01-28,0.84,0.9193492279391582,-0.07934922793915822,-9.446336659423597
2006-02-07,1.38,1.4498050257529016,-0.0698050257529017,-5.058335199485631
2022-08-04,5.13,5.200729062242085,-0.0707290622420853,-1.3787341567657956
2013-01-16,3.33,3.482631405531593,-0.1526314055315927,-4.583525691639421
2019-03-11,0.83,0.655340222771581,0.17465977722841897,21.043346654026383
2025-05-13,2.52,2.29484276892324,0.22515723107676022,8.934810757014294
2020-01-30,1.23,1.2301267608393496,-0.00012676083934959337,-0.010305759296714909
2008-05-16,2.03,1.8134014348454564,0.21659856515454345,10.669880056874064
2016-01-03,3.23,3.3356037297027723,-0.10560372970277232,-3.2694653158753044
2011-04-20,0.94,0.9205600971326304,0.01943990286736952,2.0680747731244167
2021-07-04,3.72,3.60811780238662,0.11188219761338036,3.007585957348934
2015-08-09,11.02,10.958021529248493,0.061978470751506975,0.5624180648957076
2019-03-10,0.84,0.6773212673072653,0.1626787326927347,19.36651579675413
2007-09-18,10.39,10.299416066912569,0.09058393308743184,0.8718376620542044
2011-05-10,1.15,1.1963275702603067,-0.04632757026030676,-4.028484370461458
2021-12-13,1.54,1.7263362711652492,-0.1863362711652492,-12.099757867873324
2012-12-20,2.46,2.4569685841839446,0.0030314158160553717,0.12322828520550291
2020-11-18,2.42,2.685311795955652,-0.26531179595565213,-10.963297353539344
2015-05-12,2.14,2.206305405972365,-0.0663054059723649,-3.098383456652565
2013-12-05,4.28,4.388675407302293,-0.10867540730229308,-2.5391450304274086
2022-09-19,7.47,8.041591003232657,-0.5715910032326574,-7.651820659071721
2013-10-20,5.74,5.672928012322673,0.06707198767732692,1.168501527479563
2006-09-21,6.64,6.8386349079152,-0.1986349079152001,-2.991489577036146
2011-09-28,11.0,10.684824350052413,0.3151756499475873,2.865233181341703
2009-06-18,4.22,3.871076412544791,0.3489235874552086,8.268331456284564
2013-04-19,2.62,2.6806200132937352,-0.06062001329373512,-2.3137409654097376
2023-02-16,0.82,1.0113090605076516,-0.19130906050765162,-23.33037323264044
2010-04-13,1.9,1.797317991813756,0.10268200818624384,5.4043162203286235
2013-03-10,3.1,3.0536118589104455,0.04638814108955458,1.4963916480501476
2022-06-05,4.37,4.611699521889489,-0.24169952188948862,-5.530881507768618
2006-02-20,1.5,1.5827852238290236,-0.08278522382902365,-5.519014921934909
2025-02-16,1.8,1.6567306696558028,0.1432693303441972,7.959407241344289
2022-08-14,7.55,8.928590726792807,-1.3785907267928073,-18.259479825070297
2020-12-09,1.55,1.5212174512546248,0.028782548745375225,1.8569386287338854
2015-08-20,7.32,7.307060077217537,0.012939922782463142,0.1767749013997697
2020-04-25,2.8,2.75194608685395,0.04805391314604979,1.7162111837874927
2016-07-20,4.36,4.560468419426215,-0.20046841942621452,-4.597899528124186
2021-05-31,5.26,5.221617307170736,0.038382692829263654,0.7297089891494991
2016-04-15,3.1,3.342186016234844,-0.24218601623484393,-7.8124521366078685
2010-11-20,3.61,3.4945474601952227,0.11545253980477721,3.1981312965312245
2023-03-25,0.57,0.7268538473180661,-0.15685384731806618,-27.518218827730912
2021-06-07,2.83,2.781873556064346,0.048126443935653906,1.7005810577969578
2022-03-26,1.5,1.7864100883994816,-0.28641008839948157,-19.09400589329877
2025-10-10,7.03,7.207641532006461,-0.1776415320064606,-2.5269065719268933
2019-05-25,1.26,1.314622753960208,-0.05462275396020799,-4.335139203191111
2016-07-25,4.48,4.542897928456441,-0.06289792845644016,-1.4039716173312533
2013-07-13,4.15,4.043052945281535,0.10694705471846522,2.577037463095547
2008-08-24,11.53,11.365416015585579,0.16458398441442057,1.4274413218943676
2007-03-14,1.48,1.620325823806302,-0.1403258238063021,-9.481474581506898
2022-07-18,7.03,7.003802302189275,0.02619769781072545,0.3726557298822966
2011-11-29,3.06,3.0853429435567947,-0.025342943556794673,-0.8282007698298912
2018-08-28,11.65,11.471522737407103,0.17847726259289765,1.5319936703253016
2014-03-07,1.23,1.3289450992536502,-0.09894509925365025,-8.04431701249189
2010-12-02,2.8,2.68374375486378,0.11625624513621968,4.152008754864989
2011-01-15,1.69,1.7694347606077758,-0.07943476060777588,-4.7002816927678035
2009-03-10,0.48,0.503820315795207,-0.023820315795207048,-4.962565790668135
2023-06-15,2.7,2.4131902035217783,0.2868097964782219,10.62258505474896
2012-05-08,2.38,2.2963156554594257,0.08368434454057416,3.5161489302762257
2022-01-21,1.72,1.7423663212321019,-0.022366321232101916,-1.3003675134942974
2013-05-17,2.82,2.8491966875213923,-0.029196687521392484,-1.0353435291273931
2008-03-23,1.22,1.462185465862773,-0.24218546586277312,-19.85126769366993
2015-02-03,3.77,3.5320050848381044,0.23799491516189564,6.312862471137816
2011-02-14,1.14,1.357567565924314,-0.21756756592431414,-19.084874203887207
2018-05-23,3.38,3.2099287927935345,0.1700712072064654,5.031692520901344
2009-03-23,0.86,0.7628878307084062,0.09711216929159383,11.292112708324865
2024-03-21,2.15,2.345695789361181,-0.19569578936118104,-9.102129737729351
2021-10-26,3.45,3.418266256374517,0.03173374362548298,0.9198186558111008
2025-07-07,5.55,5.5449326346414995,0.005067365358500275,0.0913038803333383
2008-11-22,4.92,5.265635685824298,-0.3456356858242984,-7.02511556553452
2013-06-02,2.77,2.6144531861256652,0.15554681387433478,5.615408443116779
2008-09-24,8.82,8.829725860408653,-0.00972586040865231,-0.11027052617519624
2024-12-03,2.18,2.029783101920073,0.15021689807992722,6.890683398161798
2017-01-28,2.88,2.811085142018007,0.06891485798199293,2.3928770132636434
2022-08-19,9.06,9.358331726703737,-0.2983317267037364,-3.2928446656041546
2017-10-21,7.05,6.739440041251072,0.31055995874892783,4.405105797857132
2016-11-05,4.03,4.23525637468495,-0.20525637468495006,-5.093210289949133
2025-08-19,9.33,9.57702442019057,-0.24702442019057003,-2.647635800542015
2012-04-08,0.67,0.9226663721332562,-0.25266637213325616,-37.71139882585913
2018-11-08,5.66,5.231811775347519,0.4281882246524811,7.565162979725813
2006-06-27,4.92,5.126424464719151,-0.20642446471915132,-4.195619201608767
2015-09-02,6.64,6.534341544926823,0.1056584550731765,1.5912417932707306
2013-01-24,3.12,3.1370743332036923,-0.017074333203692227,-0.5472542693491098
2012-03-23,1.72,1.7499542911969832,-0.02995429119698323,-1.7415285579641413
2022-04-07,0.82,0.8509576432091857,-0.030957643209185703,-3.7753223425836224
2008-10-07,7.87,8.205453899504283,-0.33545389950428284,-4.262438367271701
2022-06-18,5.02,5.130024338237824,-0.11002433823782454,-2.1917198852156283
2007-06-20,3.25,3.372571079318088,-0.12257107931808786,-3.771417825171934
2010-02-17,1.4,1.382193960901366,0.017806039098633875,1.2718599356167055
2006-03-21,1.0,0.9303709815877657,0.06962901841223434,6.9629018412234345
2014-12-06,3.81,3.4314520404909894,0.37854795950901066,9.935641981863796
2013-11-15,4.89,5.018458572576595,-0.1284585725765952,-2.626964674368
2015-12-03,1.98,2.0449476443955787,-0.06494764439557876,-3.280184060382766
2020-06-25,3.09,2.9839451457026906,0.10605485429730921,3.4321959319517545
2014-03-01,1.34,1.5266644177199162,-0.18666441771991615,-13.930180426859415
2006-08-19,7.72,7.845263236227229,-0.12526323622722924,-1.6225807801454564
2009-04-08,1.0,0.9541609465715166,0.04583905342848338,4.583905342848338
2008-01-23,2.36,2.656464313130635,-0.29646431313063504,-12.56204716655233
2021-11-11,3.64,3.3604601821021234,0.27953981789787674,7.679665326864746
2012-04-22,1.65,1.6107276029496016,0.03927239705039831,2.380145275781716
2022-11-26,2.63,2.509341532302059,0.12065846769794097,4.587774437184067
2019-09-11,3.83,3.332615789652637,0.4973842103473629,12.986532907241852
2016-11-09,4.1,4.72797161894101,-0.6279716189410101,-15.316380949780733
2023-10-02,7.05,7.140801694474018,-0.09080169447401776,-1.2879672975037981
2009-07-20,7.97,7.87298581799496,0.09701418200504008,1.2172419323091603
2018-03-28,3.26,3.1628749119324224,0.09712508806757736,2.979297179987036
2023-04-14,0.67,0.8381045684181805,-0.16810456841818044,-25.090234092265735
2014-11-24,3.84,3.6575996137575455,0.18240038624245436,4.750010058397249
2015-08-18,7.74,7.620516170424329,0.11948382957567105,1.5437187283678429
2015-06-14,4.66,4.534042155684571,0.12595784431542878,2.702958032519931
2020-09-05,4.94,4.944744968748018,-0.004744968748017442,-0.09605199894772148
2015-11-23,3.04,3.086487842242149,-0.04648784224214886,-1.5292053369127914
2017-05-10,4.25,4.4025067067847,-0.1525067067846999,-3.5883931008164685
2016-06-21,2.35,2.4003956016381327,-0.050395601638132614,-2.144493686729047
2007-01-17,1.59,1.797401045870215,-0.2074010458702149,-13.04409093523364
2017-06-23,3.17,3.0142067033582136,0.15579329664178632,4.914615036018496
2020-01-20,1.47,1.5616891587902555,-0.09168915879025552,-6.237357740833709
2009-03-28,0.82,0.5704669526601371,0.2495330473398628,30.43085943169059
2013-01-25,3.12,3.1125384834619405,0.007461516538059598,0.23915117109165376
2011-10-27,5.19,5.230337518081581,-0.04033751808158037,-0.7772161480073289
2010-10-28,6.16,6.197767548242241,-0.0377675482422406,-0.6131095493870228
2022-06-06,4.59,4.927755578480049,-0.3377555784800492,-7.358509335077325
2023-02-17,0.84,1.020515544353593,-0.18051554435359296,-21.489945756380116
2007-05-12,2.46,2.9188030078393536,-0.4588030078393537,-18.65052877395747
2006-08-06,8.22,8.379922195187733,-0.15992219518773254,-1.9455254889018554
2009-05-01,1.71,1.7011426369857996,0.00885736301420037,0.5179744452748755
2023-01-11,0.94,1.1641748532412803,-0.2241748532412804,-23.848388642689404
2012-06-17,2.16,1.9459038300742537,0.21409616992574643,9.911859718784557
2011-03-22,0.92,0.9434832894527445,-0.02348328945274447,-2.5525314622548336
2020-05-04,3.02,3.0497445202976925,-0.02974452029769248,-0.9849178906520688
2017-01-19,3.02,2.763623940177645,0.256376059822355,8.489273504051491
2008-07-27,10.5,10.925955796224846,-0.42595579622484614,-4.056721868808059
2017-07-31,9.23,9.929183431831989,-0.6991834318319885,-7.575118438049712
2009-10-03,6.77,7.039448314210196,-0.2694483142101962,-3.9800341833116133
2017-05-11,4.4,4.497577782212249,-0.097577782212249,-2.2176768684602046
2007-04-19,1.13,1.289866306556727,-0.15986630655672718,-14.147460757232494
2009-11-09,3.95,3.892404319842005,0.05759568015799532,1.4581184850125397
2008-02-03,2.06,2.325927977970636,-0.26592797797063605,-12.909125144205632
2016-11-07,3.62,3.737720501009746,-0.11772050100974596,-3.2519475417056896
2010-03-25,2.58,2.4230305594692902,0.15696944053070983,6.084086842275575
2022-07-31,5.31,5.492347218966334,-0.182347218966334,-3.4340342554865164
2016-06-16,2.98,3.029991215064925,-0.04999121506492488,-1.6775575525142576
2023-05-15,0.78,0.8335670375636188,-0.0535670375636188,-6.867568918412667
2021-07-26,6.95,8.200992929804684,-1.250992929804684,-17.999898270570995
2016-11-20,5.75,5.688264247374645,0.06173575262535458,1.0736652630496448
2016-12-09,3.98,3.9649258852984928,0.015074114701507213,0.37874660054038223
2015-04-03,2.56,2.6698730483371222,-0.10987304833712219,-4.291915950668836
2023-07-15,3.38,3.385950914536224,-0.0059509145362239835,-0.17606256024331313
2012-08-30,9.52,9.304052735155173,0.21594726484482685,2.26835362231961
2011-02-12,1.18,1.4102380753913941,-0.23023807539139418,-19.511701304355437
2024-09-30,8.2,7.612642409742833,0.5873575902571666,7.16289744216057
2012-02-08,2.26,2.239748057217631,0.020251942782368637,0.8961036629366654
2018-12-28,2.82,2.5468610558900973,0.2731389441099026,9.685778159925624
2023-09-17,5.9,6.391826644011524,-0.49182664401152376,-8.33604481375464
2009-03-15,0.66,0.674295020816011,-0.014295020816010973,-2.1659122448501473
2017-04-21,1.9,1.9941726004019884,-0.0941726004019885,-4.956452652736236
2024-09-23,9.55,9.22644070575216,0.3235592942478416,3.3880554371501734
2023-04-02,0.65,0.7857154588769624,-0.13571545887696235,-20.879301365686516
2025-07-22,7.33,7.483191322679755,-0.15319132267975455,-2.089922546790649
2024-12-16,2.42,2.3177201699414347,0.10227983005856522,4.226439258618398
2011-02-04,1.3,1.5391968474814108,-0.2391968474814108,-18.39975749857006
2013-05-23,3.1,3.186886089271674,-0.08688608927167385,-2.802777073279801
2017-02-20,1.79,1.6338567819810503,0.1561432180189497,8.723084805527916
2022-08-27,7.66,7.6532878791657675,0.006712120834232671,0.08762559835812886
2007-05-19,2.8,2.7169936694270005,0.08300633057299933,2.964511806178548
2010-09-18,10.73,10.45683162471952,0.27316837528048055,2.54583760746021
2012-02-09,2.28,2.2642041396133323,0.01579586038666747,0.6928008941520821
2011-01-11,1.93,2.053455893393788,-0.12345589339378793,-6.396678414185904
2010-02-09,1.52,1.5278181923994985,-0.007818192399498436,-0.514354763124897
2015-01-23,1.4,1.4654363300734183,-0.06543633007341843,-4.674023576672745
2006-07-05,5.32,5.44717983292074,-0.12717983292073942,-2.3905983631717933
2011-03-29,0.75,0.8128940887516758,-0.06289408875167579,-8.385878500223438
2007-06-19,2.76,2.8245532809253038,-0.06455328092530399,-2.3388869900472464
2021-08-25,6.23,6.219511197194714,0.010488802805286745,0.16835959559047745
2025-07-12,6.12,6.154553728045478,-0.03455372804547796,-0.5646033994359143
2023-10-16,6.45,6.423000078667326,0.02699992133267415,0.4186034315143279
2013-08-04,9.85,9.711015911570266,0.13898408842973353,1.4110059739059242
2019-06-22,2.91,2.767367439484771,0.1426325605152292,4.901462560660797
2025-03-05,1.89,1.7979775218996181,0.09202247810038178,4.868914185205385
2008-01-07,2.48,2.643449694114498,-0.16344969411449783,-6.590713472358783
2025-01-23,1.99,2.000700877637198,-0.01070087763719818,-0.5377325445828232
2018-10-28,5.64,5.333760743259541,0.3062392567404588,5.429774055681894
2020-11-22,2.31,2.2464985020075026,0.06350149799249749,2.7489825970778132
2009-08-24,8.74,8.741829491723154,-0.001829491723153609,-0.02093239957841658
2008-07-22,10.79,11.124136677091258,-0.3341366770912586,-3.0967254596038796
2019-09-15,3.45,3.374104792941042,0.07589520705895803,2.1998610741726963
2015-09-10,8.93,8.814333632074112,0.11566636792588803,1.2952560797971784
2012-11-06,4.58,4.571955236427126,0.008044763572874203,0.17564985966974242
2016-06-30,3.23,3.389765275243401,-0.15976527524340112,-4.946293351188889
2009-04-15,1.06,1.0057612910152471,0.054238708984752915,5.116859338184237
2024-06-15,3.82,4.001446381959551,-0.18144638195955087,-4.749905286899238
2007-01-29,1.53,1.6833832636210424,-0.15338326362104238,-10.02504990987205
2015-03-09,1.46,1.6102724805833541,-0.15027248058335418,-10.292635656394122
2021-11-27,2.53,2.5535215204104587,-0.02352152041045885,-0.9297043640497571
2012-01-26,1.71,1.7682900676084876,-0.05829006760848765,-3.40877588353729
2013-02-03,2.81,2.8378305510365136,-0.02783055103651355,-0.990411068915073
2010-05-20,4.22,4.05794283286906,0.1620571671309401,3.840217230590998
2010-01-28,1.95,1.8904821312462197,0.05951786875378029,3.052198397629758
2023-03-06,0.98,1.0379174775366469,-0.05791747753664689,-5.909946687412948
2015-07-13,3.46,3.4796253642756225,-0.01962536427562256,-0.5672070599890914
2010-10-15,5.98,6.253073063804676,-0.27307306380467544,-4.566439194058117
2023-02-18,0.84,1.0301031440691175,-0.19010314406911755,-22.631326674894947
2010-11-26,3.26,3.1417372513078363,0.11826274869216347,3.6276916776737265
2015-09-19,6.8,6.819740906684247,-0.019740906684247328,-0.2903074512389313
2019-12-14,1.34,1.3635316272466884,-0.023531627246688336,-1.7560915855737564
2010-12-27,2.21,2.1566118342107146,0.0533881657892854,2.4157541081124614
2016-02-11,1.48,1.658284768367316,-0.1782847683673161,-12.046268132926764
2008-01-05,2.55,2.7030638429628486,-0.1530638429628488,-6.002503645601914
2023-06-17,2.3,2.1982334386714015,0.10176656132859829,4.424633101243405
2006-11-18,3.92,3.681722836419165,0.23827716358083473,6.078499070939661
2017-09-29,6.54,6.289304241380682,0.2506957586193179,3.833268480417705
2016-04-13,2.5,2.6030527105356196,-0.1030527105356196,-4.122108421424784
2017-03-06,2.13,2.3123799251090684,-0.18237992510906853,-8.562437798547819
2007-02-13,1.86,1.951333371002816,-0.09133337100281591,-4.910396290473973
2010-09-01,11.25,11.246784201244495,0.0032157987555052614,0.028584877826713435
2013-04-29,2.57,2.535776524844133,0.03422347515586699,1.331652729800272
2017-07-27,8.86,9.430759908015208,-0.5707599080152086,-6.441985417778878
2019-08-28,5.78,5.2048808986133395,0.5751191013866608,9.950157463437037
2015-05-22,2.62,2.6491873806686232,-0.029187380668623142,-1.1140221629245475
2024-03-19,2.13,2.3331027151854635,-0.20310271518546363,-9.53533874110158
2006-06-19,4.06,4.075802998799629,-0.015802998799629542,-0.38923642363619565
2015-02-26,0.97,1.0815334880443088,-0.11153348804430885,-11.498297736526686
2010-05-07,2.71,2.479896401202738,0.23010359879726217,8.49090770469602
2007-03-12,1.32,1.4592953195990264,-0.1392953195990263,-10.552675727198963
2007-06-23,4.21,3.992864700234823,0.21713529976517698,5.157608070431757
2012-02-03,1.95,1.9443326238371994,0.0056673761628005526,0.29063467501541296
2008-11-09,8.65,9.548876565939105,-0.8988765659391049,-10.39163660045208
2020-01-19,1.35,1.4902947062733274,-0.1402947062733273,-10.39220046469091
2021-04-19,2.28,2.4154602304758512,-0.13546023047585143,-5.941238178765414
2010-01-18,1.88,1.8803029524092558,-0.0003029524092559299,-0.016114489854038825
2016-09-16,9.61,9.70099140364954,-0.09099140364954117,-0.9468408288193672
2022-11-19,2.62,2.8014251317169743,-0.18142513171697416,-6.924623347976112
2011-11-21,3.4,3.3970903269275428,0.002909673072457153,0.08557861977815155
2010-06-10,3.02,2.873358859008848,0.14664114099115189,4.855666920236818
2010-05-16,4.08,3.8767989563326966,0.20320104366730352,4.980417736943714
2025-11-07,5.22,5.684629606835104,-0.46462960683510435,-8.900950322511578
2006-06-29,5.46,5.3946622198837195,0.06533778011628044,1.1966626394923159
2007-07-31,8.62,8.633406066116676,-0.013406066116676385,-0.15552280877814834
2009-03-05,0.34,0.33856459671962025,0.0014354032803797767,0.42217743540581665
2018-12-24,3.02,3.035941147652415,-0.015941147652414944,-0.527852571272018
2008-02-04,2.02,2.2847178477314714,-0.26471784773147133,-13.104843947102541
2015-04-01,2.68,2.5352946813567017,0.1447053186432985,5.39945218818278
2024-07-20,5.38,5.4578635248878085,-0.07786352488780857,-1.4472774142715348
2010-07-30,8.58,8.627334429986696,-0.047334429986696236,-0.5516833331782778
2012-01-21,2.22,2.1982420571352184,0.021757942864781832,0.980087516431614
2014-02-06,1.98,2.1042447709034757,-0.12424477090347574,-6.274988429468471
2011-04-05,0.78,0.8492278364433243,-0.06922783644332431,-8.87536364658004
2016-04-22,1.72,1.8835260263967042,-0.16352602639670422,-9.507327116087454
2011-08-27,10.62,10.294212789596777,0.325787210403222,3.0676761808213
2006-06-18,4.11,4.15569114133501,-0.045691141335010066,-1.1117066018250623
2007-12-08,2.8,2.9513963433312487,-0.15139634333124885,-5.4070122618303165
2009-11-28,2.56,3.0896305928325836,-0.5296305928325835,-20.688695032522794
2022-02-11,1.14,1.1203582163773254,0.019641783622674547,1.722963475673206
2023-08-21,5.56,5.683162973590747,-0.12316297359074735,-2.215161395517039
2022-08-07,5.48,5.756111148932818,-0.2761111489328174,-5.038524615562361
2019-11-03,1.52,1.305948786593928,0.21405121340607192,14.0823166714521
2023-05-11,0.63,0.770990213056765,-0.14099021305676496,-22.3793988978992
2015-05-15,2.1,2.0195685134726533,0.08043148652734677,3.830070787016513
2025-04-10,2.29,1.9658821201925258,0.3241178798074742,14.153619205566558
2007-04-18,1.09,1.2437637928716345,-0.15376379287163444,-14.106769988223341
2010-02-21,1.28,1.2586564684544501,0.02134353154554991,1.6674634019960868
2010-03-26,2.55,2.3517730709281848,0.19822692907181505,7.773605061639806
2019-04-15,1.18,0.9201829476882528,0.2598170523117471,22.018394263707382
2013-11-16,4.81,4.950496062495557,-0.1404960624955578,-2.920916060198707
2010-09-27,8.88,8.724491579357961,0.15550842064203962,1.7512209531761216
2012-10-24,5.17,5.265456759843206,-0.09545675984320567,-1.84635899116452
2025-07-26,7.91,8.088664790686394,-0.17866479068639407,-2.258720489082099
2019-07-10,2.4,2.368715191587206,0.03128480841279391,1.3035336838664129
2022-01-28,1.35,1.3002643557043552,0.04973564429564492,3.6841217996774014
2015-03-01,1.5,1.6129920368377242,-0.11299203683772419,-7.532802455848279
2010-01-21,2.32,2.266318246231488,0.0536817537685117,2.3138686969186075
2018-06-15,4.06,3.831642466601632,0.22835753339836762,5.624569788137134
2024-07-24,4.75,4.92381714742377,-0.17381714742376975,-3.659308366816205
2014-03-10,1.36,1.3793531750871204,-0.01935317508712031,-1.423027579935317
2010-07-22,5.61,5.675561620575046,-0.06556162057504533,-1.1686563382361022
2013-05-18,2.92,3.0151474833870804,-0.09514748338708046,-3.25847545846166
2014-02-07,1.98,2.071211682371927,-0.0912116823719269,-4.606650624844793
2017-03-07,2.15,2.2473147770482345,-0.09731477704823455,-4.526268699917886
2017-05-24,3.9,3.8827695712336996,0.01723042876630032,0.4418058658025723
2009-12-08,2.36,2.7562133278131977,-0.39621332781319785,-16.78870033106771
2016-09-15,10.28,10.488174252008783,-0.20817425200878326,-2.0250413619531447
2015-10-10,4.71,4.619646488636194,0.09035351136380587,1.9183335746030972
2009-11-16,2.92,3.46982623905225,-0.5498262390522499,-18.829665720967466
2013-02-24,2.74,2.731104531723867,0.0088954682761333,0.32465212686617884
2021-01-14,1.08,1.2212746844621858,-0.14127468446218572,-13.080989302054233
2009-10-18,5.16,5.21680278696623,-0.0568027869662302,-1.100829204771903
2017-09-24,8.52,8.776838339813896,-0.25683833981389625,-3.0145345048579375
2013-03-31,2.73,2.7743189780480444,-0.04431897804804441,-1.6234057893056562
2025-05-17,2.59,2.65710401598563,-0.0671040159856302,-2.5908886480938307
2006-03-22,0.95,0.8411807982601691,0.10881920173983084,11.454652814719037
2009-09-08,8.34,8.04799690402583,0.2920030959741702,3.501236162759834
2016-06-02,2.84,2.806882337056594,0.03311766294340579,1.1661148923734435
2020-04-05,1.9,1.6429607751884845,0.2570392248115154,13.528380253237653
2009-10-05,6.85,7.138100008474381,-0.2881000084743812,-4.205839539771989
2006-04-06,0.82,0.6436729627389304,0.17632703726106957,21.503297226959706
2012-02-25,1.54,1.6139629401388031,-0.07396294013880311,-4.8027883207015005
2008-11-24,4.68,5.0573166018776075,-0.37731660187760774,-8.062320552940337
2009-10-06,6.51,6.529974500368829,-0.019974500368829418,-0.30682796265482976
2024-11-11,3.16,3.5229620230498435,-0.3629620230498434,-11.486139969931752
2023-02-12,0.92,1.011555653369586,-0.09155565336958593,-9.951701453215863
2018-07-11,4.26,4.321195410617852,-0.061195410617852275,-1.4365119863345606
2008-12-21,3.03,3.203504345391421,-0.17350434539142112,-5.726216019518849
2008-12-24,2.77,2.961484383658207,-0.19148438365820697,-6.912793633870288
2024-08-21,10.32,10.725547894411488,-0.4055478944114874,-3.929727659026041
2014-02-02,1.92,1.9858512086962432,-0.06585120869624328,-3.429750452929338
2015-08-22,7.2,7.139081317304758,0.06091868269524259,0.8460928152117025
2023-07-06,3.58,3.455477299709192,0.12452270029080825,3.478287717620342
2019-02-23,0.7,0.7525237581024924,-0.052523758102492435,-7.503394014641778
2014-02-25,1.46,1.600479101149166,-0.14047910114916595,-9.621856243093559
2012-07-22,4.01,4.20459314802337,-0.1945931480233698,-4.852696958188774
2016-05-03,3.56,3.520343031879144,0.03965696812085584,1.1139597786757258
2023-06-30,3.92,3.785622585609778,0.13437741439022188,3.4279952650566803
2025-08-22,9.59,9.892494534300369,-0.30249453430036866,-3.1542704306607785
2009-09-15,7.07,7.195990871800286,-0.125990871800286,-1.7820491060860821
2010-08-23,9.97,10.071188240370168,-0.10118824037016694,-1.0149271852574417
2015-05-19,2.36,2.495394881816795,-0.13539488181679493,-5.737071263423514
2013-01-22,3.14,3.1827619116799997,-0.04276191167999954,-1.3618443210190936
2018-09-25,8.12,7.871786803116866,0.2482131968831336,3.0568127694967195
2020-04-27,2.85,2.7776614663544796,0.07233853364552045,2.5381941630007177
2019-10-10,1.82,1.6889519016518535,0.13104809834814657,7.200444964183878
2013-06-10,2.58,2.513632969426056,0.06636703057394389,2.572365526121856
2007-04-03,1.77,1.9051067987608836,-0.1351067987608836,-7.633152472366306
2009-08-14,8.8,8.729480253778187,0.07051974622181412,0.8013607525206148
2018-09-05,12.32,12.027001097195734,0.2929989028042659,2.378237847437223
2021-12-31,1.18,1.3669438038957593,-0.18694380389575938,-15.842695245403338
2007-11-28,3.44,3.5388697598057233,-0.09886975980572332,-2.87412092458498
2023-11-16,2.48,2.6265766944511846,-0.1465766944511846,-5.910350582709056
2018-08-04,11.32,11.337000979251394,-0.0170009792513941,-0.1501853290759196
2024-10-29,4.18,4.164781869306873,0.015218130693126497,0.36407011227575353
2022-03-17,1.36,1.4169359445823462,-0.056935944582346076,-4.186466513407799
2016-02-09,1.49,1.5842782994579858,-0.09427829945798583,-6.327402648186968
2024-02-07,1.1,1.0350423865367486,0.06495761346325146,5.9052375875683145
2007-04-15,1.33,1.3284799447479858,0.001520055252014263,0.11428986857250095
2010-05-03,2.42,2.3805005345455688,0.03949946545443117,1.6322093162988087
2011-12-10,2.56,2.5583878742737935,0.0016121257262065036,0.06297366117994155
2012-02-13,2.14,2.119033570252799,0.020966429747200976,0.9797397078131298
2014-03-08,1.21,1.2467395872464588,-0.03673958724645887,-3.0363295245007333
2015-07-26,5.77,5.563140452118113,0.2068595478818862,3.5850874849547005
2025-08-26,9.37,9.621327378659656,-0.2513273786596564,-2.6822559088543905
2016-04-14,2.7,2.959189779518051,-0.25918977951805067,-9.599621463631506
2025-08-02,8.7,8.921040695476002,-0.22104069547600247,-2.540697649149454
2024-05-09,1.62,1.7304968340023277,-0.11049683400232757,-6.820792222365898
2023-07-01,3.9,3.4206653860676033,0.4793346139323966,12.290631126471709
2021-11-08,3.65,4.15637188720098,-0.5063718872009804,-13.873202389067957
2012-09-09,8.42,8.574333490306543,-0.1543334903065432,-1.832939314804551
2010-10-12,5.84,5.8075434599143225,0.03245654008567733,0.5557626726999544
2017-08-07,6.72,6.0969102625636875,0.6230897374363122,9.272168711849885
2024-09-03,10.34,10.471920375292479,-0.1319203752924789,-1.275825679811208
2011-11-25,3.19,3.3021749372007774,-0.11217493720077742,-3.516455711623117
2006-03-03,1.24,1.197344874516289,0.04265512548371109,3.4399294744928297
2017-06-24,3.12,3.0114544161148022,0.10854558388519786,3.4790251245255726
2015-05-31,2.68,2.5479118201000004,0.13208817989999977,4.928663429104469
2022-01-26,1.62,1.4971827659812869,0.12281723401871325,7.581310741895879
2008-08-16,13.53,13.535289372615958,-0.005289372615958854,-0.03909366308912679
2022-06-29,4.19,5.015935041462667,-0.8259350414626665,-19.71205349552903
2008-04-14,2.05,1.8084262364172168,0.24157376358278304,11.784086028428442
2024-09-25,10.25,10.125026628220567,0.1249733717794328,1.2192524076042224
2025-09-24,8.52,8.776364597948865,-0.2563645979488651,-3.0089741543294033
2017-08-21,9.87,10.071110446415657,-0.20111044641565812,-2.037593175437266
2010-04-20,1.66,1.5068518488310345,0.1531481511689654,9.225792239094302
2008-05-03,1.95,1.7321148958574915,0.2178851041425085,11.173595084231206
2023-07-09,4.45,4.485830485215694,-0.0358304852156941,-0.8051794430493056
2017-02-01,2.72,2.4855919546373393,0.2344080453626609,8.617942844215474
2006-01-20,1.75,1.8511456959936305,-0.10114569599363055,-5.779754056778889
2020-10-30,2.65,2.5374852502185687,0.11251474978143117,4.245839614393629
2015-09-05,9.23,9.103747444482176,0.12625255551782466,1.3678500056102347
2009-11-21,2.92,3.3220987504924175,-0.4020987504924176,-13.770505153849918
2012-03-01,1.68,1.7608492808565233,-0.08084928085652332,-4.8124571938406735
2013-10-31,6.6,6.448313779158955,0.15168622084104477,2.298276073349163
2025-05-08,2.4,2.2632117091531603,0.13678829084683963,5.699512118618318
2007-06-28,4.19,3.975649918552492,0.21435008144750833,5.115753733830748
2016-05-15,3.43,3.595811333672807,-0.16581133367280687,-4.834149669761133
2014-11-10,4.66,4.872321616850081,-0.21232161685008055,-4.556257872319325
2008-12-12,3.47,3.808267654862456,-0.3382676548624559,-9.74834740237625
2021-12-28,1.27,1.394976451792525,-0.12497645179252492,-9.840665495474402
2007-05-27,3.69,3.7296078098566774,-0.039607809856677445,-1.0733823809397682
2011-03-03,0.92,1.0562870241612443,-0.13628702416124427,-14.81380697404829
2024-01-26,1.26,1.4497785444209508,-0.18977854442095077,-15.061789239757998
2018-12-23,2.78,2.750515133003251,0.029484866996748682,1.0606067265017511
2019-04-21,1.44,1.1598060534089645,0.28019394659103547,19.457912957710796
2020-07-23,3.6,3.3490849439568713,0.2509150560431288,6.969862667864689
2011-10-18,6.22,6.0755688699326775,0.14443113006732222,2.322043891757592
2025-09-14,9.31,9.617377209250627,-0.3073772092506264,-3.301581194958393
2023-09-03,5.0,5.223260767259417,-0.22326076725941668,-4.465215345188334
2022-06-02,4.74,4.5743908376748434,0.16560916232515677,3.4938641840750373
2017-02-05,2.27,2.081660076104383,0.18833992389561693,8.296912946943477
2006-09-05,9.79,9.615992872687082,0.17400712731291712,1.777396601766263
2025-07-14,6.4,6.437663095729901,-0.037663095729900675,-0.588485870779698
2008-12-27,2.59,2.766149392692608,-0.17614939269260832,-6.80113485299646
2022-02-08,1.3,1.2476273260972648,0.052372673902735256,4.028667223287327
2020-04-10,2.2,2.0335242746962985,0.1664757253037017,7.567078422895531
2015-10-14,6.08,6.135135082151165,-0.055135082151164916,-0.9068270090652124
2015-07-14,3.46,3.7260152224495906,-0.26601522244959064,-7.688301226866781
2022-09-16,7.74,8.121417275886367,-0.381417275886367,-4.927871781477609
2012-04-25,1.79,1.802037237555834,-0.012037237555833968,-0.6724713718343
2021-08-20,5.92,5.797634399717613,0.12236560028238674,2.0669864912565328
2010-07-25,6.04,6.024334966675034,0.01566503332496616,0.25935485637361194
2016-11-26,4.02,4.066722115082156,-0.04672211508215618,-1.162241668710353
2021-12-21,1.8,1.654655373744851,0.145344626255149,8.074701458619387
2022-02-13,1.12,1.4056220959070607,-0.28562209590706056,-25.50197284884469
2012-09-30,6.45,6.6534511426663805,-0.2034511426663803,-3.154281281649307
2021-10-10,3.48,3.587940731766728,-0.1079407317667278,-3.101745165710569
2006-08-17,8.26,8.397196003387423,-0.1371960033874231,-1.6609685640123864
2007-04-14,1.51,1.4521409532653817,0.05785904673461828,3.831724949312469
2012-03-03,1.66,1.743640050515903,-0.08364005051590317,-5.0385572599941675
2017-09-02,9.1,9.219660256325685,-0.11966025632568567,-1.3149478717108314
2011-10-13,6.55,6.283254036422749,0.2667459635772511,4.072457459194673
2012-04-09,0.8,1.0736570639474778,-0.2736570639474778,-34.207132993434726
2011-10-29,4.9,4.916267131617696,-0.01626713161769544,-0.33198227791215185
2016-05-29,4.5,4.298957411134395,0.20104258886560533,4.467613085902341
2020-11-27,1.89,1.7810211349543579,0.10897886504564203,5.7660775156424355
2017-04-13,3.56,3.5897204569859333,-0.029720456985933286,-0.8348442973576765
2018-02-14,1.71,1.5163434591154137,0.19365654088458628,11.324943911379314
2009-01-21,1.84,1.8980819726266662,-0.058081972626666145,-3.1566289471014213
2021-07-12,3.67,4.055552976662618,-0.385552976662618,-10.505530699253898
2012-07-28,6.52,6.92938497362454,-0.4093849736245403,-6.278910638413195
2017-12-30,3.22,3.0242234022066956,0.19577659779330459,6.080018565009459
2020-05-19,3.28,3.5292267339088244,-0.24922673390882455,-7.598376033805628
2017-04-03,1.96,1.9340135033764727,0.025986496623527255,1.3258416644656763
2025-01-28,1.97,1.9880759758409245,-0.018075975840924574,-0.9175622254276433
2021-12-17,1.82,1.8812401019590834,-0.06124010195908336,-3.364840766982602
2017-12-26,3.16,2.9253981804402733,0.2346018195597268,7.424108213915405
2007-11-08,5.86,5.3664851844710535,0.4935148155289468,8.421754531210695
2025-07-18,6.97,7.048506231140053,-0.07850623114005284,-1.1263447796277308
2012-05-24,2.3,2.2262661143653584,0.07373388563464145,3.2058211145496287
2006-02-01,1.7,1.6823685544050062,0.017631445594993744,1.0371438585290438
2011-03-19,0.93,1.0263195250603654,-0.09631952506036534,-10.356938178533907
2011-11-04,5.46,5.4882823048847875,-0.028282304884787557,-0.517990931955816
2008-12-15,3.87,3.692063785414958,0.17793621458504205,4.597835002197469
2007-06-29,4.11,3.83470380700596,0.2752961929940403,6.698204209100736
2009-07-22,7.63,7.264944199730062,0.3650558002699382,4.784479688990016
2012-12-26,2.24,2.260518597429437,-0.020518597429436625,-0.9160088138141349
2021-03-11,2.2,2.6374285461682665,-0.4374285461682663,-19.883115734921194
2017-03-27,2.1,2.3081933074991863,-0.2081933074991862,-9.91396702377077
2007-08-16,7.14,6.940974031128659,0.19902596887134028,2.7874785556210124
2018-04-14,3.44,3.3864482645063694,0.05355173549363057,1.5567364969078654
2017-10-30,6.1,6.21378065668312,-0.11378065668312054,-1.8652566669364026
2025-06-01,3.21,3.064010409215567,0.14598959078443308,4.547962329733117
2016-03-06,3.43,3.5995061395312216,-0.1695061395312214,-4.941869957178467
2006-01-18,1.78,1.8262578604908195,-0.04625786049081948,-2.5987562073494086
2006-04-07,0.8,0.8671664165616617,-0.06716641656166167,-8.395802070207708
2007-12-14,3.04,3.1275357428033543,-0.0875357428033543,-2.8794652237945493
2011-10-01,10.76,10.429212499886553,0.3307875001134466,3.074233272429801
2025-05-21,3.25,3.03590396306977,0.21409603693023005,6.587570367084002
2006-06-06,3.65,3.6400466731032726,0.009953326896727344,0.2726938875815711
2015-06-05,1.94,1.8002578769606012,0.1397421230393987,7.203202218525706
2025-03-12,1.85,1.9457947674573806,-0.09579476745738047,-5.178095538236782
2020-10-31,2.62,2.9192474213395547,-0.2992474213395546,-11.421657303036435
2017-01-20,3.02,2.818719182527449,0.2012808174725511,6.664927730879176
2006-11-16,4.06,3.9971872004026943,0.06281279959730535,1.5471132905740235
2011-05-20,2.1,1.9957936164160717,0.10420638358392842,4.962208742091829
2025-07-16,6.72,6.762620097629708,-0.0426200976297082,-0.6342276432992291
2009-08-15,8.42,8.449953151630051,-0.029953151630051522,-0.35573814287472116
2008-11-08,8.57,9.483703764675004,-0.9137037646750041,-10.661654196907866
2007-03-02,1.54,1.6074863839381854,-0.0674863839381854,-4.3822327232587925
2023-04-13,0.65,0.7863026971082805,-0.13630269710828047,-20.969645708966226
2020-06-12,1.78,1.866243592396112,-0.08624359239611201,-4.845145640231012
2007-03-24,1.5,1.6180966631665554,-0.11809666316655543,-7.873110877770362
2018-05-13,2.74,2.808883149228426,-0.06888314922842564,-2.513983548482688
2018-09-01,11.85,11.862793030000022,-0.012793030000022299,-0.10795805907191813
2015-12-25,1.91,2.005294479883001,-0.0952944798830011,-4.989239784450319
2020-05-10,3.15,2.915719699378031,0.2342803006219687,7.43746986101488
2017-05-16,4.22,4.184520276295234,0.03547972370476593,0.8407517465584345
2014-11-08,4.42,4.656008503549312,-0.23600850354931246,-5.339558903830599
2025-09-19,8.85,9.122760821230631,-0.27276082123063183,-3.0820431777472526
2008-12-16,3.32,3.639231049587097,-0.31923104958709736,-9.61539305985233
2025-02-22,1.92,1.8793870912599817,0.040612908740018216,2.1152556635426154
2025-11-09,4.98,5.318920900912671,-0.3389209009126706,-6.805640580575714
2013-07-06,3.27,3.1276725056700916,0.14232749432990843,4.35252276238252
2022-12-21,1.62,1.7216234573402391,-0.10162345734023903,-6.273052922236976
2015-03-30,2.92,2.934753937643247,-0.014753937643247284,-0.5052718370975098
2021-07-28,7.63,8.06803500497865,-0.43803500497865056,-5.7409568149233365
2022-09-04,7.46,7.241645906419482,0.21835409358051816,2.926998573465391
2013-10-23,4.83,4.955593646300018,-0.12559364630001824,-2.600282532091475
2012-02-19,1.59,1.6558950926383806,-0.06589509263838056,-4.144345448954752
2006-04-04,0.92,0.6488296175538975,0.2711703824461026,29.475041570228537
2025-08-27,9.33,9.600399774310095,-0.27039977431009454,-2.8981755017159117
2007-08-09,9.82,10.15017442495665,-0.33017442495664895,-3.362265019925142
2022-04-12,0.66,0.7886848830221851,-0.12868488302218506,-19.497709548815916
2018-07-23,8.3,7.334175266219218,0.9658247337807824,11.636442575672076
2017-05-23,4.0,3.9800487326446445,0.019951267355355462,0.49878168388388655
2022-02-22,1.48,1.3800044210974223,0.09999557890257771,6.756458033957953
2024-09-26,10.26,9.703520483079895,0.5564795169201044,5.423776968032207
2007-04-22,1.46,1.699273307462617,-0.239273307462617,-16.38858270291897
2013-02-07,2.25,2.1967326511887784,0.05326734881122164,2.367437724943184
2012-08-14,9.6,9.456465237369605,0.1435347626303951,1.495153777399949
2019-03-17,0.72,0.5030266019334313,0.21697339806656868,30.135194175912318
2011-09-10,9.79,9.63907053567986,0.15092946432013932,1.5416697070494314
2008-10-03,9.4,10.031850468413893,-0.6318504684138926,-6.721813493764814
2015-08-25,6.6,6.648337078197814,-0.04833707819781452,-0.7323799726941594
2015-07-06,2.72,2.5880140565041376,0.13198594349586257,4.852424393230241
2016-01-29,2.3,2.412221901575936,-0.11222190157593603,-4.8792131119972195
2024-06-20,2.9,2.7218283569031763,0.17817164309682365,6.143849761959436
2008-12-11,3.52,3.8831929523381064,-0.36319295233810633,-10.317981600514385
2017-02-10,2.27,2.1497049353875406,0.12029506461245942,5.2993420534123095
2013-01-21,3.13,3.216885554361064,-0.08688555436106427,-2.775896305465312
2022-10-27,3.36,3.528198086151804,-0.1681980861518042,-5.00589542118465
2007-05-03,2.07,2.261325011835716,-0.19132501183571637,-9.242754194962144
2016-03-20,3.19,3.243936152369876,-0.053936152369876034,-1.6907884755447034
2012-12-19,2.52,2.4676086527426895,0.05239134725731054,2.079021716559942
2020-05-12,3.07,3.0667944451639326,0.003205554836067215,0.10441546697287346
2020-02-25,1.02,1.021013851761761,-0.0010138517617610532,-0.09939723154520129
2007-07-16,3.55,3.6844114172990086,-0.13441141729900874,-3.7862371070143306
2013-04-03,2.64,2.6441468792119585,-0.004146879211958332,-0.1570787580287247
2009-12-15,2.53,2.666005322225355,-0.13600532222535522,-5.375704435784791
2015-01-30,2.9,3.1372813129834136,-0.2372813129834137,-8.182114240807369
2006-12-01,3.26,3.0774072088283795,0.1825927911716203,5.601005864160133
2022-09-02,8.36,8.13293443544999,0.22706556455000992,2.716095269736961
2017-11-12,4.9,4.639618379104385,0.26038162089561556,5.313910630522766
2014-05-15,2.12,2.171791101123837,-0.051791101123837,-2.4429764681055186
2006-01-24,1.78,1.8330771986384837,-0.0530771986384837,-2.981865092049646
2012-07-19,4.46,4.362651591034435,0.09734840896556474,2.182699752591138
2019-11-20,1.06,1.171170219578073,-0.11117021957807305,-10.487756563969155
2009-06-16,4.32,4.031537865398183,0.2884621346018177,6.677364226893928
2023-07-13,3.38,3.324540940997042,0.055459059002958,1.6408005622176924
2018-11-26,3.79,3.598650564987217,0.1913494350127829,5.048797757593216
2025-01-17,2.72,2.6190449075238034,0.10095509247619683,3.7115842822131184
2013-10-18,4.53,4.6411161923577335,-0.11111619235773329,-2.4528960785371585
2022-11-23,2.5,2.901294865782427,-0.4012948657824271,-16.051794631297085
2024-08-06,10.38,10.508554571993495,-0.12855457199349374,-1.2384833525384753
2011-11-27,3.34,3.248115526536189,0.09188447346381068,2.7510321396350506
2012-08-04,11.66,10.780437409293622,0.879562590706378,7.543418445166192
2022-10-02,7.6,8.249792398757434,-0.6497923987574339,-8.549899983650446
2013-05-09,2.43,2.343003192223624,0.08699680777637608,3.5801155463529253
2023-05-12,0.7,0.8084314775224635,-0.10843147752246352,-15.490211074637648
2008-04-09,1.74,1.5600650685676465,0.1799349314323535,10.34108801335365
2016-02-20,2.82,3.024431676358569,-0.20443167635856918,-7.249350225481177
2017-05-20,3.99,4.05094355567502,-0.060943555675019745,-1.5274074104014972
2025-03-24,1.96,2.2660926053336343,-0.30609260533363436,-15.616969659879304
2021-11-24,2.46,2.5669723455605364,-0.10697234556053647,-4.348469331729126
2015-07-20,2.38,2.5226166858330847,-0.14261668583308484,-5.9922977240791955
2009-05-07,1.87,1.7522017053096737,0.11779829469032643,6.299374047611039
2009-11-12,3.54,3.6834529650426675,-0.14345296504266747,-4.052343645273092
2017-03-02,1.49,1.4619903187376666,0.028009681262333386,1.879844380022375
2013-07-16,5.15,5.55789808611013,-0.40789808611013,-7.920351186604465
2015-12-22,2.0,2.1095325002792116,-0.10953250027921158,-5.476625013960579
2012-05-07,2.31,2.2527398268878653,0.057260173112134716,2.4787953728196843
2011-02-07,1.27,1.51494629479856,-0.2449462947985599,-19.28710982665826
2009-02-19,0.59,0.4066523936721542,0.18334760632784575,31.07586547929589
2010-01-24,2.1,2.0523596235899424,0.047640376410057694,2.26858935285989
2016-01-10,3.16,3.3333702612886222,-0.1733702612886221,-5.486400673690572
2019-05-08,2.16,1.8357109338981683,0.32428906610183184,15.01338268989962
2011-09-16,10.42,9.986374474934127,0.4336255250658727,4.1614733691542485
2007-01-14,1.67,1.8814995011989897,-0.21149950119898975,-12.66464079035867
2009-12-05,2.56,2.8855434033910576,-0.3255434033910576,-12.716539194963186
2020-05-23,3.6,3.2903081046347094,0.30969189536529074,8.602552649035854
2006-07-19,7.06,7.142805068713063,-0.08280506871306326,-1.1728763273804994
2015-06-12,4.45,4.4873498482267165,-0.037349848226716276,-0.8393224320610398
2010-07-29,8.58,8.885002110408744,-0.3050021104087435,-3.5548031516170564
2020-11-19,2.55,2.6935127870600275,-0.14351278706002768,-5.627952433726576
2025-04-11,2.26,1.9178681271782105,0.34213187282178925,15.138578443442002
2020-06-13,1.86,1.9014229961305529,-0.04142299613055278,-2.2270428027178912
2009-07-12,8.99,9.038232963867161,-0.048232963867160805,-0.5365179518037909
2017-05-02,3.84,3.994781410873597,-0.1547814108735972,-4.030765908166594
2023-08-19,6.28,6.27235444427305,0.007645555726949915,0.12174451794506233
2019-04-01,1.06,1.0208661083118113,0.039133891688188704,3.691876574357425
2008-01-27,2.18,2.4055779708360223,-0.22557797083602216,-10.347613341101933
2018-07-02,7.62,7.775137724775195,-0.15513772477519527,-2.035928146656106
2013-09-18,8.9,8.644035696586489,0.25596430341351173,2.876003409140581
2023-04-12,0.67,0.7383623961753107,-0.0683623961753107,-10.20334271273294
2019-02-22,0.7,0.74903366921157,-0.04903366921157004,-7.0048098873671485
2009-12-23,2.13,2.356309773925867,-0.22630977392586704,-10.624872015298923
2013-05-02,2.69,2.5911451419285205,0.09885485807147942,3.6749017870438445
2015-06-28,3.06,2.8177097990650948,0.24229020093490528,7.917980422709323
2019-03-09,0.8,0.6924242533783276,0.10757574662167246,13.446968327709058
2015-12-01,2.44,2.3725649182580497,0.06743508174195023,2.763732858276649
2023-10-03,7.1,7.099638605148293,0.00036139485170672003,0.005090068333897466
2009-05-28,1.61,1.500339413346548,0.10966058665345213,6.811216562326219
2011-06-27,5.0,1.6322034466867188,3.367796553313281,67.35593106626563
2010-04-12,1.84,1.7229551977618338,0.11704480223816627,6.361130556422079
2017-06-10,2.09,2.288038889525323,-0.19803888952532311,-9.475544953364743
2019-11-05,1.12,1.197811930583042,-0.07781193058304181,-6.947493802057305
2008-03-12,1.3,1.5510511163630514,-0.25105111636305133,-19.31162433561933
2013-07-20,6.03,6.068780049010817,-0.038780049010816775,-0.643118557393313
2022-07-07,4.22,4.548565892314117,-0.32856589231411704,-7.78592161881794
2007-07-02,4.48,4.261622676254023,0.21837732374597785,4.874493833615577
2009-11-08,3.87,3.903425118294129,-0.033425118294128975,-0.8636981471351156
2021-01-25,2.05,2.2900889681604193,-0.24008896816041947,-11.711656983435097
2025-04-03,1.99,1.9221449506860666,0.06785504931393338,3.409801473061979
2023-12-06,1.6,1.6510382305716371,-0.05103823057163703,-3.1898894107273144
2022-09-17,7.76,8.071069211111563,-0.3110692111115636,-4.008623854530459
2016-05-07,2.57,2.5633894980388474,0.006610501961152426,0.2572179751421178
2023-04-27,0.74,0.6837580991893772,0.05624190081062275,7.600256866300372
2023-12-27,1.5,1.559378271068474,-0.05937827106847404,-3.958551404564936
2020-08-10,4.85,4.800667832134475,0.049332167865524745,1.0171581003200978
2022-03-11,0.9,1.0216945458326552,-0.12169454583265515,-13.521616203628351
2021-11-05,3.34,3.682484909347952,-0.3424849093479523,-10.2540392020345
2016-10-08,6.06,6.340398421454934,-0.280398421454934,-4.627036657672178
2020-12-31,2.28,2.4430943052896046,-0.16309430528960478,-7.153259003930035
2014-04-28,3.12,3.148098902942457,-0.02809890294245676,-0.9006058635402807
2023-08-31,5.64,5.81068065648299,-0.17068065648299058,-3.02625277452111
2025-03-06,1.93,1.8191862048021283,0.1108137951978716,5.74164741957884
2020-12-11,1.55,1.4932205900541247,0.05677940994587538,3.6631877384435727
2007-06-03,3.61,3.4649690470892853,0.14503095291071455,4.017477919964392
2007-09-04,8.86,8.741735613550436,0.11826438644956383,1.3348124881440615
2024-12-25,2.3,2.396541441467744,-0.09654144146774435,-4.19745397685845
2019-08-22,5.15,4.516275681239934,0.6337243187600663,12.305326577865364
2007-11-15,4.43,4.485214879268214,-0.05521487926821411,-1.2463855365285355
2020-05-05,3.03,3.09976375738416,-0.0697637573841603,-2.302434237101
2007-05-07,2.44,2.5001456460247,-0.06014564602469985,-2.4649854928155674
2018-12-07,2.64,2.4811077027934196,0.1588922972065805,6.018647621461382
2008-01-13,2.62,2.7680787324149705,-0.14807873241497038,-5.651860015838564
2006-11-20,3.72,3.2765874936836066,0.4434125063163936,11.919691030010581
2013-07-11,3.84,3.9117902997437324,-0.07179029974373252,-1.8695390558263678
2015-10-22,4.56,4.358020998107534,0.20197900189246543,4.429364076589155
2012-06-11,3.94,3.91891238857879,0.02108761142120974,0.5352185639900949
2008-11-13,7.17,7.480818246188997,-0.31081824618899745,-4.3349825130961985
2017-03-11,1.78,1.8639915911943015,-0.08399159119430144,-4.7186287187809794
2009-10-07,6.09,5.916740699012386,0.17325930098761422,2.844980311783485
2025-11-03,4.98,5.38443065870374,-0.4044306587037392,-8.12109756433211
2006-11-21,3.71,3.2913441981139613,0.4186558018860387,11.284522961887836
2021-10-15,3.85,3.3914059716539127,0.4585940283460874,11.911533203794477
2007-08-10,9.72,9.919361289739545,-0.19936128973954403,-2.051042075509712
2021-08-19,5.65,5.9524723788168,-0.3024723788168,-5.35349343038584
2025-06-19,4.32,4.173304974404901,0.14669502559509962,3.39571818507175
2015-11-20,3.52,3.498050594837476,0.021949405162524194,0.6235626466626191
2011-10-30,4.64,4.55211006851115,0.08788993148884927,1.8941795579493377
2020-12-18,1.92,1.6768542503647903,0.24314574963520963,12.663841126833836
2017-01-21,3.04,2.8098739118220895,0.23012608817791058,7.56993711111548
2019-05-24,1.35,1.240188364558613,0.10981163544138717,8.13419521788053
2015-05-01,2.0,2.0688213772216386,-0.06882137722163861,-3.4410688610819307
2016-04-10,3.23,3.4193017787057984,-0.18930177870579845,-5.860736182842057
2013-12-28,4.02,4.0929234644752,-0.07292346447520082,-1.8140165292338515
2008-01-04,2.56,2.7462151816006175,-0.18621518160061745,-7.274030531274119
2022-03-18,1.39,1.3056288660468667,0.08437113395313323,6.069865752023974
2016-08-04,5.52,5.53144285256477,-0.011442852564770511,-0.20729805370961074
2006-03-30,1.12,0.931852110528455,0.18814788947154515,16.79891870281653
2018-08-05,10.82,10.935637764771672,-0.11563776477167131,-1.0687408943777386
2012-01-19,2.33,2.3713392737981036,-0.04133927379810354,-1.774217759575259
2011-04-04,0.78,0.8122897421251634,-0.032289742125163334,-4.139710528867094
2021-10-08,3.55,3.5503153165428687,-0.0003153165428688709,-0.008882156137151294
2013-03-28,2.85,2.7588471859649895,0.09115281403501063,3.198344352105636
2018-07-16,5.72,5.729025625388827,-0.00902562538882723,-0.1577906536508257
2019-06-21,3.06,2.9274206570007615,0.13257934299923857,4.332658267948973
2020-09-22,6.08,6.355961698556516,-0.2759616985565163,-4.5388437262584915
2019-02-13,0.84,0.8631739630455986,-0.0231739630455986,-2.758805124476024
2006-07-18,7.23,7.353967036870639,-0.12396703687063848,-1.7146201503546126
2012-03-16,1.94,1.9620910935568503,-0.02209109355685035,-1.1387161627242448
2014-04-30,3.19,3.177191467083412,0.0128085329165879,0.40152140804350783
2016-12-06,3.65,3.865016361669603,-0.21501636166960303,-5.890859223824741
2006-03-15,1.05,0.8506505849591668,0.19934941504083326,18.98565857531745
2010-11-19,3.62,3.527009672835978,0.092990327164022,2.5687935680669063
2012-12-17,2.68,2.5933629694270115,0.08663703057298866,3.2327250213801735
2015-01-26,1.72,1.8350086691988885,-0.11500866919888852,-6.6865505348191006
2018-03-25,3.24,3.1416273619802633,0.09837263801973695,3.0361925314733624
2009-07-02,3.39,3.3062594105912586,0.08374058940874152,2.4702238763640567
2021-09-23,5.01,5.117507201908918,-0.10750720190891805,-2.1458523335113386
2013-10-19,4.91,5.105398528168246,-0.195398528168246,-3.979603425015193
2023-08-03,5.12,5.208090687846035,-0.08809068784603458,-1.7205212469928628
2019-06-08,4.26,4.137572327851001,0.12242767214899875,2.87388901758213
2013-04-12,2.88,2.9677304309999775,-0.08773043099997757,-3.046195520832555
2023-09-16,5.52,5.783154816207934,-0.26315481620793424,-4.767297395071273
2025-01-18,2.51,2.4120845985931343,0.0979154014068655,3.9010120082416533
2023-05-03,1.26,1.1114942818511815,0.14850571814881852,11.78616810704909
2024-06-08,1.92,1.8383904457767493,0.08160955422325067,4.250497615794306
2024-10-21,4.96,5.030709637471453,-0.07070963747145331,-1.4255975296663976
2019-06-24,2.66,2.4951683298175027,0.16483167018249745,6.196679330169077
2009-05-05,1.99,1.926524857145814,0.06347514285418598,3.189705671064622
2024-02-22,0.78,0.9829961207583793,-0.20299612075837925,-26.025143686971695
2023-01-24,1.11,1.2381634203308636,-0.12816342033086348,-11.546254083861573
2009-01-09,1.56,1.6963080790195968,-0.13630807901959674,-8.737697373051073
2014-11-27,3.8,3.669608477056204,0.13039152294379575,3.4313558669419937
2013-12-18,4.08,3.9528697493651417,0.1271302506348584,3.1159375155602542
2022-09-06,7.22,7.257723095245939,-0.037723095245938865,-0.5224805435725605
2012-09-15,8.07,8.052328713671663,0.017671286328337033,0.21897504743912058
2019-10-26,1.55,1.5506563597178373,-0.0006563597178372849,-0.04234578824756677
2008-04-23,1.84,1.6018820382255456,0.23811796177445443,12.941193574698609
2009-05-09,1.69,1.6093563235010597,0.08064367649894022,4.771815177452084
2024-06-13,3.43,3.6562851781228063,-0.22628517812280613,-6.597235513784434
2021-07-18,3.5,3.16741887190424,0.33258112809576,9.502317945593143
2021-04-03,2.65,2.618536686715367,0.03146331328463292,1.1872948409295443
2013-05-03,2.69,2.59333848682569,0.09666151317430982,3.5933648020189524
2011-07-17,7.09,6.9431612386564945,0.14683876134350538,2.0710685661989476
2013-11-21,4.56,4.83216648180592,-0.27216648180591996,-5.968563197498245
2006-07-28,8.0,7.877336166993937,0.12266383300606343,1.5332979125757928
2019-08-31,5.69,4.921444301488792,0.7685556985112081,13.507130026559016
2022-02-23,1.38,1.287116082455141,0.09288391754485881,6.730718662670928
2017-09-10,8.5,8.540465031380409,-0.04046503138040869,-0.47605919271069047
2007-09-13,10.44,10.293375382761626,0.1466246172383734,1.4044503566894004
2022-04-29,0.58,0.6958065182209658,-0.11580651822096588,-19.966641072580327
2019-03-31,1.01,0.8658985428668378,0.14410145713316225,14.267471003283392
2024-09-13,13.27,13.500583028503664,-0.23058302850366452,-1.7376264393644651
2023-12-05,1.73,1.5583356326562732,0.1716643673437268,9.922795800215422
2008-09-30,10.29,10.704837491589323,-0.41483749158932426,-4.031462503297612
2023-04-23,0.93,0.9565425862817536,-0.026542586281753544,-2.854041535672424
2017-07-20,8.02,8.535214158067491,-0.5152141580674918,-6.424116684133314
2022-09-18,7.66,7.635429717975228,0.024570282024772183,0.3207608619421956
2025-01-02,2.48,2.493939010928199,-0.013939010928198936,-0.5620568922660861
2008-11-28,4.26,4.520121446851616,-0.260121446851616,-6.106137250037934
2017-07-17,5.95,6.1205334057885725,-0.17053340578857235,-2.86610766031214
2022-11-24,2.54,2.8035819517717524,-0.26358195177175237,-10.377242195738281
2006-10-14,10.09,9.753146625714624,0.33685337428537565,3.338487356643961
2007-07-05,4.41,4.023699595961196,0.3863004040388045,8.75964635008627
2022-04-26,0.72,0.6711584474164383,0.04884155258356171,6.783548969939127
2015-02-15,1.48,1.6076338513983193,-0.1276338513983193,-8.623908878264817
2015-11-02,3.9,3.956537512686697,-0.056537512686697156,-1.4496798124794141
2014-11-14,4.54,4.283350604032717,0.2566493959672833,5.6530703957551385
2019-10-07,2.14,2.1112628513910394,0.028737148608960705,1.3428574116336778
2010-07-10,3.88,3.7741094190933038,0.10589058090669612,2.729138683162271
2018-08-09,10.03,9.977228080360108,0.05277191963989125,0.5261407740766825
2021-12-30,1.24,1.3707295546001008,-0.13072955460010083,-10.542706016137164
2025-03-08,1.94,1.8170987833446737,0.12290121665532627,6.335114260583828
2007-02-06,2.22,2.3296806703616184,-0.10968067036161822,-4.940570737009829
2008-11-01,6.08,6.365086929087145,-0.2850869290871447,-4.688929754722775
2008-01-18,2.48,2.764967293442197,-0.2849672934421972,-11.490616671056337
2012-12-08,3.2,3.2784019565794815,-0.07840195657948135,-2.450061143108792
2006-02-11,1.61,1.726838115409819,-0.11683811540981881,-7.257025801852099
2017-02-25,1.37,1.285179781855934,0.08482021814406604,6.191256798836937
2017-11-01,6.89,6.79274907426526,0.09725092573473937,1.411479328515811
2024-10-15,5.76,5.52262417691492,0.2373758230850802,4.121108039671531
2020-07-29,3.5,3.2796111344960885,0.22038886550391146,6.296824728683184
2017-12-01,5.82,5.57320576536523,0.24679423463477068,4.240450766920458
2022-02-26,1.33,1.3890177024939971,-0.05901770249399707,-4.437421240150155
2009-11-25,2.68,3.1820586603855996,-0.5020586603855994,-18.733532103940277
2008-01-08,2.46,2.6032859733728895,-0.1432859733728895,-5.824633063938598
2008-09-10,11.47,11.514975776417938,-0.04497577641793704,-0.3921166209061642
2018-01-31,1.98,1.7796624575662765,0.20033754243372348,10.118057698672903
2016-01-15,3.0,2.9210047440646587,0.07899525593534129,2.63317519784471
2023-11-27,2.32,2.409236331630317,-0.08923633163031708,-3.846393604755047
2009-01-03,1.95,1.9913680538551155,-0.04136805385511555,-2.121438659236695
2021-03-16,2.55,2.8900256765426207,-0.34002567654262084,-13.334340256573368
2019-10-24,1.81,2.2345428051740046,-0.42454280517400456,-23.45540360077373
2024-08-26,11.73,11.980781450525942,-0.2507814505259418,-2.137949279846051
2025-05-03,2.34,2.3630989679798717,-0.023098967979871876,-0.9871353837552085
2020-10-29,3.06,2.5602643532455946,0.4997356467544054,16.33123028609168
2011-02-28,0.96,1.1272810833229534,-0.16728108332295344,-17.425112846140983
2021-05-25,4.89,5.851235036970331,-0.9612350369703311,-19.65715822025217
2010-02-11,1.47,1.4681948576416386,0.001805142358361378,0.12279879988852911
2025-10-25,5.63,5.846273637704685,-0.21627363770468477,-3.841450048040582
2017-07-29,9.5,10.238979051924202,-0.7389790519242023,-7.778726862360025
2024-08-16,8.1,7.946789646474588,0.15321035352541124,1.8914858459927315
2021-02-23,1.25,1.4159430631589527,-0.16594306315895269,-13.275445052716215
2012-01-02,2.3,2.3197890397803826,-0.019789039780382822,-0.860393033929688
2008-11-14,6.73,7.236589338132612,-0.5065893381326116,-7.527330432876845
2010-06-24,2.4,2.2956945547258547,0.1043054452741452,4.34606021975605
2021-10-28,3.43,3.629478886715369,-0.19947888671536873,-5.815710982955356
2024-10-16,5.53,5.365455065328081,0.16454493467191966,2.9754961061829954
2021-01-23,1.69,1.8817199442414498,-0.1917199442414499,-11.344375398902361
2007-07-04,4.55,4.159058333436983,0.390941666563017,8.592124539846528
2023-05-02,1.16,1.3032974318300088,-0.14329743183000887,-12.353226881897317
2013-03-09,3.14,3.0841733567518514,0.05582664324814868,1.777918574781805
2008-08-29,10.28,10.408433823681612,-0.12843382368161294,-1.2493562614942892
2006-10-24,7.32,7.545564612897638,-0.22556461289763785,-3.0814837827546153
2014-03-16,3.16,3.113290350034399,0.04670964996560123,1.4781534799240894
2015-12-05,2.06,2.1758937035273958,-0.1158937035273957,-5.625907938223092
2017-11-09,4.84,4.713564486819089,0.12643551318091095,2.6123039913411352
2023-07-19,3.93,4.411194737760398,-0.48119473776039756,-12.24414090993378
2021-07-21,2.68,3.3165756230357992,-0.6365756230357991,-23.752821755067128
2016-03-24,3.07,3.351864630743207,-0.2818646307432071,-9.181258330397627
2025-06-12,3.91,3.7901566576551557,0.1198433423448444,3.065047118793974
2018-03-01,3.43,3.084924276157138,0.3450757238428621,10.060516730112598
2006-04-11,0.77,0.7382089346556144,0.03179106534438558,4.128709784985141
2021-10-17,3.48,3.8027369286254387,-0.3227369286254387,-9.27404967314479
2025-04-17,1.95,1.952856724012341,-0.0028567240123409388,-0.1464986672995353
2020-09-30,5.83,5.736434671400529,0.09356532859947109,1.6048941440732605
2017-10-15,6.53,6.353345682946252,0.17665431705374868,2.7052728492151403
2009-12-10,2.44,2.7894613528339454,-0.3494613528339454,-14.322186591555141
2018-07-01,7.52,7.602680374768251,-0.08268037476825185,-1.0994730687267533
2018-05-12,2.73,2.5953365404607363,0.13466345953926373,4.932727455650686
2017-12-27,3.17,2.9309361395150453,0.23906386048495465,7.541446702995415
2015-08-11,10.23,10.241215373546341,-0.011215373546340501,-0.10963219497889053
2008-03-10,1.32,1.5708423654438137,-0.25084236544381366,-19.003209503319216
2010-04-01,1.76,1.5792955914031857,0.18070440859681436,10.267295943000816
2009-10-08,5.67,5.546097101525147,0.12390289847485292,2.185236304671127
2009-11-02,3.73,3.701800070170727,0.028199929829272996,0.7560302903290348
2025-06-03,3.33,3.1880344101285005,0.14196558987149954,4.263230927072058
2017-08-31,8.64,8.930092682135166,-0.2900926821351657,-3.357554191379233
2006-12-13,2.78,2.702959908395009,0.07704009160499092,2.7712263167262923
2008-10-18,6.64,6.833138618904535,-0.193138618904535,-2.9087141401285392
2010-06-06,2.55,2.3652109547642803,0.18478904523571948,7.246629224930176
2011-12-23,2.22,2.3189849636941426,-0.09898496369414245,-4.4587821483847945
2018-05-14,2.89,2.886073783233524,0.003926216766476198,0.13585525143516256
2007-11-13,4.53,4.589293732496567,-0.059293732496566776,-1.3089124171427542
2020-03-17,1.45,1.3553734372202255,0.09462656277977444,6.5259698468809955
2013-01-31,2.92,2.837425089185378,0.0825749108146221,2.8279079046103455
2009-08-22,8.62,8.754934960504116,-0.13493496050411657,-1.5653707715094733
2006-03-29,1.11,0.9292993685700557,0.1807006314299444,16.279336164859856
2007-04-11,1.71,1.8045906033487071,-0.09459060334870717,-5.5316142309185485
2013-09-08,9.3,9.407508946573746,-0.10750894657374488,-1.1560101782123104
2010-10-23,6.38,6.187244108340254,0.19275589165974605,3.021252220372195
2009-02-24,0.47,0.2951075386615818,0.17489246133841818,37.21116198689749
2010-04-04,1.83,1.6986668206734028,0.13133317932659727,7.176676465934277
2020-03-27,1.2,1.4581738125203012,-0.25817381252030125,-21.514484376691772
2008-08-19,12.41,11.984619625179782,0.42538037482021807,3.4277226012910402
2011-07-29,9.38,9.365378487985891,0.014621512014109328,0.15587965899903333
2025-10-06,7.3,7.569998627906433,-0.2699986279064328,-3.6986113411840114
2006-06-07,3.82,3.6393541366365154,0.18064586336348443,4.728949302709016
2006-12-18,2.59,2.553098304224291,0.0369016957757089,1.4247758986760193
2014-11-19,3.5,3.390736912738463,0.109263087261537,3.121802493186771
2015-01-14,1.62,1.7836657191285643,-0.1636657191285642,-10.102822168429888
2009-04-11,1.12,1.066227903851364,0.053772096148636095,4.801080013271079
2017-10-18,6.37,6.040776747978905,0.32922325202109537,5.168339906139645
2019-05-10,1.76,1.5030796179452417,0.2569203820547583,14.597748980383995
2013-09-28,6.7,6.998802868948407,-0.2988028689484068,-4.459744312662788
2015-04-04,2.66,2.7885717105365844,-0.12857171053658423,-4.833522952503166
2014-05-09,2.6,2.38791634887866,0.2120836511213402,8.157063504666931
2008-01-14,2.63,2.921141789109334,-0.29114178910933397,-11.070030004157186
2025-07-10,5.9,5.916089650831242,-0.016089650831241364,-0.2727059462922265
2006-03-26,1.12,0.9574035353586141,0.162596464641386,14.517541485838034
2020-08-08,5.05,4.704585970273266,0.34541402972673385,6.839881776767006
2013-09-05,8.38,8.204808141241976,0.17519185875802457,2.0905949732461164
2011-12-15,2.37,2.4153458508858483,-0.04534585088584819,-1.91332704159697
2025-05-25,3.89,3.5385879383278436,0.35141206167215655,9.033729091829217
2024-06-26,3.45,3.6256204275978,-0.17562042759779972,-5.090447176747817
2009-07-27,7.11,6.864773971501949,0.24522602849805164,3.449029936681457
2016-06-23,2.43,2.5106918139102996,-0.08069181391029945,-3.3206507782016232
2024-10-20,5.23,5.1117309917630385,0.11826900823696196,2.2613577100757545
2018-04-09,3.92,3.726195524495635,0.19380447550436486,4.943991722050124
2009-04-26,1.3,1.2562563200211314,0.04374367997886863,3.364898459912972
2012-11-12,3.66,3.644396723292542,0.015603276707458313,0.42631903572290475
2015-04-29,1.54,1.7054254389175787,-0.16542543891757866,-10.741911618024588
2017-06-08,2.18,2.13805002009486,0.04194997990514038,1.9243110048229528
2016-11-17,6.43,6.569684301128893,-0.1396843011288933,-2.172384154415137
2013-10-08,5.52,5.462701109126104,0.057298890873895836,1.0380233853966638
2015-11-09,3.45,3.345677859272776,0.10432214072722434,3.0238301660065026
2020-08-02,3.15,3.2871622934190743,-0.13716229341907438,-4.3543585212404565
2006-06-17,4.21,4.1694108231280165,0.04058917687198349,0.9641134648927194
2021-07-08,3.78,3.806021428675688,-0.02602142867568835,-0.6883975840129194
2022-05-19,1.66,2.027559320637419,-0.36755932063741903,-22.14212774924211
2020-05-27,3.64,3.932497925203466,-0.29249792520346585,-8.035657285809501
2017-08-02,8.1,8.365365913667732,-0.26536591366773266,-3.276122390959663
2023-08-28,5.44,5.722254348551538,-0.28225434855153786,-5.18849905425621
2021-02-13,1.06,1.2035819514384967,-0.1435819514384966,-13.545467116839301
2025-03-01,1.89,1.788270484988606,0.10172951501139393,5.382514021766875
2016-02-16,2.16,2.197354164867612,-0.03735416486761167,-1.7293594846116513
2025-09-15,9.22,9.484500406381802,-0.26450040638180106,-2.8687679650954556
2009-11-23,2.76,3.264724284454044,-0.5047242844540443,-18.287111755581314
2015-06-20,4.48,4.381106767146951,0.09889323285304918,2.2074382333269904
2014-05-17,2.28,2.2233966616371648,0.05660333836283504,2.4826025597734667
2017-09-12,8.26,8.334365256388049,-0.0743652563880488,-0.9003057674097918
2013-04-06,2.66,2.772263713814357,-0.11226371381435696,-4.220440368960788
2014-03-19,2.92,2.8983200987803404,0.02167990121965957,0.7424623705362866
2021-12-24,1.39,1.4278914620975964,-0.03789146209759653,-2.726004467452988
2017-08-15,7.82,7.781218990523909,0.0387810094760912,0.4959208372901687
2013-03-25,2.9,2.9218308214483466,-0.021830821448346693,-0.7527869464947136
2013-12-29,3.84,4.073491333807857,-0.2334913338078568,-6.080503484579604
2009-01-14,1.52,1.6709522100465652,-0.15095221004656523,-9.931066450431922
2009-04-04,0.51,0.5975183761931095,-0.08751837619310954,-17.160465920217554
2022-05-04,1.05,1.153594883360387,-0.10359488336038702,-9.866179367655906
2013-10-28,7.05,7.340587856615063,-0.2905878566150628,-4.121813569007983
2024-06-09,1.92,1.946457416588045,-0.026457416588045124,-1.377990447294017
2016-12-11,3.16,2.9407216626112627,0.21927833738873748,6.939187892048654
2021-04-30,3.83,4.029006679295569,-0.19900667929556892,-5.195996848448274
2015-03-15,1.5,1.5586270202303116,-0.05862702023031163,-3.9084680153541087
2024-03-07,2.12,2.0351575404157516,0.08484245958424852,4.0020028105777605
2008-09-22,9.25,9.257122565502051,-0.007122565502051259,-0.07700070813028388
2008-10-20,6.3,6.651594775039477,-0.35159477503947745,-5.580869445071071
2007-01-09,1.91,2.0882739111602637,-0.1782739111602638,-9.333712626191822
2020-03-26,1.1,1.3130037235995076,-0.21300372359950748,-19.363974872682498
2020-06-06,1.52,1.6764976632972517,-0.15649766329725168,-10.295898901134978
2010-06-08,2.65,2.5284309113890275,0.12156908861097238,4.587512777772543
2006-11-05,5.02,5.07644477271701,-0.056444772717010316,-1.1243978628886517
2021-10-16,3.54,3.537539925476162,0.0024600745238378963,0.06949363061688972
2012-10-26,4.96,5.1121615151782525,-0.1521615151782525,-3.0677724834325097
2022-05-24,1.43,1.411665451449219,0.01833454855078087,1.2821362622923687
2009-08-11,8.72,8.962904728307652,-0.24290472830765175,-2.7856046824271985
2012-03-25,1.49,1.5054204802838398,-0.0154204802838398,-1.034931562673812
2022-07-09,4.67,4.871092920457223,-0.20109292045722338,-4.306058253901999
2012-04-12,1.02,1.2331607664971216,-0.21316076649712157,-20.8981143624629
2015-07-23,4.86,5.317069782995552,-0.4570697829955517,-9.40472804517596
2024-03-23,2.32,2.7879174999640193,-0.46791749996401943,-20.168857757069805
2013-05-30,3.64,3.6807770927658776,-0.04077709276587749,-1.1202498012603705
2018-06-02,4.72,4.829147191427435,-0.1091471914274349,-2.3124404963439598
2017-05-30,4.22,4.316673642231567,-0.09667364223156749,-2.2908446026437796
2008-03-24,1.27,1.5056918856639196,-0.23569188566391963,-18.558416194009418
2006-03-07,1.15,1.0494248384379437,0.10057516156205626,8.745666222787502
2008-07-17,7.44,7.4803703370772165,-0.040370337077216156,-0.5426120574894644
2016-02-04,1.6,1.6984241628300674,-0.09842416283006727,-6.151510176879205
2016-01-27,1.92,2.0645342280362433,-0.14453422803624338,-7.5278243768876765
2011-02-15,1.12,1.336055139158986,-0.216055139158986,-19.290637424909463
2023-02-06,1.27,1.0640823033890339,0.20591769661096615,16.213991859131195
2011-02-27,0.96,1.130391185092769,-0.17039118509276907,-17.749081780496777
2025-02-19,1.64,1.5909651200144839,0.04903487998551603,2.9899317064339046
2016-04-06,3.34,3.457740988377857,-0.11774098837785729,-3.5251792927502184
2008-11-06,7.48,8.690085608610742,-1.2100856086107417,-16.1776150883789
2024-04-16,1.66,1.5011083582167015,0.1588916417832984,9.57178564959629
2007-05-02,1.86,2.058288144951522,-0.19828814495152192,-10.660652954382899
2025-05-01,2.27,2.392655661839296,-0.12265566183929577,-5.403333120673823
2024-04-11,2.38,2.3105756843055634,0.06942431569443652,2.9169880543880895
2021-03-22,3.27,3.426119931367516,-0.1561199313675159,-4.77430982775278
2015-06-01,2.74,2.813448619494129,-0.07344861949412884,-2.6806065508806145
2008-07-11,8.48,9.029547865608826,-0.549547865608826,-6.480517283122947
2006-11-19,3.82,3.5541352735628835,0.26586472643711634,6.959809592594669
2006-09-06,9.39,9.213031213125745,0.1769687868742551,1.8846516174042076
2021-05-29,6.15,6.0534735134206565,0.09652648657934382,1.5695363671438016
2018-08-02,11.52,11.342385088299563,0.1776149117004362,1.541796108510731
2020-01-09,1.86,1.4916191717034981,0.368380828296502,19.805420876156017
2010-07-03,3.54,3.4112285325301044,0.12877146746989565,3.637612075420781
2017-09-26,7.68,7.670248918911231,0.009751081088769098,0.12696720167668096
2006-08-20,7.59,7.86031894633126,-0.2703189463312601,-3.561514444417129
2019-07-11,2.38,2.239352575136088,0.14064742486391202,5.909555666550926
2011-09-13,10.3,10.340425579505997,-0.04042557950599601,-0.3924813544271457
2019-06-28,2.19,2.3589659085351515,-0.1689659085351516,-7.715338289276328
2024-09-28,9.15,8.581407566349576,0.5685924336504247,6.214124957928139
2012-03-15,1.96,1.9630676849504853,-0.003067684950485372,-0.15651453829007
2013-04-20,2.49,2.425982174231097,0.06401782576890325,2.5709970188314553
2006-04-02,0.98,0.7495201520666619,0.2304798479333381,23.518351829932456
2009-11-22,2.8,3.2935272801578916,-0.4935272801578918,-17.62597429135328
2006-11-15,4.12,3.853811346129245,0.26618865387075497,6.460889657057159
2018-05-15,3.13,3.0469489749839394,0.08305102501606054,2.65338738070481
2023-02-09,0.88,1.0866664724029973,-0.2066664724029973,-23.484826409431513
2011-10-10,7.5,7.144087538206901,0.3559124617930989,4.745499490574652
2016-08-30,9.17,9.277386893546398,-0.10738689354639774,-1.1710675414001936
2015-02-07,2.27,2.3681926731159653,-0.09819267311596525,-4.325668419205518
2017-03-21,1.26,1.476533323487017,-0.21653332348701704,-17.18518440373151
2015-07-04,2.67,2.714415686313328,-0.04441568631332826,-1.663508850686452
2022-01-04,1.28,1.462311131497838,-0.18231113149783806,-14.243057148268598
2019-07-03,1.86,2.0462598474264864,-0.18625984742648627,-10.013970291746572
2013-05-04,2.68,2.7332882646000964,-0.05328826460009628,-1.9883680820931444
2022-07-23,6.75,7.428479224676396,-0.678479224676396,-10.05154406927994
2010-12-14,2.52,2.4263687256639193,0.09363127433608076,3.7155267593682844
2024-05-02,1.84,1.8488405775296934,-0.00884057752969336,-0.48046617009203046
2016-07-18,4.02,4.0806385569704,-0.06063855697040044,-1.5084218151840907
2012-06-05,3.16,3.226699834829997,-0.06669983482999697,-2.110754266772056
2012-05-29,2.4,2.2539447629463325,0.1460552370536674,6.085634877236142
2013-12-12,3.7,3.8899817168553654,-0.18998171685536525,-5.134640996090952
2021-04-05,2.56,2.3056930407092864,0.2543069592907137,9.933865597293503
2016-03-30,3.06,3.1584256661996686,-0.09842566619966853,-3.216525039204854
2010-03-17,1.52,1.4130280303094436,0.10697196969055645,7.037629584905029
2010-05-21,4.41,4.230655536311259,0.17934446368874113,4.0667678840984385
2009-10-26,4.52,4.501918144091627,0.01808185590837219,0.4000410599197388
2011-04-02,0.77,0.8191341015139901,-0.049134101513990114,-6.38105214467404
2024-05-17,1.66,1.8150081727250846,-0.15500817272508471,-9.33784173042679
2025-02-08,1.79,1.631798549399368,0.15820145060063195,8.838069865957092
2009-12-24,2.18,2.3268457989894094,-0.1468457989894092,-6.736045825202257
2018-06-13,4.57,4.435240244221388,0.134759755778612,2.948791154893041
2020-09-28,6.01,5.458024802908833,0.551975197091167,9.184279485709935
2013-05-15,3.07,2.9256384926931958,0.14436150730680408,4.70232922823466
2012-01-17,2.22,2.2307506170372733,-0.010750617037273091,-0.4842620287059951
2007-12-13,3.06,3.1729475987051203,-0.11294759870512028,-3.6910979968993556
2009-05-30,1.72,1.5958678609355346,0.12413213906446541,7.216984829329384
2017-08-13,8.02,7.862427229258536,0.15757277074146359,1.9647477648561544
2015-11-27,2.96,2.909770055082931,0.05022994491706889,1.6969575985496248
2006-09-23,7.5,7.6557569414766915,-0.1557569414766915,-2.07675921968922
2024-07-31,5.32,5.046757493529826,0.273242506470174,5.136137339664925
2024-10-25,4.43,4.461378514911345,-0.03137851491134569,-0.7083186210236048
2015-03-14,1.44,1.5861349796584872,-0.1461349796584872,-10.148262476283834
2018-12-02,3.17,2.743902818429454,0.4260971815705461,13.4415514691024
2008-03-01,1.55,1.7844381366080166,-0.2344381366080166,-15.12504107148494
2023-11-25,2.22,2.4909751724094256,-0.27097517240942537,-12.206088847271413
2020-05-30,3.22,3.311838250626003,-0.0918382506260027,-2.8521195846584693
2013-06-11,2.75,2.7675542820074632,-0.01755428200746323,-0.6383375275441174
2008-04-19,2.42,2.1521144830405916,0.2678855169594083,11.069649461132576
2006-01-15,1.93,1.996660439468484,-0.06666043946848399,-3.453908780750466
2014-04-29,3.15,3.1545668889579788,-0.004566888957978854,-0.14498060184059855
2015-03-08,1.59,1.655437955918146,-0.06543795591814594,-4.1155947118330785
2017-08-17,7.76,7.696743993824423,0.06325600617557647,0.8151547187574288
2022-05-26,1.44,1.5911606327900119,-0.1511606327900119,-10.49726616597305
2006-01-09,1.99,2.0390630432304286,-0.04906304323042865,-2.4654795593180228
2013-07-24,6.28,6.5618286799427175,-0.2818286799427172,-4.487717833482758
2020-02-08,1.12,1.13061216577246,-0.010612165772459825,-0.9475148011124843
2006-11-29,3.5,3.2386079658554965,0.2613920341445035,7.4683438327001
2012-10-09,5.91,5.9350112820527645,-0.025011282052764372,-0.42320274200954944
2022-07-16,7.0,7.769496400140464,-0.769496400140464,-10.992805716292343
2010-06-22,2.24,2.0076312964655214,0.2323687035344788,10.373602836360659
2016-08-14,7.67,7.359551978039873,0.3104480219601271,4.047562215907785
2022-07-28,6.15,5.952632473910608,0.19736752608939234,3.2092280664941844
2012-11-17,3.28,3.2202038471207564,0.05979615287924345,1.823053441440349
2019-10-02,2.42,2.304032852315507,0.11596714768449301,4.792030896053431
2013-11-29,4.58,4.708580333327629,-0.12858033332762897,-2.807430858681855
2013-10-02,6.87,6.80299953966902,0.06700046033097973,0.9752614313097485
2006-12-06,2.88,2.7760241604382565,0.10397583956174339,3.610272207004979
2025-01-07,2.56,2.543384876791582,0.01661512320841796,0.6490282503288265
2015-01-27,2.02,2.1237369562465114,-0.10373695624651136,-5.135492883490661
2010-01-08,2.06,2.046419614403706,0.013580385596294153,0.6592420192375803
2022-03-30,1.6,1.4526379855397344,0.14736201446026564,9.210125903766603
2018-06-01,4.62,4.687313551349159,-0.06731355134915873,-1.4570032759558167
2007-09-15,10.11,9.957969604845923,0.15203039515407646,1.5037625633439808
2025-09-02,9.51,9.774026880764508,-0.26402688076450787,-2.7763078944743205
2024-06-21,2.88,2.757032318824752,0.12296768117524781,4.269711151918327
2012-09-25,6.98,7.044108546209549,-0.06410854620954876,-0.9184605474147387
2013-09-30,7.34,7.358445677461985,-0.018445677461985,-0.2513035076564714
2009-08-29,8.34,9.54266887929991,-1.2026688792999103,-14.420490159471347
2010-03-18,1.6,1.5138881954517482,0.08611180454825185,5.381987784265741
2011-12-31,2.34,2.352530858191705,-0.012530858191705185,-0.5355067603292815
2021-10-13,3.55,4.03689498038519,-0.4868949803851903,-13.715351560146205
2019-04-09,1.44,1.293408295495441,0.14659170450455905,10.179979479483267
2006-07-16,6.66,6.848319263680588,-0.1883192636805875,-2.827616571780593
2017-01-14,3.76,3.47687859065917,0.28312140934082963,7.529824716511427
2013-01-28,3.1,3.116398320617719,-0.01639832061771873,-0.5289780844425397
2009-02-28,0.41,0.21184389393684766,0.19815610606315232,48.330757576378616
2023-12-01,2.24,2.3621285052315013,-0.1221285052315011,-5.452165412120584
2018-12-14,2.46,2.3020194489267567,0.15798055107324327,6.421973620863547
2007-03-09,1.42,1.5077867111359704,-0.08778671113597047,-6.182162756054259
2012-01-10,2.12,2.169024032335809,-0.049024032335808876,-2.3124543554626826
2025-01-16,3.02,2.8761556315743584,0.14384436842564163,4.763058557140452
2013-12-02,4.35,4.5237065124570295,-0.17370651245702984,-3.993253159931721
2009-10-12,5.14,5.344924710055635,-0.20492471005563573,-3.9868620633392164
2017-08-22,9.92,10.097960594626844,-0.17796059462684433,-1.793957607125447
2015-05-02,2.03,2.0702595084996966,-0.04025950849969684,-1.9832270196894997
2023-01-01,1.44,1.383965367222388,0.056034632777612,3.8912939428897224
2018-07-08,5.21,4.982684936207783,0.22731506379221678,4.363053047835255
2010-09-28,8.91,8.919140203922437,-0.00914020392243664,-0.10258365793980517
2007-08-28,7.5,7.452613090789768,0.04738690921023192,0.6318254561364256
2025-03-16,1.98,2.0116385328175754,-0.03163853281757545,-1.597905697857346
2011-08-09,8.95,8.65398960998214,0.2960103900178588,3.307378659417417
2020-09-02,5.4,5.07157828834783,0.3284217116521706,6.08188354911427
2009-10-30,4.42,4.3930667281136895,0.02693327188631045,0.609350042676707
2020-01-05,1.58,1.7532571681524098,-0.17325716815240977,-10.965643553949985
2019-05-19,1.43,1.6147913492312318,-0.18479134923123186,-12.92247197421202
2024-11-08,3.62,3.4140498365997685,0.20595016340023165,5.68923103315557
2022-02-03,0.94,1.1068436366211336,-0.16684363662113366,-17.749323044801454
2014-04-23,2.0,1.8853185925621117,0.11468140743788835,5.7340703718944175
2021-08-26,6.04,6.095796865807083,-0.055796865807082874,-0.9237891689914383
2018-10-20,6.1,6.140330388945002,-0.040330388945002404,-0.661153917131187
2011-02-05,1.28,1.5389704578659735,-0.2589704578659735,-20.23206702077918
2021-03-07,1.33,1.617669330604988,-0.287669330604988,-21.629272977818644
2010-02-19,1.37,1.331315252574548,0.03868474742545214,2.823704191638842
2017-12-18,3.78,3.446826703976579,0.33317329602342083,8.814108360407959
2008-06-24,5.49,5.655442383279942,-0.16544238327994165,-3.0135224641155127
2024-08-22,10.62,10.991643136900418,-0.3716431369004187,-3.4994645659173136
2011-12-06,2.92,2.8984344223384064,0.021565577661593505,0.7385471801915584
2015-04-30,1.82,1.983359438506036,-0.16335943850603596,-8.97579332450747
2021-03-05,1.56,1.4383547182803826,0.12164528171961742,7.797774469206244
2019-04-29,1.74,1.4938509823338717,0.2461490176661283,14.146495268168295
2018-03-08,3.13,2.936068853980796,0.19393114601920391,6.195883259399486
2011-07-26,10.07,10.455797298203738,-0.3857972982037374,-3.8311548977531023
2010-04-09,1.85,1.6689204841433019,0.18107951585669824,9.788081938199904
2013-06-27,2.67,2.9638430716475836,-0.2938430716475837,-11.005358488673547
2023-01-12,0.98,1.1779603524661604,-0.1979603524661604,-20.200035965934735
2017-10-25,6.21,5.981767898057857,0.22823210194214294,3.675235135944331
2011-09-02,10.13,9.843218420512404,0.28678157948759697,2.8310126306771664
2016-01-14,3.28,3.228948575592285,0.05105142440771493,1.55644586608887
2010-02-22,1.28,1.2539121499165895,0.026087850083410524,2.038113287766447
2006-09-12,8.29,8.483378730786939,-0.19337873078693946,-2.3326746777676655
2014-04-18,3.62,3.643302986925674,-0.023302986925673785,-0.6437289205987233
2006-08-10,8.72,8.665237391319014,0.0547626086809867,0.628011567442508
2016-11-21,5.44,5.327742612976964,0.11225738702303634,2.0635549085116973
2016-01-20,2.48,2.5363074031582578,-0.056307403158257774,-2.2704598047684583
2013-04-09,2.68,2.764052198061733,-0.08405219806173303,-3.1362760470795905
2011-08-06,9.6,9.092659234148147,0.5073407658518523,5.284799644290128
2009-03-22,0.77,0.7955230981718042,-0.025523098171804204,-3.3146880742602867
2011-07-19,7.8,7.384759991013855,0.415240008986145,5.323589858796731
2025-09-01,9.48,9.755559377129122,-0.27555937712912204,-2.9067444844844097
2013-09-07,8.3,7.903058478176173,0.3969415218238277,4.782427973781056
2023-07-25,3.12,2.4814785976427647,0.6385214023572354,20.465429562731906
2020-05-31,3.32,3.4622645450439773,-0.14226454504397745,-4.285076657951128
2016-02-13,1.79,1.9516858471181697,-0.1616858471181697,-9.032728889283224
2015-11-28,2.9,2.8844664629615444,0.015533537038455503,0.5356392082226036
2007-01-12,1.71,1.9156383554842398,-0.2056383554842398,-12.025634823639756
2008-01-26,2.24,2.4646149581978283,-0.22461495819782806,-10.027453490974466
2006-10-19,9.7,9.656721244767395,0.04327875523260438,0.4461727343567462
2014-05-30,2.8,2.8255139596931467,-0.025513959693146848,-0.911212846183816
2016-04-05,2.44,3.5466231256356773,-1.1066231256356773,-45.353406788347435
2006-07-08,4.85,4.873309991077297,-0.02330999107729692,-0.4806183727277716
2025-07-17,6.83,6.877306243347094,-0.04730624334709432,-0.6926243535445729
2021-03-10,2.02,2.298009219596416,-0.2780092195964161,-13.762832653287926
2015-03-31,2.82,2.8110810922456064,0.008918907754393413,0.3162733246238799
2024-03-14,2.03,2.128567662126811,-0.09856766212681123,-4.855549858463608
2007-05-17,3.03,2.8652697556147046,0.16473024438529515,5.436641728887629
2013-05-14,3.2,3.1305992991399583,0.06940070086004191,2.1687719018763096
2012-07-29,7.55,8.529859533464125,-0.9798595334641247,-12.978271966412247
2023-08-16,6.93,7.034567753971331,-0.104567753971331,-1.508914198720505
2017-01-16,3.52,3.246465993343822,0.273534006656178,7.770852461823238
2017-10-22,6.67,6.482108319560955,0.18789168043904514,2.816966723224065
2024-05-29,3.82,3.8278072615738306,-0.007807261573830715,-0.2043785752311706
2007-11-04,5.58,5.764253123272632,-0.1842531232726321,-3.3020272987926895
2025-07-31,8.56,8.827832608310615,-0.2678326083106146,-3.1288856111053107
2009-03-21,0.88,0.7826255196542058,0.09737448034579421,11.065281857476615
2013-01-23,3.14,3.1399260188966704,7.398110332967889e-05,0.002356086093301875
2021-07-17,3.5,3.5591560783390386,-0.059156078339038576,-1.6901736668296734
2021-01-31,1.49,1.470139964953039,0.0198600350469611,1.3328882581853088
2024-12-08,2.1,1.957700880122959,0.14229911987704114,6.776148565573386
2014-04-14,3.18,3.107640890068063,0.07235910993193695,2.2754437085514763
2006-08-05,8.27,8.357776688655596,-0.0877766886555964,-1.0613868035743217
2017-04-27,3.57,3.7577919168539706,-0.1877919168539708,-5.260277783024392
2007-02-26,1.58,1.726927713887127,-0.146927713887127,-9.29922239791943
2020-12-13,1.62,1.630104427584,-0.010104427583999875,-0.62373009777777
2019-04-19,1.32,1.2641339864463212,0.05586601355367882,4.2322737540665765
2016-09-03,8.33,8.388545693038187,-0.05854569303818735,-0.7028294482375432
2007-05-22,2.68,2.7065041542072077,-0.02650415420720753,-0.988960977880878
2020-03-28,1.32,1.4734399139162409,-0.1534399139162408,-11.624235902745514
2015-12-24,1.92,1.9830207047174906,-0.06302070471749066,-3.282328370702639
2010-04-17,1.82,1.6722622737277102,0.14773772627228987,8.117457487488453
2010-04-05,1.88,1.7706149981425563,0.1093850018574436,5.818351162629979
2018-12-12,2.57,2.247876125516079,0.32212387448392077,12.534002898207033
2018-06-12,4.68,4.595505081271705,0.08449491872829462,1.8054469813738168
2013-07-07,3.22,3.0549997930904755,0.16500020690952466,5.1242300282461075
2014-03-30,3.32,3.269999590967779,0.050000409032220805,1.5060364166331568
2018-06-08,4.08,4.252708160458577,-0.17270816045857718,-4.233043148494539
2018-11-03,5.66,4.984677768932139,0.6753222310678613,11.931488181410977
2011-04-27,0.7,0.7029795026297574,-0.0029795026297574356,-0.42564323282249084
2006-12-14,2.73,2.650563908880402,0.07943609111959793,2.9097469274577996
2010-06-05,2.53,2.393344208752225,0.1366557912477746,5.401414673825084
2006-11-30,3.37,3.0852468262815465,0.28475317371845366,8.449649071764204
2020-06-29,2.54,2.6419121391538756,-0.10191213915387554,-4.0122889430659665
2012-09-07,8.43,8.296213667840888,0.1337863321591115,1.5870264787557713
2023-05-14,0.8,0.7808556458912266,0.019144354108773465,2.393044263596683
2021-05-14,3.4,3.4759669342129795,-0.07596693421297962,-2.234321594499401
2024-08-12,8.35,7.912481438647463,0.43751856135253675,5.239743249730979
2019-10-31,1.38,1.5853678902516504,-0.20536789025165048,-14.881731177655833
2011-03-08,0.86,0.980664668243509,-0.12066466824350897,-14.030775377152205
2008-01-17,2.52,2.793614911946169,-0.27361491194616905,-10.857734601038455
2024-06-28,4.22,4.4640375382184185,-0.24403753821841878,-5.7828800525691655
2020-09-10,4.32,4.472337210702683,-0.15233721070268302,-3.5263243218213662
2015-11-25,3.04,2.984063204348903,0.05593679565109699,1.8400261727334537
2013-06-23,2.18,1.9460855196100928,0.23391448038990736,10.730022036234283
2023-10-17,6.31,6.374944905793243,-0.06494490579324363,-1.0292378097185997
2018-02-21,2.67,2.909428694849818,-0.23942869484981788,-8.967366848307785
2023-10-20,5.58,5.593334798291095,-0.013334798291094963,-0.23897487976872692
2006-09-17,7.28,7.0421271816610815,0.2378728183389187,3.267483768391741
2021-07-11,3.55,3.7582890416992156,-0.2082890416992158,-5.867296949273685
2016-07-04,3.54,3.491623655549868,0.04837634445013217,1.3665634025461064
2019-08-21,5.54,4.784160645814526,0.7558393541854738,13.643309642337071
2018-11-05,5.46,5.017798075381965,0.4422019246180353,8.098936348315664
2010-01-06,2.16,2.092935042446898,0.06706495755310193,3.104859145976941
2007-08-23,8.26,8.183251889271755,0.07674811072824461,0.9291538829085304
2006-02-15,1.61,1.6667414943025922,-0.05674149430259212,-3.5243164163100693
2018-10-21,5.98,6.028099503057192,-0.04809950305719202,-0.8043395160065555
2016-06-10,2.96,2.849651630785087,0.11034836921491298,3.727985446449763
2019-02-19,0.68,0.7419989383187184,-0.06199893831871839,-9.117490929223292
2025-01-10,2.44,2.6257829554102745,-0.18578295541027456,-7.614055549601417
2011-11-14,4.41,4.471783824798506,-0.06178382479850608,-1.4009937596033124
2009-04-17,1.14,1.0771883054457905,0.06281169455420943,5.509797767913108
2011-08-21,10.74,10.547183690610366,0.19281630938963445,1.7953101432926857
2015-03-17,1.48,1.4556962447954347,0.02430375520456529,1.6421456219300874
2020-02-18,1.42,1.3637697970565954,0.05623020294340453,3.9598734467186287
2013-09-10,10.8,10.868022276317793,-0.06802227631779267,-0.6298358918314136
2007-03-03,1.43,1.491652180288701,-0.06165218028870112,-4.311341278930148
2012-01-08,2.19,2.2091489292262416,-0.019148929226241673,-0.8743803299653732
2008-03-17,1.32,1.5858172860851987,-0.2658172860851986,-20.137673188272622
2007-02-15,1.67,1.794442298032831,-0.12444229803283102,-7.451634612744373
2018-09-04,12.54,12.190284695526605,0.34971530447339383,2.788798281287032
2016-04-18,2.71,2.5420131129749644,0.1679868870250356,6.198778119005004
2007-03-15,1.58,1.6964850796195572,-0.11648507961955712,-7.372473393642855
2018-10-19,6.23,6.302624338583362,-0.07262433858336159,-1.1657197204391907
2007-03-11,1.35,1.4570866944467689,-0.10708669444676877,-7.932347736797686
2013-11-24,4.65,4.8922999353989,-0.2422999353988997,-5.2107512989010685
2009-04-13,1.12,1.0311918063935517,0.08880819360644843,7.929303000575752
2009-07-06,5.96,4.456678724761213,1.503321275238787,25.22351132950985
2016-04-25,1.72,1.8768471858313038,-0.15684718583130386,-9.11902243205255
2012-09-04,8.7,8.716311882905684,-0.016311882905684527,-0.18749290696189114
2010-04-10,1.84,1.6809556272757713,0.15904437272422878,8.643715908925477
2019-07-26,1.5,1.6195467366521323,-0.11954673665213233,-7.969782443475489
2013-04-22,2.04,1.9381927962600152,0.10180720373998486,4.990549202940434
2008-11-16,6.16,6.375309829989362,-0.2153098299893621,-3.4952894478792547
2007-09-19,10.18,10.175581973836467,0.004418026163532929,0.043399078227238985
2021-09-02,5.62,5.6166671731753715,0.003332826824628654,0.05930296840976253
2006-07-30,7.71,7.780207970760184,-0.07020797076018415,-0.9106092186794312
2021-04-26,2.1,2.333553126204518,-0.23355312620451807,-11.121577438310384
2023-04-06,0.65,0.7780832793498389,-0.12808327934983887,-19.70511989997521
2010-10-08,7.12,6.949337517582979,0.1706624824170211,2.39694497776715
2006-02-21,1.51,1.5153651990170478,-0.005365199017047795,-0.35531119318197313
2009-01-15,1.56,1.6974983270128128,-0.13749832701281273,-8.813995321334149
2010-10-05,8.15,8.140864851594749,0.009135148405251314,0.11208771049388115
2009-11-27,2.57,3.11624066870554,-0.5462406687055403,-21.25450072784204
2010-05-27,4.2,4.023115813207739,0.17688418679226103,4.211528256958596
2011-03-11,0.89,0.9720151176031404,-0.0820151176031404,-9.215181753161843
2019-12-18,1.86,1.9006587661471124,-0.04065876614711228,-2.185955169199585
2022-03-24,1.22,1.465051123530472,-0.24505112353047198,-20.08615766643213
2022-11-21,2.52,2.651538025240679,-0.1315380252406788,-5.219762906376143
2009-08-09,6.54,6.878686215099614,-0.3386862150996137,-5.178688304275439
2018-12-01,3.39,3.041510709703556,0.34848929029644404,10.279920067741712
2017-11-10,4.89,4.692178241903328,0.1978217580966719,4.045434725903311
2012-04-05,0.62,0.8560186973824102,-0.23601869738241021,-38.067531835872614
2015-12-30,2.53,2.6066091460952725,-0.0766091460952727,-3.0280294899317273
2021-06-23,4.83,4.712968603560255,0.11703139643974492,2.4230102782555885
2014-03-25,2.89,2.901484992251568,-0.01148499225156785,-0.39740457617881825
2015-10-04,5.1,5.092729740208066,0.007270259791933853,0.14255411356733047
2024-07-25,5.1,5.323271998588679,-0.22327199858867974,-4.377882325268231
2010-09-24,9.48,9.420881655774087,0.05911834422591333,0.623611226011744
2018-07-26,9.26,8.991663476105643,0.2683365238943569,2.8978026338483467
2007-12-07,2.84,2.975558003986718,-0.13555800398671813,-4.773169154461907
2009-10-04,6.86,7.19804840813285,-0.33804840813284986,-4.927819360537169
2020-06-26,2.9,2.673170672778463,0.22682932722153692,7.821700938673687
2012-07-05,2.11,1.8513210937025644,0.2586789062974355,12.259663805565664
2024-02-02,1.33,1.3206722691119723,0.009327730888027741,0.70133314947577
2010-09-26,9.16,8.993700728511449,0.16629927148855117,1.8154942302243577
2007-06-12,3.01,2.955856765978156,0.054143234021843956,1.7987785389316928
2025-10-23,5.78,5.961144315701643,-0.18114431570164236,-3.133984700720456
2007-07-20,3.92,4.1098362301332365,-0.18983623013323658,-4.842760972786648
2011-05-22,1.51,1.5098930886687878,0.00010691133121221164,0.007080220610080241
2012-03-04,1.66,1.7239162514191024,-0.06391625141910251,-3.8503765915121995
2007-10-03,7.04,6.889646296131323,0.15035370386867708,2.1357060208618903
2024-09-22,9.67,9.495353031376853,0.1746469686231471,1.8060699961028654
2008-01-01,2.53,2.715890261629399,-0.18589026162939914,-7.347441171122496
2020-08-03,3.44,3.9645524752797736,-0.5245524752797737,-15.248618467435282
2018-05-19,3.3,3.1967836107639007,0.1032163892360991,3.1277693707908822
2006-11-22,3.76,3.60884670458587,0.15115329541412992,4.020034452503456
2018-03-21,3.32,3.151660611889233,0.16833938811076665,5.070463497312249
2006-10-18,10.25,10.194153607843607,0.05584639215639342,0.5448428503062773
2022-08-24,7.9,8.406125826461723,-0.506125826461723,-6.40665603116105
2012-12-11,3.0,2.912071017272128,0.0879289827278722,2.930966090929073
2019-04-25,1.37,1.1528908660076302,0.21710913399236986,15.847382043238674
2017-11-20,4.49,4.266980826249356,0.22301917375064395,4.967019459925255
2019-03-27,0.95,0.7776230091097096,0.17237699089029035,18.144946409504247
2013-10-24,4.72,4.71393858084538,0.00606141915461933,0.12841989734362985
2016-04-28,3.44,3.7024646252016624,-0.26246462520166247,-7.629785616327397
2010-08-12,8.56,8.296859112418858,0.26314088758114274,3.074075789499331
2008-05-15,2.07,1.785342058218808,0.28465794178119186,13.751591390395742
2017-01-27,2.96,2.761224161536264,0.19877583846373614,6.715399948099194
2023-02-22,0.66,0.9399782280324205,-0.27997822803242045,-42.42094364127582
2018-08-16,9.72,9.42723825181254,0.2927617481874609,3.0119521418463058
2019-02-03,0.89,0.8665917453985377,0.02340825460146234,2.630140966456443
2014-02-10,1.82,1.8680279969281823,-0.04802799692818227,-2.638900930119905
2019-04-17,1.12,1.0988117301795137,0.021188269820486383,1.8918098054005696
2007-01-07,1.92,2.1085337705984273,-0.18853377059842735,-9.819467218668091
2021-09-28,5.74,6.0023921914440335,-0.26239219144403325,-4.571292533868175
2013-05-06,2.92,2.9306697274933526,-0.01066972749335271,-0.36540162648468183
2010-09-19,10.85,10.62184299030961,0.2281570096903902,2.10282958239991
2018-02-03,2.22,2.0243875311025463,0.19561246889745387,8.811372472858283
2024-08-29,12.69,12.596964158812034,0.09303584118796593,0.7331429565639553
2020-07-12,2.62,2.7487690819465467,-0.12876908194654657,-4.91485045597506
2021-05-06,3.64,3.8036952324191633,-0.16369523241916317,-4.49712176975723
2019-10-08,2.1,2.057174040907044,0.04282595909295628,2.0393313853788704
2015-01-07,1.77,1.896888806718183,-0.12688880671818303,-7.168859136620511
2024-01-02,2.15,2.116420349591623,0.03357965040837696,1.561844205040789
2019-04-27,1.34,1.476592605152585,-0.13659260515258498,-10.193477996461565
2023-02-13,0.88,0.9657667812732411,-0.08576678127324111,-9.74622514468649
2010-12-10,2.69,2.594695243605728,0.09530475639427216,3.5429277469989655
2018-02-20,2.07,2.2727993153996344,-0.20279931539963458,-9.797068376793943
2021-10-31,3.48,3.5785378241015264,-0.09853782410152645,-2.8315466695840934
2006-05-03,1.69,1.623120678787115,0.06687932121288487,3.957356284786087
2007-04-25,1.72,1.839161066440048,-0.11916106644004798,-6.927968979072557
2018-03-11,3.09,3.043959763017397,0.046040236982602956,1.4899753068803545
2016-03-05,3.42,3.593996131374202,-0.173996131374202,-5.087606180532223
2011-12-25,2.22,2.346398169583699,-0.12639816958369865,-5.693611242508948
2010-04-29,1.78,1.5998608184629548,0.18013918153704522,10.120178738036248
2019-01-15,0.86,0.9710742406271788,-0.11107424062717886,-12.915609375253357
2008-07-30,10.94,11.157255248285047,-0.2172552482850474,-1.9858797832271242
2010-06-07,2.53,2.377767607906972,0.15223239209302797,6.017090596562371
2020-08-13,5.32,5.340855758928619,-0.020855758928618684,-0.3920255437710279
2007-03-16,1.6,1.6821092191630282,-0.08210921916302816,-5.13182619768926
2008-04-28,1.67,1.4759313762252928,0.19406862377470713,11.620875675132163
2015-08-03,8.32,7.670008572691872,0.6499914273081284,7.812396962838082
2018-05-29,3.6,3.4474862440872527,0.1525137559127474,4.23649321979854
2013-11-27,4.77,4.907188642662942,-0.1371886426629425,-2.8760721732273065
2015-05-26,2.58,2.563818437040908,0.016181562959092233,0.6271923627555129
2009-03-20,0.94,0.8164644302690145,0.12353556973098545,13.142081886275047
2016-12-26,3.11,3.257234746676281,-0.14723474667628134,-4.734236227533162
2016-07-30,5.8,5.717104234474641,0.08289576552535927,1.4292373366441253
2010-07-09,3.91,3.8472996138668245,0.06270038613317563,1.6035904381886352
2022-07-25,7.03,6.91861109255558,0.11138890744441987,1.5844794800059725
2019-03-12,0.8,0.6609933109555408,0.13900668904445923,17.375836130557403
2024-04-10,2.35,2.4184815024411654,-0.06848150244116535,-2.9141064868581
2019-11-08,1.14,1.2140758251511419,-0.07407582515114197,-6.49787939922298
2006-10-07,7.66,7.914146705908024,-0.254146705908024,-3.3178421136817757
2019-04-14,1.27,1.0096109670502833,0.2603890329497167,20.503073460607617
2016-05-30,4.22,3.9810183934437124,0.2389816065562873,5.663071245409652
2016-10-15,5.76,5.854614820828399,-0.094614820828399,-1.642618417159705
2024-01-01,2.16,2.1079588932671283,0.05204110673287188,2.4093104968922163
2023-03-02,0.65,0.8462710486492804,-0.19627104864928036,-30.19554594604313
2017-05-31,4.4,4.5117921246165755,-0.11179212461657517,-2.540730104922163
2010-10-09,7.31,6.463097283545709,0.8469027164542906,11.585536476802883
2009-01-07,1.59,1.7163351069142467,-0.12633510691424665,-7.945604208443186
2015-05-11,2.16,2.2042002050728176,-0.04420020507281741,-2.0463057904082134
2011-03-10,0.84,1.0160475516413197,-0.1760475516413197,-20.95804186206187
2019-11-26,1.21,1.3396803745760737,-0.12968037457607373,-10.717386328601135
2007-08-01,8.52,8.480384757071429,0.03961524292857099,0.46496764000670177
2006-03-01,1.42,1.252497246590603,0.1675027534093969,11.795968549957529
2024-04-28,1.72,1.8442013818647038,-0.12420138186470386,-7.221010573529295
2008-02-27,1.66,1.9049379058006881,-0.2449379058006882,-14.755295530161941
2023-06-24,2.5,2.6598033906217777,-0.15980339062177773,-6.392135624871109
2020-12-19,1.86,1.8258849710921723,0.034115028907827805,1.834141339130527
2016-11-29,3.87,3.92202139675865,-0.05202139675864981,-1.3442221384664033
2023-08-10,11.35,12.420120946206445,-1.0701209462064458,-9.428378380673532
2014-05-04,3.58,3.4656941404351462,0.11430585956485384,3.1929011051635148
2017-01-08,3.24,3.0127102642795585,0.22728973572044175,7.015115300013634
2009-03-30,0.63,0.3877242837930912,0.2422757162069088,38.456462889985524
2017-08-14,7.8,7.6428053583753925,0.15719464162460728,2.015315918264196
2024-04-04,2.24,2.298335960444345,-0.05833596044434497,-2.6042839484082574
2023-09-11,4.42,4.377847661419367,0.04215233858063261,0.9536728185663486
2010-07-17,4.51,4.285056260927,0.2249437390729998,4.987666054833699
2024-09-15,13.82,13.328164362759665,0.4918356372403352,3.558868576268706
2022-11-13,2.34,2.710989623662284,-0.3709896236622843,-15.85425742146514
2006-07-04,5.29,5.457222836405005,-0.16722283640500457,-3.161112219376268
2017-12-24,3.22,2.9565006631551123,0.2634993368448879,8.183209218785338
2011-01-16,1.8,1.9358036620978476,-0.13580366209784756,-7.544647894324864
2007-02-25,1.58,1.7223182858757533,-0.14231828587575324,-9.007486447832482
2019-12-21,2.16,2.103684143915383,0.05631585608461709,2.6072155594730133
2007-07-08,4.58,4.435768400186754,0.14423159981324574,3.1491615679747973
2010-08-31,10.98,11.129693339848922,-0.14969333984892153,-1.3633273210284291
2012-11-28,2.93,2.8952403678004512,0.03475963219954892,1.186335569950475
2020-07-07,2.81,2.383392453827425,0.4266075461725749,15.18176320898843
2022-05-11,0.88,0.854221250993084,0.025778749006916013,2.929403296240456
2007-03-20,1.38,1.4327670285252303,-0.05276702852523041,-3.823697719219595
2013-06-21,2.52,2.35282195929215,0.1671780407078498,6.634049234438484
2012-08-01,10.25,10.119873786980543,0.13012621301945693,1.2695240294581163
2023-01-28,1.04,1.1594655983529947,-0.11946559835299464,-11.487076764711022
2024-03-03,1.7,1.8306998083213317,-0.13069980832133177,-7.688224018901869
2023-09-29,6.42,6.714731809143252,-0.2947318091432525,-4.590838148648793
2022-09-24,7.93,7.845583110437662,0.08441688956233762,1.064525719575506
2010-11-02,5.65,5.765830712016593,-0.11583071201659223,-2.0501010976388003
2006-07-01,5.14,5.134577058228995,0.0054229417710045524,0.10550470371604187
2021-01-04,1.27,1.4030466929753271,-0.13304669297532712,-10.47611755711237
2008-03-06,1.44,1.6806309845340945,-0.2406309845340946,-16.710485037089903
2017-12-05,4.83,4.511824298448907,0.31817570155109287,6.587488644950162
2022-12-01,2.58,2.5762702772329877,0.0037297227670123334,0.14456289794621446
2015-07-29,7.07,7.362276299578725,-0.2922762995787247,-4.134035354720292
2011-02-09,1.27,1.4965671789370787,-0.22656717893707867,-17.839935349376272
2020-02-05,1.24,1.2760503214565682,-0.03605032145656817,-2.907283988432917
2021-08-29,5.42,5.356636171717803,0.06336382828219733,1.1690743225497662
2015-09-29,6.2,6.079717971372431,0.1202820286275692,1.940032719799503
2019-02-28,0.72,0.6749574105280547,0.04504258947194528,6.255915204436844
2023-10-29,3.76,4.442470287135257,-0.6824702871352573,-18.150805508916417
2007-06-15,2.87,2.895638790971934,-0.025638790971934,-0.893337664527317
2021-06-11,2.9,2.954662306176679,-0.05466230617667911,-1.884907109540659
2007-12-12,3.04,3.1793739593133274,-0.1393739593133274,-4.584669714254192
2016-08-19,10.4,10.10879884832205,0.29120115167795113,2.800011073826453
2024-10-13,6.24,5.848569869611426,0.3914301303885743,6.272918756227153
2007-07-13,3.93,3.8097405197623186,0.12025948023768152,3.060037665080954
2022-09-29,8.05,8.253821700071464,-0.2038217000714635,-2.5319465847386766
2018-02-15,1.63,1.4834793083219124,0.14652069167808746,8.988999489453219
2022-08-06,5.26,5.512449589328444,-0.2524495893284442,-4.79942185035065
2024-09-18,12.57,12.35809655815267,0.2119034418473298,1.6857871268681763
2008-06-27,5.91,5.8344974754135555,0.07550252458644469,1.2775384870802824
2018-11-12,4.7,4.476890967684978,0.22310903231502177,4.747000687553655
2013-11-04,5.79,5.960792462980244,-0.17079246298024398,-2.9497834711613815
2022-11-10,2.7,2.5595838414636884,0.14041615853631173,5.200598464307841
2016-06-17,2.88,2.814689768122661,0.06531023187733886,2.267716384629822
2012-05-01,1.85,1.8177731775742152,0.032226822425784896,1.7419904013937781
2017-02-16,2.13,1.9093854476659367,0.22061455233406324,10.357490719909073
2016-08-06,5.62,5.533197471763931,0.08680252823606871,1.544528972172041
2022-06-28,4.08,4.268029712346325,-0.18802971234632526,-4.608571381037383
2020-04-30,2.83,2.8981389400455946,-0.06813894004559451,-2.407736397370831
2008-07-16,7.64,7.5609195003296845,0.07908049967031516,1.035085074218785
2012-10-02,6.28,6.391615827536695,-0.11161582753669474,-1.7773220945333557
2010-05-29,4.26,4.055725766460458,0.20427423353954222,4.795169801397705
2017-11-13,4.83,4.583959718143274,0.24604028185672622,5.094001694756237
2006-01-16,1.9,1.9864210482231701,-0.0864210482231702,-4.548476222272116
2024-02-01,1.36,1.3845703213375429,-0.024570321337542778,-1.8066412748193217
2006-11-12,4.34,4.078244436206749,0.26175556379325116,6.031234188784589
2015-12-19,2.25,2.3374195031408957,-0.08741950314089575,-3.8853112507064775
2020-03-22,1.42,1.3957013459965695,0.024298654003430453,1.7111728171429899
2009-03-08,0.46,0.40274909648031576,0.05725090351968426,12.445848591235709
2010-02-08,1.51,1.5306304875864583,-0.020630487586458246,-1.3662574560568375
2010-11-12,4.18,4.080715056023736,0.0992849439762633,2.3752378941689787
2020-02-13,1.02,1.506184726743188,-0.486184726743188,-47.665169288547844
2009-09-25,7.8,7.894814194415047,-0.09481419441504713,-1.2155665950647068
2021-01-19,1.01,1.2146266838385409,-0.20462668383854088,-20.260067706786224
2009-04-28,1.41,1.3023104137628692,0.10768958623713076,7.637559307597927
2009-11-14,3.11,3.580420025962029,-0.47042002596202925,-15.126045850869108
2020-07-02,2.7,2.687840449400574,0.012159550599426083,0.45035372590466977
2017-08-03,7.41,7.3636128472261095,0.046387152773890605,0.6260074598365803
2021-06-27,4.25,4.3340951833075305,-0.08409518330753052,-1.9787101954713064
2022-07-17,7.26,7.797264026629498,-0.5372640266294981,-7.400330945309892
2012-08-06,9.55,9.291188701889862,0.2588112981101389,2.7100659487972663
2017-12-10,4.21,3.973794027941478,0.23620597205852212,5.610593160534967
2022-03-25,1.34,1.6497372923230746,-0.30973729232307456,-23.11472330769213
2013-01-20,3.16,3.231324583671552,-0.0713245836715517,-2.2571070782136613
2015-02-22,1.12,1.364319587293739,-0.24431958729373893,-21.814248865512404
2013-05-13,3.22,3.2542083052043167,-0.0342083052043165,-1.0623697268421273
2020-12-28,2.55,2.8057425606594375,-0.2557425606594377,-10.029120025860303
2009-08-17,8.2,7.97785454284644,0.2221454571535597,2.70909094089707
