date_gmt,AVG
2007-01-01,4.42
2007-01-02,4.31
2007-01-03,4.24
2007-01-04,4.19
2007-01-05,4.15
2007-01-06,4.14
2007-01-07,4.12
2007-01-08,4.08
2007-01-09,4.03
2007-01-10,3.88
2007-01-11,3.79
2007-01-12,3.76
2007-01-13,3.72
2007-01-14,3.66
2007-01-15,3.63
2007-01-16,3.6
2007-01-17,3.61
2007-01-18,3.59
2007-01-19,3.53
2007-01-20,3.53
2007-01-21,3.56
2007-01-22,3.57
2007-01-23,3.56
2007-01-24,3.54
2007-01-25,3.52
2007-01-26,3.46
2007-01-27,3.4
2007-01-28,3.38
2007-01-29,3.43
2007-01-30,3.5
2007-01-31,3.61
2007-02-01,3.68
2007-02-02,3.76
2007-02-03,3.82
2007-02-04,4.06
2007-02-05,4.38
2007-02-06,4.54
2007-02-07,4.51
2007-02-08,4.37
2007-02-09,4.1
2007-02-10,3.82
2007-02-11,3.71
2007-02-12,3.6
2007-02-13,3.53
2007-02-14,3.44
2007-02-15,3.36
2007-02-16,3.32
2007-02-17,3.24
2007-02-18,3.18
2007-02-19,3.14
2007-02-20,3.14
2007-02-21,3.18
2007-02-22,3.23
2007-02-23,3.26
2007-02-24,3.26
2007-02-25,3.25
2007-02-26,3.28
2007-02-27,3.29
2007-02-28,3.28
2007-03-01,3.14
2007-03-02,3.05
2007-03-03,2.97
2007-03-04,2.95
2007-03-05,3.03
2007-03-06,3.08
2007-03-07,3.07
2007-03-08,3.0
2007-03-09,2.96
2007-03-10,2.96
2007-03-11,2.95
2007-03-12,2.99
2007-03-13,3.12
2007-03-14,3.17
2007-03-15,3.14
2007-03-16,3.1
2007-03-17,3.06
2007-03-18,2.9
2007-03-19,2.89
2007-03-20,2.89
2007-03-21,2.96
2007-03-22,3.01
2007-03-23,2.98
2007-03-24,2.89
2007-03-25,2.85
2007-03-26,2.83
2007-03-27,2.83
2007-03-28,2.8
2007-03-29,2.83
2007-03-30,2.94
2007-03-31,3.1
2007-04-01,3.15
2007-04-02,3.13
2007-04-03,3.15
2007-04-04,3.14
2007-04-05,3.1
2007-04-06,3.06
2007-04-07,3.02
2007-04-08,3.06
2007-04-09,3.14
2007-04-10,3.19
2007-04-11,3.14
2007-04-12,3.02
2007-04-13,2.88
2007-04-14,2.8
2007-04-15,2.67
2007-04-16,2.63
2007-04-17,2.64
2007-04-18,2.66
2007-04-19,2.75
2007-04-20,2.83
2007-04-21,2.94
2007-04-22,3.06
2007-04-23,3.14
2007-04-24,3.14
2007-04-25,3.06
2007-04-26,3.01
2007-04-27,2.88
2007-04-28,2.8
2007-04-29,2.89
2007-04-30,3.09
2007-05-01,3.41
2007-05-02,3.77
2007-05-03,4.06
2007-05-04,4.1
2007-05-05,4.22
2007-05-06,4.24
2007-05-07,4.06
2007-05-08,3.88
2007-05-09,3.86
2007-05-10,4.18
2007-05-11,4.83
2007-05-12,5.46
2007-05-13,5.84
2007-05-14,5.78
2007-05-15,5.34
2007-05-16,4.84
2007-05-17,4.85
2007-05-18,4.83
2007-05-19,4.6
2007-05-20,4.61
2007-05-21,4.73
2007-05-22,4.98
2007-05-23,5.2
2007-05-24,5.43
2007-05-25,5.84
2007-05-26,6.15
2007-05-27,6.18
2007-05-28,5.96
2007-05-29,5.81
2007-05-30,5.72
2007-05-31,5.44
2007-06-01,4.95
2007-06-02,4.59
2007-06-03,4.61
2007-06-04,5.38
2007-06-05,6.9
2007-06-06,7.52
2007-06-07,7.64
2007-06-08,7.76
2007-06-09,7.72
2007-06-10,7.58
2007-06-11,7.46
2007-06-12,7.4
2007-06-13,7.43
2007-06-14,7.69
2007-06-15,7.86
2007-06-16,8.14
2007-06-17,8.74
2007-06-18,8.92
2007-06-19,8.54
2007-06-20,8.25
2007-06-21,8.03
2007-06-22,7.77
2007-06-23,7.66
2007-06-24,8.08
2007-06-25,8.33
2007-06-26,8.09
2007-06-27,7.74
2007-06-28,7.52
2007-06-29,7.6
2007-06-30,7.71
2007-07-01,8.76
2007-07-02,9.1
2007-07-03,8.83
2007-07-04,8.66
2007-07-05,8.53
2007-07-06,8.66
2007-07-07,8.6
2007-07-08,8.58
2007-07-09,9.3
2007-07-10,10.4
2007-07-11,10.76
2007-07-12,10.86
2007-07-13,10.46
2007-07-14,9.9
2007-07-15,9.57
2007-07-16,9.44
2007-07-17,9.46
2007-07-18,9.78
2007-07-19,11.24
2007-07-20,12.4
2007-07-21,12.63
2007-07-22,12.9
2007-07-23,12.87
2007-07-24,12.44
2007-07-25,12.02
2007-07-26,12.17
2007-07-27,12.7
2007-07-28,12.68
2007-07-29,12.81
2007-07-30,13.03
2007-07-31,13.09
2007-08-01,13.21
2007-08-02,13.22
2007-08-03,13.27
2007-08-04,13.31
2007-08-05,13.16
2007-08-06,12.88
2007-08-07,12.76
2007-08-08,12.85
2007-08-09,13.24
2007-08-10,14.24
2007-08-11,15.21
2007-08-12,15.76
2007-08-13,16.46
2007-08-14,16.8
2007-08-15,16.52
2007-08-16,16.02
2007-08-17,15.18
2007-08-18,14.28
2007-08-19,13.59
2007-08-20,13.3
2007-08-21,13.3
2007-08-22,13.25
2007-08-23,13.29
2007-08-24,13.13
2007-08-25,12.71
2007-08-26,12.54
2007-08-27,12.2
2007-08-28,11.78
2007-08-29,11.84
2007-08-30,11.88
2007-08-31,11.72
2007-09-01,11.87
2007-09-02,12.31
2007-09-03,12.83
2007-09-04,12.54
2007-09-05,12.25
2007-09-06,12.37
2007-09-07,13.04
2007-09-08,13.42
2007-09-09,13.46
2007-09-10,13.38
2007-09-11,13.39
2007-09-12,13.34
2007-09-13,13.03
2007-09-14,12.74
2007-09-15,12.84
2007-09-16,12.11
2007-09-17,11.59
2007-09-18,11.4
2007-09-19,11.28
2007-09-20,11.0
2007-09-21,10.81
2007-09-22,10.59
2007-09-23,10.46
2007-09-24,10.3
2007-09-25,10.07
2007-09-26,9.87
2007-09-27,9.76
2007-09-28,10.3
2007-09-29,12.3
2007-09-30,11.93
2007-10-01,11.62
2007-10-02,11.57
2007-10-03,11.07
2007-10-04,10.54
2007-10-05,10.16
2007-10-06,9.86
2007-10-07,9.92
2007-10-08,10.35
2007-10-09,10.23
2007-10-10,10.05
2007-10-11,9.81
2007-10-12,9.58
2007-10-13,9.51
2007-10-14,9.35
2007-10-15,9.2
2007-10-16,9.06
2007-10-17,8.96
2007-10-18,8.79
2007-10-19,8.69
2007-10-20,8.64
2007-10-21,8.46
2007-10-22,8.38
2007-10-23,8.38
2007-10-24,8.26
2007-10-25,8.14
2007-10-26,8.42
2007-10-27,8.71
2007-10-28,8.68
2007-10-29,8.66
2007-10-30,8.58
2007-10-31,8.52
2007-11-01,0.0
2007-11-02,0.0
2007-11-03,0.0
2007-11-04,0.0
2007-11-05,0.0
2007-11-06,0.0
2007-11-07,0.0
2007-11-08,0.0
2007-11-09,0.0
2007-11-10,0.0
2007-11-11,0.0
2007-11-12,0.0
2007-11-13,0.0
2007-11-14,0.0
2007-11-15,0.0
2007-11-16,0.0
2007-11-17,0.0
2007-11-18,0.0
2007-11-19,0.0
2007-11-20,0.0
2007-11-21,0.0
2007-11-22,0.0
2007-11-23,0.0
2007-11-24,0.0
2007-11-25,0.0
2007-11-26,0.0
2007-11-27,0.0
2007-11-28,0.0
2007-11-29,0.0
2007-11-30,0.0
2007-12-01,5.82
2007-12-02,5.78
2007-12-03,5.68
2007-12-04,5.58
2007-12-05,5.46
2007-12-06,5.36
2007-12-07,5.38
2007-12-08,5.42
2007-12-09,5.5
2007-12-10,5.61
2007-12-11,5.67
2007-12-12,5.65
2007-12-13,5.59
2007-12-14,5.5
2007-12-15,5.36
2007-12-16,5.28
2007-12-17,5.26
2007-12-18,5.25
2007-12-19,5.23
2007-12-20,5.18
2007-12-21,5.08
2007-12-22,4.98
2007-12-23,4.95
2007-12-24,4.92
2007-12-25,4.87
2007-12-26,4.84
2007-12-27,4.8
2007-12-28,4.73
2007-12-29,4.64
2007-12-30,4.58
2007-12-31,4.52
2008-01-01,5.12
2008-01-02,5.09
2008-01-03,5.06
2008-01-04,4.99
2008-01-05,4.94
2008-01-06,4.87
2008-01-07,4.84
2008-01-08,4.88
2008-01-09,4.97
2008-01-10,5.05
2008-01-11,5.09
2008-01-12,5.11
2008-01-13,5.06
2008-01-14,4.96
2008-01-15,4.9
2008-01-16,4.84
2008-01-17,4.78
2008-01-18,4.7
2008-01-19,4.64
2008-01-20,4.58
2008-01-21,4.6
2008-01-22,4.59
2008-01-23,4.56
2008-01-24,4.42
2008-01-25,4.3
2008-01-26,4.26
2008-01-27,4.21
2008-01-28,4.15
2008-01-29,4.12
2008-01-30,4.13
2008-01-31,4.16
2008-02-01,4.18
2008-02-02,4.1
2008-02-03,4.04
2008-02-04,3.97
2008-02-05,3.95
2008-02-06,3.93
2008-02-07,3.97
2008-02-08,3.93
2008-02-09,3.9
2008-02-10,3.88
2008-02-11,3.85
2008-02-12,3.8
2008-02-13,3.72
2008-02-14,3.66
2008-02-15,3.62
2008-02-16,3.6
2008-02-17,3.58
2008-02-18,3.58
2008-02-19,3.54
2008-02-20,3.5
2008-02-21,3.49
2008-02-22,3.49
2008-02-23,3.51
2008-02-24,3.52
2008-02-25,3.46
2008-02-26,3.38
2008-02-27,3.33
2008-02-28,3.29
2008-03-01,3.25
2008-03-02,3.23
2008-03-03,3.2
2008-03-04,3.18
2008-03-05,3.16
2008-03-06,3.12
2008-03-07,3.08
2008-03-08,3.04
2008-03-09,3.02
2008-03-10,3.0
2008-03-11,2.98
2008-03-12,2.98
2008-03-13,2.98
2008-03-14,2.97
2008-03-15,2.96
2008-03-16,2.96
2008-03-17,2.96
2008-03-18,2.91
2008-03-19,2.89
2008-03-20,2.99
2008-03-21,2.84
2008-03-22,2.82
2008-03-23,2.86
2008-03-24,2.86
2008-03-25,2.86
2008-03-26,2.89
2008-03-27,2.93
2008-03-28,2.9
2008-03-29,2.9
2008-03-30,2.83
2008-03-31,2.86
2008-04-01,2.9
2008-04-02,3.06
2008-04-03,3.08
2008-04-04,3.02
2008-04-05,2.98
2008-04-06,3.02
2008-04-07,3.13
2008-04-08,3.3
2008-04-09,3.33
2008-04-10,3.4
2008-04-11,3.52
2008-04-12,3.54
2008-04-13,3.64
2008-04-14,4.04
2008-04-15,4.42
2008-04-16,4.36
2008-04-17,4.39
2008-04-18,4.2
2008-04-19,3.95
2008-04-20,3.74
2008-04-21,3.56
2008-04-22,3.37
2008-04-23,3.18
2008-04-24,3.15
2008-04-25,3.12
2008-04-26,3.1
2008-04-27,3.16
2008-04-28,3.33
2008-04-29,3.54
2008-04-30,3.67
2008-05-01,3.5
2008-05-02,3.36
2008-05-03,3.31
2008-05-04,3.3
2008-05-05,3.25
2008-05-06,3.37
2008-05-07,3.57
2008-05-08,3.83
2008-05-09,3.96
2008-05-10,3.9
2008-05-11,3.82
2008-05-12,3.78
2008-05-13,3.66
2008-05-14,3.52
2008-05-15,3.63
2008-05-16,3.83
2008-05-17,3.9
2008-05-18,4.0
2008-05-19,4.28
2008-05-20,4.71
2008-05-21,5.4
2008-05-22,6.08
2008-05-23,6.05
2008-05-24,5.92
2008-05-25,5.76
2008-05-26,5.37
2008-05-27,4.92
2008-05-28,4.53
2008-05-29,4.3
2008-05-30,4.12
2008-05-31,4.44
2008-06-01,5.07
2008-06-02,5.3
2008-06-03,5.24
2008-06-04,5.12
2008-06-05,5.25
2008-06-06,5.8
2008-06-07,6.42
2008-06-08,6.93
2008-06-09,6.94
2008-06-10,6.87
2008-06-11,6.98
2008-06-12,6.99
2008-06-13,6.81
2008-06-14,6.64
2008-06-15,6.54
2008-06-16,6.37
2008-06-17,6.2
2008-06-18,6.22
2008-06-19,6.21
2008-06-20,6.08
2008-06-21,5.96
2008-06-22,5.78
2008-06-23,5.51
2008-06-24,5.46
2008-06-25,5.45
2008-06-26,5.4
2008-06-27,5.27
2008-06-28,5.07
2008-06-29,4.96
2008-06-30,5.22
2008-07-01,5.74
2008-07-02,6.12
2008-07-03,6.61
2008-07-04,7.66
2008-07-05,8.26
2008-07-06,8.31
2008-07-07,10.64
2008-07-08,12.36
2008-07-09,12.36
2008-07-10,11.7
2008-07-11,11.11
2008-07-12,10.66
2008-07-13,10.27
2008-07-14,10.04
2008-07-15,10.1
2008-07-16,9.96
2008-07-17,9.72
2008-07-18,9.71
2008-07-19,9.82
2008-07-20,9.8
2008-07-21,9.56
2008-07-22,9.28
2008-07-23,9.12
2008-07-24,9.23
2008-07-25,9.24
2008-07-26,9.12
2008-07-27,9.11
2008-07-28,8.93
2008-07-29,8.72
2008-07-30,8.62
2008-07-31,8.44
2008-08-01,8.32
2008-08-02,8.41
2008-08-03,8.69
2008-08-04,8.89
2008-08-05,8.84
2008-08-06,8.9
2008-08-07,8.73
2008-08-08,8.75
2008-08-09,9.98
2008-08-10,10.66
2008-08-11,11.22
2008-08-12,11.17
2008-08-13,10.81
2008-08-14,10.32
2008-08-15,10.27
2008-08-16,10.08
2008-08-17,9.9
2008-08-18,9.8
2008-08-19,10.28
2008-08-20,10.42
2008-08-21,10.64
2008-08-22,10.8
2008-08-23,10.8
2008-08-24,10.67
2008-08-25,10.57
2008-08-26,10.36
2008-08-27,10.82
2008-08-28,11.36
2008-08-29,11.37
2008-08-30,11.11
2008-08-31,10.83
2008-09-01,10.63
2008-09-02,10.4
2008-09-03,10.44
2008-09-04,10.8
2008-09-05,11.01
2008-09-06,10.87
2008-09-07,10.46
2008-09-08,9.99
2008-09-09,9.82
2008-09-10,9.79
2008-09-11,9.87
2008-09-12,9.74
2008-09-13,9.55
2008-09-14,9.43
2008-09-15,9.46
2008-09-16,9.44
2008-09-17,9.5
2008-09-18,9.97
2008-09-19,10.27
2008-09-20,10.03
2008-09-21,9.86
2008-09-22,9.9
2008-09-23,10.09
2008-09-24,10.02
2008-09-25,9.93
2008-09-26,9.82
2008-09-27,10.14
2008-09-28,10.27
2008-09-29,10.13
2008-09-30,9.82
2008-10-01,9.32
2008-10-02,9.06
2008-10-03,9.21
2008-10-04,9.22
2008-10-05,8.96
2008-10-06,8.52
2008-10-07,8.11
2008-10-08,7.88
2008-10-09,7.66
2008-10-10,7.6
2008-10-11,7.77
2008-10-12,7.97
2008-10-13,8.04
2008-10-14,7.94
2008-10-15,7.93
2008-10-16,7.86
2008-10-17,7.8
2008-10-18,7.64
2008-10-19,7.5
2008-10-20,7.37
2008-10-21,7.27
2008-10-22,7.28
2008-10-23,7.22
2008-10-24,7.22
2008-10-25,7.14
2008-10-26,7.01
2008-10-27,6.98
2008-10-28,7.12
2008-10-29,7.1
2008-10-30,6.81
2008-10-31,6.49
2008-11-01,8.65
2008-11-02,9.04
2008-11-03,9.02
2008-11-04,9.21
2008-11-05,9.53
2008-11-06,10.86
2008-11-07,10.82
2008-11-08,10.99
2008-11-09,10.87
2008-11-10,10.4
2008-11-11,9.86
2008-11-12,9.5
2008-11-13,9.23
2008-11-14,8.94
2008-11-15,8.61
2008-11-16,8.36
2008-11-17,8.18
2008-11-18,7.95
2008-11-19,7.8
2008-11-20,7.7
2008-11-21,7.64
2008-11-22,7.51
2008-11-23,7.37
2008-11-24,7.34
2008-11-25,7.33
2008-11-26,7.14
2008-11-27,6.99
2008-11-28,6.9
2008-11-29,6.86
2008-11-30,6.85
2008-12-01,6.84
2008-12-02,6.78
2008-12-03,6.62
2008-12-04,6.52
2008-12-05,6.43
2008-12-06,6.36
2008-12-07,6.34
2008-12-08,6.34
2008-12-09,6.36
2008-12-10,6.33
2008-12-11,6.28
2008-12-12,6.26
2008-12-13,6.21
2008-12-14,6.15
2008-12-15,6.11
2008-12-16,6.07
2008-12-17,5.98
2008-12-18,5.86
2008-12-19,5.79
2008-12-20,5.7
2008-12-21,5.59
2008-12-22,5.48
2008-12-23,5.36
2008-12-24,5.28
2008-12-25,5.2
2008-12-26,5.09
2008-12-27,5.06
2008-12-28,5.03
2008-12-29,4.98
2008-12-30,4.98
2008-12-31,5.02
2009-01-01,4.2
2009-01-02,4.05
2009-01-03,3.87
2009-01-04,3.8
2009-01-05,3.74
2009-01-06,3.69
2009-01-07,3.68
2009-01-08,3.65
2009-01-09,3.62
2009-01-10,3.59
2009-01-11,3.56
2009-01-12,3.54
2009-01-13,3.53
2009-01-14,3.6
2009-01-15,3.6
2009-01-16,3.49
2009-01-17,3.48
2009-01-18,3.59
2009-01-19,3.73
2009-01-20,3.78
2009-01-21,3.72
2009-01-22,3.88
2009-01-23,3.92
2009-01-24,4.0
2009-01-25,4.12
2009-01-26,4.17
2009-01-27,4.08
2009-01-28,3.94
2009-01-29,3.9
2009-01-30,3.84
2009-01-31,3.74
2009-02-01,3.64
2009-02-02,3.56
2009-02-03,3.48
2009-02-04,3.46
2009-02-05,3.44
2009-02-06,3.39
2009-02-07,3.34
2009-02-08,3.27
2009-02-09,3.17
2009-02-10,3.07
2009-02-11,2.96
2009-02-12,2.88
2009-02-13,2.84
2009-02-14,2.75
2009-02-15,2.6
2009-02-16,2.5
2009-02-17,2.48
2009-02-18,2.42
2009-02-19,2.38
2009-02-20,2.34
2009-02-21,2.32
2009-02-22,2.3
2009-02-23,2.28
2009-02-24,2.28
2009-02-25,2.25
2009-02-26,2.21
2009-02-27,2.2
2009-02-28,2.17
2009-03-01,2.14
2009-03-02,2.12
2009-03-03,2.1
2009-03-04,2.14
2009-03-05,2.18
2009-03-06,2.17
2009-03-07,2.18
2009-03-08,2.18
2009-03-09,2.2
2009-03-10,2.2
2009-03-11,2.25
2009-03-12,2.28
2009-03-13,2.27
2009-03-14,2.27
2009-03-15,2.27
2009-03-16,2.31
2009-03-17,2.45
2009-03-18,2.5
2009-03-19,2.44
2009-03-20,2.41
2009-03-21,2.4
2009-03-22,2.41
2009-03-23,2.38
2009-03-24,2.35
2009-03-25,2.38
2009-03-26,2.4
2009-03-27,2.33
2009-03-28,2.24
2009-03-29,2.22
2009-03-30,2.24
2009-03-31,2.21
2009-04-01,2.13
2009-04-02,2.07
2009-04-03,2.19
2009-04-04,2.32
2009-04-05,2.43
2009-04-06,2.46
2009-04-07,2.46
2009-04-08,2.49
2009-04-09,2.56
2009-04-10,2.57
2009-04-11,2.56
2009-04-12,2.54
2009-04-13,2.52
2009-04-14,2.52
2009-04-15,2.54
2009-04-16,2.57
2009-04-17,2.58
2009-04-18,2.6
2009-04-19,2.66
2009-04-20,2.74
2009-04-21,2.76
2009-04-22,2.71
2009-04-23,2.68
2009-04-24,2.73
2009-04-25,2.77
2009-04-26,2.81
2009-04-27,2.86
2009-04-28,2.92
2009-04-29,3.14
2009-04-30,3.26
2009-05-01,3.44
2009-05-02,3.54
2009-05-03,3.56
2009-05-04,3.6
2009-05-05,3.48
2009-05-06,3.3
2009-05-07,3.21
2009-05-08,3.18
2009-05-09,3.1
2009-05-10,3.03
2009-05-11,2.95
2009-05-12,2.92
2009-05-13,2.92
2009-05-14,2.97
2009-05-15,3.1
2009-05-16,3.19
2009-05-17,3.21
2009-05-18,3.18
2009-05-19,3.14
2009-05-20,3.2
2009-05-21,3.3
2009-05-22,3.39
2009-05-23,3.35
2009-05-24,3.25
2009-05-25,3.2
2009-05-26,3.14
2009-05-27,3.14
2009-05-28,3.18
2009-05-29,3.31
2009-05-30,3.44
2009-05-31,3.44
2009-06-01,3.78
2009-06-02,4.11
2009-06-03,4.47
2009-06-04,4.53
2009-06-05,4.38
2009-06-06,4.51
2009-06-07,4.83
2009-06-08,5.08
2009-06-09,5.55
2009-06-10,5.5
2009-06-11,5.79
2009-06-12,5.76
2009-06-13,5.62
2009-06-14,5.37
2009-06-15,5.12
2009-06-16,4.84
2009-06-17,4.64
2009-06-18,4.42
2009-06-19,4.06
2009-06-20,4.2
2009-06-21,4.06
2009-06-22,4.2
2009-06-23,4.4
2009-06-24,4.5
2009-06-25,4.62
2009-06-26,4.95
2009-06-27,5.29
2009-06-28,5.59
2009-06-29,5.76
2009-06-30,5.8
2009-07-01,5.74
2009-07-02,5.78
2009-07-03,6.01
2009-07-04,6.23
2009-07-05,6.28
2009-07-06,6.27
2009-07-07,6.18
2009-07-08,6.14
2009-07-09,6.13
2009-07-10,5.93
2009-07-11,5.75
2009-07-12,6.07
2009-07-13,6.49
2009-07-14,6.63
2009-07-15,6.7
2009-07-16,6.53
2009-07-17,6.34
2009-07-18,6.38
2009-07-19,6.74
2009-07-20,7.15
2009-07-21,8.06
2009-07-22,8.3
2009-07-23,8.13
2009-07-24,8.24
2009-07-25,8.68
2009-07-26,9.15
2009-07-27,9.83
2009-07-28,10.62
2009-07-29,10.66
2009-07-30,10.35
2009-07-31,9.97
2009-08-01,9.53
2009-08-02,9.36
2009-08-03,9.47
2009-08-04,10.0
2009-08-05,10.3
2009-08-06,10.08
2009-08-07,10.37
2009-08-08,10.4
2009-08-09,10.15
2009-08-10,10.14
2009-08-11,10.04
2009-08-12,10.07
2009-08-13,10.39
2009-08-14,10.39
2009-08-15,10.34
2009-08-16,10.45
2009-08-17,10.23
2009-08-18,10.22
2009-08-19,10.86
2009-08-20,11.33
2009-08-21,11.12
2009-08-22,11.54
2009-08-23,11.56
2009-08-24,11.37
2009-08-25,11.05
2009-08-26,10.88
2009-08-27,10.75
2009-08-28,10.67
2009-08-29,10.94
2009-08-30,12.1
2009-08-31,12.57
2009-09-01,12.42
2009-09-02,12.05
2009-09-03,11.48
2009-09-04,11.07
2009-09-05,10.63
2009-09-06,10.38
2009-09-07,9.99
2009-09-08,9.63
2009-09-09,9.35
2009-09-10,9.2
2009-09-11,9.12
2009-09-12,9.41
2009-09-13,9.7
2009-09-14,10.08
2009-09-15,10.42
2009-09-16,11.39
2009-09-17,11.7
2009-09-18,11.94
2009-09-19,12.03
2009-09-20,11.71
2009-09-21,11.48
2009-09-22,11.15
2009-09-23,10.85
2009-09-24,10.69
2009-09-25,10.63
2009-09-26,10.44
2009-09-27,10.3
2009-09-28,10.53
2009-09-29,10.46
2009-09-30,10.46
2009-10-01,10.5
2009-10-02,10.5
2009-10-03,10.43
2009-10-04,10.18
2009-10-05,9.86
2009-10-06,9.67
2009-10-07,9.27
2009-10-08,8.87
2009-10-09,8.6
2009-10-10,8.46
2009-10-11,8.32
2009-10-12,8.2
2009-10-13,8.23
2009-10-14,8.5
2009-10-15,9.15
2009-10-16,9.48
2009-10-17,9.34
2009-10-18,9.11
2009-10-19,9.03
2009-10-20,9.2
2009-10-21,9.07
2009-10-22,8.78
2009-10-23,8.37
2009-10-24,8.18
2009-10-25,8.24
2009-10-26,8.3
2009-10-27,8.51
2009-10-28,8.5
2009-10-29,8.35
2009-10-30,8.29
2009-10-31,8.14
2009-11-01,6.3
2009-11-02,6.26
2009-11-03,6.26
2009-11-04,6.26
2009-11-05,6.36
2009-11-06,6.44
2009-11-07,6.58
2009-11-08,6.61
2009-11-09,6.5
2009-11-10,6.29
2009-11-11,6.0
2009-11-12,5.75
2009-11-13,5.54
2009-11-14,5.46
2009-11-15,5.44
2009-11-16,5.44
2009-11-17,5.56
2009-11-18,5.62
2009-11-19,5.5
2009-11-20,5.34
2009-11-21,5.24
2009-11-22,5.21
2009-11-23,5.18
2009-11-24,5.1
2009-11-25,5.03
2009-11-26,4.98
2009-11-27,4.96
2009-11-28,5.02
2009-11-29,5.04
2009-11-30,5.04
2009-12-01,5.06
2009-12-02,5.06
2009-12-03,4.99
2009-12-04,4.92
2009-12-05,4.85
2009-12-06,4.74
2009-12-07,4.71
2009-12-08,4.8
2009-12-09,4.88
2009-12-10,5.01
2009-12-11,5.1
2009-12-12,5.0
2009-12-13,4.92
2009-12-14,4.96
2009-12-15,5.1
2009-12-16,4.96
2009-12-17,4.69
2009-12-18,4.5
2009-12-19,4.42
2009-12-20,4.38
2009-12-21,4.39
2009-12-22,4.47
2009-12-23,4.52
2009-12-24,4.48
2009-12-25,4.39
2009-12-26,4.3
2009-12-27,4.27
2009-12-28,4.28
2009-12-29,4.33
2009-12-30,4.33
2009-12-31,4.3
2010-01-01,4.32
2010-01-02,4.35
2010-01-03,4.42
2010-01-04,4.41
2010-01-05,4.32
2010-01-06,4.24
2010-01-07,4.24
2010-01-08,4.23
2010-01-09,4.21
2010-01-10,4.1
2010-01-11,4.0
2010-01-12,3.99
2010-01-13,3.99
2010-01-14,3.96
2010-01-15,3.94
2010-01-16,3.96
2010-01-17,4.06
2010-01-18,4.33
2010-01-19,4.62
2010-01-20,4.6
2010-01-21,4.4
2010-01-22,4.27
2010-01-23,4.23
2010-01-24,4.18
2010-01-25,4.11
2010-01-26,4.06
2010-01-27,4.01
2010-01-28,3.9
2010-01-29,3.8
2010-01-30,3.76
2010-01-31,3.75
2010-02-01,3.8
2010-02-02,3.8
2010-02-03,3.69
2010-02-04,3.59
2010-02-05,3.54
2010-02-06,3.52
2010-02-07,3.53
2010-02-08,3.51
2010-02-09,3.47
2010-02-10,3.44
2010-02-11,3.4
2010-02-12,3.37
2010-02-13,3.34
2010-02-14,3.32
2010-02-15,3.3
2010-02-16,3.3
2010-02-17,3.27
2010-02-18,3.21
2010-02-19,3.16
2010-02-20,3.14
2010-02-21,3.12
2010-02-22,3.1
2010-02-23,3.04
2010-02-24,3.02
2010-02-25,3.0
2010-02-26,2.98
2010-02-27,2.98
2010-02-28,2.99
2010-03-01,3.03
2010-03-02,3.04
2010-03-03,3.06
2010-03-04,3.08
2010-03-05,3.1
2010-03-06,3.1
2010-03-07,3.08
2010-03-08,3.08
2010-03-09,3.1
2010-03-10,3.11
2010-03-11,3.14
2010-03-12,3.12
2010-03-13,3.1
2010-03-14,3.11
2010-03-15,3.12
2010-03-16,3.15
2010-03-17,3.23
2010-03-18,3.45
2010-03-19,3.87
2010-03-20,4.07
2010-03-21,4.13
2010-03-22,4.47
2010-03-23,4.47
2010-03-24,4.72
2010-03-25,4.57
2010-03-26,4.31
2010-03-27,3.98
2010-03-28,3.68
2010-03-29,3.52
2010-03-30,3.43
2010-03-31,3.42
2010-04-01,3.47
2010-04-02,3.51
2010-04-03,3.56
2010-04-04,3.67
2010-04-05,3.73
2010-04-06,3.68
2010-04-07,3.58
2010-04-08,3.54
2010-04-09,3.54
2010-04-10,3.52
2010-04-11,3.6
2010-04-12,3.71
2010-04-13,3.68
2010-04-14,3.6
2010-04-15,3.58
2010-04-16,3.46
2010-04-17,3.36
2010-04-18,3.32
2010-04-19,3.31
2010-04-20,3.29
2010-04-21,3.24
2010-04-22,3.19
2010-04-23,3.2
2010-04-24,3.26
2010-04-25,3.33
2010-04-26,3.36
2010-04-27,3.43
2010-04-28,3.56
2010-04-29,3.83
2010-04-30,4.14
2010-05-01,4.5
2010-05-02,4.73
2010-05-03,4.96
2010-05-04,5.01
2010-05-05,4.94
2010-05-06,4.9
2010-05-07,4.98
2010-05-08,5.13
2010-05-09,5.44
2010-05-10,5.74
2010-05-11,5.83
2010-05-12,5.85
2010-05-13,6.06
2010-05-14,6.28
2010-05-15,6.42
2010-05-16,6.48
2010-05-17,6.49
2010-05-18,6.46
2010-05-19,6.48
2010-05-20,6.6
2010-05-21,6.94
2010-05-22,6.89
2010-05-23,6.74
2010-05-24,6.6
2010-05-25,6.5
2010-05-26,6.44
2010-05-27,6.4
2010-05-28,6.55
2010-05-29,6.4
2010-05-30,6.34
2010-05-31,6.13
2010-06-01,6.11
2010-06-02,6.22
2010-06-03,6.57
2010-06-04,6.8
2010-06-05,7.05
2010-06-06,7.2
2010-06-07,7.31
2010-06-08,7.55
2010-06-09,7.44
2010-06-10,7.33
2010-06-11,7.32
2010-06-12,7.32
2010-06-13,7.56
2010-06-14,7.5
2010-06-15,7.04
2010-06-16,6.6
2010-06-17,6.48
2010-06-18,6.71
2010-06-19,6.96
2010-06-20,7.08
2010-06-21,6.98
2010-06-22,6.88
2010-06-23,6.96
2010-06-24,7.09
2010-06-25,6.94
2010-06-26,6.99
2010-06-27,10.69
2010-06-28,10.76
2010-06-29,10.26
2010-06-30,10.03
2010-07-01,10.26
2010-07-02,10.3
2010-07-03,10.06
2010-07-04,10.46
2010-07-05,10.6
2010-07-06,10.29
2010-07-07,10.1
2010-07-08,9.9
2010-07-09,9.54
2010-07-10,9.05
2010-07-11,9.1
2010-07-12,9.12
2010-07-13,9.02
2010-07-14,8.88
2010-07-15,8.82
2010-07-16,9.03
2010-07-17,9.34
2010-07-18,9.67
2010-07-19,9.63
2010-07-20,9.91
2010-07-21,10.31
2010-07-22,10.64
2010-07-23,11.04
2010-07-24,11.2
2010-07-25,11.57
2010-07-26,12.14
2010-07-27,11.58
2010-07-28,11.09
2010-07-29,10.79
2010-07-30,10.34
2010-07-31,10.02
2010-08-01,10.86
2010-08-02,11.16
2010-08-03,10.96
2010-08-04,10.89
2010-08-05,10.64
2010-08-06,10.46
2010-08-07,10.3
2010-08-08,10.24
2010-08-09,10.62
2010-08-10,10.8
2010-08-11,10.5
2010-08-12,10.91
2010-08-13,10.9
2010-08-14,10.99
2010-08-15,11.1
2010-08-16,11.12
2010-08-17,11.08
2010-08-18,11.5
2010-08-19,11.59
2010-08-20,11.66
2010-08-21,12.06
2010-08-22,12.56
2010-08-23,12.56
2010-08-24,12.17
2010-08-25,11.81
2010-08-26,11.74
2010-08-27,12.14
2010-08-28,12.45
2010-08-29,12.37
2010-08-30,12.12
2010-08-31,11.77
2010-09-01,11.56
2010-09-02,11.23
2010-09-03,10.96
2010-09-04,10.76
2010-09-05,10.68
2010-09-06,10.94
2010-09-07,10.84
2010-09-08,11.13
2010-09-09,11.25
2010-09-10,11.36
2010-09-11,11.56
2010-09-12,11.4
2010-09-13,11.46
2010-09-14,11.42
2010-09-15,11.33
2010-09-16,11.1
2010-09-17,11.04
2010-09-18,11.56
2010-09-19,12.21
2010-09-20,12.35
2010-09-21,12.7
2010-09-22,12.95
2010-09-23,13.14
2010-09-24,12.93
2010-09-25,12.65
2010-09-26,12.37
2010-09-27,12.15
2010-09-28,12.03
2010-09-29,12.2
2010-09-30,12.08
2010-10-01,11.63
2010-10-02,11.23
2010-10-03,11.44
2010-10-04,11.92
2010-10-05,11.29
2010-10-06,10.71
2010-10-07,10.02
2010-10-08,9.53
2010-10-09,9.14
2010-10-10,8.89
2010-10-11,8.66
2010-10-12,8.48
2010-10-13,8.42
2010-10-14,8.51
2010-10-15,8.41
2010-10-16,8.47
2010-10-17,8.33
2010-10-18,8.21
2010-10-19,8.14
2010-10-20,8.06
2010-10-21,7.98
2010-10-22,7.83
2010-10-23,7.71
2010-10-24,7.65
2010-10-25,7.68
2010-10-26,7.7
2010-10-27,7.61
2010-10-28,7.37
2010-10-29,7.11
2010-10-30,6.99
2010-10-31,7.0
2010-11-01,8.15
2010-11-02,8.21
2010-11-03,8.16
2010-11-04,8.0
2010-11-05,7.65
2010-11-06,7.33
2010-11-07,7.25
2010-11-08,7.22
2010-11-09,7.05
2010-11-10,6.86
2010-11-11,6.7
2010-11-12,6.62
2010-11-13,6.32
2010-11-14,6.39
2010-11-15,6.5
2010-11-16,6.21
2010-11-17,6.17
2010-11-18,6.17
2010-11-19,6.16
2010-11-20,6.1
2010-11-21,6.04
2010-11-22,6.0
2010-11-23,5.94
2010-11-24,5.8
2010-11-25,5.72
2010-11-26,5.66
2010-11-27,5.6
2010-11-28,5.52
2010-11-29,5.4
2010-11-30,5.26
2010-12-01,5.16
2010-12-02,5.1
2010-12-03,5.05
2010-12-04,5.05
2010-12-05,5.11
2010-12-06,5.11
2010-12-07,5.12
2010-12-08,5.12
2010-12-09,5.04
2010-12-10,5.04
2010-12-11,5.03
2010-12-12,4.9
2010-12-13,4.76
2010-12-14,4.72
2010-12-15,4.73
2010-12-16,4.74
2010-12-17,4.86
2010-12-18,5.08
2010-12-19,5.33
2010-12-20,5.52
2010-12-21,5.43
2010-12-22,5.23
2010-12-23,4.9
2010-12-24,4.59
2010-12-25,4.46
2010-12-26,4.44
2010-12-27,4.4
2010-12-28,4.34
2010-12-29,4.32
2010-12-30,4.29
2010-12-31,4.29
2011-01-01,5.18
2011-01-02,5.14
2011-01-03,4.84
2011-01-04,4.52
2011-01-05,4.37
2011-01-06,4.3
2011-01-07,4.26
2011-01-08,4.23
2011-01-09,4.28
2011-01-10,4.25
2011-01-11,4.16
2011-01-12,4.07
2011-01-13,3.98
2011-01-14,3.99
2011-01-15,4.28
2011-01-16,4.71
2011-01-17,5.01
2011-01-18,5.13
2011-01-19,5.21
2011-01-20,5.21
2011-01-21,4.85
2011-01-22,4.38
2011-01-23,4.05
2011-01-24,3.88
2011-01-25,3.79
2011-01-26,3.76
2011-01-27,3.82
2011-01-28,3.84
2011-01-29,3.78
2011-01-30,3.65
2011-01-31,3.57
2011-02-01,3.52
2011-02-02,3.46
2011-02-03,3.44
2011-02-04,3.41
2011-02-05,3.4
2011-02-06,3.4
2011-02-07,3.38
2011-02-08,3.37
2011-02-09,3.34
2011-02-10,3.3
2011-02-11,3.27
2011-02-12,3.22
2011-02-13,3.2
2011-02-14,3.17
2011-02-15,3.14
2011-02-16,3.12
2011-02-17,3.09
2011-02-18,3.06
2011-02-19,3.03
2011-02-20,2.99
2011-02-21,2.96
2011-02-22,2.94
2011-02-23,2.92
2011-02-24,2.89
2011-02-25,2.89
2011-02-26,2.86
2011-02-27,2.85
2011-02-28,2.84
2011-03-01,2.79
2011-03-02,2.78
2011-03-03,2.75
2011-03-04,2.73
2011-03-05,2.71
2011-03-06,2.7
2011-03-07,2.68
2011-03-08,2.66
2011-03-09,2.64
2011-03-10,2.63
2011-03-11,2.7
2011-03-12,2.77
2011-03-13,2.71
2011-03-14,2.64
2011-03-15,2.62
2011-03-16,2.63
2011-03-17,2.64
2011-03-18,2.66
2011-03-19,2.68
2011-03-20,2.66
2011-03-21,2.62
2011-03-22,2.6
2011-03-23,2.58
2011-03-24,2.55
2011-03-25,2.52
2011-03-26,2.52
2011-03-27,2.51
2011-03-28,2.51
2011-03-29,2.5
2011-03-30,2.5
2011-03-31,2.51
2011-04-01,2.51
2011-04-02,2.51
2011-04-03,2.51
2011-04-04,2.5
2011-04-05,2.49
2011-04-06,2.49
2011-04-07,2.52
2011-04-08,2.6
2011-04-09,2.64
2011-04-10,2.68
2011-04-11,2.7
2011-04-12,2.7
2011-04-13,2.68
2011-04-14,2.75
2011-04-15,2.72
2011-04-16,2.68
2011-04-17,2.64
2011-04-18,2.6
2011-04-19,2.56
2011-04-20,2.52
2011-04-21,2.48
2011-04-22,2.44
2011-04-23,2.41
2011-04-24,2.4
2011-04-25,2.39
2011-04-26,2.39
2011-04-27,2.38
2011-04-28,2.42
2011-04-29,2.5
2011-04-30,2.51
2011-05-01,2.51
2011-05-02,2.52
2011-05-03,2.46
2011-05-04,2.41
2011-05-05,2.38
2011-05-06,2.38
2011-05-07,2.4
2011-05-08,2.6
2011-05-09,2.78
2011-05-10,2.8
2011-05-11,2.94
2011-05-12,3.46
2011-05-13,4.43
2011-05-14,5.17
2011-05-15,5.35
2011-05-16,5.26
2011-05-17,4.97
2011-05-18,4.38
2011-05-19,3.61
2011-05-20,3.21
2011-05-21,3.04
2011-05-22,2.88
2011-05-23,2.8
2011-05-24,2.79
2011-05-25,2.76
2011-05-26,2.79
2011-05-27,2.94
2011-05-28,3.18
2011-05-29,3.59
2011-05-30,3.84
2011-05-31,4.19
2011-06-01,4.74
2011-06-02,5.26
2011-06-03,5.42
2011-06-04,5.73
2011-06-05,6.08
2011-06-06,6.54
2011-06-07,6.73
2011-06-08,6.62
2011-06-09,6.59
2011-06-10,6.2
2011-06-11,5.77
2011-06-12,5.26
2011-06-13,4.74
2011-06-14,4.41
2011-06-15,4.26
2011-06-16,4.19
2011-06-17,4.11
2011-06-18,3.98
2011-06-19,4.53
2011-06-20,5.85
2011-06-21,5.89
2011-06-22,5.81
2011-06-23,5.7
2011-06-24,5.33
2011-06-25,4.87
2011-06-26,4.49
2011-06-27,4.42
2011-06-28,4.62
2011-06-29,4.76
2011-06-30,4.72
2011-07-01,4.63
2011-07-02,4.48
2011-07-03,4.14
2011-07-04,3.9
2011-07-05,3.84
2011-07-06,4.62
2011-07-07,5.74
2011-07-08,6.17
2011-07-09,6.75
2011-07-10,7.32
2011-07-11,7.5
2011-07-12,7.28
2011-07-13,7.1
2011-07-14,7.2
2011-07-15,7.12
2011-07-16,7.18
2011-07-17,7.1
2011-07-18,7.0
2011-07-19,6.92
2011-07-20,6.63
2011-07-21,6.62
2011-07-22,7.38
2011-07-23,8.05
2011-07-24,8.57
2011-07-25,8.69
2011-07-26,8.76
2011-07-27,8.88
2011-07-28,9.76
2011-07-29,10.93
2011-07-30,11.3
2011-07-31,12.31
2011-08-01,12.88
2011-08-02,13.28
2011-08-03,13.02
2011-08-04,12.29
2011-08-05,11.71
2011-08-06,11.04
2011-08-07,11.04
2011-08-08,11.29
2011-08-09,12.34
2011-08-10,12.87
2011-08-11,12.23
2011-08-12,11.85
2011-08-13,11.47
2011-08-14,11.05
2011-08-15,10.65
2011-08-16,10.55
2011-08-17,10.94
2011-08-18,11.03
2011-08-19,11.1
2011-08-20,11.57
2011-08-21,12.22
2011-08-22,12.35
2011-08-23,12.66
2011-08-24,13.27
2011-08-25,13.15
2011-08-26,12.48
2011-08-27,12.03
2011-08-28,11.62
2011-08-29,11.27
2011-08-30,11.08
2011-08-31,10.9
2011-09-01,10.67
2011-09-02,10.62
2011-09-03,10.41
2011-09-04,10.5
2011-09-05,10.5
2011-09-06,10.27
2011-09-07,10.05
2011-09-08,10.22
2011-09-09,10.3
2011-09-10,10.48
2011-09-11,10.22
2011-09-12,10.15
2011-09-13,10.16
2011-09-14,10.08
2011-09-15,10.3
2011-09-16,10.74
2011-09-17,10.82
2011-09-18,10.63
2011-09-19,10.43
2011-09-20,10.1
2011-09-21,9.84
2011-09-22,9.62
2011-09-23,9.46
2011-09-24,9.36
2011-09-25,9.15
2011-09-26,8.97
2011-09-27,8.89
2011-09-28,8.95
2011-09-29,8.97
2011-09-30,8.97
2011-10-01,8.8
2011-10-02,8.6
2011-10-03,8.39
2011-10-04,8.27
2011-10-05,8.11
2011-10-06,7.87
2011-10-07,8.4
2011-10-08,8.51
2011-10-09,8.33
2011-10-10,8.47
2011-10-11,8.57
2011-10-12,8.52
2011-10-13,8.38
2011-10-14,8.2
2011-10-15,8.04
2011-10-16,7.92
2011-10-17,7.83
2011-10-18,7.8
2011-10-19,7.91
2011-10-20,7.94
2011-10-21,7.92
2011-10-22,7.91
2011-10-23,7.9
2011-10-24,7.8
2011-10-25,7.66
2011-10-26,7.5
2011-10-27,7.38
2011-10-28,7.3
2011-10-29,7.32
2011-10-30,7.51
2011-10-31,7.55
2011-11-01,7.48
2011-11-02,7.88
2011-11-03,8.02
2011-11-04,7.75
2011-11-05,7.41
2011-11-06,7.16
2011-11-07,7.04
2011-11-08,7.18
2011-11-09,7.28
2011-11-10,7.28
2011-11-11,7.24
2011-11-12,7.11
2011-11-13,7.06
2011-11-14,7.09
2011-11-15,7.01
2011-11-16,6.81
2011-11-17,6.49
2011-11-18,6.26
2011-11-19,6.12
2011-11-20,6.01
2011-11-21,5.92
2011-11-22,5.84
2011-11-23,5.8
2011-11-24,5.92
2011-11-25,6.06
2011-11-26,5.96
2011-11-27,5.76
2011-11-28,5.68
2011-11-29,5.68
2011-11-30,5.67
2011-12-01,5.63
2011-12-02,5.6
2011-12-03,5.57
2011-12-04,5.59
2011-12-05,5.52
2011-12-06,5.35
2011-12-07,5.23
2011-12-08,5.14
2011-12-09,5.07
2011-12-10,5.0
2011-12-11,4.97
2011-12-12,4.94
2011-12-13,4.88
2011-12-14,4.84
2011-12-15,4.8
2011-12-16,4.79
2011-12-17,4.84
2011-12-18,4.86
2011-12-19,4.8
2011-12-20,4.73
2011-12-21,4.68
2011-12-22,4.66
2011-12-23,4.67
2011-12-24,4.68
2011-12-25,4.64
2011-12-26,4.64
2011-12-27,4.66
2011-12-28,4.66
2011-12-29,4.75
2011-12-30,4.96
2011-12-31,5.13
2012-01-01,4.84
2012-01-02,4.83
2012-01-03,4.79
2012-01-04,4.77
2012-01-05,4.74
2012-01-06,4.74
2012-01-07,4.73
2012-01-08,4.66
2012-01-09,4.63
2012-01-10,4.72
2012-01-11,4.78
2012-01-12,4.76
2012-01-13,4.7
2012-01-14,4.7
2012-01-15,4.74
2012-01-16,4.81
2012-01-17,4.89
2012-01-18,4.9
2012-01-19,4.83
2012-01-20,4.59
2012-01-21,4.38
2012-01-22,4.25
2012-01-23,4.17
2012-01-24,4.13
2012-01-25,4.1
2012-01-26,4.07
2012-01-27,4.03
2012-01-28,4.03
2012-01-29,4.1
2012-01-30,4.18
2012-01-31,4.26
2012-02-01,4.34
2012-02-02,4.41
2012-02-03,4.46
2012-02-04,4.52
2012-02-05,4.64
2012-02-06,4.74
2012-02-07,4.77
2012-02-08,4.76
2012-02-09,4.73
2012-02-10,4.71
2012-02-11,4.62
2012-02-12,4.51
2012-02-13,4.36
2012-02-14,4.26
2012-02-15,4.12
2012-02-16,4.0
2012-02-17,3.93
2012-02-18,3.9
2012-02-19,3.88
2012-02-20,3.88
2012-02-21,3.89
2012-02-22,3.87
2012-02-23,3.84
2012-02-24,3.85
2012-02-25,3.92
2012-02-26,3.97
2012-02-27,4.01
2012-02-28,4.01
2012-03-01,3.99
2012-03-02,3.96
2012-03-03,3.95
2012-03-04,3.95
2012-03-05,3.95
2012-03-06,3.98
2012-03-07,3.98
2012-03-08,4.01
2012-03-09,4.03
2012-03-10,4.14
2012-03-11,4.23
2012-03-12,4.3
2012-03-13,4.32
2012-03-14,4.3
2012-03-15,4.29
2012-03-16,4.26
2012-03-17,4.2
2012-03-18,4.12
2012-03-19,4.04
2012-03-20,3.98
2012-03-21,3.99
2012-03-22,3.96
2012-03-23,3.8
2012-03-24,3.66
2012-03-25,3.56
2012-03-26,3.42
2012-03-27,3.25
2012-03-28,3.15
2012-03-29,3.1
2012-03-30,3.07
2012-03-31,3.03
2012-04-01,3.0
2012-04-02,2.93
2012-04-03,2.88
2012-04-04,2.8
2012-04-05,2.74
2012-04-06,2.7
2012-04-07,2.74
2012-04-08,2.86
2012-04-09,2.96
2012-04-10,2.97
2012-04-11,2.94
2012-04-12,2.92
2012-04-13,2.96
2012-04-14,3.1
2012-04-15,3.41
2012-04-16,4.0
2012-04-17,4.41
2012-04-18,4.29
2012-04-19,3.84
2012-04-20,3.51
2012-04-21,3.47
2012-04-22,3.57
2012-04-23,3.7
2012-04-24,3.76
2012-04-25,3.72
2012-04-26,3.64
2012-04-27,3.58
2012-04-28,3.66
2012-04-29,3.77
2012-04-30,3.92
2012-05-01,4.18
2012-05-02,4.32
2012-05-03,4.33
2012-05-04,4.3
2012-05-05,4.47
2012-05-06,4.65
2012-05-07,4.72
2012-05-08,4.69
2012-05-09,4.66
2012-05-10,4.72
2012-05-11,4.86
2012-05-12,4.97
2012-05-13,4.86
2012-05-14,4.8
2012-05-15,4.87
2012-05-16,4.9
2012-05-17,4.84
2012-05-18,4.71
2012-05-19,4.58
2012-05-20,4.46
2012-05-21,4.4
2012-05-22,4.42
2012-05-23,4.51
2012-05-24,4.56
2012-05-25,4.5
2012-05-26,4.44
2012-05-27,4.46
2012-05-28,4.61
2012-05-29,4.93
2012-05-30,5.24
2012-05-31,5.26
2012-06-01,5.1
2012-06-02,4.77
2012-06-03,4.54
2012-06-04,4.55
2012-06-05,4.52
2012-06-06,4.52
2012-06-07,4.6
2012-06-08,4.74
2012-06-09,4.98
2012-06-10,5.26
2012-06-11,5.47
2012-06-12,5.68
2012-06-13,5.88
2012-06-14,5.73
2012-06-15,5.58
2012-06-16,5.53
2012-06-17,5.5
2012-06-18,5.33
2012-06-19,4.91
2012-06-20,4.46
2012-06-21,4.24
2012-06-22,4.32
2012-06-23,4.4
2012-06-24,4.51
2012-06-25,4.82
2012-06-26,5.7
2012-06-27,7.34
2012-06-28,7.54
2012-06-29,7.23
2012-06-30,6.86
2012-07-01,6.51
2012-07-02,6.23
2012-07-03,5.96
2012-07-04,5.85
2012-07-05,5.87
2012-07-06,5.72
2012-07-07,5.68
2012-07-08,5.83
2012-07-09,6.2
2012-07-10,6.42
2012-07-11,6.51
2012-07-12,6.56
2012-07-13,6.68
2012-07-14,7.04
2012-07-15,7.85
2012-07-16,8.32
2012-07-17,8.63
2012-07-18,8.62
2012-07-19,8.4
2012-07-20,8.34
2012-07-21,8.34
2012-07-22,8.34
2012-07-23,8.68
2012-07-24,9.14
2012-07-25,9.24
2012-07-26,9.22
2012-07-27,9.22
2012-07-28,9.17
2012-07-29,9.1
2012-07-30,9.74
2012-07-31,10.93
2012-08-01,11.3
2012-08-02,11.4
2012-08-03,11.82
2012-08-04,11.7
2012-08-05,11.24
2012-08-06,11.13
2012-08-07,11.56
2012-08-08,11.36
2012-08-09,11.54
2012-08-10,12.35
2012-08-11,12.5
2012-08-12,12.3
2012-08-13,12.17
2012-08-14,12.2
2012-08-15,11.96
2012-08-16,11.55
2012-08-17,11.05
2012-08-18,10.52
2012-08-19,10.06
2012-08-20,9.81
2012-08-21,9.71
2012-08-22,10.81
2012-08-23,11.91
2012-08-24,10.9
2012-08-25,10.86
2012-08-26,10.6
2012-08-27,10.62
2012-08-28,10.91
2012-08-29,11.03
2012-08-30,11.62
2012-08-31,11.62
2012-09-01,11.36
2012-09-02,11.1
2012-09-03,10.73
2012-09-04,10.39
2012-09-05,10.22
2012-09-06,10.16
2012-09-07,10.84
2012-09-08,12.24
2012-09-09,12.52
2012-09-10,12.56
2012-09-11,12.4
2012-09-12,12.13
2012-09-13,12.09
2012-09-14,11.81
2012-09-15,11.37
2012-09-16,10.96
2012-09-17,10.57
2012-09-18,10.32
2012-09-19,10.22
2012-09-20,10.08
2012-09-21,9.81
2012-09-22,9.66
2012-09-23,9.54
2012-09-24,9.25
2012-09-25,8.92
2012-09-26,8.79
2012-09-27,8.8
2012-09-28,9.44
2012-09-29,9.46
2012-09-30,9.32
2012-10-01,9.12
2012-10-02,9.08
2012-10-03,9.1
2012-10-04,8.9
2012-10-05,8.67
2012-10-06,8.29
2012-10-07,8.01
2012-10-08,7.84
2012-10-09,7.69
2012-10-10,7.62
2012-10-11,7.57
2012-10-12,7.5
2012-10-13,7.38
2012-10-14,7.24
2012-10-15,7.09
2012-10-16,6.97
2012-10-17,6.93
2012-10-18,7.28
2012-10-19,8.22
2012-10-20,7.91
2012-10-21,7.53
2012-10-22,7.32
2012-10-23,7.29
2012-10-24,7.53
2012-10-25,8.04
2012-10-26,8.96
2012-10-27,9.59
2012-10-28,9.7
2012-10-29,9.49
2012-10-30,9.13
2012-10-31,8.74
2012-11-01,7.59
2012-11-02,7.5
2012-11-03,7.36
2012-11-04,7.3
2012-11-05,7.34
2012-11-06,7.15
2012-11-07,6.77
2012-11-08,6.41
2012-11-09,6.33
2012-11-10,6.38
2012-11-11,6.39
2012-11-12,6.38
2012-11-13,6.35
2012-11-14,6.28
2012-11-15,6.06
2012-11-16,5.9
2012-11-17,5.8
2012-11-18,5.78
2012-11-19,5.81
2012-11-20,5.88
2012-11-21,5.94
2012-11-22,5.94
2012-11-23,5.88
2012-11-24,5.82
2012-11-25,5.72
2012-11-26,5.63
2012-11-27,5.56
2012-11-28,5.56
2012-11-29,5.7
2012-11-30,6.0
2012-12-01,6.02
2012-12-02,5.9
2012-12-03,5.78
2012-12-04,5.74
2012-12-05,5.72
2012-12-06,5.77
2012-12-07,5.94
2012-12-08,5.92
2012-12-09,5.75
2012-12-10,5.55
2012-12-11,5.44
2012-12-12,5.53
2012-12-13,5.57
2012-12-14,5.48
2012-12-15,5.36
2012-12-16,5.25
2012-12-17,5.16
2012-12-18,5.07
2012-12-19,4.98
2012-12-20,4.91
2012-12-21,4.85
2012-12-22,4.84
2012-12-23,4.81
2012-12-24,4.78
2012-12-25,4.78
2012-12-26,4.86
2012-12-27,4.92
2012-12-28,4.93
2012-12-29,4.89
2012-12-30,4.87
2012-12-31,4.86
2013-01-01,6.38
2013-01-02,6.32
2013-01-03,6.29
2013-01-04,6.29
2013-01-05,6.26
2013-01-06,6.18
2013-01-07,6.1
2013-01-08,5.94
2013-01-09,5.89
2013-01-10,6.02
2013-01-11,6.08
2013-01-12,6.02
2013-01-13,6.0
2013-01-14,6.05
2013-01-15,6.21
2013-01-16,6.27
2013-01-17,6.14
2013-01-18,5.98
2013-01-19,5.91
2013-01-20,5.93
2013-01-21,5.94
2013-01-22,5.94
2013-01-23,5.9
2013-01-24,5.9
2013-01-25,5.89
2013-01-26,5.88
2013-01-27,5.88
2013-01-28,5.84
2013-01-29,5.72
2013-01-30,5.58
2013-01-31,5.55
2013-02-01,5.54
2013-02-02,5.52
2013-02-03,5.42
2013-02-04,5.17
2013-02-05,4.84
2013-02-06,4.64
2013-02-07,4.54
2013-02-08,4.49
2013-02-09,4.45
2013-02-10,4.43
2013-02-11,4.41
2013-02-12,4.38
2013-02-13,4.36
2013-02-14,4.33
2013-02-15,4.31
2013-02-16,4.27
2013-02-17,4.29
2013-02-18,4.44
2013-02-19,4.71
2013-02-20,5.06
2013-02-21,5.45
2013-02-22,5.47
2013-02-23,5.4
2013-02-24,5.35
2013-02-25,5.36
2013-02-26,5.39
2013-02-27,5.42
2013-02-28,5.48
2013-03-01,5.66
2013-03-02,5.8
2013-03-03,5.78
2013-03-04,5.83
2013-03-05,5.9
2013-03-06,5.94
2013-03-07,5.92
2013-03-08,5.87
2013-03-09,5.8
2013-03-10,5.81
2013-03-11,5.91
2013-03-12,5.98
2013-03-13,6.01
2013-03-14,6.0
2013-03-15,5.94
2013-03-16,5.84
2013-03-17,5.76
2013-03-18,5.74
2013-03-19,5.68
2013-03-20,5.65
2013-03-21,5.66
2013-03-22,5.67
2013-03-23,5.68
2013-03-24,5.65
2013-03-25,5.66
2013-03-26,5.62
2013-03-27,5.56
2013-03-28,5.51
2013-03-29,5.47
2013-03-30,5.48
2013-03-31,5.44
2013-04-01,5.4
2013-04-02,5.32
2013-04-03,5.3
2013-04-04,5.36
2013-04-05,5.38
2013-04-06,5.39
2013-04-07,5.38
2013-04-08,5.48
2013-04-09,5.6
2013-04-10,5.63
2013-04-11,5.66
2013-04-12,5.72
2013-04-13,5.74
2013-04-14,5.65
2013-04-15,5.53
2013-04-16,5.41
2013-04-17,5.32
2013-04-18,5.24
2013-04-19,4.93
2013-04-20,4.6
2013-04-21,4.42
2013-04-22,4.41
2013-04-23,4.9
2013-04-24,5.2
2013-04-25,5.27
2013-04-26,5.26
2013-04-27,5.26
2013-04-28,5.3
2013-04-29,5.32
2013-04-30,5.36
2013-05-01,5.41
2013-05-02,5.36
2013-05-03,5.35
2013-05-04,5.68
2013-05-05,5.7
2013-05-06,5.43
2013-05-07,5.1
2013-05-08,4.99
2013-05-09,5.33
2013-05-10,5.76
2013-05-11,6.01
2013-05-12,6.04
2013-05-13,5.9
2013-05-14,5.67
2013-05-15,5.46
2013-05-16,5.6
2013-05-17,5.76
2013-05-18,5.76
2013-05-19,5.58
2013-05-20,5.52
2013-05-21,5.8
2013-05-22,6.05
2013-05-23,6.2
2013-05-24,6.26
2013-05-25,6.28
2013-05-26,6.32
2013-05-27,6.36
2013-05-28,6.51
2013-05-29,6.46
2013-05-30,6.53
2013-05-31,6.52
2013-06-01,0.0
2013-06-02,0.0
2013-06-03,0.0
2013-06-04,0.0
2013-06-05,0.0
2013-06-06,0.0
2013-06-07,0.0
2013-06-08,0.0
2013-06-09,0.0
2013-06-10,0.0
2013-06-11,0.0
2013-06-12,0.0
2013-06-13,0.0
2013-06-14,0.0
2013-06-15,0.0
2013-06-16,0.0
2013-06-17,0.0
2013-06-18,0.0
2013-06-19,0.0
2013-06-20,0.0
2013-06-21,0.0
2013-06-22,0.0
2013-06-23,0.0
2013-06-24,0.0
2013-06-25,0.0
2013-06-26,0.0
2013-06-27,0.0
2013-06-28,0.0
2013-06-29,0.0
2013-06-30,0.0
2013-07-01,0.0
2013-07-02,0.0
2013-07-03,0.0
2013-07-04,0.0
2013-07-05,0.0
2013-07-06,0.0
2013-07-07,0.0
2013-07-08,0.0
2013-07-09,0.0
2013-07-10,0.0
2013-07-11,0.0
2013-07-12,0.0
2013-07-13,0.0
2013-07-14,0.0
2013-07-15,0.0
2013-07-16,0.0
2013-07-17,0.0
2013-07-18,0.0
2013-07-19,0.0
2013-07-20,0.0
2013-07-21,0.0
2013-07-22,0.0
2013-07-23,0.0
2013-07-24,0.0
2013-07-25,0.0
2013-07-26,0.0
2013-07-27,0.0
2013-07-28,0.0
2013-07-29,0.0
2013-07-30,0.0
2013-07-31,0.0
2013-08-01,0.0
2013-08-02,0.0
2013-08-03,0.0
2013-08-04,0.0
2013-08-05,0.0
2013-08-06,0.0
2013-08-07,0.0
2013-08-08,0.0
2013-08-09,0.0
2013-08-10,0.0
2013-08-11,0.0
2013-08-12,0.0
2013-08-13,0.0
2013-08-14,0.0
2013-08-15,0.0
2013-08-16,0.0
2013-08-17,0.0
2013-08-18,0.0
2013-08-19,0.0
2013-08-20,0.0
2013-08-21,0.0
2013-08-22,0.0
2013-08-23,0.0
2013-08-24,0.0
2013-08-25,0.0
2013-08-26,0.0
2013-08-27,0.0
2013-08-28,0.0
2013-08-29,0.0
2013-08-30,0.0
2013-08-31,0.0
2013-09-01,0.0
2013-09-02,0.0
2013-09-03,0.0
2013-09-04,0.0
2013-09-05,0.0
2013-09-06,0.0
2013-09-07,0.0
2013-09-08,0.0
2013-09-09,0.0
2013-09-10,0.0
2013-09-11,0.0
2013-09-12,0.0
2013-09-13,0.0
2013-09-14,0.0
2013-09-15,0.0
2013-09-16,0.0
2013-09-17,0.0
2013-09-18,0.0
2013-09-19,0.0
2013-09-20,0.0
2013-09-21,0.0
2013-09-22,0.0
2013-09-23,0.0
2013-09-24,0.0
2013-09-25,0.0
2013-09-26,0.0
2013-09-27,0.0
2013-09-28,0.0
2013-09-29,0.0
2013-09-30,0.0
2013-10-01,0.0
2013-10-02,0.0
2013-10-03,0.0
2013-10-04,0.0
2013-10-05,0.0
2013-10-06,0.0
2013-10-07,0.0
2013-10-08,0.0
2013-10-09,0.0
2013-10-10,0.0
2013-10-11,0.0
2013-10-12,0.0
2013-10-13,0.0
2013-10-14,0.0
2013-10-15,0.0
2013-10-16,0.0
2013-10-17,0.0
2013-10-18,0.0
2013-10-19,0.0
2013-10-20,0.0
2013-10-21,0.0
2013-10-22,0.0
2013-10-23,0.0
2013-10-24,0.0
2013-10-25,0.0
2013-10-26,0.0
2013-10-27,0.0
2013-10-28,0.0
2013-10-29,0.0
2013-10-30,0.0
2013-10-31,0.0
2013-11-01,8.48
2013-11-02,8.36
2013-11-03,8.43
2013-11-04,8.63
2013-11-05,8.66
2013-11-06,8.52
2013-11-07,8.36
2013-11-08,8.2
2013-11-09,8.08
2013-11-10,7.96
2013-11-11,7.85
2013-11-12,7.76
2013-11-13,7.68
2013-11-14,7.62
2013-11-15,7.56
2013-11-16,7.52
2013-11-17,7.46
2013-11-18,7.37
2013-11-19,7.33
2013-11-20,7.36
2013-11-21,7.4
2013-11-22,7.39
2013-11-23,7.46
2013-11-24,7.54
2013-11-25,7.58
2013-11-26,7.54
2013-11-27,7.43
2013-11-28,7.34
2013-11-29,7.28
2013-11-30,7.22
2013-12-01,7.12
2013-12-02,7.03
2013-12-03,7.06
2013-12-04,7.12
2013-12-05,7.11
2013-12-06,6.99
2013-12-07,6.83
2013-12-08,6.7
2013-12-09,6.6
2013-12-10,6.52
2013-12-11,6.56
2013-12-12,6.71
2013-12-13,6.78
2013-12-14,6.78
2013-12-15,6.77
2013-12-16,6.78
2013-12-17,6.96
2013-12-18,8.77
2013-12-19,10.54
2013-12-20,10.68
2013-12-21,9.96
2013-12-22,9.02
2013-12-23,8.2
2013-12-24,7.61
2013-12-25,7.21
2013-12-26,7.0
2013-12-27,6.8
2013-12-28,6.62
2013-12-29,6.57
2013-12-30,6.56
2013-12-31,6.5
2014-01-01,0.0
2014-01-02,0.0
2014-01-03,0.0
2014-01-04,0.0
2014-01-05,0.0
2014-01-06,0.0
2014-01-07,0.0
2014-01-08,0.0
2014-01-09,0.0
2014-01-10,0.0
2014-01-11,0.0
2014-01-12,0.0
2014-01-13,0.0
2014-01-14,0.0
2014-01-15,0.0
2014-01-16,0.0
2014-01-17,0.0
2014-01-18,0.0
2014-01-19,0.0
2014-01-20,0.0
2014-01-21,0.0
2014-01-22,0.0
2014-01-23,0.0
2014-01-24,0.0
2014-01-25,0.0
2014-01-26,0.0
2014-01-27,0.0
2014-01-28,0.0
2014-01-29,0.0
2014-01-30,0.0
2014-01-31,0.0
2014-02-01,4.53
2014-02-02,4.58
2014-02-03,4.6
2014-02-04,4.61
2014-02-05,4.61
2014-02-06,4.56
2014-02-07,4.43
2014-02-08,4.3
2014-02-09,4.23
2014-02-10,4.19
2014-02-11,4.14
2014-02-12,4.1
2014-02-13,4.06
2014-02-14,4.1
2014-02-15,4.28
2014-02-16,4.52
2014-02-17,4.6
2014-02-18,4.49
2014-02-19,4.24
2014-02-20,4.02
2014-02-21,3.96
2014-02-22,3.94
2014-02-23,3.9
2014-02-24,3.86
2014-02-25,3.82
2014-02-26,3.78
2014-02-27,3.76
2014-02-28,3.75
2014-03-01,3.72
2014-03-02,3.7
2014-03-03,3.66
2014-03-04,3.64
2014-03-05,3.61
2014-03-06,3.59
2014-03-07,3.56
2014-03-08,3.6
2014-03-09,3.85
2014-03-10,4.56
2014-03-11,5.38
2014-03-12,5.78
2014-03-13,5.92
2014-03-14,5.92
2014-03-15,5.86
2014-03-16,5.72
2014-03-17,5.62
2014-03-18,5.58
2014-03-19,5.56
2014-03-20,5.58
2014-03-21,5.6
2014-03-22,5.58
2014-03-23,5.52
2014-03-24,5.58
2014-03-25,5.8
2014-03-26,5.96
2014-03-27,6.16
2014-03-28,6.14
2014-03-29,6.06
2014-03-30,6.1
2014-03-31,6.2
2014-04-01,6.16
2014-04-02,5.78
2014-04-03,5.41
2014-04-04,5.35
2014-04-05,5.47
2014-04-06,5.72
2014-04-07,6.0
2014-04-08,6.17
2014-04-09,6.22
2014-04-10,6.18
2014-04-11,6.07
2014-04-12,5.89
2014-04-13,5.91
2014-04-14,5.99
2014-04-15,6.25
2014-04-16,6.46
2014-04-17,6.38
2014-04-18,6.05
2014-04-19,5.43
2014-04-20,4.83
2014-04-21,4.5
2014-04-22,4.34
2014-04-23,4.42
2014-04-24,4.96
2014-04-25,5.62
2014-04-26,5.8
2014-04-27,5.86
2014-04-28,5.88
2014-04-29,5.96
2014-04-30,6.12
2014-05-01,6.26
2014-05-02,6.22
2014-05-03,6.51
2014-05-04,6.15
2014-05-05,5.94
2014-05-06,5.92
2014-05-07,5.39
2014-05-08,4.86
2014-05-09,4.46
2014-05-10,4.32
2014-05-11,4.39
2014-05-12,4.5
2014-05-13,4.6
2014-05-14,4.73
2014-05-15,4.8
2014-05-16,4.76
2014-05-17,4.68
2014-05-18,4.68
2014-05-19,4.78
2014-05-20,4.84
2014-05-21,4.84
2014-05-22,4.8
2014-05-23,4.74
2014-05-24,4.78
2014-05-25,4.96
2014-05-26,5.06
2014-05-27,5.22
2014-05-28,5.42
2014-05-29,5.48
2014-05-30,5.45
2014-05-31,5.2
2014-06-01,4.94
2014-06-02,4.59
2014-06-03,4.31
2014-06-04,4.39
2014-06-05,5.2
2014-06-06,5.94
2014-06-07,6.12
2014-06-08,6.16
2014-06-09,6.35
2014-06-10,7.02
2014-06-11,7.3
2014-06-12,7.38
2014-06-13,7.42
2014-06-14,7.46
2014-06-15,7.45
2014-06-16,7.52
2014-06-17,7.44
2014-06-18,7.22
2014-06-19,7.2
2014-06-20,7.33
2014-06-21,6.92
2014-06-22,6.8
2014-06-23,6.66
2014-06-24,6.52
2014-06-25,6.32
2014-06-26,5.91
2014-06-27,5.46
2014-06-28,5.22
2014-06-29,5.17
2014-06-30,5.15
2014-07-01,5.15
2014-07-02,5.3
2014-07-03,5.44
2014-07-04,5.45
2014-07-05,5.3
2014-07-06,5.2
2014-07-07,5.3
2014-07-08,5.57
2014-07-09,5.86
2014-07-10,6.23
2014-07-11,6.38
2014-07-12,6.34
2014-07-13,6.41
2014-07-14,6.46
2014-07-15,6.16
2014-07-16,5.68
2014-07-17,5.26
2014-07-18,5.0
2014-07-19,5.51
2014-07-20,5.98
2014-07-21,7.01
2014-07-22,7.98
2014-07-23,8.49
2014-07-24,8.52
2014-07-25,8.4
2014-07-26,8.38
2014-07-27,9.68
2014-07-28,9.68
2014-07-29,10.46
2014-07-30,10.94
2014-07-31,10.78
2014-08-01,10.58
2014-08-02,10.16
2014-08-03,9.91
2014-08-04,10.45
2014-08-05,12.3
2014-08-06,13.23
2014-08-07,13.38
2014-08-08,13.04
2014-08-09,12.78
2014-08-10,12.38
2014-08-11,11.82
2014-08-12,11.24
2014-08-13,10.82
2014-08-14,10.48
2014-08-15,10.12
2014-08-16,9.96
2014-08-17,9.96
2014-08-18,9.87
2014-08-19,9.74
2014-08-20,9.76
2014-08-21,9.68
2014-08-22,9.42
2014-08-23,9.26
2014-08-24,9.2
2014-08-25,9.32
2014-08-26,9.32
2014-08-27,9.08
2014-08-28,9.06
2014-08-29,9.12
2014-08-30,8.98
2014-08-31,8.8
2014-09-01,9.1
2014-09-02,10.72
2014-09-03,10.72
2014-09-04,10.9
2014-09-05,11.3
2014-09-06,11.48
2014-09-07,11.73
2014-09-08,11.3
2014-09-09,10.92
2014-09-10,10.63
2014-09-11,10.38
2014-09-12,10.54
2014-09-13,10.4
2014-09-14,10.2
2014-09-15,10.1
2014-09-16,9.86
2014-09-17,9.56
2014-09-18,9.2
2014-09-19,9.19
2014-09-20,9.16
2014-09-21,8.73
2014-09-22,8.4
2014-09-23,8.15
2014-09-24,8.2
2014-09-25,8.4
2014-09-26,8.54
2014-09-27,8.62
2014-09-28,8.46
2014-09-29,8.2
2014-09-30,7.9
2014-10-01,7.42
2014-10-02,7.7
2014-10-03,7.7
2014-10-04,7.58
2014-10-05,7.42
2014-10-06,7.27
2014-10-07,7.2
2014-10-08,7.24
2014-10-09,7.24
2014-10-10,7.26
2014-10-11,7.31
2014-10-12,7.94
2014-10-13,8.38
2014-10-14,8.76
2014-10-15,8.8
2014-10-16,8.94
2014-10-17,8.58
2014-10-18,8.1
2014-10-19,7.78
2014-10-20,7.5
2014-10-21,7.22
2014-10-22,6.78
2014-10-23,6.76
2014-10-24,6.88
2014-10-25,6.38
2014-10-26,6.48
2014-10-27,6.62
2014-10-28,6.7
2014-10-29,6.76
2014-10-30,6.8
2014-10-31,6.74
2014-11-01,7.18
2014-11-02,7.07
2014-11-03,6.98
2014-11-04,6.94
2014-11-05,7.13
2014-11-06,7.11
2014-11-07,7.2
2014-11-08,7.29
2014-11-09,7.46
2014-11-10,7.59
2014-11-11,7.72
2014-11-12,7.45
2014-11-13,7.22
2014-11-14,7.02
2014-11-15,6.82
2014-11-16,6.58
2014-11-17,6.4
2014-11-18,6.24
2014-11-19,6.16
2014-11-20,6.25
2014-11-21,6.54
2014-11-22,6.69
2014-11-23,6.68
2014-11-24,6.62
2014-11-25,6.63
2014-11-26,6.68
2014-11-27,6.72
2014-11-28,6.72
2014-11-29,6.68
2014-11-30,6.67
2014-12-01,6.68
2014-12-02,6.7
2014-12-03,6.7
2014-12-04,6.67
2014-12-05,6.66
2014-12-06,6.66
2014-12-07,0.0
2014-12-08,0.0
2014-12-09,0.0
2014-12-10,0.0
2014-12-11,0.0
2014-12-12,0.0
2014-12-13,0.0
2014-12-14,0.0
2014-12-15,0.0
2014-12-16,0.0
2014-12-17,0.0
2014-12-18,0.0
2014-12-19,0.0
2014-12-20,0.0
2014-12-21,0.0
2014-12-22,0.0
2014-12-23,0.0
2014-12-24,0.0
2014-12-25,0.0
2014-12-26,0.0
2014-12-27,0.0
2014-12-28,0.0
2014-12-29,0.0
2014-12-30,0.0
2014-12-31,0.0
2015-01-01,5.26
2015-01-02,4.93
2015-01-03,4.66
2015-01-04,4.5
2015-01-05,4.42
2015-01-06,4.34
2015-01-07,4.3
2015-01-08,4.26
2015-01-09,4.26
2015-01-10,4.28
2015-01-11,4.25
2015-01-12,4.22
2015-01-13,4.17
2015-01-14,4.09
2015-01-15,4.02
2015-01-16,3.99
2015-01-17,3.89
2015-01-18,3.92
2015-01-19,3.98
2015-01-20,3.98
2015-01-21,3.92
2015-01-22,3.94
2015-01-23,4.02
2015-01-24,4.18
2015-01-25,4.46
2015-01-26,5.04
2015-01-27,5.5
2015-01-28,5.62
2015-01-29,5.78
2015-01-30,6.16
2015-01-31,6.7
2015-02-01,6.82
2015-02-02,6.46
2015-02-03,5.52
2015-02-04,4.86
2015-02-05,4.9
2015-02-06,5.0
2015-02-07,4.77
2015-02-08,4.35
2015-02-09,3.81
2015-02-10,3.74
2015-02-11,3.82
2015-02-12,3.83
2015-02-13,4.2
2015-02-14,3.74
2015-02-15,3.74
2015-02-16,3.82
2015-02-17,3.84
2015-02-18,3.86
2015-02-19,3.67
2015-02-20,3.58
2015-02-21,3.55
2015-02-22,3.56
2015-02-23,3.52
2015-02-24,3.35
2015-02-25,3.4
2015-02-26,3.46
2015-02-27,3.56
2015-02-28,3.8
2015-03-01,4.52
2015-03-02,4.74
2015-03-03,5.38
2015-03-04,5.12
2015-03-05,4.64
2015-03-06,4.04
2015-03-07,3.8
2015-03-08,3.79
2015-03-09,3.8
2015-03-10,3.59
2015-03-11,3.6
2015-03-12,3.67
2015-03-13,3.86
2015-03-14,3.86
2015-03-15,3.84
2015-03-16,3.86
2015-03-17,4.1
2015-03-18,4.74
2015-03-19,5.22
2015-03-20,5.42
2015-03-21,5.46
2015-03-22,5.46
2015-03-23,5.47
2015-03-24,5.51
2015-03-25,5.5
2015-03-26,5.47
2015-03-27,6.0
2015-03-28,5.74
2015-03-29,5.58
2015-03-30,5.5
2015-03-31,4.97
2015-04-01,5.12
2015-04-02,5.35
2015-04-03,5.4
2015-04-04,5.56
2015-04-05,5.5
2015-04-06,5.47
2015-04-07,5.54
2015-04-08,5.62
2015-04-09,5.54
2015-04-10,5.48
2015-04-11,5.52
2015-04-12,5.44
2015-04-13,5.42
2015-04-14,5.4
2015-04-15,5.38
2015-04-16,5.36
2015-04-17,5.26
2015-04-18,4.86
2015-04-19,4.36
2015-04-20,3.96
2015-04-21,3.76
2015-04-22,3.69
2015-04-23,3.76
2015-04-24,3.8
2015-04-25,3.76
2015-04-26,3.77
2015-04-27,3.86
2015-04-28,4.18
2015-04-29,4.56
2015-04-30,4.62
2015-05-01,4.61
2015-05-02,4.6
2015-05-03,4.61
2015-05-04,4.71
2015-05-05,4.81
2015-05-06,4.86
2015-05-07,4.88
2015-05-08,4.83
2015-05-09,4.78
2015-05-10,4.76
2015-05-11,4.73
2015-05-12,4.69
2015-05-13,4.64
2015-05-14,4.6
2015-05-15,4.65
2015-05-16,4.8
2015-05-17,4.98
2015-05-18,5.2
2015-05-19,5.22
2015-05-20,5.22
2015-05-21,5.5
2015-05-22,5.08
2015-05-23,5.38
2015-05-24,5.36
2015-05-25,5.22
2015-05-26,5.08
2015-05-27,5.0
2015-05-28,4.96
2015-05-29,5.04
2015-05-30,5.28
2015-05-31,5.26
2015-06-01,5.46
2015-06-02,5.45
2015-06-03,5.42
2015-06-04,5.56
2015-06-05,5.77
2015-06-06,5.86
2015-06-07,6.11
2015-06-08,5.88
2015-06-09,5.5
2015-06-10,5.34
2015-06-11,5.18
2015-06-12,5.22
2015-06-13,5.5
2015-06-14,5.78
2015-06-15,5.82
2015-06-16,5.52
2015-06-17,5.16
2015-06-18,4.96
2015-06-19,5.04
2015-06-20,5.08
2015-06-21,5.1
2015-06-22,5.3
2015-06-23,5.33
2015-06-24,5.39
2015-06-25,5.68
2015-06-26,5.97
2015-06-27,5.86
2015-06-28,5.78
2015-06-29,5.98
2015-06-30,6.15
2015-07-01,6.18
2015-07-02,6.08
2015-07-03,5.94
2015-07-04,6.16
2015-07-05,6.08
2015-07-06,5.82
2015-07-07,6.13
2015-07-08,6.87
2015-07-09,7.56
2015-07-10,8.21
2015-07-11,8.2
2015-07-12,8.04
2015-07-13,7.72
2015-07-14,7.37
2015-07-15,7.13
2015-07-16,6.91
2015-07-17,6.8
2015-07-18,7.08
2015-07-19,7.3
2015-07-20,7.57
2015-07-21,7.57
2015-07-22,7.46
2015-07-23,7.33
2015-07-24,7.28
2015-07-25,7.42
2015-07-26,7.7
2015-07-27,8.16
2015-07-28,8.5
2015-07-29,8.42
2015-07-30,8.17
2015-07-31,8.12
2015-08-01,8.16
2015-08-02,8.1
2015-08-03,8.17
2015-08-04,8.15
2015-08-05,8.03
2015-08-06,8.06
2015-08-07,8.36
2015-08-08,8.65
2015-08-09,8.97
2015-08-10,9.35
2015-08-11,9.78
2015-08-12,10.02
2015-08-13,10.11
2015-08-14,11.04
2015-08-15,10.98
2015-08-16,12.36
2015-08-17,13.2
2015-08-18,12.48
2015-08-19,12.06
2015-08-20,12.3
2015-08-21,14.49
2015-08-22,13.92
2015-08-23,12.88
2015-08-24,12.7
2015-08-25,12.42
2015-08-26,12.02
2015-08-27,11.83
2015-08-28,11.53
2015-08-29,11.25
2015-08-30,11.02
2015-08-31,10.86
2015-09-01,10.78
2015-09-02,10.53
2015-09-03,10.26
2015-09-04,9.93
2015-09-05,9.69
2015-09-06,9.81
2015-09-07,10.6
2015-09-08,11.43
2015-09-09,11.2
2015-09-10,10.87
2015-09-11,10.73
2015-09-12,11.15
2015-09-13,12.35
2015-09-14,12.3
2015-09-15,11.77
2015-09-16,11.1
2015-09-17,10.8
2015-09-18,10.66
2015-09-19,10.61
2015-09-20,10.32
2015-09-21,10.36
2015-09-22,10.15
2015-09-23,9.86
2015-09-24,9.56
2015-09-25,9.28
2015-09-26,9.05
2015-09-27,9.02
2015-09-28,9.02
2015-09-29,8.84
2015-09-30,8.95
2015-10-01,8.8
2015-10-02,8.76
2015-10-03,8.9
2015-10-04,8.84
2015-10-05,8.66
2015-10-06,8.39
2015-10-07,8.52
2015-10-08,8.5
2015-10-09,8.32
2015-10-10,8.07
2015-10-11,8.06
2015-10-12,7.79
2015-10-13,8.32
2015-10-14,8.35
2015-10-15,8.08
2015-10-16,7.92
2015-10-17,7.96
2015-10-18,8.0
2015-10-19,7.82
2015-10-20,7.5
2015-10-21,7.2
2015-10-22,6.86
2015-10-23,6.28
2015-10-24,6.66
2015-10-25,6.9
2015-10-26,7.02
2015-10-27,7.16
2015-10-28,7.37
2015-10-29,7.22
2015-10-30,7.09
2015-10-31,7.06
2015-11-01,6.78
2015-11-02,6.76
2015-11-03,6.52
2015-11-04,6.18
2015-11-05,6.36
2015-11-06,6.4
2015-11-07,6.32
2015-11-08,6.2
2015-11-09,6.15
2015-11-10,5.99
2015-11-11,5.85
2015-11-12,5.58
2015-11-13,5.54
2015-11-14,5.42
2015-11-15,5.45
2015-11-16,5.56
2015-11-17,5.8
2015-11-18,6.21
2015-11-19,6.46
2015-11-20,6.22
2015-11-21,5.9
2015-11-22,5.82
2015-11-23,5.9
2015-11-24,5.82
2015-11-25,5.78
2015-11-26,5.7
2015-11-27,5.67
2015-11-28,5.49
2015-11-29,5.26
2015-11-30,5.92
2015-12-01,4.6
2015-12-02,4.63
2015-12-03,4.82
2015-12-04,4.88
2015-12-05,4.91
2015-12-06,5.1
2015-12-07,5.5
2015-12-08,5.57
2015-12-09,5.53
2015-12-10,5.37
2015-12-11,5.26
2015-12-12,5.05
2015-12-13,5.07
2015-12-14,4.96
2015-12-15,4.84
2015-12-16,4.86
2015-12-17,4.98
2015-12-18,5.02
2015-12-19,4.89
2015-12-20,4.7
2015-12-21,4.6
2015-12-22,4.58
2015-12-23,4.55
2015-12-24,4.6
2015-12-25,4.82
2015-12-26,5.1
2015-12-27,5.22
2015-12-28,5.28
2015-12-29,5.32
2015-12-30,5.35
2015-12-31,5.36
2016-01-01,6.25
2016-01-02,6.18
2016-01-03,6.12
2016-01-04,6.12
2016-01-05,6.04
2016-01-06,5.9
2016-01-07,5.92
2016-01-08,6.08
2016-01-09,6.23
2016-01-10,6.39
2016-01-11,6.46
2016-01-12,6.39
2016-01-13,6.14
2016-01-14,5.74
2016-01-15,5.56
2016-01-16,5.49
2016-01-17,5.6
2016-01-18,5.48
2016-01-19,5.3
2016-01-20,5.1
2016-01-21,4.86
2016-01-22,4.7
2016-01-23,4.62
2016-01-24,4.65
2016-01-25,4.84
2016-01-26,5.06
2016-01-27,5.16
2016-01-28,5.26
2016-01-29,5.22
2016-01-30,5.52
2016-01-31,5.08
2016-02-01,4.62
2016-02-02,4.38
2016-02-03,4.32
2016-02-04,4.32
2016-02-05,4.3
2016-02-06,4.3
2016-02-07,4.23
2016-02-08,4.18
2016-02-09,4.16
2016-02-10,4.26
2016-02-11,4.5
2016-02-12,4.78
2016-02-13,4.92
2016-02-14,4.94
2016-02-15,5.09
2016-02-16,5.02
2016-02-17,5.46
2016-02-18,5.75
2016-02-19,5.86
2016-02-20,5.86
2016-02-21,6.06
2016-02-22,6.32
2016-02-23,6.47
2016-02-24,6.52
2016-02-25,6.47
2016-02-26,5.98
2016-02-27,5.66
2016-02-28,5.8
2016-03-01,6.2
2016-03-02,6.39
2016-03-03,6.46
2016-03-04,6.46
2016-03-05,6.46
2016-03-06,6.46
2016-03-07,6.45
2016-03-08,6.46
2016-03-09,6.38
2016-03-10,6.14
2016-03-11,5.78
2016-03-12,5.62
2016-03-13,5.82
2016-03-14,6.16
2016-03-15,6.32
2016-03-16,6.32
2016-03-17,6.18
2016-03-18,6.12
2016-03-19,6.04
2016-03-20,6.0
2016-03-21,6.12
2016-03-22,6.15
2016-03-23,6.2
2016-03-24,6.12
2016-03-25,6.1
2016-03-26,6.12
2016-03-27,6.18
2016-03-28,6.14
2016-03-29,5.96
2016-03-30,5.74
2016-03-31,5.78
2016-04-01,6.1
2016-04-02,6.42
2016-04-03,6.54
2016-04-04,6.44
2016-04-05,6.35
2016-04-06,6.32
2016-04-07,6.34
2016-04-08,6.22
2016-04-09,6.15
2016-04-10,5.76
2016-04-11,5.38
2016-04-12,5.37
2016-04-13,5.82
2016-04-14,6.22
2016-04-15,6.35
2016-04-16,5.9
2016-04-17,5.24
2016-04-18,4.74
2016-04-19,4.64
2016-04-20,4.52
2016-04-21,4.38
2016-04-22,4.32
2016-04-23,4.38
2016-04-24,4.74
2016-04-25,5.66
2016-04-26,6.35
2016-04-27,6.6
2016-04-28,6.76
2016-04-29,6.72
2016-04-30,6.75
2016-05-01,6.65
2016-05-02,6.5
2016-05-03,6.39
2016-05-04,6.15
2016-05-05,5.62
2016-05-06,5.16
2016-05-07,4.79
2016-05-08,4.56
2016-05-09,4.98
2016-05-10,5.86
2016-05-11,6.31
2016-05-12,6.38
2016-05-13,6.38
2016-05-14,6.46
2016-05-15,6.52
2016-05-16,6.56
2016-05-17,7.02
2016-05-18,7.96
2016-05-19,8.97
2016-05-20,8.52
2016-05-21,8.4
2016-05-22,8.16
2016-05-23,8.02
2016-05-24,7.82
2016-05-25,7.62
2016-05-26,7.52
2016-05-27,7.45
2016-05-28,7.32
2016-05-29,6.96
2016-05-30,6.87
2016-05-31,6.98
2016-06-01,7.0
2016-06-02,7.02
2016-06-03,6.68
2016-06-04,6.1
2016-06-05,5.5
2016-06-06,5.1
2016-06-07,4.76
2016-06-08,4.7
2016-06-09,5.16
2016-06-10,6.18
2016-06-11,6.56
2016-06-12,6.75
2016-06-13,7.0
2016-06-14,6.94
2016-06-15,6.86
2016-06-16,6.92
2016-06-17,7.16
2016-06-18,7.15
2016-06-19,6.98
2016-06-20,6.62
2016-06-21,6.23
2016-06-22,6.06
2016-06-23,6.1
2016-06-24,5.92
2016-06-25,5.62
2016-06-26,5.32
2016-06-27,5.24
2016-06-28,5.51
2016-06-29,5.88
2016-06-30,6.32
2016-07-01,6.7
2016-07-02,6.28
2016-07-03,6.14
2016-07-04,6.18
2016-07-05,6.57
2016-07-06,6.78
2016-07-07,6.8
2016-07-08,6.76
2016-07-09,6.7
2016-07-10,6.66
2016-07-11,6.76
2016-07-12,6.8
2016-07-13,6.95
2016-07-14,7.6
2016-07-15,8.16
2016-07-16,8.66
2016-07-17,9.06
2016-07-18,9.52
2016-07-19,10.5
2016-07-20,10.15
2016-07-21,9.86
2016-07-22,9.46
2016-07-23,9.96
2016-07-24,10.34
2016-07-25,10.78
2016-07-26,11.12
2016-07-27,11.32
2016-07-28,11.6
2016-07-29,11.65
2016-07-30,11.14
2016-07-31,10.68
2016-08-01,10.14
2016-08-02,9.54
2016-08-03,8.98
2016-08-04,8.73
2016-08-05,8.7
2016-08-06,9.02
2016-08-07,9.44
2016-08-08,10.7
2016-08-09,10.76
2016-08-10,10.87
2016-08-11,10.79
2016-08-12,10.36
2016-08-13,10.16
2016-08-14,10.26
2016-08-15,10.24
2016-08-16,10.26
2016-08-17,10.44
2016-08-18,11.3
2016-08-19,11.74
2016-08-20,12.11
2016-08-21,12.21
2016-08-22,11.76
2016-08-23,11.22
2016-08-24,10.82
2016-08-25,10.42
2016-08-26,10.1
2016-08-27,10.0
2016-08-28,10.16
2016-08-29,10.38
2016-08-30,10.76
2016-08-31,11.2
2016-09-01,11.16
2016-09-02,11.1
2016-09-03,10.98
2016-09-04,10.78
2016-09-05,10.86
2016-09-06,11.02
2016-09-07,10.9
2016-09-08,10.8
2016-09-09,10.77
2016-09-10,10.67
2016-09-11,10.6
2016-09-12,10.66
2016-09-13,10.92
2016-09-14,11.16
2016-09-15,11.44
2016-09-16,11.72
2016-09-17,12.2
2016-09-18,12.16
2016-09-19,11.62
2016-09-20,11.2
2016-09-21,10.84
2016-09-22,10.78
2016-09-23,10.74
2016-09-24,10.34
2016-09-25,9.98
2016-09-26,9.58
2016-09-27,9.26
2016-09-28,9.13
2016-09-29,9.06
2016-09-30,9.38
2016-10-01,9.46
2016-10-02,9.5
2016-10-03,9.5
2016-10-04,9.48
2016-10-05,9.5
2016-10-06,9.67
2016-10-07,9.54
2016-10-08,9.28
2016-10-09,9.38
2016-10-10,9.1
2016-10-11,8.76
2016-10-12,8.78
2016-10-13,8.98
2016-10-14,9.02
2016-10-15,8.9
2016-10-16,8.58
2016-10-17,8.75
2016-10-18,9.78
2016-10-19,9.62
2016-10-20,9.56
2016-10-21,9.2
2016-10-22,8.86
2016-10-23,8.46
2016-10-24,8.76
2016-10-25,8.46
2016-10-26,8.28
2016-10-27,8.32
2016-10-28,8.38
2016-10-29,8.96
2016-10-30,9.64
2016-10-31,9.66
2016-11-01,7.02
2016-11-02,7.16
2016-11-03,7.04
2016-11-04,6.89
2016-11-05,6.64
2016-11-06,6.47
2016-11-07,6.62
2016-11-08,7.13
2016-11-09,8.14
2016-11-10,8.33
2016-11-11,8.22
2016-11-12,8.0
2016-11-13,8.62
2016-11-14,9.06
2016-11-15,8.97
2016-11-16,9.04
2016-11-17,8.9
2016-11-18,8.68
2016-11-19,8.36
2016-11-20,8.06
2016-11-21,7.7
2016-11-22,7.34
2016-11-23,7.04
2016-11-24,7.0
2016-11-25,6.92
2016-11-26,6.8
2016-11-27,6.8
2016-11-28,6.8
2016-11-29,6.62
2016-11-30,6.73
2016-12-01,6.88
2016-12-02,6.99
2016-12-03,6.77
2016-12-04,6.61
2016-12-05,6.62
2016-12-06,6.85
2016-12-07,7.04
2016-12-08,6.86
2016-12-09,6.32
2016-12-10,5.65
2016-12-11,5.25
2016-12-12,5.22
2016-12-13,5.12
2016-12-14,5.0
2016-12-15,4.79
2016-12-16,5.0
2016-12-17,5.38
2016-12-18,5.56
2016-12-19,5.6
2016-12-20,5.64
2016-12-21,5.7
2016-12-22,5.8
2016-12-23,5.98
2016-12-24,6.09
2016-12-25,6.04
2016-12-26,6.09
2016-12-27,6.08
2016-12-28,6.14
2016-12-29,6.3
2016-12-30,6.4
2016-12-31,6.36
2017-01-01,6.3
2017-01-02,6.36
2017-01-03,6.36
2017-01-04,6.35
2017-01-05,6.33
2017-01-06,6.36
2017-01-07,6.4
2017-01-08,6.49
2017-01-09,6.56
2017-01-10,6.78
2017-01-11,7.0
2017-01-12,6.82
2017-01-13,6.86
2017-01-14,6.67
2017-01-15,6.6
2017-01-16,6.35
2017-01-17,6.12
2017-01-18,6.06
2017-01-19,6.12
2017-01-20,6.14
2017-01-21,6.16
2017-01-22,6.21
2017-01-23,6.26
2017-01-24,6.13
2017-01-25,6.08
2017-01-26,6.02
2017-01-27,6.12
2017-01-28,6.16
2017-01-29,6.02
2017-01-30,5.84
2017-01-31,5.73
2017-02-01,5.7
2017-02-02,5.6
2017-02-03,5.34
2017-02-04,5.24
2017-02-05,5.23
2017-02-06,5.18
2017-02-07,5.24
2017-02-08,5.3
2017-02-09,5.33
2017-02-10,5.37
2017-02-11,5.38
2017-02-12,5.32
2017-02-13,5.26
2017-02-14,5.18
2017-02-15,5.1
2017-02-16,5.0
2017-02-17,4.88
2017-02-18,4.8
2017-02-19,4.7
2017-02-20,4.52
2017-02-21,4.35
2017-02-22,4.3
2017-02-23,4.26
2017-02-24,4.25
2017-02-25,4.32
2017-02-26,4.37
2017-02-27,4.36
2017-02-28,4.35
2017-03-01,4.46
2017-03-02,4.68
2017-03-03,5.04
2017-03-04,5.16
2017-03-05,5.22
2017-03-06,5.12
2017-03-07,5.06
2017-03-08,4.92
2017-03-09,4.8
2017-03-10,4.7
2017-03-11,4.59
2017-03-12,4.44
2017-03-13,4.3
2017-03-14,4.06
2017-03-15,3.98
2017-03-16,3.99
2017-03-17,4.02
2017-03-18,4.07
2017-03-19,4.12
2017-03-20,4.08
2017-03-21,4.06
2017-03-22,4.2
2017-03-23,4.52
2017-03-24,4.85
2017-03-25,5.06
2017-03-26,5.26
2017-03-27,5.35
2017-03-28,5.31
2017-03-29,5.36
2017-03-30,5.4
2017-03-31,5.2
2017-04-01,4.96
2017-04-02,4.86
2017-04-03,5.31
2017-04-04,6.02
2017-04-05,6.46
2017-04-06,6.6
2017-04-07,6.67
2017-04-08,6.72
2017-04-09,6.83
2017-04-10,6.7
2017-04-11,6.72
2017-04-12,6.65
2017-04-13,6.56
2017-04-14,6.4
2017-04-15,6.08
2017-04-16,5.58
2017-04-17,5.1
2017-04-18,4.72
2017-04-19,4.75
2017-04-20,4.85
2017-04-21,4.88
2017-04-22,4.95
2017-04-23,5.24
2017-04-24,5.96
2017-04-25,6.51
2017-04-26,6.78
2017-04-27,6.96
2017-04-28,6.86
2017-04-29,6.76
2017-04-30,6.8
2017-05-01,6.92
2017-05-02,7.02
2017-05-03,6.94
2017-05-04,6.98
2017-05-05,6.97
2017-05-06,7.02
2017-05-07,7.08
2017-05-08,7.28
2017-05-09,7.27
2017-05-10,7.48
2017-05-11,7.52
2017-05-12,7.4
2017-05-13,7.27
2017-05-14,7.28
2017-05-15,7.2
2017-05-16,7.06
2017-05-17,7.0
2017-05-18,7.0
2017-05-19,7.08
2017-05-20,7.08
2017-05-21,6.88
2017-05-22,7.02
2017-05-23,6.86
2017-05-24,6.9
2017-05-25,7.09
2017-05-26,6.91
2017-05-27,6.82
2017-05-28,7.01
2017-05-29,7.22
2017-05-30,7.4
2017-05-31,7.56
2017-06-01,7.7
2017-06-02,7.72
2017-06-03,7.78
2017-06-04,7.62
2017-06-05,7.31
2017-06-06,6.98
2017-06-07,7.2
2017-06-08,7.5
2017-06-09,7.62
2017-06-10,7.58
2017-06-11,7.64
2017-06-12,7.44
2017-06-13,7.22
2017-06-14,6.86
2017-06-15,6.42
2017-06-16,6.46
2017-06-17,6.48
2017-06-18,6.24
2017-06-19,6.3
2017-06-20,6.52
2017-06-21,6.56
2017-06-22,6.86
2017-06-23,7.37
2017-06-24,7.49
2017-06-25,7.42
2017-06-26,7.56
2017-06-27,7.74
2017-06-28,8.63
2017-06-29,10.1
2017-06-30,10.12
2017-07-01,10.28
2017-07-02,10.18
2017-07-03,9.78
2017-07-04,9.32
2017-07-05,9.06
2017-07-06,8.4
2017-07-07,8.0
2017-07-08,7.68
2017-07-09,7.27
2017-07-10,7.21
2017-07-11,7.21
2017-07-12,7.62
2017-07-13,8.46
2017-07-14,8.6
2017-07-15,8.5
2017-07-16,8.4
2017-07-17,8.34
2017-07-18,8.92
2017-07-19,9.1
2017-07-20,8.8
2017-07-21,9.23
2017-07-22,10.68
2017-07-23,12.83
2017-07-24,12.98
2017-07-25,11.74
2017-07-26,11.24
2017-07-27,11.32
2017-07-28,11.64
2017-07-29,11.82
2017-07-30,12.62
2017-07-31,13.4
2017-08-01,13.64
2017-08-02,14.08
2017-08-03,13.66
2017-08-04,13.08
2017-08-05,12.6
2017-08-06,12.06
2017-08-07,11.9
2017-08-08,12.16
2017-08-09,12.44
2017-08-10,12.4
2017-08-11,12.28
2017-08-12,11.77
2017-08-13,11.5
2017-08-14,11.54
2017-08-15,11.76
2017-08-16,12.32
2017-08-17,12.73
2017-08-18,13.74
2017-08-19,15.0
2017-08-20,14.8
2017-08-21,14.28
2017-08-22,13.7
2017-08-23,13.2
2017-08-24,12.76
2017-08-25,13.14
2017-08-26,13.37
2017-08-27,13.5
2017-08-28,13.27
2017-08-29,12.74
2017-08-30,12.43
2017-08-31,13.72
2017-09-01,13.96
2017-09-02,14.96
2017-09-03,14.57
2017-09-04,14.15
2017-09-05,14.3
2017-09-06,14.2
2017-09-07,14.18
2017-09-08,14.1
2017-09-09,13.46
2017-09-10,12.9
2017-09-11,12.5
2017-09-12,12.1
2017-09-13,11.66
2017-09-14,11.76
2017-09-15,12.12
2017-09-16,10.98
2017-09-17,11.64
2017-09-18,11.32
2017-09-19,11.33
2017-09-20,11.83
2017-09-21,11.37
2017-09-22,11.1
2017-09-23,10.56
2017-09-24,10.32
2017-09-25,10.96
2017-09-26,10.16
2017-09-27,9.75
2017-09-28,9.54
2017-09-29,9.42
2017-09-30,9.45
2017-10-01,9.66
2017-10-02,9.68
2017-10-03,9.44
2017-10-04,9.26
2017-10-05,9.26
2017-10-06,9.08
2017-10-07,8.75
2017-10-08,8.55
2017-10-09,8.46
2017-10-10,8.4
2017-10-11,8.37
2017-10-12,8.36
2017-10-13,8.54
2017-10-14,8.98
2017-10-15,9.32
2017-10-16,9.28
2017-10-17,9.06
2017-10-18,9.04
2017-10-19,8.96
2017-10-20,8.86
2017-10-21,8.8
2017-10-22,8.72
2017-10-23,8.62
2017-10-24,8.6
2017-10-25,8.54
2017-10-26,8.56
2017-10-27,8.5
2017-10-28,8.71
2017-10-29,8.84
2017-10-30,8.81
2017-10-31,8.82
2017-11-01,9.5
2017-11-02,9.44
2017-11-03,9.3
2017-11-04,9.08
2017-11-05,8.7
2017-11-06,8.12
2017-11-07,7.84
2017-11-08,7.78
2017-11-09,7.88
2017-11-10,7.87
2017-11-11,7.86
2017-11-12,7.8
2017-11-13,7.75
2017-11-14,7.78
2017-11-15,7.76
2017-11-16,7.72
2017-11-17,7.64
2017-11-18,7.63
2017-11-19,7.46
2017-11-20,7.45
2017-11-21,7.34
2017-11-22,7.29
2017-11-23,7.38
2017-11-24,7.42
2017-11-25,7.26
2017-11-26,7.25
2017-11-27,7.27
2017-11-28,7.8
2017-11-29,8.51
2017-11-30,8.78
2017-12-01,8.62
2017-12-02,8.26
2017-12-03,7.98
2017-12-04,7.78
2017-12-05,7.58
2017-12-06,7.5
2017-12-07,7.29
2017-12-08,7.26
2017-12-09,7.22
2017-12-10,7.2
2017-12-11,7.26
2017-12-12,7.36
2017-12-13,7.48
2017-12-14,7.4
2017-12-15,7.2
2017-12-16,7.02
2017-12-17,6.76
2017-12-18,6.64
2017-12-19,6.58
2017-12-20,6.46
2017-12-21,6.41
2017-12-22,6.34
2017-12-23,6.26
2017-12-24,6.25
2017-12-25,6.23
2017-12-26,6.26
2017-12-27,6.28
2017-12-28,6.32
2017-12-29,6.35
2017-12-30,6.32
2017-12-31,6.25
2018-01-01,5.14
2018-01-02,5.12
2018-01-03,5.4
2018-01-04,5.68
2018-01-05,6.18
2018-01-06,6.34
2018-01-07,6.14
2018-01-08,5.98
2018-01-09,5.97
2018-01-10,6.31
2018-01-11,7.56
2018-01-12,8.28
2018-01-13,8.68
2018-01-14,8.68
2018-01-15,8.24
2018-01-16,7.64
2018-01-17,7.06
2018-01-18,6.72
2018-01-19,6.36
2018-01-20,6.04
2018-01-21,5.86
2018-01-22,5.54
2018-01-23,5.44
2018-01-24,5.4
2018-01-25,5.3
2018-01-26,5.2
2018-01-27,5.1
2018-01-28,4.97
2018-01-29,4.96
2018-01-30,4.95
2018-01-31,4.94
2018-02-01,5.12
2018-02-02,5.39
2018-02-03,5.4
2018-02-04,5.5
2018-02-05,5.72
2018-02-06,5.92
2018-02-07,5.84
2018-02-08,5.48
2018-02-09,5.04
2018-02-10,4.74
2018-02-11,4.71
2018-02-12,4.69
2018-02-13,4.55
2018-02-14,4.53
2018-02-15,4.58
2018-02-16,4.6
2018-02-17,4.58
2018-02-18,4.96
2018-02-19,5.56
2018-02-20,6.06
2018-02-21,6.58
2018-02-22,6.68
2018-02-23,6.68
2018-02-24,6.52
2018-02-25,6.51
2018-02-26,6.54
2018-02-27,6.56
2018-02-28,6.38
2018-03-01,6.42
2018-03-02,6.42
2018-03-03,6.5
2018-03-04,6.46
2018-03-05,6.34
2018-03-06,6.3
2018-03-07,6.14
2018-03-08,6.17
2018-03-09,6.18
2018-03-10,6.2
2018-03-11,6.3
2018-03-12,6.42
2018-03-13,6.42
2018-03-14,6.53
2018-03-15,6.48
2018-03-16,6.54
2018-03-17,6.44
2018-03-18,6.42
2018-03-19,6.42
2018-03-20,6.4
2018-03-21,6.38
2018-03-22,6.4
2018-03-23,6.37
2018-03-24,6.32
2018-03-25,6.26
2018-03-26,6.3
2018-03-27,6.34
2018-03-28,6.26
2018-03-29,6.24
2018-03-30,6.1
2018-03-31,6.3
2018-04-01,6.32
2018-04-02,6.69
2018-04-03,6.92
2018-04-04,6.86
2018-04-05,6.82
2018-04-06,6.82
2018-04-07,6.98
2018-04-08,7.06
2018-04-09,6.96
2018-04-10,6.97
2018-04-11,6.65
2018-04-12,6.56
2018-04-13,6.5
2018-04-14,6.49
2018-04-15,6.4
2018-04-16,6.52
2018-04-17,6.05
2018-04-18,5.64
2018-04-19,5.42
2018-04-20,5.18
2018-04-21,5.02
2018-04-22,5.08
2018-04-23,5.06
2018-04-24,5.26
2018-04-25,5.86
2018-04-26,6.3
2018-04-27,6.7
2018-04-28,6.74
2018-04-29,6.67
2018-04-30,6.56
2018-05-01,6.54
2018-05-02,6.54
2018-05-03,6.72
2018-05-04,6.65
2018-05-05,6.64
2018-05-06,6.58
2018-05-07,6.26
2018-05-08,6.09
2018-05-09,5.98
2018-05-10,5.85
2018-05-11,5.72
2018-05-12,5.88
2018-05-13,6.08
2018-05-14,6.22
2018-05-15,6.33
2018-05-16,6.4
2018-05-17,6.42
2018-05-18,6.32
2018-05-19,6.28
2018-05-20,6.38
2018-05-21,6.35
2018-05-22,6.48
2018-05-23,6.66
2018-05-24,6.78
2018-05-25,6.74
2018-05-26,6.8
2018-05-27,6.76
2018-05-28,6.68
2018-05-29,6.65
2018-05-30,6.78
2018-05-31,6.82
2018-06-01,6.96
2018-06-02,6.96
2018-06-03,7.05
2018-06-04,7.16
2018-06-05,7.34
2018-06-06,7.34
2018-06-07,7.36
2018-06-08,7.33
2018-06-09,7.27
2018-06-10,7.24
2018-06-11,7.2
2018-06-12,7.06
2018-06-13,6.82
2018-06-14,6.66
2018-06-15,6.47
2018-06-16,6.24
2018-06-17,6.08
2018-06-18,5.98
2018-06-19,6.08
2018-06-20,5.98
2018-06-21,5.83
2018-06-22,5.7
2018-06-23,5.44
2018-06-24,5.48
2018-06-25,5.54
2018-06-26,5.22
2018-06-27,5.12
2018-06-28,5.36
2018-06-29,5.0
2018-06-30,4.93
2018-07-01,4.86
2018-07-02,4.74
2018-07-03,4.94
2018-07-04,4.77
2018-07-05,4.79
2018-07-06,4.87
2018-07-07,5.07
2018-07-08,5.42
2018-07-09,5.47
2018-07-10,5.37
2018-07-11,5.12
2018-07-12,4.9
2018-07-13,4.8
2018-07-14,4.44
2018-07-15,3.91
2018-07-16,3.68
2018-07-17,3.7
2018-07-18,3.69
2018-07-19,4.04
2018-07-20,4.28
2018-07-21,4.41
2018-07-22,4.39
2018-07-23,4.38
2018-07-24,4.36
2018-07-25,4.27
2018-07-26,4.28
2018-07-27,4.7
2018-07-28,5.23
2018-07-29,5.69
2018-07-30,6.3
2018-07-31,6.54
2018-08-01,6.9
2018-08-02,7.3
2018-08-03,6.9
2018-08-04,6.7
2018-08-05,7.0
2018-08-06,9.35
2018-08-07,8.74
2018-08-08,7.7
2018-08-09,6.99
2018-08-10,7.22
2018-08-11,7.38
2018-08-12,7.44
2018-08-13,7.45
2018-08-14,7.16
2018-08-15,7.32
2018-08-16,7.34
2018-08-17,7.13
2018-08-18,7.78
2018-08-19,8.35
2018-08-20,8.14
2018-08-21,7.54
2018-08-22,7.36
2018-08-23,7.6
2018-08-24,7.46
2018-08-25,8.05
2018-08-26,7.88
2018-08-27,7.76
2018-08-28,7.92
2018-08-29,8.06
2018-08-30,7.9
2018-08-31,7.56
2018-09-01,7.55
2018-09-02,7.6
2018-09-03,7.26
2018-09-04,7.27
2018-09-05,7.14
2018-09-06,7.24
2018-09-07,7.28
2018-09-08,7.22
2018-09-09,6.72
2018-09-10,6.48
2018-09-11,6.32
2018-09-12,6.23
2018-09-13,6.24
2018-09-14,6.27
2018-09-15,6.56
2018-09-16,6.83
2018-09-17,6.74
2018-09-18,6.66
2018-09-19,6.88
2018-09-20,6.48
2018-09-21,6.06
2018-09-22,6.08
2018-09-23,6.01
2018-09-24,5.71
2018-09-25,5.52
2018-09-26,5.51
2018-09-27,5.36
2018-09-28,5.32
2018-09-29,5.54
2018-09-30,5.62
2018-10-01,5.4
2018-10-02,5.36
2018-10-03,5.3
2018-10-04,5.26
2018-10-05,5.23
2018-10-06,5.2
2018-10-07,5.08
2018-10-08,4.91
2018-10-09,4.66
2018-10-10,4.39
2018-10-11,4.19
2018-10-12,4.16
2018-10-13,4.16
2018-10-14,4.32
2018-10-15,4.56
2018-10-16,4.72
2018-10-17,4.68
2018-10-18,4.8
2018-10-19,5.0
2018-10-20,5.82
2018-10-21,5.38
2018-10-22,4.4
2018-10-23,5.42
2018-10-24,4.66
2018-10-25,4.16
2018-10-26,4.08
2018-10-27,4.06
2018-10-28,4.06
2018-10-29,4.12
2018-10-30,4.56
2018-10-31,4.7
2018-11-01,8.62
2018-11-02,8.56
2018-11-03,8.34
2018-11-04,8.4
2018-11-05,8.56
2018-11-06,8.62
2018-11-07,8.6
2018-11-08,8.32
2018-11-09,8.09
2018-11-10,7.9
2018-11-11,7.68
2018-11-12,7.62
2018-11-13,7.32
2018-11-14,7.14
2018-11-15,7.06
2018-11-16,6.85
2018-11-17,6.76
2018-11-18,6.78
2018-11-19,6.68
2018-11-20,6.54
2018-11-21,6.53
2018-11-22,6.52
2018-11-23,6.57
2018-11-24,6.74
2018-11-25,6.98
2018-11-26,6.8
2018-11-27,6.78
2018-11-28,6.68
2018-11-29,6.62
2018-11-30,6.42
2018-12-01,6.02
2018-12-02,5.76
2018-12-03,5.57
2018-12-04,5.62
2018-12-05,5.7
2018-12-06,5.61
2018-12-07,5.68
2018-12-08,5.62
2018-12-09,5.57
2018-12-10,5.67
2018-12-11,5.56
2018-12-12,5.52
2018-12-13,5.47
2018-12-14,5.57
2018-12-15,5.7
2018-12-16,5.68
2018-12-17,5.76
2018-12-18,5.74
2018-12-19,5.68
2018-12-20,5.65
2018-12-21,5.75
2018-12-22,5.98
2018-12-23,6.22
2018-12-24,6.22
2018-12-25,6.04
2018-12-26,5.95
2018-12-27,5.82
2018-12-28,5.62
2018-12-29,5.44
2018-12-30,5.36
2018-12-31,5.3
2019-01-01,4.2
2019-01-02,4.06
2019-01-03,4.16
2019-01-04,4.6
2019-01-05,4.76
2019-01-06,4.62
2019-01-07,4.7
2019-01-08,4.95
2019-01-09,4.9
2019-01-10,4.4
2019-01-11,3.78
2019-01-12,3.6
2019-01-13,3.53
2019-01-14,3.47
2019-01-15,3.57
2019-01-16,3.62
2019-01-17,3.57
2019-01-18,3.5
2019-01-19,3.47
2019-01-20,3.42
2019-01-21,3.4
2019-01-22,3.45
2019-01-23,3.5
2019-01-24,3.49
2019-01-25,3.48
2019-01-26,3.42
2019-01-27,3.42
2019-01-28,3.43
2019-01-29,3.52
2019-01-30,3.42
2019-01-31,3.31
2019-02-01,0.0
2019-02-02,3.35
2019-02-03,3.33
2019-02-04,3.31
2019-02-05,3.41
2019-02-06,3.34
2019-02-07,3.32
2019-02-08,3.33
2019-02-09,3.32
2019-02-10,3.31
2019-02-11,3.3
2019-02-12,3.36
2019-02-13,3.32
2019-02-14,3.28
2019-02-15,3.26
2019-02-16,3.27
2019-02-17,3.2
2019-02-18,3.1
2019-02-19,3.14
2019-02-20,3.12
2019-02-21,3.12
2019-02-22,3.15
2019-02-23,3.16
2019-02-24,3.16
2019-02-25,3.14
2019-02-26,3.15
2019-02-27,3.15
2019-02-28,3.04
2019-03-01,3.02
2019-03-02,3.04
2019-03-03,3.06
2019-03-04,2.91
2019-03-05,2.92
2019-03-06,2.92
2019-03-07,2.92
2019-03-08,2.98
2019-03-09,3.0
2019-03-10,2.97
2019-03-11,2.94
2019-03-12,2.94
2019-03-13,2.92
2019-03-14,2.9
2019-03-15,2.87
2019-03-16,2.86
2019-03-17,2.86
2019-03-18,2.87
2019-03-19,2.88
2019-03-20,2.91
2019-03-21,2.97
2019-03-22,3.0
2019-03-23,3.34
2019-03-24,3.32
2019-03-25,3.3
2019-03-26,3.3
2019-03-27,3.27
2019-03-28,3.27
2019-03-29,3.37
2019-03-30,3.41
2019-03-31,3.51
2019-04-01,3.72
2019-04-02,4.06
2019-04-03,4.36
2019-04-04,4.63
2019-04-05,4.62
2019-04-06,4.3
2019-04-07,4.03
2019-04-08,3.86
2019-04-09,3.99
2019-04-10,3.97
2019-04-11,3.76
2019-04-12,3.62
2019-04-13,3.62
2019-04-14,3.59
2019-04-15,3.46
2019-04-16,3.55
2019-04-17,3.76
2019-04-18,3.88
2019-04-19,3.96
2019-04-20,3.95
2019-04-21,3.72
2019-04-22,3.76
2019-04-23,3.86
2019-04-24,3.8
2019-04-25,3.74
2019-04-26,3.94
2019-04-27,4.4
2019-04-28,4.54
2019-04-29,4.32
2019-04-30,4.48
2019-05-01,4.64
2019-05-02,4.48
2019-05-03,4.58
2019-05-04,4.74
2019-05-05,0.0
2019-05-06,4.95
2019-05-07,4.98
2019-05-08,4.52
2019-05-09,4.23
2019-05-10,4.04
2019-05-11,3.94
2019-05-12,3.98
2019-05-13,3.97
2019-05-14,3.9
2019-05-15,3.88
2019-05-16,3.86
2019-05-17,3.89
2019-05-18,4.18
2019-05-19,4.28
2019-05-20,4.18
2019-05-21,3.98
2019-05-22,3.82
2019-05-23,3.78
2019-05-24,3.76
2019-05-25,3.92
2019-05-26,3.92
2019-05-27,3.84
2019-05-28,3.76
2019-05-29,3.75
2019-05-30,3.78
2019-05-31,3.7
2019-06-01,3.74
2019-06-02,3.76
2019-06-03,3.76
2019-06-04,3.96
2019-06-05,4.32
2019-06-06,4.4
2019-06-07,4.4
2019-06-08,4.36
2019-06-09,4.18
2019-06-10,4.38
2019-06-11,4.56
2019-06-12,4.67
2019-06-13,4.7
2019-06-14,4.5
2019-06-15,4.48
2019-06-16,5.24
2019-06-17,5.66
2019-06-18,5.5
2019-06-19,5.34
2019-06-20,6.0
2019-06-21,6.3
2019-06-22,6.38
2019-06-23,6.1
2019-06-24,6.0
2019-06-25,5.7
2019-06-26,5.5
2019-06-27,5.46
2019-06-28,5.48
2019-06-29,5.6
2019-06-30,5.59
2019-07-01,5.7
2019-07-02,5.62
2019-07-03,5.62
2019-07-04,5.62
2019-07-05,5.65
2019-07-06,5.64
2019-07-07,5.26
2019-07-08,5.36
2019-07-09,5.56
2019-07-10,5.54
2019-07-11,5.62
2019-07-12,5.7
2019-07-13,5.57
2019-07-14,5.55
2019-07-15,6.18
2019-07-16,6.77
2019-07-17,6.6
2019-07-18,6.38
2019-07-19,6.56
2019-07-20,6.63
2019-07-21,6.45
2019-07-22,6.43
2019-07-23,6.52
2019-07-24,6.63
2019-07-25,6.72
2019-07-26,6.68
2019-07-27,6.68
2019-07-28,6.32
2019-07-29,6.12
2019-07-30,6.04
2019-07-31,6.0
2019-08-01,6.16
2019-08-02,6.4
2019-08-03,7.1
2019-08-04,8.8
2019-08-05,8.82
2019-08-06,7.78
2019-08-07,7.62
2019-08-08,7.52
2019-08-09,7.6
2019-08-10,8.02
2019-08-11,8.1
2019-08-12,8.04
2019-08-13,8.5
2019-08-14,8.56
2019-08-15,8.65
2019-08-16,8.68
2019-08-17,9.06
2019-08-18,9.32
2019-08-19,9.7
2019-08-20,10.2
2019-08-21,10.56
2019-08-22,11.23
2019-08-23,10.7
2019-08-24,10.56
2019-08-25,10.62
2019-08-26,10.36
2019-08-27,9.78
2019-08-28,9.12
2019-08-29,8.76
2019-08-30,8.78
2019-08-31,8.5
2019-09-01,8.06
2019-09-02,7.9
2019-09-03,7.83
2019-09-04,7.82
2019-09-05,7.82
2019-09-06,7.78
2019-09-07,7.56
2019-09-08,7.08
2019-09-09,7.23
2019-09-10,7.3
2019-09-11,7.14
2019-09-12,7.46
2019-09-13,7.66
2019-09-14,7.92
2019-09-15,7.98
2019-09-16,7.88
2019-09-17,7.8
2019-09-18,7.7
2019-09-19,7.76
2019-09-20,7.94
2019-09-21,8.5
2019-09-22,8.9
2019-09-23,8.36
2019-09-24,8.1
2019-09-25,8.24
2019-09-26,8.76
2019-09-27,8.36
2019-09-28,8.23
2019-09-29,8.36
2019-09-30,8.52
2019-10-01,8.51
2019-10-02,8.24
2019-10-03,7.96
2019-10-04,8.0
2019-10-05,7.86
2019-10-06,7.68
2019-10-07,7.48
2019-10-08,7.35
2019-10-09,7.38
2019-10-10,7.43
2019-10-11,7.42
2019-10-12,7.06
2019-10-13,6.63
2019-10-14,6.8
2019-10-15,6.56
2019-10-16,6.36
2019-10-17,6.41
2019-10-18,6.42
2019-10-19,6.16
2019-10-20,5.78
2019-10-21,5.96
2019-10-22,6.0
2019-10-23,5.98
2019-10-24,5.92
2019-10-25,6.07
2019-10-26,6.18
2019-10-27,6.12
2019-10-28,5.72
2019-10-29,5.58
2019-10-30,5.6
2019-10-31,6.0
2019-11-01,4.52
2019-11-02,4.32
2019-11-03,4.02
2019-11-04,3.94
2019-11-05,3.97
2019-11-06,3.98
2019-11-07,3.97
2019-11-08,0.0
2019-11-09,0.0
2019-11-10,0.0
2019-11-11,4.02
2019-11-12,4.0
2019-11-13,4.06
2019-11-14,4.06
2019-11-15,4.03
2019-11-16,3.99
2019-11-17,3.94
2019-11-18,3.88
2019-11-19,3.86
2019-11-20,3.94
2019-11-21,3.88
2019-11-22,3.83
2019-11-23,3.82
2019-11-24,3.94
2019-11-25,4.12
2019-11-26,4.14
2019-11-27,4.08
2019-11-28,4.29
2019-11-29,4.37
2019-11-30,4.32
2019-12-01,4.18
2019-12-02,4.34
2019-12-03,4.17
2019-12-04,4.24
2019-12-05,4.42
2019-12-06,4.37
2019-12-07,4.27
2019-12-08,4.18
2019-12-09,4.42
2019-12-10,4.25
2019-12-11,4.18
2019-12-12,4.16
2019-12-13,4.12
2019-12-14,4.33
2019-12-15,4.7
2019-12-16,4.8
2019-12-17,4.9
2019-12-18,5.02
2019-12-19,5.1
2019-12-20,5.3
2019-12-21,5.12
2019-12-22,4.72
2019-12-23,4.68
2019-12-24,4.35
2019-12-25,4.34
2019-12-26,4.4
2019-12-27,4.38
2019-12-28,4.3
2019-12-29,4.28
2019-12-30,4.37
2019-12-31,4.38
2020-01-01,5.2
2020-01-02,4.62
2020-01-03,4.4
2020-01-04,4.6
2020-01-05,4.93
2020-01-06,5.2
2020-01-07,4.92
2020-01-08,4.52
2020-01-09,4.15
2020-01-10,3.85
2020-01-11,3.76
2020-01-12,3.71
2020-01-13,3.72
2020-01-14,3.78
2020-01-15,3.83
2020-01-16,3.9
2020-01-17,4.02
2020-01-18,4.34
2020-01-19,4.3
2020-01-20,4.4
2020-01-21,4.6
2020-01-22,4.56
2020-01-23,4.32
2020-01-24,4.1
2020-01-25,4.03
2020-01-26,3.98
2020-01-27,3.97
2020-01-28,3.95
2020-01-29,3.87
2020-01-30,3.8
2020-01-31,3.78
2020-02-01,3.87
2020-02-02,3.86
2020-02-03,3.95
2020-02-04,3.94
2020-02-05,3.92
2020-02-06,3.88
2020-02-07,3.7
2020-02-08,3.62
2020-02-09,3.96
2020-02-10,3.53
2020-02-11,3.62
2020-02-12,3.67
2020-02-13,3.92
2020-02-14,4.35
2020-02-15,4.52
2020-02-16,4.26
2020-02-17,4.02
2020-02-18,4.0
2020-02-19,3.82
2020-02-20,3.65
2020-02-21,3.6
2020-02-22,3.74
2020-02-23,3.65
2020-02-24,3.54
2020-02-25,3.5
2020-02-26,3.59
2020-02-27,3.72
2020-02-28,3.94
2020-03-01,4.06
2020-03-02,3.98
2020-03-03,3.96
2020-03-04,3.97
2020-03-05,3.86
2020-03-06,3.84
2020-03-07,3.88
2020-03-08,3.89
2020-03-09,3.92
2020-03-10,3.93
2020-03-11,3.94
2020-03-12,3.96
2020-03-13,4.08
2020-03-14,4.23
2020-03-15,4.2
2020-03-16,4.05
2020-03-17,4.02
2020-03-18,4.1
2020-03-19,4.2
2020-03-20,4.13
2020-03-21,4.06
2020-03-22,4.0
2020-03-23,3.7
2020-03-24,3.68
2020-03-25,3.78
2020-03-26,3.92
2020-03-27,4.12
2020-03-28,4.24
2020-03-29,4.35
2020-03-30,4.5
2020-03-31,4.58
2020-04-01,4.72
2020-04-02,4.72
2020-04-03,4.66
2020-04-04,4.72
2020-04-05,4.73
2020-04-06,4.9
2020-04-07,5.32
2020-04-08,5.23
2020-04-09,5.1
2020-04-10,5.02
2020-04-11,5.06
2020-04-12,5.18
2020-04-13,5.18
2020-04-14,5.31
2020-04-15,5.66
2020-04-16,5.82
2020-04-17,5.7
2020-04-18,5.54
2020-04-19,5.49
2020-04-20,5.53
2020-04-21,5.76
2020-04-22,5.86
2020-04-23,5.87
2020-04-24,5.84
2020-04-25,5.89
2020-04-26,5.9
2020-04-27,5.83
2020-04-28,5.82
2020-04-29,5.88
2020-04-30,5.88
2020-05-01,5.92
2020-05-02,6.02
2020-05-03,6.08
2020-05-04,6.07
2020-05-05,6.26
2020-05-06,6.34
2020-05-07,6.32
2020-05-08,6.26
2020-05-09,6.2
2020-05-10,6.12
2020-05-11,6.18
2020-05-12,6.3
2020-05-13,6.32
2020-05-14,6.32
2020-05-15,6.38
2020-05-16,6.52
2020-05-17,6.51
2020-05-18,6.28
2020-05-19,6.59
2020-05-20,6.68
2020-05-21,6.72
2020-05-22,6.6
2020-05-23,6.42
2020-05-24,6.38
2020-05-25,6.6
2020-05-26,6.64
2020-05-27,6.54
2020-05-28,6.28
2020-05-29,6.16
2020-05-30,6.46
2020-05-31,6.6
2020-06-01,6.43
2020-06-02,6.36
2020-06-03,6.34
2020-06-04,6.2
2020-06-05,5.91
2020-06-06,5.84
2020-06-07,5.72
2020-06-08,5.62
2020-06-09,5.67
2020-06-10,5.7
2020-06-11,6.0
2020-06-12,6.35
2020-06-13,6.7
2020-06-14,7.15
2020-06-15,9.35
2020-06-16,9.23
2020-06-17,8.91
2020-06-18,8.95
2020-06-19,8.57
2020-06-20,8.3
2020-06-21,8.0
2020-06-22,7.82
2020-06-23,7.5
2020-06-24,7.25
2020-06-25,7.28
2020-06-26,7.37
2020-06-27,7.12
2020-06-28,7.08
2020-06-29,6.86
2020-06-30,6.87
2020-07-01,6.86
2020-07-02,6.83
2020-07-03,6.79
2020-07-04,6.69
2020-07-05,6.65
2020-07-06,6.74
2020-07-07,6.91
2020-07-08,6.67
2020-07-09,6.45
2020-07-10,6.6
2020-07-11,6.63
2020-07-12,6.88
2020-07-13,6.69
2020-07-14,6.44
2020-07-15,6.3
2020-07-16,6.44
2020-07-17,6.36
2020-07-18,6.13
2020-07-19,5.8
2020-07-20,5.61
2020-07-21,6.02
2020-07-22,6.3
2020-07-23,6.84
2020-07-24,8.37
2020-07-25,10.1
2020-07-26,10.5
2020-07-27,10.5
2020-07-28,9.98
2020-07-29,9.49
2020-07-30,9.08
2020-07-31,9.17
2020-08-01,9.19
2020-08-02,8.58
2020-08-03,8.3
2020-08-04,9.2
2020-08-05,9.08
2020-08-06,8.38
2020-08-07,8.0
2020-08-08,7.98
2020-08-09,7.87
2020-08-10,7.69
2020-08-11,7.39
2020-08-12,7.2
2020-08-13,7.83
2020-08-14,7.72
2020-08-15,7.71
2020-08-16,7.64
2020-08-17,7.87
2020-08-18,8.78
2020-08-19,8.84
2020-08-20,8.83
2020-08-21,9.16
2020-08-22,9.49
2020-08-23,9.3
2020-08-24,9.04
2020-08-25,8.92
2020-08-26,8.73
2020-08-27,8.46
2020-08-28,8.26
2020-08-29,8.24
2020-08-30,8.29
2020-08-31,8.34
2020-09-01,8.52
2020-09-02,8.26
2020-09-03,8.12
2020-09-04,8.02
2020-09-05,8.16
2020-09-06,7.91
2020-09-07,8.1
2020-09-08,8.18
2020-09-09,8.08
2020-09-10,8.58
2020-09-11,9.16
2020-09-12,8.79
2020-09-13,8.3
2020-09-14,7.82
2020-09-15,8.0
2020-09-16,8.4
2020-09-17,8.64
2020-09-18,8.52
2020-09-19,7.98
2020-09-20,7.8
2020-09-21,7.45
2020-09-22,7.65
2020-09-23,7.82
2020-09-24,8.02
2020-09-25,8.08
2020-09-26,8.23
2020-09-27,8.28
2020-09-28,8.38
2020-09-29,8.12
2020-09-30,7.7
2020-10-01,7.32
2020-10-02,7.0
2020-10-03,6.87
2020-10-04,6.62
2020-10-05,6.47
2020-10-06,6.55
2020-10-07,6.45
2020-10-08,6.5
2020-10-09,6.48
2020-10-10,6.47
2020-10-11,6.46
2020-10-12,6.38
2020-10-13,6.89
2020-10-14,6.65
2020-10-15,6.35
2020-10-16,6.44
2020-10-17,6.62
2020-10-18,6.8
2020-10-19,6.5
2020-10-20,6.16
2020-10-21,5.97
2020-10-22,6.02
2020-10-23,6.35
2020-10-24,6.46
2020-10-25,6.42
2020-10-26,6.42
2020-10-27,6.49
2020-10-28,6.6
2020-10-29,6.6
2020-10-30,6.55
2020-10-31,6.5
2020-11-01,6.12
2020-11-02,5.91
2020-11-03,5.5
2020-11-04,5.4
2020-11-05,5.36
2020-11-06,5.37
2020-11-07,5.44
2020-11-08,5.66
2020-11-09,5.9
2020-11-10,5.95
2020-11-11,6.0
2020-11-12,5.82
2020-11-13,5.56
2020-11-14,5.16
2020-11-15,5.2
2020-11-16,5.42
2020-11-17,5.52
2020-11-18,5.76
2020-11-19,5.72
2020-11-20,5.42
2020-11-21,5.28
2020-11-22,5.2
2020-11-23,5.16
2020-11-24,4.86
2020-11-25,4.86
2020-11-26,4.75
2020-11-27,4.6
2020-11-28,4.51
2020-11-29,4.72
2020-11-30,4.86
2020-12-01,4.74
2020-12-02,4.48
2020-12-03,4.62
2020-12-04,4.7
2020-12-05,4.78
2020-12-06,4.62
2020-12-07,4.46
2020-12-08,4.36
2020-12-09,4.35
2020-12-10,4.47
2020-12-11,4.49
2020-12-12,4.48
2020-12-13,4.68
2020-12-14,5.0
2020-12-15,4.88
2020-12-16,4.92
2020-12-17,4.85
2020-12-18,4.72
2020-12-19,4.9
2020-12-20,5.17
2020-12-21,5.24
2020-12-22,5.16
2020-12-23,5.3
2020-12-24,5.38
2020-12-25,5.42
2020-12-26,5.58
2020-12-27,5.75
2020-12-28,5.82
2020-12-29,5.32
2020-12-30,5.39
2020-12-31,5.42
2021-01-01,4.1
2021-01-02,4.16
2021-01-03,4.11
2021-01-04,4.12
2021-01-05,4.04
2021-01-06,3.94
2021-01-07,3.87
2021-01-08,3.83
2021-01-09,3.83
2021-01-10,3.86
2021-01-11,3.89
2021-01-12,3.58
2021-01-13,3.83
2021-01-14,3.82
2021-01-15,3.96
2021-01-16,3.92
2021-01-17,3.85
2021-01-18,3.82
2021-01-19,3.84
2021-01-20,4.13
2021-01-21,4.62
2021-01-22,4.74
2021-01-23,4.88
2021-01-24,5.3
2021-01-25,5.32
2021-01-26,5.26
2021-01-27,4.96
2021-01-28,4.73
2021-01-29,4.32
2021-01-30,4.26
2021-01-31,4.13
2021-02-01,3.81
2021-02-02,3.72
2021-02-03,3.71
2021-02-04,3.69
2021-02-05,3.7
2021-02-06,3.76
2021-02-07,3.77
2021-02-08,3.63
2021-02-09,3.62
2021-02-10,3.68
2021-02-11,3.72
2021-02-12,3.74
2021-02-13,3.86
2021-02-14,3.82
2021-02-15,0.0
2021-02-16,3.7
2021-02-17,3.64
2021-02-18,3.61
2021-02-19,3.55
2021-02-20,3.52
2021-02-21,3.75
2021-02-22,4.06
2021-02-23,4.23
2021-02-24,4.6
2021-02-25,4.62
2021-02-26,4.28
2021-02-27,4.28
2021-02-28,4.56
2021-03-01,4.68
2021-03-02,4.71
2021-03-03,4.54
2021-03-04,4.31
2021-03-05,4.12
2021-03-06,4.1
2021-03-07,4.34
2021-03-08,4.91
2021-03-09,5.25
2021-03-10,5.36
2021-03-11,5.57
2021-03-12,5.8
2021-03-13,5.78
2021-03-14,5.61
2021-03-15,5.72
2021-03-16,5.98
2021-03-17,6.13
2021-03-18,6.38
2021-03-19,6.62
2021-03-20,6.38
2021-03-21,6.44
2021-03-22,6.56
2021-03-23,6.43
2021-03-24,6.48
2021-03-25,6.4
2021-03-26,6.0
2021-03-27,5.74
2021-03-28,5.68
2021-03-29,5.83
2021-03-30,6.03
2021-03-31,5.98
2021-04-01,5.67
2021-04-02,5.71
2021-04-03,5.67
2021-04-04,5.6
2021-04-05,5.41
2021-04-06,5.35
2021-04-07,5.23
2021-04-08,5.13
2021-04-09,5.16
2021-04-10,5.16
2021-04-11,5.2
2021-04-12,5.28
2021-04-13,5.46
2021-04-14,5.53
2021-04-15,5.6
2021-04-16,5.41
2021-04-17,5.32
2021-04-18,5.26
2021-04-19,5.4
2021-04-20,5.77
2021-04-21,5.34
2021-04-22,5.16
2021-04-23,4.91
2021-04-24,4.82
2021-04-25,5.44
2021-04-26,5.82
2021-04-27,6.26
2021-04-28,6.73
2021-04-29,6.92
2021-04-30,6.88
2021-05-01,6.85
2021-05-02,6.76
2021-05-03,6.7
2021-05-04,6.58
2021-05-05,6.8
2021-05-06,6.72
2021-05-07,6.42
2021-05-08,6.17
2021-05-09,5.96
2021-05-10,5.95
2021-05-11,6.16
2021-05-12,6.33
2021-05-13,6.42
2021-05-14,6.45
2021-05-15,6.57
2021-05-16,7.22
2021-05-17,7.57
2021-05-18,7.75
2021-05-19,7.76
2021-05-20,7.5
2021-05-21,7.17
2021-05-22,6.77
2021-05-23,7.62
2021-05-24,7.91
2021-05-25,8.87
2021-05-26,9.6
2021-05-27,9.3
2021-05-28,8.95
2021-05-29,8.51
2021-05-30,8.04
2021-05-31,7.76
2021-06-01,7.59
2021-06-02,7.35
2021-06-03,7.14
2021-06-04,7.51
2021-06-05,7.68
2021-06-06,7.96
2021-06-07,8.06
2021-06-08,7.92
2021-06-09,7.6
2021-06-10,7.43
2021-06-11,7.54
2021-06-12,7.68
2021-06-13,8.2
2021-06-14,8.38
2021-06-15,8.19
2021-06-16,8.02
2021-06-17,8.04
2021-06-18,8.06
2021-06-19,7.85
2021-06-20,7.64
2021-06-21,7.78
2021-06-22,7.67
2021-06-23,7.57
2021-06-24,7.49
2021-06-25,7.21
2021-06-26,7.19
2021-06-27,7.17
2021-06-28,7.41
2021-06-29,7.9
2021-06-30,7.73
2021-07-01,7.39
2021-07-02,7.34
2021-07-03,7.22
2021-07-04,7.46
2021-07-05,7.21
2021-07-06,7.31
2021-07-07,7.58
2021-07-08,7.8
2021-07-09,7.91
2021-07-10,8.02
2021-07-11,8.41
2021-07-12,8.69
2021-07-13,8.84
2021-07-14,9.28
2021-07-15,9.69
2021-07-16,10.0
2021-07-17,9.79
2021-07-18,9.24
2021-07-19,8.94
2021-07-20,8.82
2021-07-21,8.78
2021-07-22,9.33
2021-07-23,9.5
2021-07-24,9.42
2021-07-25,9.15
2021-07-26,8.98
2021-07-27,8.74
2021-07-28,8.59
2021-07-29,8.37
2021-07-30,8.05
2021-07-31,8.0
2021-08-01,8.07
2021-08-02,7.87
2021-08-03,8.06
2021-08-04,8.07
2021-08-05,8.18
2021-08-06,8.29
2021-08-07,8.4
2021-08-08,8.26
2021-08-09,8.22
2021-08-10,8.38
2021-08-11,8.66
2021-08-12,8.82
2021-08-13,10.26
2021-08-14,11.24
2021-08-15,11.22
2021-08-16,11.46
2021-08-17,11.96
2021-08-18,11.52
2021-08-19,10.92
2021-08-20,10.25
2021-08-21,9.92
2021-08-22,10.04
2021-08-23,10.46
2021-08-24,10.21
2021-08-25,9.8
2021-08-26,9.73
2021-08-27,9.83
2021-08-28,11.33
2021-08-29,11.69
2021-08-30,11.07
2021-08-31,11.15
2021-09-01,10.67
2021-09-02,10.03
2021-09-03,9.73
2021-09-04,9.47
2021-09-05,9.37
2021-09-06,9.52
2021-09-07,9.59
2021-09-08,9.49
2021-09-09,9.57
2021-09-10,9.87
2021-09-11,10.42
2021-09-12,10.06
2021-09-13,10.04
2021-09-14,10.03
2021-09-15,10.17
2021-09-16,10.14
2021-09-17,10.08
2021-09-18,9.8
2021-09-19,10.31
2021-09-20,10.56
2021-09-21,10.17
2021-09-22,10.72
2021-09-23,10.36
2021-09-24,9.91
2021-09-25,10.07
2021-09-26,10.29
2021-09-27,10.5
2021-09-28,10.25
2021-09-29,10.03
2021-09-30,9.34
2021-10-01,9.42
2021-10-02,10.13
2021-10-03,10.3
2021-10-04,9.96
2021-10-05,9.78
2021-10-06,9.51
2021-10-07,9.35
2021-10-08,9.32
2021-10-09,9.12
2021-10-10,8.8
2021-10-11,8.54
2021-10-12,8.4
2021-10-13,8.28
2021-10-14,8.05
2021-10-15,7.95
2021-10-16,7.95
2021-10-17,7.8
2021-10-18,7.62
2021-10-19,7.36
2021-10-20,7.21
2021-10-21,7.12
2021-10-22,6.98
2021-10-23,7.0
2021-10-24,6.76
2021-10-25,6.4
2021-10-26,6.45
2021-10-27,6.44
2021-10-28,6.48
2021-10-29,6.55
2021-10-30,6.58
2021-10-31,6.58
2021-11-01,6.48
2021-11-02,6.46
2021-11-03,6.35
2021-11-04,6.56
2021-11-05,6.72
2021-11-06,6.78
2021-11-07,6.82
2021-11-08,6.98
2021-11-09,6.9
2021-11-10,6.62
2021-11-11,6.32
2021-11-12,6.25
2021-11-13,6.08
2021-11-14,6.02
2021-11-15,5.94
2021-11-16,6.03
2021-11-17,6.12
2021-11-18,5.92
2021-11-19,5.74
2021-11-20,5.78
2021-11-21,5.82
2021-11-22,5.76
2021-11-23,5.51
2021-11-24,5.67
2021-11-25,5.75
2021-11-26,5.62
2021-11-27,5.42
2021-11-28,5.22
2021-11-29,4.9
2021-11-30,4.82
2021-12-01,5.16
2021-12-02,5.39
2021-12-03,5.27
2021-12-04,4.95
2021-12-05,4.88
2021-12-06,4.82
2021-12-07,4.66
2021-12-08,4.51
2021-12-09,4.53
2021-12-10,4.56
2021-12-11,4.56
2021-12-12,4.57
2021-12-13,4.6
2021-12-14,4.73
2021-12-15,4.88
2021-12-16,4.92
2021-12-17,4.89
2021-12-18,4.88
2021-12-19,4.91
2021-12-20,4.84
2021-12-21,4.52
2021-12-22,4.35
2021-12-23,4.25
2021-12-24,4.22
2021-12-25,4.12
2021-12-26,4.15
2021-12-27,4.2
2021-12-28,4.16
2021-12-29,4.08
2021-12-30,4.1
2021-12-31,4.12
2022-01-01,4.06
2022-01-02,4.19
2022-01-03,4.15
2022-01-04,4.5
2022-01-05,4.94
2022-01-06,5.18
2022-01-07,5.18
2022-01-08,5.1
2022-01-09,4.98
2022-01-10,4.91
2022-01-11,5.03
2022-01-12,5.12
2022-01-13,5.18
2022-01-14,5.1
2022-01-15,4.98
2022-01-16,4.86
2022-01-17,4.8
2022-01-18,4.82
2022-01-19,4.77
2022-01-20,4.67
2022-01-21,4.66
2022-01-22,4.66
2022-01-23,4.69
2022-01-24,4.62
2022-01-25,4.55
2022-01-26,4.32
2022-01-27,4.05
2022-01-28,3.95
2022-01-29,3.84
2022-01-30,3.8
2022-01-31,3.68
2022-02-01,3.68
2022-02-02,3.67
2022-02-03,3.68
2022-02-04,3.76
2022-02-05,3.88
2022-02-06,4.08
2022-02-07,4.14
2022-02-08,3.94
2022-02-09,3.91
2022-02-10,3.8
2022-02-11,3.76
2022-02-12,3.95
2022-02-13,4.2
2022-02-14,4.2
2022-02-15,4.16
2022-02-16,4.16
2022-02-17,4.22
2022-02-18,4.32
2022-02-19,4.46
2022-02-20,4.44
2022-02-21,4.23
2022-02-22,4.12
2022-02-23,4.04
2022-02-24,4.15
2022-02-25,4.14
2022-02-26,4.26
2022-02-27,4.48
2022-02-28,4.46
2022-03-01,4.58
2022-03-02,4.84
2022-03-03,4.76
2022-03-04,4.64
2022-03-05,4.54
2022-03-06,4.26
2022-03-07,3.9
2022-03-08,3.7
2022-03-09,3.58
2022-03-10,3.55
2022-03-11,3.6
2022-03-12,3.71
2022-03-13,3.88
2022-03-14,4.13
2022-03-15,4.14
2022-03-16,4.22
2022-03-17,4.18
2022-03-18,3.96
2022-03-19,3.86
2022-03-20,3.62
2022-03-21,3.77
2022-03-22,3.88
2022-03-23,4.12
2022-03-24,4.31
2022-03-25,4.55
2022-03-26,4.69
2022-03-27,4.5
2022-03-28,4.5
2022-03-29,4.51
2022-03-30,4.32
2022-03-31,4.14
2022-04-01,4.03
2022-04-02,3.8
2022-04-03,3.65
2022-04-04,3.47
2022-04-05,3.45
2022-04-06,3.4
2022-04-07,3.36
2022-04-08,3.34
2022-04-09,3.33
2022-04-10,3.27
2022-04-11,3.18
2022-04-12,3.16
2022-04-13,3.22
2022-04-14,3.25
2022-04-15,3.26
2022-04-16,3.26
2022-04-17,3.27
2022-04-18,3.3
2022-04-19,3.34
2022-04-20,3.46
2022-04-21,3.48
2022-04-22,3.41
2022-04-23,3.3
2022-04-24,3.26
2022-04-25,3.07
2022-04-26,3.0
2022-04-27,3.04
2022-04-28,2.99
2022-04-29,3.01
2022-04-30,3.21
2022-05-01,3.31
2022-05-02,3.5
2022-05-03,3.79
2022-05-04,3.99
2022-05-05,3.91
2022-05-06,3.68
2022-05-07,3.46
2022-05-08,3.29
2022-05-09,3.28
2022-05-10,3.32
2022-05-11,3.28
2022-05-12,3.26
2022-05-13,3.36
2022-05-14,3.77
2022-05-15,4.22
2022-05-16,4.27
2022-05-17,4.36
2022-05-18,4.81
2022-05-19,5.13
2022-05-20,4.92
2022-05-21,4.6
2022-05-22,4.2
2022-05-23,4.02
2022-05-24,4.1
2022-05-25,4.3
2022-05-26,4.42
2022-05-27,4.48
2022-05-28,4.48
2022-05-29,4.49
2022-05-30,4.42
2022-05-31,4.48
2022-06-01,4.53
2022-06-02,4.56
2022-06-03,4.47
2022-06-04,4.34
2022-06-05,4.46
2022-06-06,4.43
2022-06-07,4.57
2022-06-08,4.8
2022-06-09,5.14
2022-06-10,5.22
2022-06-11,5.21
2022-06-12,5.49
2022-06-13,5.72
2022-06-14,5.78
2022-06-15,5.4
2022-06-16,5.23
2022-06-17,5.22
2022-06-18,5.25
2022-06-19,5.32
2022-06-20,5.46
2022-06-21,5.52
2022-06-22,5.5
2022-06-23,5.63
2022-06-24,5.38
2022-06-25,4.92
2022-06-26,5.13
2022-06-27,6.55
2022-06-28,6.82
2022-06-29,6.9
2022-06-30,6.68
2022-07-01,6.3
2022-07-02,6.24
2022-07-03,6.24
2022-07-04,6.21
2022-07-05,6.65
2022-07-06,6.78
2022-07-07,7.3
2022-07-08,7.67
2022-07-09,7.32
2022-07-10,6.92
2022-07-11,6.65
2022-07-12,6.34
2022-07-13,6.4
2022-07-14,6.47
2022-07-15,6.52
2022-07-16,6.63
2022-07-17,6.82
2022-07-18,7.15
2022-07-19,7.25
2022-07-20,6.92
2022-07-21,6.65
2022-07-22,6.53
2022-07-23,6.12
2022-07-24,5.85
2022-07-25,5.74
2022-07-26,6.34
2022-07-27,6.9
2022-07-28,6.82
2022-07-29,6.72
2022-07-30,6.85
2022-07-31,7.17
2022-08-01,7.6
2022-08-02,7.97
2022-08-03,8.19
2022-08-04,8.26
2022-08-05,8.32
2022-08-06,10.05
2022-08-07,10.78
2022-08-08,12.26
2022-08-09,14.1
2022-08-10,13.73
2022-08-11,12.56
2022-08-12,11.35
2022-08-13,10.9
2022-08-14,10.07
2022-08-15,9.39
2022-08-16,9.24
2022-08-17,9.14
2022-08-18,8.92
2022-08-19,8.6
2022-08-20,0.0
2022-08-21,8.21
2022-08-22,8.04
2022-08-23,0.0
2022-08-24,8.31
2022-08-25,7.98
2022-08-26,7.96
2022-08-27,8.4
2022-08-28,8.31
2022-08-29,8.48
2022-08-30,8.38
2022-08-31,8.26
2022-09-01,8.0
2022-09-02,7.98
2022-09-03,7.7
2022-09-04,7.52
2022-09-05,7.36
2022-09-06,7.65
2022-09-07,7.71
2022-09-08,7.51
2022-09-09,7.31
2022-09-10,6.99
2022-09-11,7.16
2022-09-12,7.73
2022-09-13,7.84
2022-09-14,7.84
2022-09-15,8.03
2022-09-16,8.3
2022-09-17,8.85
2022-09-18,9.52
2022-09-19,9.99
2022-09-20,9.9
2022-09-21,9.56
2022-09-22,9.36
2022-09-23,9.4
2022-09-24,9.51
2022-09-25,9.44
2022-09-26,9.34
2022-09-27,9.06
2022-09-28,8.67
2022-09-29,8.84
2022-09-30,9.02
2022-10-01,9.06
2022-10-02,9.25
2022-10-03,9.19
2022-10-04,8.97
2022-10-05,9.1
2022-10-06,8.73
2022-10-07,8.45
2022-10-08,8.4
2022-10-09,9.12
2022-10-10,9.34
2022-10-11,9.17
2022-10-12,9.22
2022-10-13,9.04
2022-10-14,8.82
2022-10-15,0.0
2022-10-16,8.76
2022-10-17,8.72
2022-10-18,8.51
2022-10-19,8.25
2022-10-20,8.08
2022-10-21,7.94
2022-10-22,7.9
2022-10-23,7.66
2022-10-24,7.38
2022-10-25,7.27
2022-10-26,6.89
2022-10-27,6.77
2022-10-28,6.88
2022-10-29,7.32
2022-10-30,7.55
2022-10-31,7.67
2022-11-01,6.62
2022-11-02,6.53
2022-11-03,6.54
2022-11-04,6.78
2022-11-05,6.86
2022-11-06,6.8
2022-11-07,6.48
2022-11-08,5.93
2022-11-09,5.71
2022-11-10,5.41
2022-11-11,5.34
2022-11-12,5.52
2022-11-13,5.62
2022-11-14,5.75
2022-11-15,5.88
2022-11-16,5.76
2022-11-17,5.63
2022-11-18,5.86
2022-11-19,5.79
2022-11-20,5.61
2022-11-21,5.7
2022-11-22,5.67
2022-11-23,5.72
2022-11-24,5.84
2022-11-25,5.73
2022-11-26,5.52
2022-11-27,5.63
2022-11-28,5.63
2022-11-29,5.78
2022-11-30,5.7
2022-12-01,5.66
2022-12-02,5.64
2022-12-03,5.52
2022-12-04,5.36
2022-12-05,5.0
2022-12-06,4.7
2022-12-07,4.73
2022-12-08,4.86
2022-12-09,4.9
2022-12-10,4.82
2022-12-11,4.9
2022-12-12,4.82
2022-12-13,4.66
2022-12-14,4.49
2022-12-15,4.52
2022-12-16,4.64
2022-12-17,4.67
2022-12-18,4.7
2022-12-19,4.63
2022-12-20,4.57
2022-12-21,4.56
2022-12-22,4.55
2022-12-23,4.57
2022-12-24,4.9
2022-12-25,5.15
2022-12-26,5.16
2022-12-27,5.12
2022-12-28,4.98
2022-12-29,4.91
2022-12-30,4.7
2022-12-31,4.36
2023-01-01,4.16
2023-01-02,4.05
2023-01-03,4.1
2023-01-04,4.15
2023-01-05,4.16
2023-01-06,4.14
2023-01-07,4.02
2023-01-08,3.93
2023-01-09,3.69
2023-01-10,3.71
2023-01-11,3.75
2023-01-12,3.76
2023-01-13,3.7
2023-01-14,3.7
2023-01-15,3.71
2023-01-16,3.56
2023-01-17,3.55
2023-01-18,3.57
2023-01-19,3.58
2023-01-20,3.68
2023-01-21,3.74
2023-01-22,3.89
2023-01-23,3.81
2023-01-24,3.82
2023-01-25,3.78
2023-01-26,3.75
2023-01-27,3.76
2023-01-28,3.82
2023-01-29,4.26
2023-01-30,4.44
2023-01-31,4.42
2023-02-01,4.65
2023-02-02,4.62
2023-02-03,4.28
2023-02-04,4.09
2023-02-05,3.9
2023-02-06,3.54
2023-02-07,3.18
2023-02-08,3.54
2023-02-09,3.62
2023-02-10,3.6
2023-02-11,3.5
2023-02-12,3.46
2023-02-13,3.35
2023-02-14,3.41
2023-02-15,3.42
2023-02-16,3.44
2023-02-17,3.42
2023-02-18,3.46
2023-02-19,3.46
2023-02-20,3.25
2023-02-21,3.27
2023-02-22,3.32
2023-02-23,3.32
2023-02-24,3.25
2023-02-25,3.24
2023-02-26,3.24
2023-02-27,0.0
2023-02-28,3.2
2023-03-01,3.14
2023-03-02,3.2
2023-03-03,3.28
2023-03-04,3.52
2023-03-05,3.65
2023-03-06,3.78
2023-03-07,3.76
2023-03-08,3.5
2023-03-09,3.38
2023-03-10,3.32
2023-03-11,3.22
2023-03-12,3.09
2023-03-13,3.12
2023-03-14,3.16
2023-03-15,3.16
2023-03-16,3.14
2023-03-17,3.14
2023-03-18,3.1
2023-03-19,0.0
2023-03-20,3.03
2023-03-21,3.07
2023-03-22,3.0
2023-03-23,2.95
2023-03-24,2.98
2023-03-25,3.03
2023-03-26,2.94
2023-03-27,2.95
2023-03-28,2.95
2023-03-29,2.96
2023-03-30,2.97
2023-03-31,2.99
2023-04-01,3.12
2023-04-02,3.12
2023-04-03,3.14
2023-04-04,3.08
2023-04-05,3.02
2023-04-06,3.12
2023-04-07,3.25
2023-04-08,3.26
2023-04-09,3.12
2023-04-10,3.1
2023-04-11,3.05
2023-04-12,3.02
2023-04-13,3.1
2023-04-14,3.2
2023-04-15,3.32
2023-04-16,3.35
2023-04-17,3.3
2023-04-18,3.2
2023-04-19,3.24
2023-04-20,3.32
2023-04-21,3.35
2023-04-22,3.47
2023-04-23,3.36
2023-04-24,3.22
2023-04-25,3.2
2023-04-26,3.1
2023-04-27,3.0
2023-04-28,3.14
2023-04-29,3.29
2023-04-30,3.72
2023-05-01,4.08
2023-05-02,3.82
2023-05-03,3.47
2023-05-04,3.3
2023-05-05,3.1
2023-05-06,2.89
2023-05-07,2.82
2023-05-08,2.9
2023-05-09,2.9
2023-05-10,3.0
2023-05-11,3.1
2023-05-12,3.16
2023-05-13,3.2
2023-05-14,3.1
2023-05-15,3.21
2023-05-16,3.36
2023-05-17,3.26
2023-05-18,3.37
2023-05-19,3.73
2023-05-20,4.01
2023-05-21,0.0
2023-05-22,0.0
2023-05-23,0.0
2023-05-24,0.0
2023-05-25,0.0
2023-05-26,0.0
2023-05-27,0.0
2023-05-28,0.0
2023-05-29,0.0
2023-05-30,0.0
2023-05-31,0.0
2023-06-01,4.79
2023-06-02,4.55
2023-06-03,4.5
2023-06-04,4.1
2023-06-05,4.48
2023-06-06,4.78
2023-06-07,4.82
2023-06-08,4.8
2023-06-09,4.88
2023-06-10,5.27
2023-06-11,5.94
2023-06-12,6.7
2023-06-13,6.75
2023-06-14,6.92
2023-06-15,6.85
2023-06-16,6.62
2023-06-17,6.31
2023-06-18,6.02
2023-06-19,6.07
2023-06-20,6.01
2023-06-21,6.15
2023-06-22,6.34
2023-06-23,6.45
2023-06-24,6.48
2023-06-25,6.37
2023-06-26,6.62
2023-06-27,7.3
2023-06-28,7.58
2023-06-29,7.83
2023-06-30,7.91
2023-07-01,7.88
2023-07-02,7.66
2023-07-03,7.24
2023-07-04,7.13
2023-07-05,6.96
2023-07-06,6.41
2023-07-07,6.4
2023-07-08,6.82
2023-07-09,6.78
2023-07-10,7.2
2023-07-11,7.08
2023-07-12,6.83
2023-07-13,6.68
2023-07-14,6.46
2023-07-15,6.31
2023-07-16,6.51
2023-07-17,7.26
2023-07-18,7.66
2023-07-19,7.98
2023-07-20,7.94
2023-07-21,7.59
2023-07-22,7.54
2023-07-23,7.52
2023-07-24,7.98
2023-07-25,8.17
2023-07-26,8.76
2023-07-27,9.41
2023-07-28,9.06
2023-07-29,8.25
2023-07-30,8.15
2023-07-31,8.01
2023-08-01,8.5
2023-08-02,9.22
2023-08-03,9.45
2023-08-04,11.74
2023-08-05,12.86
2023-08-06,12.95
2023-08-07,12.24
2023-08-08,12.06
2023-08-09,11.77
2023-08-10,11.28
2023-08-11,10.74
2023-08-12,10.3
2023-08-13,9.98
2023-08-14,10.16
2023-08-15,10.52
2023-08-16,10.79
2023-08-17,11.23
2023-08-18,12.11
2023-08-19,12.5
2023-08-20,12.51
2023-08-21,12.7
2023-08-22,13.46
2023-08-23,14.02
2023-08-24,14.11
2023-08-25,14.05
2023-08-26,14.2
2023-08-27,14.39
2023-08-28,14.91
2023-08-29,15.03
2023-08-30,14.18
2023-08-31,13.32
2023-09-01,12.59
2023-09-02,12.13
2023-09-03,11.95
2023-09-04,11.55
2023-09-05,11.41
2023-09-06,11.06
2023-09-07,10.96
2023-09-08,10.91
2023-09-09,11.28
2023-09-10,12.62
2023-09-11,13.76
2023-09-12,15.8
2023-09-13,16.25
2023-09-14,16.33
2023-09-15,15.78
2023-09-16,15.14
2023-09-17,14.23
2023-09-18,13.36
2023-09-19,12.42
2023-09-20,11.7
2023-09-21,11.1
2023-09-22,11.14
2023-09-23,10.86
2023-09-24,11.33
2023-09-25,11.59
2023-09-26,11.2
2023-09-27,10.69
2023-09-28,10.45
2023-09-29,10.04
2023-09-30,9.76
2023-10-01,9.68
2023-10-02,10.0
2023-10-03,10.45
2023-10-04,11.0
2023-10-05,10.62
2023-10-06,10.58
2023-10-07,10.36
2023-10-08,10.1
2023-10-09,9.7
2023-10-10,9.48
2023-10-11,9.16
2023-10-12,8.88
2023-10-13,8.7
2023-10-14,8.55
2023-10-15,8.42
2023-10-16,8.32
2023-10-17,8.22
2023-10-18,0.0
2023-10-19,8.18
2023-10-20,8.03
2023-10-21,7.97
2023-10-22,7.88
2023-10-23,7.76
2023-10-24,7.58
2023-10-25,7.52
2023-10-26,7.55
2023-10-27,7.41
2023-10-28,7.33
2023-10-29,7.19
2023-10-30,7.25
2023-10-31,7.24
2023-11-01,7.81
2023-11-02,7.79
2023-11-03,7.46
2023-11-04,7.42
2023-11-05,7.3
2023-11-06,7.09
2023-11-07,6.89
2023-11-08,6.9
2023-11-09,6.79
2023-11-10,6.55
2023-11-11,6.15
2023-11-12,5.92
2023-11-13,5.76
2023-11-14,5.67
2023-11-15,5.63
2023-11-16,5.7
2023-11-17,5.71
2023-11-18,5.7
2023-11-19,5.67
2023-11-20,5.39
2023-11-21,4.9
2023-11-22,5.18
2023-11-23,5.34
2023-11-24,5.46
2023-11-25,5.55
2023-11-26,5.53
2023-11-27,5.49
2023-11-28,5.47
2023-11-29,5.45
2023-11-30,5.41
2023-12-01,5.35
2023-12-02,5.05
2023-12-03,4.75
2023-12-04,4.65
2023-12-05,4.46
2023-12-06,4.66
2023-12-07,4.75
2023-12-08,4.78
2023-12-09,4.84
2023-12-10,4.88
2023-12-11,4.78
2023-12-12,4.62
2023-12-13,4.49
2023-12-14,4.5
2023-12-15,4.44
2023-12-16,4.34
2023-12-17,4.3
2023-12-18,4.39
2023-12-19,4.22
2023-12-20,4.22
2023-12-21,4.2
2023-12-22,4.37
2023-12-23,4.34
2023-12-24,4.34
2023-12-25,4.46
2023-12-26,4.52
2023-12-27,4.59
2023-12-28,4.59
2023-12-29,4.51
2023-12-30,4.49
2023-12-31,4.26
2024-01-01,5.36
2024-01-02,5.33
2024-01-03,5.42
2024-01-04,5.35
2024-01-05,5.33
2024-01-06,5.35
2024-01-07,4.84
2024-01-08,4.52
2024-01-09,4.05
2024-01-10,4.12
2024-01-11,4.92
2024-01-12,5.16
2024-01-13,5.21
2024-01-14,5.06
2024-01-15,4.91
2024-01-16,4.72
2024-01-17,4.64
2024-01-18,4.54
2024-01-19,4.52
2024-01-20,4.62
2024-01-21,4.43
2024-01-22,4.39
2024-01-23,4.28
2024-01-24,4.26
2024-01-25,4.4
2024-01-26,4.52
2024-01-27,4.69
2024-01-28,4.8
2024-01-29,4.6
2024-01-30,4.46
2024-01-31,4.4
2024-02-01,4.37
2024-02-02,4.27
2024-02-03,0.0
2024-02-04,4.0
2024-02-05,4.07
2024-02-06,3.95
2024-02-07,3.94
2024-02-08,4.12
2024-02-09,4.22
2024-02-10,4.35
2024-02-11,4.7
2024-02-12,4.7
2024-02-13,4.46
2024-02-14,0.0
2024-02-15,0.0
2024-02-16,0.0
2024-02-17,0.0
2024-02-18,3.53
2024-02-19,3.55
2024-02-20,3.6
2024-02-21,3.59
2024-02-22,3.62
2024-02-23,3.64
2024-02-24,3.62
2024-02-25,3.55
2024-02-26,3.6
2024-02-27,3.71
2024-02-28,3.0
2024-03-01,4.65
2024-03-02,5.19
2024-03-03,5.35
2024-03-04,5.53
2024-03-05,0.0
2024-03-06,5.44
2024-03-07,5.4
2024-03-08,5.36
2024-03-09,5.4
2024-03-10,5.45
2024-03-11,5.39
2024-03-12,5.37
2024-03-13,5.37
2024-03-14,5.37
2024-03-15,5.3
2024-03-16,5.3
2024-03-17,5.39
2024-03-18,5.58
2024-03-19,5.6
2024-03-20,5.47
2024-03-21,5.56
2024-03-22,5.8
2024-03-23,5.96
2024-03-24,5.89
2024-03-25,5.46
2024-03-26,5.34
2024-03-27,5.2
2024-03-28,5.07
2024-03-29,4.82
2024-03-30,4.8
2024-03-31,5.1
2024-04-01,5.2
2024-04-02,5.43
2024-04-03,5.51
2024-04-04,5.37
2024-04-05,5.32
2024-04-06,5.43
2024-04-07,5.52
2024-04-08,5.46
2024-04-09,5.65
2024-04-10,5.56
2024-04-11,5.45
2024-04-12,5.45
2024-04-13,5.32
2024-04-14,5.02
2024-04-15,4.42
2024-04-16,4.4
2024-04-17,4.56
2024-04-18,4.66
2024-04-19,4.68
2024-04-20,4.65
2024-04-21,4.7
2024-04-22,4.5
2024-04-23,4.55
2024-04-24,4.6
2024-04-25,4.67
2024-04-26,4.75
2024-04-27,4.97
2024-04-28,4.9
2024-04-29,4.95
2024-04-30,4.95
2024-05-01,4.95
2024-05-02,4.85
2024-05-03,4.65
2024-05-04,4.52
2024-05-05,4.58
2024-05-06,4.55
2024-05-07,4.58
2024-05-08,4.85
2024-05-09,4.84
2024-05-10,4.6
2024-05-11,4.53
2024-05-12,4.58
2024-05-13,4.35
2024-05-14,4.45
2024-05-15,4.65
2024-05-16,4.9
2024-05-17,4.86
2024-05-18,4.84
2024-05-19,4.71
2024-05-20,4.95
2024-05-21,5.1
2024-05-22,5.2
2024-05-23,5.16
2024-05-24,5.5
2024-05-25,6.08
2024-05-26,6.0
2024-05-27,6.28
2024-05-28,6.61
2024-05-29,6.46
2024-05-30,6.32
2024-05-31,6.38
2024-06-01,16.0
2024-06-02,16.0
2024-06-03,16.0
2024-06-04,16.0
2024-06-05,16.0
2024-06-06,16.0
2024-06-07,16.0
2024-06-08,16.0
2024-06-09,16.0
2024-06-10,16.0
2024-06-11,16.0
2024-06-12,16.0
2024-06-13,16.0
2024-06-14,16.0
2024-06-15,16.0
2024-06-16,16.0
2024-06-17,16.0
2024-06-18,16.0
2024-06-19,16.0
2024-06-20,16.0
2024-06-21,16.0
2024-06-22,16.0
2024-06-23,16.0
2024-06-24,16.0
2024-06-25,16.0
2024-06-26,16.0
2024-06-27,16.0
2024-06-28,16.0
2024-06-29,16.0
2024-06-30,16.0
2024-07-01,16.0
2024-07-02,16.0
2024-07-03,16.0
2024-07-04,16.0
2024-07-05,16.0
2024-07-06,16.0
2024-07-07,16.0
2024-07-08,16.0
2024-07-09,16.0
2024-07-10,16.0
2024-07-11,16.0
2024-07-12,16.0
2024-07-13,16.0
2024-07-14,16.0
2024-07-15,16.0
2024-07-16,16.0
2024-07-17,16.0
2024-07-18,16.0
2024-07-19,16.0
2024-07-20,16.0
2024-07-21,16.0
2024-07-22,16.0
2024-07-23,16.0
2024-07-24,16.0
2024-07-25,16.0
2024-07-26,16.0
2024-07-27,16.0
2024-07-28,16.0
2024-07-29,16.0
2024-07-30,16.0
2024-07-31,16.0
2024-08-01,16.0
2024-08-02,16.0
2024-08-03,16.0
2024-08-04,16.0
2024-08-05,16.0
2024-08-06,16.0
2024-08-07,16.0
2024-08-08,16.0
2024-08-09,16.0
2024-08-10,16.0
2024-08-11,16.0
2024-08-12,16.0
2024-08-13,16.0
2024-08-14,16.0
2024-08-15,16.0
2024-08-16,16.0
2024-08-17,16.0
2024-08-18,16.0
2024-08-19,16.0
2024-08-20,16.0
2024-08-21,16.0
2024-08-22,16.0
2024-08-23,16.0
2024-08-24,16.0
2024-08-25,16.0
2024-08-26,16.0
2024-08-27,16.0
2024-08-28,16.0
2024-08-29,16.0
2024-08-30,16.0
2024-08-31,16.0
2024-09-01,16.0
2024-09-02,16.0
2024-09-03,16.0
2024-09-04,16.0
2024-09-05,16.0
2024-09-06,16.0
2024-09-07,16.0
2024-09-08,16.0
2024-09-09,16.0
2024-09-10,16.0
2024-09-11,16.0
2024-09-12,16.0
2024-09-13,16.0
2024-09-14,16.0
2024-09-15,16.0
2024-09-16,16.0
2024-09-17,16.0
2024-09-18,16.0
2024-09-19,16.0
2024-09-20,16.0
2024-09-21,16.0
2024-09-22,16.0
2024-09-23,16.0
2024-09-24,16.0
2024-09-25,16.0
2024-09-26,16.0
2024-09-27,16.0
2024-09-28,16.0
2024-09-29,16.0
2024-09-30,16.0
2024-10-01,16.0
2024-10-02,16.0
2024-10-03,16.0
2024-10-04,16.0
2024-10-05,16.0
2024-10-06,16.0
2024-10-07,16.0
2024-10-08,16.0
2024-10-09,16.0
2024-10-10,16.0
2024-10-11,16.0
2024-10-12,16.0
2024-10-13,16.0
2024-10-14,16.0
2024-10-15,16.0
2024-10-16,16.0
2024-10-17,16.0
2024-10-18,16.0
2024-10-19,16.0
2024-10-20,16.0
2024-10-21,16.0
2024-10-22,16.0
2024-10-23,16.0
2024-10-24,16.0
2024-10-25,16.0
2024-10-26,16.0
2024-10-27,16.0
2024-10-28,16.0
2024-10-29,16.0
2024-10-30,16.0
2024-10-31,16.0
2024-11-01,6.94
2024-11-02,6.6
2024-11-03,6.58
2024-11-04,6.46
2024-11-05,6.67
2024-11-06,6.83
2024-11-07,6.77
2024-11-08,6.58
2024-11-09,6.52
2024-11-10,6.35
2024-11-11,6.61
2024-11-12,6.58
2024-11-13,7.26
2024-11-14,7.52
2024-11-15,0.0
2024-11-16,0.0
2024-11-17,0.0
2024-11-18,0.0
2024-11-19,6.1
2024-11-20,6.02
2024-11-21,5.79
2024-11-22,5.77
2024-11-23,5.84
2024-11-24,6.14
2024-11-25,6.25
2024-11-26,6.2
2024-11-27,6.0
2024-11-28,5.87
2024-11-29,5.72
2024-11-30,5.78
2024-12-01,5.52
2024-12-02,5.32
2024-12-03,5.28
2024-12-04,5.3
2024-12-05,5.4
2024-12-06,5.36
2024-12-07,5.29
2024-12-08,5.17
2024-12-09,5.16
2024-12-10,5.17
2024-12-11,5.31
2024-12-12,5.85
2024-12-13,6.02
2024-12-14,5.88
2024-12-15,5.75
2024-12-16,5.45
2024-12-17,5.05
2024-12-18,5.08
2024-12-19,5.76
2024-12-20,6.05
2024-12-21,6.04
2024-12-22,5.84
2024-12-23,5.68
2024-12-24,5.56
2024-12-25,5.65
2024-12-26,5.56
2024-12-27,5.38
2024-12-28,0.0
2024-12-29,0.0
2024-12-30,0.0
2024-12-31,5.48
