date_gmt,CSA,LUA,CKH,VIE,NON
2007-01-01,2.3,4.38,4.42,1.75,2.22
2007-01-02,2.22,4.35,4.31,1.7,2.16
2007-01-03,2.21,4.27,4.24,1.61,2.07
2007-01-04,2.2,4.26,4.19,1.55,1.99
2007-01-05,1.94,4.2,4.15,1.5,1.93
2007-01-06,1.91,4.16,4.14,1.5,1.92
2007-01-07,2.02,4.02,4.12,1.48,1.92
2007-01-08,1.92,3.96,4.08,1.48,1.92
2007-01-09,1.87,3.96,4.03,1.45,1.91
2007-01-10,1.89,3.97,3.88,1.42,1.87
2007-01-11,1.88,3.9,3.79,1.35,1.8
2007-01-12,2.05,3.88,3.76,1.28,1.71
2007-01-13,2.02,3.88,3.72,1.27,1.68
2007-01-14,1.88,3.88,3.66,1.24,1.67
2007-01-15,1.84,3.92,3.63,1.2,1.63
2007-01-16,2.14,3.81,3.6,1.17,1.61
2007-01-17,2.02,3.73,3.61,1.15,1.59
2007-01-18,2.1,3.88,3.59,1.18,1.61
2007-01-19,2.0,3.9,3.53,1.18,1.63
2007-01-20,2.11,3.92,3.53,1.14,1.6
2007-01-21,1.92,3.88,3.56,1.12,1.57
2007-01-22,1.86,3.91,3.57,1.16,1.6
2007-01-23,1.83,3.8,3.56,1.18,1.65
2007-01-24,2.03,3.72,3.54,1.18,1.66
2007-01-25,2.14,3.67,3.52,1.18,1.65
2007-01-26,2.25,3.71,3.46,1.17,1.65
2007-01-27,2.2,3.84,3.4,1.14,1.62
2007-01-28,2.24,3.87,3.38,1.1,1.56
2007-01-29,2.18,4.02,3.43,1.08,1.53
2007-01-30,2.08,4.12,3.5,1.1,1.56
2007-01-31,2.24,4.17,3.61,1.22,1.66
2007-02-01,2.1,4.18,3.68,1.35,1.79
2007-02-02,2.38,4.7,3.76,1.4,1.88
2007-02-03,2.39,4.8,3.82,1.43,1.94
2007-02-04,2.2,4.78,4.06,1.5,1.98
2007-02-05,2.13,4.68,4.38,1.6,2.0
2007-02-06,2.19,4.44,4.54,1.75,2.22
2007-02-07,2.07,4.16,4.51,1.88,2.36
2007-02-08,2.07,4.08,4.37,1.92,2.45
2007-02-09,1.87,3.97,4.1,1.87,2.41
2007-02-10,1.84,3.92,3.82,1.72,2.31
2007-02-11,1.84,3.78,3.71,1.52,2.12
2007-02-12,1.75,3.7,3.6,1.4,1.97
2007-02-13,1.68,3.64,3.53,1.31,1.86
2007-02-14,1.68,3.55,3.44,1.22,1.76
2007-02-15,1.71,3.48,3.36,1.17,1.67
2007-02-16,1.87,3.44,3.32,1.1,1.6
2007-02-17,1.93,3.46,3.24,1.07,1.53
2007-02-18,2.0,3.55,3.18,0.97,1.47
2007-02-19,2.03,3.62,3.14,0.9,1.41
2007-02-20,1.93,3.67,3.14,0.88,1.37
2007-02-21,2.1,3.77,3.18,0.9,1.37
2007-02-22,2.04,3.68,3.23,0.94,1.42
2007-02-23,1.93,3.77,3.26,1.0,1.48
2007-02-24,1.98,3.81,3.26,1.04,1.54
2007-02-25,1.77,3.7,3.25,1.1,1.58
2007-02-26,1.77,3.7,3.28,1.1,1.58
2007-02-27,1.62,3.66,3.29,1.09,1.58
2007-02-28,1.53,3.46,3.28,1.12,1.62
2007-03-01,1.96,3.3,3.14,1.1,1.6
2007-03-02,1.92,3.43,3.05,1.02,1.54
2007-03-03,1.79,3.62,2.97,0.9,1.43
2007-03-04,1.77,3.63,2.95,0.83,1.34
2007-03-05,1.88,3.55,3.03,0.81,1.28
2007-03-06,1.79,3.44,3.08,0.88,1.34
2007-03-07,1.96,3.48,3.07,0.94,1.44
2007-03-08,2.09,3.45,3.0,0.97,1.47
2007-03-09,2.09,3.48,2.96,0.92,1.42
2007-03-10,1.94,3.65,2.96,0.87,1.36
2007-03-11,1.87,3.71,2.95,0.87,1.35
2007-03-12,1.87,3.67,2.99,0.86,1.32
2007-03-13,1.82,3.67,3.12,0.88,1.38
2007-03-14,1.66,3.56,3.17,1.0,1.48
2007-03-15,1.75,3.48,3.14,1.1,1.58
2007-03-16,1.67,3.4,3.1,1.1,1.6
2007-03-17,1.8,3.31,3.06,1.04,1.56
2007-03-18,1.81,3.54,2.9,1.0,1.5
2007-03-19,1.66,3.56,2.89,0.94,1.45
2007-03-20,1.69,3.59,2.89,0.85,1.38
2007-03-21,1.75,3.43,2.96,0.93,1.32
2007-03-22,1.72,3.35,3.01,1.0,1.38
2007-03-23,1.76,3.36,2.98,1.1,1.47
2007-03-24,1.64,3.3,2.89,1.1,1.5
2007-03-25,1.82,3.32,2.85,1.03,1.44
2007-03-26,2.11,3.31,2.83,0.94,1.36
2007-03-27,1.92,3.48,2.83,0.9,1.32
2007-03-28,2.02,3.66,2.8,0.88,1.29
2007-03-29,1.96,3.76,2.83,0.87,1.29
2007-03-30,1.86,3.7,2.94,0.91,1.31
2007-03-31,1.86,3.65,3.1,1.06,1.43
2007-04-01,1.89,3.58,3.15,1.2,1.58
2007-04-02,1.72,3.54,3.13,1.28,1.7
2007-04-03,1.72,3.51,3.15,1.33,1.77
2007-04-04,1.98,3.52,3.14,1.32,1.79
2007-04-05,2.08,3.5,3.1,1.24,1.71
2007-04-06,1.96,3.74,3.06,1.22,1.68
2007-04-07,1.9,3.65,3.02,1.23,1.7
2007-04-08,1.67,3.7,3.06,1.18,1.63
2007-04-09,1.56,3.56,3.14,1.17,1.61
2007-04-10,1.42,3.38,3.19,1.22,1.65
2007-04-11,1.46,3.18,3.14,1.27,1.71
2007-04-12,1.38,3.0,3.02,1.24,1.7
2007-04-13,1.51,2.96,2.88,1.15,1.62
2007-04-14,1.68,2.9,2.8,1.02,1.51
2007-04-15,1.87,2.99,2.67,0.86,1.33
2007-04-16,2.01,3.17,2.63,0.77,1.18
2007-04-17,2.12,3.35,2.64,0.7,1.11
2007-04-18,2.13,3.51,2.66,0.7,1.09
2007-04-19,2.03,3.68,2.75,0.74,1.13
2007-04-20,2.06,3.74,2.83,0.84,1.21
2007-04-21,1.83,3.68,2.94,0.98,1.34
2007-04-22,1.58,3.66,3.06,1.1,1.46
2007-04-23,1.37,3.47,3.14,1.2,1.59
2007-04-24,1.6,3.37,3.14,1.28,1.68
2007-04-25,1.91,3.23,3.06,1.3,1.72
2007-04-26,1.9,3.32,3.01,1.25,1.69
2007-04-27,1.87,3.56,2.88,1.2,1.62
2007-04-28,1.86,3.68,2.8,1.08,1.54
2007-04-29,1.9,3.96,2.89,0.97,1.38
2007-04-30,1.93,4.02,3.09,1.04,1.39
2007-05-01,1.93,4.08,3.41,1.27,1.62
2007-05-02,1.87,4.28,3.77,1.46,1.86
2007-05-03,1.83,4.38,4.06,1.67,2.07
2007-05-04,1.9,4.2,4.1,1.84,2.26
2007-05-05,2.26,4.01,4.22,1.9,2.37
2007-05-06,2.7,3.92,4.24,1.95,2.41
2007-05-07,2.86,4.2,4.06,1.96,2.44
2007-05-08,3.2,4.84,3.88,1.94,2.43
2007-05-09,3.19,5.36,3.86,1.86,2.35
2007-05-10,2.52,5.5,4.18,1.82,2.37
2007-05-11,2.21,5.6,4.83,1.92,2.39
2007-05-12,2.98,5.24,5.46,2.3,2.46
2007-05-13,2.86,4.52,5.84,2.62,3.02
2007-05-14,2.46,4.6,5.78,2.94,3.36
2007-05-15,2.87,4.75,5.34,3.02,3.51
2007-05-16,2.63,4.52,4.84,2.66,3.34
2007-05-17,2.92,4.63,4.85,2.32,3.03
2007-05-18,2.75,4.7,4.83,2.27,2.82
2007-05-19,2.88,4.72,4.6,2.19,2.8
2007-05-20,3.12,4.94,4.61,2.12,2.78
2007-05-21,3.54,5.14,4.73,2.06,2.68
2007-05-22,3.59,5.52,4.98,2.06,2.68
2007-05-23,3.16,5.79,5.2,2.18,2.8
2007-05-24,3.16,5.9,5.43,2.38,2.98
2007-05-25,3.43,5.65,5.84,2.52,3.11
2007-05-26,3.05,5.38,6.15,2.8,3.34
2007-05-27,2.63,5.54,6.18,3.12,3.69
2007-05-28,2.33,5.38,5.96,3.08,3.85
2007-05-29,2.25,4.87,5.81,3.17,3.75
2007-05-30,2.47,4.42,5.72,2.94,3.6
2007-05-31,2.95,4.3,5.44,2.84,3.51
2007-06-01,3.14,4.62,4.95,2.75,3.37
2007-06-02,3.45,5.5,4.59,2.4,3.12
2007-06-03,3.66,6.3,4.61,2.23,2.86
2007-06-04,3.5,6.83,5.38,2.17,2.77
2007-06-05,3.47,6.96,6.9,2.48,2.97
2007-06-06,3.77,7.21,7.52,3.74,3.93
2007-06-07,3.56,7.2,7.64,4.32,5.09
2007-06-08,3.4,7.16,7.76,4.77,5.5
2007-06-09,3.88,7.08,7.72,4.88,5.6
2007-06-10,3.96,7.03,7.58,4.8,5.59
2007-06-11,3.63,7.16,7.46,4.57,5.42
2007-06-12,3.72,7.46,7.4,4.52,5.26
2007-06-13,3.72,7.57,7.43,4.5,5.2
2007-06-14,4.33,7.8,7.69,4.62,5.3
2007-06-15,4.11,8.54,7.86,4.9,5.54
2007-06-16,4.13,9.3,8.14,5.15,5.91
2007-06-17,4.22,8.74,8.74,5.4,6.15
2007-06-18,3.89,8.42,8.92,6.18,6.71
2007-06-19,3.79,8.04,8.54,6.37,6.94
2007-06-20,4.31,7.64,8.25,5.95,6.63
2007-06-21,4.81,7.46,8.03,5.68,6.31
2007-06-22,4.59,8.07,7.77,5.35,6.04
2007-06-23,4.19,8.58,7.66,5.07,5.68
2007-06-24,4.08,8.28,8.08,4.88,5.49
2007-06-25,4.04,7.82,8.33,5.33,5.77
2007-06-26,3.94,7.34,8.09,5.54,6.07
2007-06-27,4.21,7.6,7.74,5.32,5.91
2007-06-28,4.47,7.54,7.52,5.0,5.51
2007-06-29,4.75,8.56,7.6,4.76,5.3
2007-06-30,4.68,9.6,7.71,4.8,5.29
2007-07-01,4.51,9.2,8.76,5.0,5.44
2007-07-02,4.22,8.84,9.1,6.1,6.38
2007-07-03,4.28,8.6,8.83,6.46,7.03
2007-07-04,4.29,8.88,8.66,6.2,6.8
2007-07-05,4.64,8.87,8.53,6.03,6.59
2007-07-06,5.07,8.7,8.66,5.92,6.44
2007-07-07,5.29,9.14,8.6,5.97,6.46
2007-07-08,6.11,10.36,8.58,5.88,6.38
2007-07-09,6.41,11.25,9.3,5.98,6.42
2007-07-10,5.91,11.75,10.4,7.2,7.28
2007-07-11,5.26,11.7,10.76,8.1,8.48
2007-07-12,4.93,10.98,10.86,8.45,8.92
2007-07-13,4.62,10.19,10.46,8.38,9.06
2007-07-14,4.77,9.89,9.9,7.9,8.52
2007-07-15,5.52,9.7,9.57,7.46,7.98
2007-07-16,5.14,10.2,9.44,7.17,7.64
2007-07-17,4.88,10.38,9.46,7.0,7.44
2007-07-18,5.2,12.84,9.78,7.08,7.44
2007-07-19,6.13,13.6,11.24,7.66,7.92
2007-07-20,6.72,13.9,12.4,9.6,9.78
2007-07-21,6.82,14.45,12.63,10.28,10.6
2007-07-22,6.71,14.3,12.9,10.48,10.79
2007-07-23,6.53,13.75,12.87,10.6,10.92
2007-07-24,6.45,13.24,12.44,10.42,10.78
2007-07-25,6.5,13.36,12.02,10.1,10.44
2007-07-26,6.36,14.05,12.17,9.86,10.25
2007-07-27,6.78,14.1,12.7,10.26,10.5
2007-07-28,6.98,14.42,12.68,10.58,10.8
2007-07-29,7.03,14.74,12.81,10.5,10.77
2007-07-30,7.1,14.8,13.03,10.75,10.94
2007-07-31,7.41,14.98,13.09,10.83,11.05
2007-08-01,7.38,15.1,13.21,10.9,11.16
2007-08-02,7.45,15.14,13.22,10.98,11.26
2007-08-03,6.94,15.21,13.27,11.06,11.28
2007-08-04,6.6,14.96,13.31,11.02,11.31
2007-08-05,6.8,14.46,13.16,11.07,11.33
2007-08-06,7.36,14.42,12.88,10.92,11.21
2007-08-07,7.46,14.5,12.76,10.75,11.06
2007-08-08,7.75,15.26,12.85,10.63,10.97
2007-08-09,7.96,16.86,13.24,10.82,11.08
2007-08-10,8.67,18.32,14.24,11.27,11.42
2007-08-11,9.84,19.07,15.21,12.22,12.18
2007-08-12,10.57,20.22,15.76,12.79,12.7
2007-08-13,10.49,20.38,16.46,13.26,13.18
2007-08-14,9.34,19.96,16.8,13.63,13.53
2007-08-15,8.25,19.24,16.52,13.67,13.6
2007-08-16,7.81,17.92,16.02,13.54,13.53
2007-08-17,7.51,16.56,15.18,13.24,13.3
2007-08-18,7.25,15.58,14.28,12.62,12.86
2007-08-19,7.0,15.36,13.59,12.0,12.41
2007-08-20,7.84,14.82,13.3,11.48,11.94
2007-08-21,7.66,15.14,13.3,11.28,11.74
2007-08-22,7.54,15.24,13.25,11.27,11.7
2007-08-23,7.54,14.9,13.29,11.25,11.64
2007-08-24,7.17,14.41,13.13,11.1,11.53
2007-08-25,6.64,14.09,12.71,10.9,11.3
2007-08-26,6.23,13.58,12.54,10.68,11.09
2007-08-27,6.32,13.08,12.2,10.47,10.89
2007-08-28,6.46,13.06,11.78,10.1,10.56
2007-08-29,6.81,13.11,11.84,9.86,10.28
2007-08-30,7.54,13.0,11.88,9.9,10.29
2007-08-31,7.73,13.36,11.72,9.85,10.23
2007-09-01,7.57,13.86,11.87,9.73,10.1
2007-09-02,6.93,14.56,12.31,9.97,10.29
2007-09-03,7.54,14.04,12.83,10.48,10.73
2007-09-04,7.82,13.72,12.54,10.7,10.98
2007-09-05,7.88,13.98,12.25,10.4,10.68
2007-09-06,7.98,14.84,12.37,10.25,10.5
2007-09-07,8.03,15.22,13.04,10.53,10.7
2007-09-08,7.35,15.27,13.42,11.0,11.22
2007-09-09,8.46,15.2,13.46,11.18,11.47
2007-09-10,8.3,15.28,13.38,11.13,11.47
2007-09-11,7.75,15.24,13.39,11.1,11.38
2007-09-12,7.56,14.76,13.34,11.08,11.36
2007-09-13,6.84,14.1,13.03,10.92,11.23
2007-09-14,5.89,13.52,12.74,10.62,10.97
2007-09-15,6.5,12.5,12.84,10.57,10.86
2007-09-16,6.29,12.14,12.11,10.34,10.69
2007-09-17,5.8,12.14,11.59,9.72,10.17
2007-09-18,5.91,11.75,11.4,9.5,9.87
2007-09-19,5.75,11.5,11.28,9.32,9.72
2007-09-20,5.68,11.4,11.0,9.21,9.6
2007-09-21,5.58,11.1,10.81,9.08,9.46
2007-09-22,5.48,11.0,10.59,8.85,9.25
2007-09-23,5.39,10.78,10.46,8.6,9.0
2007-09-24,5.53,10.65,10.3,8.45,8.82
2007-09-25,5.36,10.5,10.07,8.2,8.56
2007-09-26,5.3,10.38,9.87,7.88,8.25
2007-09-27,4.84,11.18,9.76,7.72,8.02
2007-09-28,5.74,14.0,10.3,7.57,7.86
2007-09-29,6.78,12.78,12.3,9.18,8.97
2007-09-30,6.16,12.71,11.93,10.15,10.29
2007-10-01,5.58,12.62,11.62,9.7,9.93
2007-10-02,5.44,12.7,11.57,9.46,9.55
2007-10-03,5.17,11.04,11.07,9.26,9.4
2007-10-04,5.25,10.62,10.54,8.76,9.04
2007-10-05,5.16,10.42,10.16,8.31,8.53
2007-10-06,5.22,10.62,9.86,7.9,8.06
2007-10-07,5.54,10.48,9.92,7.75,7.87
2007-10-08,5.43,10.38,10.35,8.06,8.1
2007-10-09,4.98,10.4,10.23,8.4,8.49
2007-10-10,5.14,10.28,10.05,8.2,8.34
2007-10-11,5.22,10.05,9.81,7.9,8.1
2007-10-12,5.1,10.0,9.58,7.6,7.76
2007-10-13,5.08,9.8,9.51,7.38,7.54
2007-10-14,5.02,9.6,9.35,7.22,7.37
2007-10-15,4.85,9.48,9.2,7.04,7.18
2007-10-16,5.12,9.35,9.06,6.61,6.98
2007-10-17,4.65,9.1,8.96,6.46,6.79
2007-10-18,4.54,9.2,8.79,6.32,6.64
2007-10-19,4.55,8.88,8.69,6.15,6.46
2007-10-20,4.48,8.7,8.64,6.05,6.3
2007-10-21,4.2,8.62,8.46,5.94,6.18
2007-10-22,3.92,8.52,8.38,5.7,6.01
2007-10-23,4.87,8.26,8.38,5.68,5.94
2007-10-24,4.75,8.38,8.26,5.63,5.9
2007-10-25,4.66,8.98,8.14,5.5,5.79
2007-10-26,4.83,9.05,8.42,5.48,5.71
2007-10-27,4.78,8.92,8.71,5.77,5.96
2007-10-28,4.87,8.9,8.68,6.08,6.24
2007-10-29,4.94,8.84,8.66,6.06,6.24
2007-10-30,4.77,8.88,8.58,5.9,6.19
2007-10-31,4.9,8.86,8.52,5.83,6.13
2007-11-01,4.63,8.45,0.0,5.45,5.99
2007-11-02,3.31,8.5,0.0,5.28,5.8
2007-11-03,4.76,8.52,0.0,5.16,5.65
2007-11-04,5.37,8.56,0.0,5.1,5.58
2007-11-05,5.4,8.72,0.0,5.1,5.57
2007-11-06,4.63,9.35,0.0,5.07,5.54
2007-11-07,3.79,9.23,0.0,5.15,5.59
2007-11-08,3.56,8.42,0.0,5.48,5.86
2007-11-09,3.88,7.65,0.0,5.7,6.18
2007-11-10,3.89,7.6,0.0,5.36,5.94
2007-11-11,3.78,7.4,0.0,4.8,5.4
2007-11-12,3.77,7.3,0.0,4.36,4.86
2007-11-13,3.8,7.25,0.0,4.08,4.53
2007-11-14,3.75,7.2,0.0,4.02,4.44
2007-11-15,3.65,7.15,0.0,4.02,4.43
2007-11-16,3.73,7.13,0.0,3.95,4.38
2007-11-17,3.78,6.98,0.0,3.77,4.32
2007-11-18,3.75,6.95,0.0,3.75,4.28
2007-11-19,3.45,6.9,0.0,3.72,4.27
2007-11-20,3.33,6.92,0.0,3.6,4.2
2007-11-21,3.31,6.86,0.0,3.56,4.15
2007-11-22,3.26,6.45,0.0,3.58,4.14
2007-11-23,3.42,6.4,0.0,3.43,4.12
2007-11-24,3.33,6.4,0.0,3.33,3.96
2007-11-25,3.31,6.38,0.0,3.2,3.69
2007-11-26,3.12,6.3,0.0,3.07,3.56
2007-11-27,3.22,6.1,0.0,3.02,3.46
2007-11-28,3.06,6.0,0.0,3.0,3.44
2007-11-29,2.98,6.04,0.0,3.03,3.44
2007-11-30,2.93,5.99,0.0,2.9,3.37
2007-12-01,2.78,5.85,5.82,2.78,3.26
2007-12-02,2.82,5.74,5.78,2.75,3.18
2007-12-03,2.93,5.6,5.68,2.7,3.16
2007-12-04,2.98,5.55,5.58,2.65,3.12
2007-12-05,3.13,5.56,5.46,2.57,3.03
2007-12-06,3.26,5.62,5.36,2.47,2.93
2007-12-07,3.17,5.75,5.38,2.39,2.84
2007-12-08,3.2,5.9,5.42,2.36,2.8
2007-12-09,3.04,5.88,5.5,2.4,2.82
2007-12-10,2.96,5.85,5.61,2.45,2.87
2007-12-11,2.9,5.72,5.67,2.53,2.94
2007-12-12,2.92,5.59,5.65,2.6,3.04
2007-12-13,2.95,5.55,5.59,2.6,3.06
2007-12-14,2.93,5.43,5.5,2.56,3.04
2007-12-15,2.9,5.42,5.36,2.5,2.98
2007-12-16,2.8,5.4,5.28,2.41,2.88
2007-12-17,2.75,5.38,5.26,2.32,2.8
2007-12-18,2.72,5.39,5.25,2.3,2.76
2007-12-19,2.78,5.17,5.23,2.27,2.74
2007-12-20,2.66,5.1,5.18,2.27,2.74
2007-12-21,2.7,5.15,5.08,2.25,2.71
2007-12-22,2.67,5.05,4.98,2.21,2.66
2007-12-23,2.64,5.0,4.95,2.13,2.59
2007-12-24,2.55,4.97,4.92,2.08,2.54
2007-12-25,2.47,4.9,4.87,2.05,2.51
2007-12-26,2.48,4.82,4.84,2.02,2.48
2007-12-27,2.33,4.76,4.8,2.0,2.44
2007-12-28,2.21,4.7,4.73,1.97,2.42
2007-12-29,2.2,4.6,4.64,1.93,2.38
2007-12-30,2.27,4.5,4.58,1.87,2.33
2007-12-31,2.18,4.4,4.52,1.81,2.26
2008-01-01,2.68,5.12,5.12,2.16,2.53
2008-01-02,2.64,5.07,5.09,2.2,2.56
2008-01-03,2.67,4.98,5.06,2.22,2.59
2008-01-04,2.88,4.9,4.99,2.18,2.56
2008-01-05,2.9,4.95,4.94,2.14,2.55
2008-01-06,2.88,5.06,4.87,2.12,2.52
2008-01-07,3.0,5.06,4.84,2.08,2.48
2008-01-08,2.91,5.16,4.88,2.05,2.46
2008-01-09,2.84,5.22,4.97,2.06,2.46
2008-01-10,2.82,5.19,5.05,2.11,2.5
2008-01-11,2.76,5.12,5.09,2.17,2.56
2008-01-12,2.78,5.05,5.11,2.19,2.59
2008-01-13,2.67,4.97,5.06,2.22,2.62
2008-01-14,2.62,4.94,4.96,2.42,2.63
2008-01-15,2.65,4.85,4.9,2.36,2.6
2008-01-16,2.62,4.81,4.84,2.28,2.56
2008-01-17,2.69,4.77,4.78,2.28,2.52
2008-01-18,2.62,4.73,4.7,2.26,2.48
2008-01-19,2.54,4.79,4.64,2.23,2.44
2008-01-20,2.29,4.77,4.58,2.17,2.4
2008-01-21,2.46,4.69,4.6,2.13,2.37
2008-01-22,2.37,4.5,4.59,2.1,2.36
2008-01-23,2.3,4.52,4.56,2.13,2.36
2008-01-24,2.3,4.49,4.42,2.12,2.37
2008-01-25,2.35,4.42,4.3,2.05,2.33
2008-01-26,2.42,4.35,4.26,1.93,2.24
2008-01-27,2.38,4.38,4.21,1.87,2.18
2008-01-28,2.36,4.4,4.15,1.82,2.15
2008-01-29,2.3,4.64,4.12,1.8,2.1
2008-01-30,2.24,4.4,4.13,1.76,2.06
2008-01-31,2.27,4.3,4.16,1.74,2.05
2008-02-01,2.34,4.3,4.18,1.78,2.07
2008-02-02,2.31,4.24,4.1,1.8,2.08
2008-02-03,2.3,4.2,4.04,1.77,2.06
2008-02-04,2.23,4.16,3.97,1.72,2.02
2008-02-05,2.27,4.1,3.95,1.68,2.04
2008-02-06,2.28,4.16,3.93,1.65,2.01
2008-02-07,2.21,4.12,3.97,1.65,2.01
2008-02-08,2.14,4.08,3.93,1.66,2.02
2008-02-09,2.13,4.1,3.9,1.66,2.01
2008-02-10,2.09,4.05,3.88,1.64,1.99
2008-02-11,2.14,4.0,3.85,1.62,1.96
2008-02-12,2.12,3.92,3.8,1.61,1.96
2008-02-13,2.1,3.88,3.72,1.58,1.93
2008-02-14,2.12,3.85,3.66,1.5,1.87
2008-02-15,2.06,3.8,3.62,1.45,1.81
2008-02-16,2.07,3.75,3.6,1.4,1.77
2008-02-17,2.14,3.7,3.58,1.4,1.74
2008-02-18,2.13,3.65,3.58,1.38,1.72
2008-02-19,2.25,3.6,3.54,1.38,1.74
2008-02-20,2.09,3.56,3.5,1.36,1.72
2008-02-21,2.03,3.5,3.49,1.34,1.69
2008-02-22,2.06,3.46,3.49,1.32,1.67
2008-02-23,1.99,3.4,3.51,1.34,1.69
2008-02-24,1.94,3.35,3.52,1.37,1.72
2008-02-25,1.93,3.3,3.46,1.4,1.76
2008-02-26,1.87,3.25,3.38,1.36,1.73
2008-02-27,1.89,3.5,3.33,1.3,1.66
2008-02-28,1.9,3.48,3.29,1.24,1.6
2008-03-01,1.82,3.44,3.25,1.18,1.55
2008-03-02,1.8,3.4,3.23,1.16,1.52
2008-03-03,1.78,3.36,3.2,1.13,1.48
2008-03-04,1.77,3.32,3.18,1.12,1.47
2008-03-05,1.82,3.31,3.16,1.1,1.46
2008-03-06,1.78,3.32,3.12,1.1,1.44
2008-03-07,1.83,3.33,3.08,1.1,1.42
2008-03-08,1.84,3.29,3.04,1.02,1.39
2008-03-09,1.79,3.28,3.02,1.0,1.35
2008-03-10,1.87,3.3,3.0,1.0,1.32
2008-03-11,1.82,3.31,2.98,0.98,1.31
2008-03-12,1.92,3.28,2.98,0.98,1.3
2008-03-13,1.78,3.29,2.98,1.0,1.3
2008-03-14,1.8,3.27,2.97,1.02,1.32
2008-03-15,1.8,3.2,2.96,1.03,1.32
2008-03-16,1.74,3.3,2.96,1.03,1.32
2008-03-17,1.67,3.3,2.96,1.04,1.32
2008-03-18,1.74,3.27,2.91,1.02,1.32
2008-03-19,1.82,3.19,2.89,0.98,1.29
2008-03-20,1.79,3.19,2.99,0.98,1.28
2008-03-21,1.77,3.3,2.84,0.97,1.28
2008-03-22,1.79,3.27,2.82,0.94,1.26
2008-03-23,1.82,3.27,2.86,0.92,1.22
2008-03-24,1.8,3.3,2.86,0.97,1.27
2008-03-25,1.8,3.3,2.86,0.98,1.29
2008-03-26,1.7,3.27,2.89,1.05,1.35
2008-03-27,1.85,3.24,2.93,1.1,1.36
2008-03-28,1.97,3.27,2.9,1.16,1.43
2008-03-29,2.08,3.3,2.9,1.14,1.41
2008-03-30,1.85,3.35,2.83,1.12,1.38
2008-03-31,1.8,3.4,2.86,0.54,1.35
2008-04-01,1.8,3.42,2.9,0.55,1.34
2008-04-02,1.98,3.45,3.06,0.6,1.38
2008-04-03,2.13,3.5,3.08,0.72,1.48
2008-04-04,2.11,3.6,3.02,0.78,1.58
2008-04-05,2.02,3.55,2.98,0.73,1.57
2008-04-06,1.94,3.7,3.02,0.68,1.51
2008-04-07,1.97,3.8,3.13,0.7,1.5
2008-04-08,2.22,3.94,3.3,0.82,1.59
2008-04-09,2.41,4.0,3.33,0.96,1.74
2008-04-10,2.49,4.1,3.4,1.04,1.84
2008-04-11,2.3,4.4,3.52,1.12,1.88
2008-04-12,2.3,4.5,3.54,1.13,1.98
2008-04-13,2.38,4.5,3.64,1.16,2.0
2008-04-14,2.32,4.55,4.04,1.24,2.05
2008-04-15,2.26,4.5,4.42,1.38,2.18
2008-04-16,2.19,4.4,4.36,1.56,2.35
2008-04-17,2.04,4.28,4.39,1.63,2.5
2008-04-18,2.04,4.08,4.2,1.63,2.49
2008-04-19,2.07,4.0,3.95,1.54,2.42
2008-04-20,2.02,3.8,3.74,1.42,2.32
2008-04-21,2.03,3.7,3.56,1.28,2.18
2008-04-22,2.17,3.75,3.37,1.1,2.01
2008-04-23,2.57,3.58,3.18,0.96,1.84
2008-04-24,2.65,3.55,3.15,0.88,1.72
2008-04-25,2.6,3.76,3.12,0.83,1.66
2008-04-26,2.22,4.0,3.1,0.92,1.72
2008-04-27,2.24,4.05,3.16,0.8,1.66
2008-04-28,2.07,4.0,3.33,0.85,1.67
2008-04-29,2.22,3.8,3.54,1.0,1.77
2008-04-30,2.17,3.75,3.67,1.13,1.95
2008-05-01,2.3,3.66,3.5,1.23,2.05
2008-05-02,2.56,3.6,3.36,1.17,2.06
2008-05-03,2.85,3.55,3.31,1.06,1.95
2008-05-04,2.74,3.56,3.3,0.98,1.83
2008-05-05,2.64,3.9,3.25,0.96,1.77
2008-05-06,2.52,4.07,3.37,0.94,1.74
2008-05-07,2.67,4.0,3.57,1.0,1.79
2008-05-08,2.44,4.02,3.83,1.16,1.92
2008-05-09,2.23,4.05,3.96,1.32,2.08
2008-05-10,2.13,4.0,3.9,1.35,2.21
2008-05-11,2.31,3.8,3.82,1.38,2.28
2008-05-12,2.2,3.7,3.78,1.32,2.23
2008-05-13,2.23,3.6,3.66,1.26,2.2
2008-05-14,2.57,3.65,3.52,1.14,2.16
2008-05-15,2.82,3.7,3.63,1.12,2.07
2008-05-16,2.71,3.84,3.83,1.16,2.03
2008-05-17,3.34,4.3,3.9,1.3,2.16
2008-05-18,3.31,4.6,4.0,1.37,2.25
2008-05-19,3.11,4.95,4.28,1.54,2.32
2008-05-20,3.13,5.3,4.71,1.58,2.4
2008-05-21,2.74,4.49,5.4,1.78,2.58
2008-05-22,2.47,5.45,6.08,2.0,2.85
2008-05-23,2.37,5.37,6.05,2.88,3.57
2008-05-24,2.43,5.15,5.92,3.02,3.86
2008-05-25,2.33,4.8,5.76,2.95,3.84
2008-05-26,2.29,4.5,5.37,2.86,3.73
2008-05-27,2.29,4.22,4.92,2.6,3.56
2008-05-28,2.25,4.09,4.53,2.3,3.24
2008-05-29,2.21,4.2,4.3,2.06,2.94
2008-05-30,1.96,4.49,4.12,1.85,2.73
2008-05-31,2.41,4.75,4.44,2.13,2.97
2008-06-01,2.34,4.77,5.07,1.97,2.88
2008-06-02,3.33,4.8,5.3,2.24,3.07
2008-06-03,3.32,5.0,5.24,2.48,3.37
2008-06-04,3.77,5.29,5.12,2.44,3.38
2008-06-05,3.76,5.78,5.25,2.36,3.3
2008-06-06,3.71,6.08,5.8,2.36,3.26
2008-06-07,3.93,6.3,6.42,2.64,3.42
2008-06-08,3.89,6.45,6.93,3.2,3.94
2008-06-09,3.74,6.6,6.94,3.7,4.5
2008-06-10,3.6,6.68,6.87,3.78,4.68
2008-06-11,3.74,6.55,6.98,3.72,4.61
2008-06-12,3.5,6.35,6.99,3.8,4.68
2008-06-13,3.52,6.22,6.81,3.8,4.72
2008-06-14,3.45,6.0,6.64,3.7,4.6
2008-06-15,3.47,5.9,6.54,3.5,4.42
2008-06-16,3.24,5.85,6.37,3.42,4.32
2008-06-17,3.07,5.76,6.2,3.32,4.25
2008-06-18,2.84,5.68,6.22,3.28,4.22
2008-06-19,3.07,5.55,6.21,3.22,4.13
2008-06-20,2.97,5.3,6.08,3.2,4.13
2008-06-21,2.92,5.18,5.96,3.1,4.04
2008-06-22,2.99,5.14,5.78,2.92,3.88
2008-06-23,2.73,5.08,5.51,2.78,3.72
2008-06-24,2.75,5.02,5.46,2.66,3.57
2008-06-25,2.95,4.88,5.45,2.62,3.5
2008-06-26,3.49,4.7,5.4,2.6,3.46
2008-06-27,3.28,4.73,5.27,2.54,3.41
2008-06-28,3.19,5.25,5.07,2.44,3.32
2008-06-29,3.35,5.67,4.96,2.3,3.21
2008-06-30,3.08,5.77,5.22,2.2,3.06
2008-07-01,3.37,6.09,5.74,2.28,3.09
2008-07-02,3.81,7.38,6.12,2.65,3.39
2008-07-03,3.85,8.18,6.61,2.96,3.79
2008-07-04,5.31,8.07,7.66,3.46,4.2
2008-07-05,5.04,8.12,8.26,4.5,5.15
2008-07-06,4.82,12.04,8.31,5.08,5.96
2008-07-07,5.62,13.77,10.64,5.35,6.22
2008-07-08,5.94,13.52,12.36,8.3,8.8
2008-07-09,5.96,12.56,12.36,9.23,10.1
2008-07-10,5.89,11.82,11.7,8.94,9.97
2008-07-11,5.16,11.3,11.11,8.32,9.43
2008-07-12,4.81,10.64,10.66,7.85,8.99
2008-07-13,4.59,9.99,10.27,7.5,8.62
2008-07-14,4.6,10.32,10.04,7.22,8.89
2008-07-15,4.48,10.13,10.1,7.12,8.24
2008-07-16,4.9,10.14,9.96,7.12,8.22
2008-07-17,4.59,10.25,9.72,6.94,8.06
2008-07-18,4.48,10.23,9.71,6.76,7.91
2008-07-19,4.45,10.12,9.82,6.77,7.9
2008-07-20,4.38,9.81,9.8,6.83,7.97
2008-07-21,4.65,9.46,9.56,6.71,7.88
2008-07-22,4.55,9.55,9.28,6.44,7.63
2008-07-23,4.43,9.66,9.12,6.16,7.3
2008-07-24,4.65,9.6,9.23,6.03,7.19
2008-07-25,4.56,9.35,9.24,6.13,7.27
2008-07-26,4.7,9.42,9.12,6.09,7.27
2008-07-27,4.65,9.09,9.11,5.97,7.11
2008-07-28,4.5,8.96,8.93,5.92,7.03
2008-07-29,4.68,8.76,8.72,5.71,6.84
2008-07-30,4.64,8.56,8.62,5.51,6.6
2008-07-31,4.42,8.6,8.44,5.35,6.43
2008-08-01,4.43,8.7,8.32,5.28,6.22
2008-08-02,4.14,9.0,8.41,5.12,6.08
2008-08-03,4.92,9.05,8.69,5.2,6.12
2008-08-04,4.53,9.18,8.89,5.44,6.38
2008-08-05,4.83,9.15,8.84,5.61,6.6
2008-08-06,5.12,9.0,8.9,5.63,6.58
2008-08-07,6.18,9.7,8.73,5.68,6.62
2008-08-08,6.93,11.1,8.75,5.53,6.46
2008-08-09,6.76,11.87,9.98,5.8,6.54
2008-08-10,6.37,12.34,10.66,6.95,7.78
2008-08-11,5.46,12.12,11.22,7.83,8.72
2008-08-12,5.18,11.48,11.17,8.17,9.16
2008-08-13,4.95,10.52,10.81,8.03,9.1
2008-08-14,4.75,10.52,10.32,7.73,8.8
2008-08-15,4.5,10.28,10.27,7.33,8.42
2008-08-16,4.91,10.32,10.08,7.37,8.42
2008-08-17,5.18,10.34,9.9,7.1,8.2
2008-08-18,6.12,11.13,9.8,6.92,8.0
2008-08-19,6.45,11.14,10.28,6.89,7.87
2008-08-20,6.5,11.1,10.42,7.33,8.26
2008-08-21,6.21,11.72,10.64,7.46,8.4
2008-08-22,6.23,11.56,10.8,7.7,8.62
2008-08-23,6.0,11.45,10.8,7.8,8.77
2008-08-24,6.35,11.3,10.67,7.75,8.74
2008-08-25,7.11,11.03,10.57,7.66,8.62
2008-08-26,7.19,12.06,10.36,7.51,8.51
2008-08-27,6.73,12.58,10.82,7.41,8.36
2008-08-28,6.57,12.49,11.36,8.03,8.86
2008-08-29,6.28,12.06,11.37,8.46,8.34
2008-08-30,5.77,11.63,11.11,8.38,9.34
2008-08-31,5.68,11.28,10.83,8.06,9.03
2008-09-01,6.4,11.0,10.63,7.82,8.78
2008-09-02,6.67,11.2,10.4,7.6,8.56
2008-09-03,6.55,11.88,10.44,7.38,8.32
2008-09-04,6.11,11.98,10.8,7.55,8.39
2008-09-05,5.52,11.68,11.01,7.97,8.79
2008-09-06,5.3,10.99,10.87,8.06,8.96
2008-09-07,5.53,10.5,10.46,7.83,8.76
2008-09-08,5.84,10.3,9.99,7.37,8.34
2008-09-09,5.7,10.46,9.82,6.92,7.86
2008-09-10,5.52,10.44,9.79,6.73,7.62
2008-09-11,5.29,10.28,9.87,6.77,7.58
2008-09-12,5.2,10.1,9.74,6.78,7.61
2008-09-13,5.2,9.9,9.55,6.63,7.48
2008-09-14,4.98,9.92,9.43,6.4,7.24
2008-09-15,4.92,9.88,9.46,6.28,7.07
2008-09-16,5.03,9.62,9.44,6.35,7.14
2008-09-17,4.99,9.94,9.5,6.45,7.24
2008-09-18,5.27,10.24,9.97,6.51,7.35
2008-09-19,5.4,10.18,10.27,7.09,7.86
2008-09-20,5.34,10.26,10.03,7.22,8.12
2008-09-21,5.24,10.27,9.86,6.93,7.84
2008-09-22,5.13,10.18,9.9,6.84,7.68
2008-09-23,5.03,10.26,10.09,6.95,7.74
2008-09-24,5.18,10.18,10.02,7.02,7.86
2008-09-25,5.35,9.9,9.93,7.0,7.8
2008-09-26,5.39,9.92,9.82,6.89,7.75
2008-09-27,5.39,9.85,10.14,6.99,7.74
2008-09-28,4.9,9.96,10.27,7.36,8.11
2008-09-29,4.73,9.67,10.13,7.28,8.14
2008-09-30,4.85,9.22,9.82,7.09,7.92
2008-10-01,4.68,8.96,9.32,6.68,7.58
2008-10-02,4.4,8.93,9.06,6.16,7.07
2008-10-03,4.0,8.71,9.21,5.99,6.77
2008-10-04,3.68,8.46,9.22,6.1,6.86
2008-10-05,3.57,7.94,8.96,6.06,6.85
2008-10-06,3.72,7.55,8.52,5.67,6.51
2008-10-07,4.08,7.43,8.11,5.26,6.09
2008-10-08,4.01,7.33,7.88,4.85,5.67
2008-10-09,3.91,7.59,7.66,4.66,5.38
2008-10-10,3.83,7.75,7.6,4.42,5.17
2008-10-11,3.77,7.96,7.77,4.37,5.04
2008-10-12,3.81,7.85,7.97,4.52,5.14
2008-10-13,3.76,7.78,8.04,4.67,5.31
2008-10-14,3.68,7.6,7.94,4.72,5.38
2008-10-15,3.76,7.61,7.93,4.61,5.3
2008-10-16,3.67,7.37,7.86,4.63,5.28
2008-10-17,3.69,7.25,7.8,4.57,5.22
2008-10-18,3.55,7.23,7.64,4.49,5.16
2008-10-19,3.35,7.12,7.5,4.33,5.01
2008-10-20,3.53,7.04,7.37,4.21,4.86
2008-10-21,3.45,6.9,7.27,4.08,4.74
2008-10-22,3.4,6.98,7.28,4.01,4.65
2008-10-23,3.52,6.95,7.22,4.0,4.63
2008-10-24,3.77,6.8,7.22,3.95,4.6
2008-10-25,3.72,6.8,7.14,3.9,4.54
2008-10-26,3.21,7.06,7.01,3.86,4.52
2008-10-27,2.98,7.0,6.98,3.72,4.37
2008-10-28,2.97,6.57,7.12,3.69,4.3
2008-10-29,2.18,6.23,7.1,3.79,4.37
2008-10-30,3.15,6.08,6.81,3.75,4.42
2008-10-31,3.27,6.1,6.49,3.54,4.23
2008-11-01,5.4,8.7,8.65,5.85,6.08
2008-11-02,5.79,8.85,9.04,6.35,6.41
2008-11-03,5.79,9.38,9.02,6.62,6.84
2008-11-04,6.12,10.12,9.21,6.6,6.82
2008-11-05,6.95,11.62,9.53,6.68,6.98
2008-11-06,6.57,11.5,10.86,7.58,7.48
2008-11-07,5.86,11.78,10.82,8.46,8.54
2008-11-08,5.74,11.46,10.99,8.52,8.57
2008-11-09,5.45,10.8,10.87,8.62,8.65
2008-11-10,5.32,10.3,10.4,8.35,8.44
2008-11-11,5.06,10.0,9.86,7.78,8.02
2008-11-12,4.71,9.7,9.5,7.36,7.56
2008-11-13,4.63,9.4,9.23,6.9,7.17
2008-11-14,4.35,8.78,8.94,6.62,6.73
2008-11-15,4.25,8.55,8.61,6.24,6.37
2008-11-16,4.29,8.35,8.36,5.78,6.16
2008-11-17,4.12,8.08,8.18,5.56,5.81
2008-11-18,4.15,7.98,7.95,5.38,5.58
2008-11-19,3.99,7.85,7.8,5.13,5.35
2008-11-20,4.04,7.77,7.7,4.86,5.17
2008-11-21,4.12,7.6,7.64,4.73,5.03
2008-11-22,3.87,7.54,7.51,4.62,4.92
2008-11-23,3.64,7.5,7.37,4.52,4.81
2008-11-24,3.63,7.35,7.34,4.42,4.68
2008-11-25,2.63,7.08,7.33,4.4,4.62
2008-11-26,3.74,6.99,7.14,4.42,4.61
2008-11-27,3.74,6.94,6.99,4.23,4.49
2008-11-28,3.59,6.9,6.9,3.9,4.26
2008-11-29,3.49,6.94,6.86,3.78,4.12
2008-11-30,3.48,6.9,6.85,3.7,4.03
2008-12-01,3.36,6.66,6.84,3.7,4.02
2008-12-02,3.4,6.55,6.78,3.68,4.0
2008-12-03,3.4,6.45,6.62,3.6,3.94
2008-12-04,3.43,6.4,6.52,3.48,3.82
2008-12-05,3.48,6.35,6.43,3.4,3.72
2008-12-06,3.41,6.31,6.36,3.3,3.64
2008-12-07,3.4,6.27,6.34,3.24,3.56
2008-12-08,3.4,6.2,6.34,3.22,3.53
2008-12-09,3.33,6.3,6.36,3.22,3.52
2008-12-10,3.27,6.28,6.33,3.28,3.53
2008-12-11,3.36,6.22,6.28,3.28,3.52
2008-12-12,3.3,6.13,6.26,3.2,3.47
2008-12-13,3.17,6.12,6.21,3.18,3.45
2008-12-14,3.05,6.08,6.15,3.15,3.42
2008-12-15,3.17,5.97,6.11,3.1,3.87
2008-12-16,2.96,5.86,6.07,3.06,3.32
2008-12-17,2.96,5.81,5.98,3.03,3.29
2008-12-18,2.8,5.7,5.86,2.89,3.23
2008-12-19,2.79,5.59,5.79,2.78,3.17
2008-12-20,2.72,5.49,5.7,2.72,3.08
2008-12-21,2.68,5.45,5.59,2.66,3.03
2008-12-22,2.63,5.32,5.48,2.58,2.94
2008-12-23,2.7,5.22,5.36,2.5,2.87
2008-12-24,2.65,5.14,5.28,2.42,2.77
2008-12-25,2.56,5.14,5.2,2.35,2.7
2008-12-26,2.62,5.1,5.09,2.28,2.64
2008-12-27,2.72,5.04,5.06,2.22,2.59
2008-12-28,2.74,5.1,5.03,2.2,2.55
2008-12-29,2.7,5.18,4.98,2.18,2.52
2008-12-30,2.72,5.22,4.98,2.17,2.52
2008-12-31,2.71,5.12,5.02,2.16,2.52
2009-01-01,2.0,3.9,4.2,1.49,2.08
2009-01-02,2.01,3.68,4.05,1.44,2.04
2009-01-03,2.0,3.67,3.87,1.34,1.95
2009-01-04,2.0,3.67,3.8,1.2,1.8
2009-01-05,2.0,3.66,3.74,1.12,1.69
2009-01-06,1.99,3.64,3.69,1.08,1.62
2009-01-07,1.98,3.62,3.68,1.05,1.59
2009-01-08,1.99,3.6,3.65,1.02,1.56
2009-01-09,2.1,3.58,3.62,1.03,1.56
2009-01-10,2.06,3.58,3.59,1.03,1.56
2009-01-11,2.02,3.64,3.56,1.03,1.56
2009-01-12,1.94,3.67,3.54,1.01,1.55
2009-01-13,2.39,3.66,3.53,0.99,1.52
2009-01-14,2.38,3.58,3.6,1.0,1.52
2009-01-15,2.44,3.7,3.6,1.04,1.56
2009-01-16,2.24,3.93,3.49,1.05,1.56
2009-01-17,2.36,4.11,3.48,1.02,1.56
2009-01-18,2.7,3.95,3.59,1.01,1.52
2009-01-19,2.49,3.9,3.73,1.1,1.6
2009-01-20,2.65,3.93,3.78,1.24,1.74
2009-01-21,2.64,4.24,3.72,1.32,1.84
2009-01-22,2.41,4.26,3.88,1.31,1.86
2009-01-23,2.28,4.37,3.92,1.32,1.86
2009-01-24,2.53,4.32,4.0,1.41,1.96
2009-01-25,2.28,4.1,4.12,1.48,2.02
2009-01-26,2.2,4.13,4.17,1.55,2.0
2009-01-27,2.06,4.15,4.08,1.59,2.16
2009-01-28,2.02,3.92,3.94,1.57,2.17
2009-01-29,2.0,3.89,3.9,1.48,2.08
2009-01-30,2.06,3.84,3.84,1.43,2.02
2009-01-31,2.08,3.78,3.74,1.38,1.98
2009-02-01,2.04,3.67,3.64,1.31,1.9
2009-02-02,2.05,3.67,3.56,1.23,1.82
2009-02-03,1.98,3.65,3.48,1.14,1.73
2009-02-04,1.82,3.6,3.46,1.06,1.63
2009-02-05,1.71,3.51,3.44,1.03,1.58
2009-02-06,1.58,3.42,3.39,0.99,1.56
2009-02-07,1.55,3.34,3.34,0.97,1.55
2009-02-08,1.53,3.13,3.27,0.92,1.5
2009-02-09,1.51,3.08,3.17,0.86,1.44
2009-02-10,1.21,3.06,3.07,0.78,1.36
2009-02-11,1.08,3.03,2.96,0.68,1.25
2009-02-12,1.18,2.98,2.88,0.57,1.14
2009-02-13,1.15,2.7,2.84,0.52,1.06
2009-02-14,1.09,2.74,2.75,0.49,1.01
2009-02-15,1.07,2.74,2.6,0.44,0.96
2009-02-16,1.07,2.65,2.5,0.29,0.83
2009-02-17,1.06,2.63,2.48,0.2,0.66
2009-02-18,1.05,2.63,2.42,0.18,0.62
2009-02-19,1.02,2.6,2.38,0.15,0.59
2009-02-20,0.98,2.6,2.34,0.1,0.55
2009-02-21,0.98,2.62,2.32,0.09,0.5
2009-02-22,0.98,2.62,2.3,0.08,0.49
2009-02-23,1.03,2.59,2.28,0.06,0.48
2009-02-24,1.01,2.55,2.28,0.06,0.47
2009-02-25,1.0,2.53,2.25,0.07,0.48
2009-02-26,1.02,2.53,2.21,0.06,0.48
2009-02-27,1.06,2.53,2.2,0.04,0.44
2009-02-28,1.17,2.48,2.17,0.02,0.41
2009-03-01,1.12,2.47,2.14,0.0,0.39
2009-03-02,1.17,2.6,2.12,0.0,0.36
2009-03-03,1.18,2.6,2.1,0.0,0.33
2009-03-04,1.26,2.58,2.14,0.0,0.32
2009-03-05,1.27,2.64,2.18,0.0,0.34
2009-03-06,1.39,2.65,2.17,0.0,0.42
2009-03-07,1.47,2.67,2.18,0.0,0.45
2009-03-08,1.45,2.68,2.18,0.0,0.46
2009-03-09,1.45,2.86,2.2,0.0,0.48
2009-03-10,1.43,2.9,2.2,0.0,0.48
2009-03-11,1.43,2.91,2.25,0.0,0.5
2009-03-12,1.68,2.91,2.28,0.0,0.54
2009-03-13,1.78,2.92,2.27,0.15,0.63
2009-03-14,1.52,3.03,2.27,0.16,0.66
2009-03-15,1.63,3.32,2.27,0.16,0.66
2009-03-16,1.59,3.18,2.31,0.17,0.67
2009-03-17,1.58,3.08,2.45,0.18,0.67
2009-03-18,1.52,3.11,2.5,0.32,0.8
2009-03-19,1.47,3.09,2.44,0.4,0.96
2009-03-20,1.57,3.11,2.41,0.35,0.94
2009-03-21,1.63,3.02,2.4,0.33,0.88
2009-03-22,1.51,3.05,2.41,0.35,0.77
2009-03-23,1.26,3.13,2.38,0.3,0.86
2009-03-24,1.43,3.11,2.35,0.29,0.85
2009-03-25,1.44,2.88,2.38,0.25,0.8
2009-03-26,1.39,2.86,2.4,0.26,0.78
2009-03-27,1.29,2.89,2.33,0.3,0.84
2009-03-28,0.96,2.89,2.24,0.23,0.82
2009-03-29,1.31,2.71,2.22,0.13,0.7
2009-03-30,1.47,2.58,2.24,0.1,0.63
2009-03-31,1.58,2.63,2.21,0.11,0.64
2009-04-01,1.66,2.97,2.13,0.09,0.63
2009-04-02,1.6,3.16,2.07,0.03,0.57
2009-04-03,1.76,3.32,2.19,0.0,0.46
2009-04-04,1.91,3.25,2.32,0.04,0.51
2009-04-05,1.88,3.28,2.43,0.23,0.69
2009-04-06,1.91,3.39,2.46,0.34,0.86
2009-04-07,1.87,3.42,2.46,0.42,0.98
2009-04-08,1.84,3.41,2.49,0.42,1.0
2009-04-09,1.85,3.39,2.56,0.47,1.03
2009-04-10,1.93,3.35,2.57,0.5,1.08
2009-04-11,1.96,3.32,2.56,0.53,1.12
2009-04-12,1.98,3.35,2.54,0.52,1.14
2009-04-13,1.97,3.41,2.52,0.5,1.12
2009-04-14,2.0,3.42,2.52,0.48,1.08
2009-04-15,1.96,3.41,2.54,0.46,1.06
2009-04-16,1.75,3.43,2.57,0.51,1.07
2009-04-17,1.72,3.52,2.58,0.53,1.14
2009-04-18,1.7,3.59,2.6,0.53,1.13
2009-04-19,1.83,3.54,2.66,0.56,1.15
2009-04-20,1.95,3.45,2.74,0.62,1.2
2009-04-21,2.05,3.52,2.76,0.69,1.27
2009-04-22,2.05,3.59,2.71,0.72,1.33
2009-04-23,2.03,3.67,2.68,0.68,1.32
2009-04-24,2.03,3.68,2.73,0.65,1.26
2009-04-25,2.03,3.7,2.77,0.67,1.27
2009-04-26,2.14,3.89,2.81,0.71,1.3
2009-04-27,2.19,3.97,2.86,0.76,1.37
2009-04-28,2.3,4.18,2.92,0.8,1.41
2009-04-29,2.43,4.26,3.14,0.85,1.44
2009-04-30,2.24,4.24,3.26,1.0,1.57
2009-05-01,2.03,4.31,3.44,1.13,1.71
2009-05-02,2.04,4.27,3.54,1.22,1.82
2009-05-03,2.08,4.03,3.56,1.3,1.93
2009-05-04,2.03,3.92,3.6,1.32,1.91
2009-05-05,2.02,3.96,3.48,1.33,1.99
2009-05-06,2.0,3.87,3.3,1.29,1.98
2009-05-07,1.98,3.77,3.21,1.16,1.87
2009-05-08,1.98,3.68,3.18,1.06,1.75
2009-05-09,1.96,3.62,3.1,1.01,1.69
2009-05-10,2.0,3.61,3.03,0.95,1.63
2009-05-11,2.04,3.66,2.95,0.88,1.57
2009-05-12,2.04,3.79,2.92,0.81,1.48
2009-05-13,2.06,3.96,2.92,0.77,1.44
2009-05-14,2.06,4.0,2.97,0.76,1.4
2009-05-15,2.0,3.95,3.1,0.8,1.44
2009-05-16,2.01,3.84,3.19,0.92,1.55
2009-05-17,2.1,3.86,3.21,0.99,1.63
2009-05-18,2.15,4.04,3.18,1.03,1.69
2009-05-19,2.1,4.15,3.14,1.01,1.69
2009-05-20,2.02,4.12,3.2,0.95,1.65
2009-05-21,1.97,3.99,3.3,0.99,1.65
2009-05-22,1.97,3.85,3.39,1.08,1.73
2009-05-23,2.14,3.81,3.35,1.15,1.81
2009-05-24,2.3,3.75,3.25,1.13,1.84
2009-05-25,2.39,3.8,3.2,1.07,1.8
2009-05-26,2.41,3.95,3.14,1.01,1.74
2009-05-27,2.59,4.14,3.14,0.96,1.67
2009-05-28,2.88,4.2,3.18,0.92,1.61
2009-05-29,3.02,4.34,3.31,0.97,1.68
2009-05-30,2.96,4.62,3.44,1.06,1.72
2009-05-31,2.55,4.96,3.44,1.16,1.82
2009-06-01,2.86,4.97,3.78,1.26,1.94
2009-06-02,2.88,4.54,4.11,1.37,2.04
2009-06-03,3.0,4.5,4.47,1.52,2.19
2009-06-04,3.1,4.78,4.53,1.7,2.38
2009-06-05,3.15,5.04,4.38,1.82,2.53
2009-06-06,3.12,5.06,4.51,1.79,2.55
2009-06-07,3.05,5.14,4.83,1.79,2.53
2009-06-08,3.0,5.54,5.08,1.95,2.65
2009-06-09,2.88,5.63,5.55,2.13,2.84
2009-06-10,2.8,5.43,5.5,2.27,3.02
2009-06-11,2.72,5.24,5.79,2.44,3.16
2009-06-12,2.57,5.12,5.76,2.67,3.38
2009-06-13,2.51,4.82,5.62,2.74,3.53
2009-06-14,2.48,4.7,5.37,2.62,3.47
2009-06-15,2.46,4.56,5.12,2.46,3.3
2009-06-16,2.59,4.39,4.84,2.27,3.12
2009-06-17,2.78,4.26,4.64,2.07,2.93
2009-06-18,2.8,4.27,4.42,1.92,2.76
2009-06-19,2.78,4.4,4.06,1.72,2.45
2009-06-20,2.87,4.48,4.2,1.6,2.6
2009-06-21,2.85,4.46,4.06,1.5,2.32
2009-06-22,2.97,4.62,4.2,1.42,2.24
2009-06-23,3.3,4.89,4.4,1.48,2.27
2009-06-24,3.55,5.17,4.5,1.66,2.4
2009-06-25,3.46,5.44,4.62,1.7,2.51
2009-06-26,3.44,5.7,4.95,1.75,2.55
2009-06-27,3.4,5.7,5.29,1.92,2.68
2009-06-28,3.53,5.64,5.59,2.18,2.9
2009-06-29,3.5,5.56,5.76,2.42,3.16
2009-06-30,3.5,5.6,5.8,2.6,3.36
2009-07-01,3.45,5.64,5.74,2.7,3.5
2009-07-02,3.45,5.72,5.78,2.7,3.52
2009-07-03,3.52,5.86,6.01,2.74,3.54
2009-07-04,3.58,5.89,6.23,2.9,3.66
2009-07-05,3.51,5.88,6.28,3.16,3.9
2009-07-06,3.28,5.92,6.27,3.16,4.02
2009-07-07,3.49,5.8,6.18,3.13,4.04
2009-07-08,4.13,5.54,6.14,3.05,3.94
2009-07-09,3.94,5.52,6.13,3.02,3.91
2009-07-10,4.01,6.14,5.93,3.02,3.88
2009-07-11,3.74,6.36,5.75,2.86,3.76
2009-07-12,3.59,6.34,6.07,2.68,3.67
2009-07-13,3.58,6.15,6.49,2.8,3.57
2009-07-14,3.58,5.94,6.63,3.25,3.96
2009-07-15,3.7,6.0,6.7,3.45,4.28
2009-07-16,3.89,6.02,6.53,3.7,4.56
2009-07-17,3.97,6.26,6.34,3.55,4.51
2009-07-18,4.18,6.62,6.38,3.4,4.38
2009-07-19,3.94,7.9,6.74,3.33,4.26
2009-07-20,4.3,8.3,7.15,3.58,4.4
2009-07-21,4.63,7.88,8.06,3.98,4.81
2009-07-22,4.93,7.88,8.3,4.85,5.61
2009-07-23,4.65,8.39,8.13,5.1,6.08
2009-07-24,5.21,8.9,8.24,4.94,5.98
2009-07-25,6.55,9.6,8.68,5.05,6.04
2009-07-26,6.26,10.6,9.15,5.48,6.42
2009-07-27,5.85,11.32,9.83,6.05,7.0
2009-07-28,5.76,10.96,10.62,6.85,7.81
2009-07-29,5.12,10.48,10.66,7.68,8.58
2009-07-30,5.0,9.94,10.35,7.5,8.58
2009-07-31,5.11,9.48,9.97,7.15,8.26
2009-08-01,5.3,9.5,9.53,6.73,7.86
2009-08-02,5.2,9.63,9.36,6.38,7.53
2009-08-03,5.0,9.95,9.47,6.3,7.39
2009-08-04,5.0,10.05,10.0,6.5,7.56
2009-08-05,4.83,9.91,10.3,7.1,8.12
2009-08-06,4.9,9.93,10.08,7.38,8.52
2009-08-07,5.03,10.4,10.37,7.34,8.56
2009-08-08,5.12,10.18,10.4,7.65,8.79
2009-08-09,5.02,10.08,10.15,7.55,8.8
2009-08-10,5.03,9.96,10.14,7.44,8.63
2009-08-11,5.15,9.94,10.04,7.42,8.63
2009-08-12,5.09,9.98,10.07,7.32,8.56
2009-08-13,5.1,10.12,10.39,7.48,8.64
2009-08-14,4.98,10.36,10.39,7.72,8.91
2009-08-15,4.85,10.32,10.34,7.58,8.83
2009-08-16,4.93,10.06,10.45,7.62,8.8
2009-08-17,4.71,10.08,10.23,7.65,8.9
2009-08-18,4.71,10.94,10.22,7.45,8.72
2009-08-19,5.51,11.43,10.86,7.62,8.84
2009-08-20,6.11,11.36,11.33,8.42,9.52
2009-08-21,6.15,11.69,11.12,8.62,9.32
2009-08-22,6.11,11.62,11.54,8.55,9.7
2009-08-23,5.7,11.57,11.56,8.88,9.97
2009-08-24,5.14,11.3,11.37,8.84,9.93
2009-08-25,4.92,10.7,11.05,8.65,9.72
2009-08-26,4.76,10.23,10.88,8.4,9.57
2009-08-27,5.0,10.73,10.75,8.35,9.53
2009-08-28,6.0,11.1,10.67,8.12,9.32
2009-08-29,6.2,12.2,10.94,8.14,9.31
2009-08-30,6.3,12.72,12.1,8.99,9.87
2009-08-31,5.95,12.34,12.57,10.04,10.98
2009-09-01,5.74,12.14,12.42,10.18,11.25
2009-09-02,5.38,11.66,12.05,10.1,11.22
2009-09-03,5.32,11.2,11.48,9.52,10.78
2009-09-04,4.8,10.88,11.07,9.0,10.28
2009-09-05,4.39,10.54,10.63,8.48,9.8
2009-09-06,4.19,9.93,10.38,8.0,9.35
2009-09-07,4.22,9.5,9.99,7.64,8.99
2009-09-08,4.32,9.14,9.63,7.18,8.53
2009-09-09,4.52,8.91,9.35,6.77,8.08
2009-09-10,4.67,8.98,9.2,6.45,7.7
2009-09-11,4.93,9.34,9.12,6.26,7.48
2009-09-12,4.95,9.53,9.41,6.24,7.37
2009-09-13,5.04,9.9,9.7,6.83,7.73
2009-09-14,5.25,10.32,10.08,7.13,8.18
2009-09-15,5.8,10.65,10.42,7.86,8.94
2009-09-16,6.2,11.45,11.39,8.35,9.54
2009-09-17,6.38,12.34,11.7,9.35,10.52
2009-09-18,6.36,12.46,11.94,9.52,10.73
2009-09-19,6.14,12.24,12.03,9.62,10.85
2009-09-20,5.79,12.0,11.71,9.46,10.72
2009-09-21,5.69,11.58,11.48,9.16,10.38
2009-09-22,5.4,11.15,11.15,8.86,10.08
2009-09-23,4.96,10.83,10.85,8.53,9.72
2009-09-24,4.78,10.5,10.69,8.31,9.48
2009-09-25,4.98,10.32,10.63,8.18,9.35
2009-09-26,5.12,10.02,10.44,8.0,9.16
2009-09-27,5.05,10.28,10.3,7.72,8.88
2009-09-28,5.3,10.47,10.53,7.88,8.91
2009-09-29,5.62,10.74,10.46,7.88,8.96
2009-09-30,5.64,10.93,10.46,7.72,8.8
2009-10-01,5.47,10.95,10.5,7.68,8.7
2009-10-02,5.18,10.92,10.5,7.66,8.66
2009-10-03,5.28,10.5,10.43,7.62,8.61
2009-10-04,4.58,10.26,10.18,7.48,8.46
2009-10-05,4.4,9.9,9.86,7.16,8.15
2009-10-06,4.24,9.26,9.67,6.84,7.82
2009-10-07,4.2,8.9,9.27,6.55,7.52
2009-10-08,4.13,8.68,8.87,6.12,7.12
2009-10-09,4.19,8.55,8.6,5.67,7.31
2009-10-10,4.38,8.4,8.46,5.38,6.26
2009-10-11,4.75,8.34,8.32,5.16,6.12
2009-10-12,5.62,8.54,8.2,5.08,5.84
2009-10-13,5.7,8.9,8.23,4.92,5.7
2009-10-14,5.44,9.65,8.5,5.02,5.7
2009-10-15,5.2,9.74,9.15,5.35,5.98
2009-10-16,5.0,9.41,9.48,6.02,6.66
2009-10-17,4.78,9.12,9.34,6.26,7.02
2009-10-18,4.69,8.9,9.11,6.06,6.88
2009-10-19,4.61,8.66,9.03,5.88,6.66
2009-10-20,4.42,8.52,9.2,5.9,6.6
2009-10-21,4.55,8.32,9.07,6.08,6.78
2009-10-22,4.7,8.14,8.78,5.88,6.7
2009-10-23,4.63,8.28,8.37,5.56,6.38
2009-10-24,4.52,8.44,8.18,5.16,5.96
2009-10-25,4.46,8.46,8.24,5.0,5.72
2009-10-26,4.64,8.38,8.3,5.17,5.79
2009-10-27,4.5,8.36,8.51,5.38,6.2
2009-10-28,4.46,8.44,8.5,5.42,6.16
2009-10-29,4.71,8.3,8.35,5.35,6.15
2009-10-30,4.74,8.34,8.29,5.18,5.94
2009-10-31,4.62,8.52,8.14,5.06,5.81
2009-11-01,3.43,6.1,6.3,3.24,3.96
2009-11-02,3.5,6.13,6.26,3.05,3.73
2009-11-03,3.77,6.23,6.26,2.97,3.62
2009-11-04,3.62,6.34,6.26,2.96,3.62
2009-11-05,3.4,6.52,6.36,2.96,3.6
2009-11-06,3.16,6.52,6.44,3.04,3.65
2009-11-07,2.85,6.32,6.58,3.12,3.75
2009-11-08,2.7,6.07,6.61,3.23,3.87
2009-11-09,2.61,6.73,6.5,3.3,3.95
2009-11-10,2.75,5.5,6.29,3.2,3.9
2009-11-11,2.85,5.32,6.0,0.0,3.75
2009-11-12,2.97,5.3,5.75,0.0,3.54
2009-11-13,3.05,5.28,5.54,0.0,3.32
2009-11-14,3.0,5.38,5.46,0.0,3.11
2009-11-15,2.7,5.63,5.44,0.0,2.98
2009-11-16,2.74,5.5,5.44,0.0,2.92
2009-11-17,2.7,5.27,5.56,0.0,2.91
2009-11-18,2.7,5.08,5.62,0.0,2.96
2009-11-19,2.54,5.12,5.5,0.0,3.06
2009-11-20,2.48,5.05,5.34,0.0,3.04
2009-11-21,2.43,4.98,5.24,0.0,2.92
2009-11-22,2.51,4.92,5.21,0.0,2.8
2009-11-23,2.55,4.86,5.18,0.0,2.76
2009-11-24,2.65,4.85,5.1,0.0,2.72
2009-11-25,2.59,4.86,5.03,0.0,2.68
2009-11-26,2.65,4.92,4.98,0.0,2.62
2009-11-27,2.72,4.9,4.96,0.0,2.57
2009-11-28,2.64,4.9,5.02,0.0,2.56
2009-11-29,2.58,4.98,5.04,0.0,2.56
2009-11-30,2.57,4.92,5.04,0.0,2.58
2009-12-01,2.41,4.84,5.06,0.0,2.58
2009-12-02,2.42,4.77,5.06,0.0,2.58
2009-12-03,2.63,4.71,4.99,0.0,2.61
2009-12-04,2.62,4.58,4.92,0.0,2.6
2009-12-05,2.75,4.67,4.85,0.0,2.56
2009-12-06,3.06,4.76,4.74,0.0,2.51
2009-12-07,2.75,4.86,4.71,0.0,2.43
2009-12-08,2.63,5.02,4.8,0.0,2.36
2009-12-09,2.75,4.96,4.88,0.0,2.36
2009-12-10,3.08,4.85,5.01,0.0,2.44
2009-12-11,2.82,4.86,5.1,0.0,2.52
2009-12-12,2.48,5.02,5.0,0.0,2.6
2009-12-13,2.37,4.98,4.92,0.0,2.63
2009-12-14,2.35,4.67,4.96,0.0,2.57
2009-12-15,2.4,4.44,5.1,0.0,2.53
2009-12-16,2.37,4.38,4.96,0.0,2.6
2009-12-17,2.6,4.36,4.69,0.0,2.63
2009-12-18,2.54,4.32,4.5,0.0,2.5
2009-12-19,2.57,4.45,4.42,0.0,2.3
2009-12-20,2.43,4.53,4.38,0.0,2.16
2009-12-21,2.31,4.51,4.39,0.0,2.13
2009-12-22,2.87,4.38,4.47,0.0,2.1
2009-12-23,2.39,4.28,4.52,0.0,2.13
2009-12-24,2.5,4.24,4.48,0.0,2.18
2009-12-25,2.49,4.26,4.39,0.0,2.2
2009-12-26,2.48,4.31,4.3,0.0,2.16
2009-12-27,2.38,4.36,4.27,0.0,2.1
2009-12-28,2.25,4.33,4.28,0.0,2.05
2009-12-29,2.02,4.25,4.33,0.0,2.02
2009-12-30,2.04,4.15,4.33,0.0,2.05
2009-12-31,2.02,4.02,4.3,0.0,2.08
2010-01-01,2.42,4.62,4.32,1.46,2.09
2010-01-02,2.45,4.48,4.35,1.47,2.1
2010-01-03,2.45,4.41,4.42,1.49,2.11
2010-01-04,2.46,4.38,4.41,1.52,2.15
2010-01-05,2.35,4.42,4.32,1.55,2.19
2010-01-06,2.23,4.4,4.24,1.51,2.16
2010-01-07,2.34,4.35,4.24,1.45,2.09
2010-01-08,2.35,4.18,4.23,1.43,2.06
2010-01-09,2.25,4.17,4.21,1.42,2.06
2010-01-10,2.23,4.2,4.1,1.41,2.05
2010-01-11,2.24,4.16,4.0,1.36,2.01
2010-01-12,2.32,4.12,3.99,1.26,1.92
2010-01-13,2.5,4.15,3.99,1.26,1.87
2010-01-14,2.95,4.24,3.96,1.26,1.87
2010-01-15,2.74,4.44,3.94,1.24,1.86
2010-01-16,2.47,4.8,3.96,1.22,1.83
2010-01-17,2.49,4.83,4.06,1.23,1.83
2010-01-18,2.55,4.56,4.33,1.29,1.88
2010-01-19,2.46,4.4,4.62,1.4,2.0
2010-01-20,2.43,4.43,4.6,1.6,2.19
2010-01-21,2.41,4.4,4.4,1.69,2.32
2010-01-22,2.39,4.32,4.27,1.61,2.29
2010-01-23,2.3,4.28,4.23,1.49,2.17
2010-01-24,2.21,4.26,4.18,1.45,2.1
2010-01-25,2.22,4.18,4.11,1.42,2.06
2010-01-26,2.21,4.03,4.06,1.37,2.02
2010-01-27,2.29,3.99,4.01,1.33,1.98
2010-01-28,2.4,3.97,3.9,1.26,1.95
2010-01-29,2.19,4.01,3.8,1.18,1.89
2010-01-30,2.07,4.1,3.76,1.12,1.8
2010-01-31,2.05,3.99,3.75,1.06,1.73
2010-02-01,2.07,3.83,3.8,1.03,1.71
2010-02-02,2.09,3.74,3.8,1.06,1.72
2010-02-03,2.09,3.73,3.69,1.09,1.75
2010-02-04,2.05,3.75,3.59,1.03,1.72
2010-02-05,2.02,3.77,3.54,0.93,1.62
2010-02-06,2.01,3.74,3.52,0.86,1.54
2010-02-07,2.03,3.68,3.53,0.85,1.51
2010-02-08,2.02,3.64,3.51,0.86,1.51
2010-02-09,2.01,3.63,3.47,0.86,1.52
2010-02-10,2.03,3.62,3.44,0.85,1.5
2010-02-11,2.02,3.6,3.4,0.8,1.47
2010-02-12,2.03,3.61,3.37,0.77,1.44
2010-02-13,2.01,3.61,3.34,0.76,1.42
2010-02-14,1.91,3.59,3.32,0.73,1.41
2010-02-15,1.92,3.55,3.3,0.73,1.4
2010-02-16,1.93,3.46,3.3,0.73,1.4
2010-02-17,1.96,3.43,3.27,0.72,1.4
2010-02-18,1.93,3.45,3.21,0.72,1.4
2010-02-19,1.87,3.46,3.16,0.68,1.37
2010-02-20,1.86,3.41,3.14,0.63,1.32
2010-02-21,1.87,3.36,3.12,0.61,1.28
2010-02-22,1.86,3.34,3.1,0.61,1.28
2010-02-23,1.88,3.33,3.04,0.62,1.28
2010-02-24,2.01,3.33,3.02,0.58,1.25
2010-02-25,2.02,3.33,3.0,0.54,1.22
2010-02-26,2.01,3.44,2.98,0.53,1.2
2010-02-27,2.07,3.49,2.98,0.55,1.22
2010-02-28,2.1,3.5,2.99,0.55,1.22
2010-03-01,2.09,3.53,3.03,0.57,1.23
2010-03-02,2.1,3.59,3.04,0.62,1.28
2010-03-03,2.1,3.59,3.06,0.64,1.33
2010-03-04,2.12,3.6,3.08,0.67,1.35
2010-03-05,2.12,3.6,3.1,0.7,1.38
2010-03-06,2.2,3.63,3.1,0.72,1.42
2010-03-07,2.16,3.65,3.08,0.73,1.43
2010-03-08,2.13,3.7,3.08,0.72,1.43
2010-03-09,2.17,3.7,3.1,0.7,1.42
2010-03-10,2.17,3.66,3.11,0.71,1.43
2010-03-11,2.18,3.64,3.14,0.73,1.45
2010-03-12,2.14,3.66,3.12,0.76,1.47
2010-03-13,2.16,3.67,3.1,0.78,1.48
2010-03-14,2.14,3.68,3.11,0.76,1.47
2010-03-15,2.08,3.71,3.12,0.76,1.49
2010-03-16,2.15,3.74,3.15,0.78,1.49
2010-03-17,2.29,3.8,3.23,0.78,1.52
2010-03-18,2.45,4.04,3.45,0.9,1.6
2010-03-19,2.57,4.59,3.87,1.11,1.78
2010-03-20,2.64,4.94,4.07,1.3,2.0
2010-03-21,2.57,4.88,4.13,1.44,2.18
2010-03-22,2.38,4.8,4.47,1.47,2.22
2010-03-23,2.3,4.58,4.47,1.56,2.3
2010-03-24,2.27,4.32,4.72,1.73,2.47
2010-03-25,2.25,4.07,4.57,1.8,2.58
2010-03-26,2.24,3.97,4.31,1.74,2.55
2010-03-27,2.34,3.91,3.98,1.62,2.44
2010-03-28,2.32,3.9,3.68,1.46,2.28
2010-03-29,2.35,3.95,3.52,1.25,2.07
2010-03-30,2.47,4.01,3.43,1.11,1.92
2010-03-31,2.51,4.04,3.42,1.02,1.8
2010-04-01,2.33,4.12,3.47,0.98,1.76
2010-04-02,2.36,4.25,3.51,1.02,1.76
2010-04-03,2.3,4.12,3.56,1.04,1.79
2010-04-04,2.36,4.06,3.67,1.08,1.83
2010-04-05,2.25,3.98,3.73,1.14,1.88
2010-04-06,2.38,3.98,3.68,1.2,1.94
2010-04-07,2.48,3.97,3.58,1.2,1.95
2010-04-08,2.24,3.99,3.54,1.14,1.9
2010-04-09,2.32,4.18,3.54,1.08,1.85
2010-04-10,2.25,4.1,3.52,1.08,1.84
2010-04-11,2.08,4.05,3.6,1.06,1.83
2010-04-12,2.01,4.09,3.71,1.09,1.84
2010-04-13,2.05,3.93,3.68,1.16,1.9
2010-04-14,2.1,3.81,3.6,1.16,1.93
2010-04-15,2.07,3.77,3.58,1.14,1.91
2010-04-16,2.02,3.79,3.46,1.1,1.89
2010-04-17,1.98,3.77,3.36,1.04,1.82
2010-04-18,2.03,3.75,3.32,0.94,1.72
2010-04-19,2.14,3.67,3.31,0.88,1.67
2010-04-20,2.07,3.67,3.29,0.86,1.66
2010-04-21,2.08,3.75,3.24,0.85,1.63
2010-04-22,2.09,3.79,3.19,0.82,1.66
2010-04-23,2.24,3.8,3.2,0.76,1.55
2010-04-24,2.29,3.82,3.26,0.78,1.52
2010-04-25,2.51,4.0,3.33,0.84,1.56
2010-04-26,2.57,4.17,3.36,0.9,1.61
2010-04-27,2.75,4.4,3.43,0.94,1.67
2010-04-28,2.75,4.55,3.56,0.97,1.73
2010-04-29,2.63,4.66,3.83,1.06,1.78
2010-04-30,2.64,4.78,4.14,1.24,1.91
2010-05-01,2.56,4.84,4.5,1.38,2.07
2010-05-02,2.55,4.85,4.73,1.6,2.27
2010-05-03,2.43,4.76,4.96,1.78,2.42
2010-05-04,2.46,4.72,5.01,1.89,2.58
2010-05-05,2.72,4.79,4.94,2.0,2.74
2010-05-06,2.83,5.03,4.9,1.97,2.75
2010-05-07,2.82,5.48,4.98,1.93,2.71
2010-05-08,3.22,5.69,5.13,1.93,2.69
2010-05-09,3.34,5.6,5.44,2.0,2.75
2010-05-10,3.24,5.66,5.74,2.18,2.9
2010-05-11,3.32,5.94,5.83,2.43,3.13
2010-05-12,3.27,6.11,5.85,2.56,3.31
2010-05-13,3.25,6.04,6.06,2.62,3.41
2010-05-14,3.07,6.08,6.28,2.7,3.5
2010-05-15,2.96,6.09,6.42,3.28,4.03
2010-05-16,3.02,6.05,6.48,3.24,4.08
2010-05-17,3.16,6.02,6.49,3.24,4.08
2010-05-18,3.19,6.05,6.46,3.34,4.18
2010-05-19,3.22,6.48,6.48,3.34,4.15
2010-05-20,3.09,6.42,6.6,3.44,4.22
2010-05-21,3.05,6.36,6.94,3.54,4.41
2010-05-22,2.94,6.29,6.89,3.7,4.56
2010-05-23,2.97,6.21,6.74,3.64,4.59
2010-05-24,2.87,6.06,6.6,3.46,4.43
2010-05-25,2.74,5.86,6.5,3.4,4.28
2010-05-26,2.82,5.76,6.44,3.3,4.16
2010-05-27,2.85,5.76,6.4,3.41,4.2
2010-05-28,3.03,5.65,6.55,3.33,4.22
2010-05-29,3.35,5.52,6.4,3.4,4.26
2010-05-30,3.43,5.62,6.34,3.27,4.14
2010-05-31,3.61,5.87,6.13,3.1,4.02
2010-06-01,3.65,6.1,6.11,2.97,3.92
2010-06-02,3.56,6.29,6.22,2.9,3.82
2010-06-03,3.33,6.73,6.57,2.98,3.82
2010-06-04,3.64,6.7,6.8,3.24,4.0
2010-06-05,3.65,6.58,7.05,3.53,4.34
2010-06-06,3.56,6.65,7.2,3.84,4.62
2010-06-07,3.63,6.79,7.31,4.04,4.92
2010-06-08,3.5,6.81,7.55,4.2,5.1
2010-06-09,3.53,6.95,7.44,4.3,5.26
2010-06-10,3.6,7.04,7.33,4.23,5.2
2010-06-11,3.18,6.93,7.32,4.08,5.05
2010-06-12,3.0,6.86,7.32,4.03,4.99
2010-06-13,3.46,6.38,7.56,4.15,5.08
2010-06-14,3.71,5.99,7.5,4.38,5.28
2010-06-15,3.93,6.18,7.04,4.31,5.34
2010-06-16,3.88,6.52,6.6,3.87,4.97
2010-06-17,3.82,6.85,6.48,3.48,4.51
2010-06-18,3.8,6.84,6.71,3.28,4.22
2010-06-19,3.96,6.72,6.96,3.37,4.21
2010-06-20,3.96,6.6,7.08,3.62,4.45
2010-06-21,3.53,6.76,6.98,3.7,4.6
2010-06-22,3.42,6.99,6.88,3.65,4.57
2010-06-23,3.99,6.69,6.96,3.55,4.48
2010-06-24,3.83,6.48,7.09,3.58,4.47
2010-06-25,3.45,7.34,6.94,3.73,4.62
2010-06-26,3.81,9.06,6.99,3.85,4.72
2010-06-27,3.81,9.32,10.69,4.32,5.0
2010-06-28,4.2,9.64,10.76,7.59,8.4
2010-06-29,4.56,9.84,10.26,7.6,8.88
2010-06-30,4.55,10.62,10.03,7.14,8.42
2010-07-01,4.63,10.24,10.26,7.0,8.21
2010-07-02,4.25,10.16,10.3,7.24,8.38
2010-07-03,4.83,11.28,10.06,7.18,8.45
2010-07-04,5.16,10.86,10.46,7.08,8.3
2010-07-05,5.21,10.58,10.6,7.47,8.67
2010-07-06,4.78,10.45,10.29,7.42,8.74
2010-07-07,4.42,10.06,10.1,7.1,8.38
2010-07-08,4.3,9.42,9.9,6.92,8.13
2010-07-09,4.56,8.9,9.54,6.61,7.85
2010-07-10,4.49,8.84,9.05,6.2,7.42
2010-07-11,4.01,8.88,9.1,5.84,7.09
2010-07-12,3.48,8.84,9.12,5.86,6.96
2010-07-13,4.05,8.52,9.02,5.85,6.99
2010-07-14,4.37,8.48,8.88,5.72,6.85
2010-07-15,4.06,8.72,8.82,5.63,6.84
2010-07-16,4.11,9.32,9.03,5.76,6.86
2010-07-17,4.53,9.48,9.34,5.93,7.09
2010-07-18,5.05,9.73,9.67,6.33,7.49
2010-07-19,5.02,10.38,9.63,6.52,7.8
2010-07-20,5.08,10.72,9.91,6.52,7.78
2010-07-21,5.47,11.24,10.31,6.85,8.02
2010-07-22,5.83,11.91,10.64,7.37,8.44
2010-07-23,5.92,11.94,11.04,7.76,8.86
2010-07-24,5.82,12.5,11.2,8.2,9.27
2010-07-25,5.77,13.26,11.57,8.4,9.53
2010-07-26,5.58,12.28,12.14,9.14,10.07
2010-07-27,5.48,11.64,11.58,9.14,10.3
2010-07-28,4.84,11.1,11.09,8.55,9.75
2010-07-29,4.64,10.6,10.79,8.16,9.38
2010-07-30,4.53,10.16,10.34,7.76,9.02
2010-07-31,4.52,10.3,10.02,7.37,8.73
2010-08-01,4.72,10.04,10.86,8.0,9.22
2010-08-02,4.69,9.82,11.16,8.77,10.07
2010-08-03,4.86,10.0,10.96,8.85,10.32
2010-08-04,4.88,10.28,10.89,8.77,10.21
2010-08-05,4.97,10.5,10.64,8.44,10.0
2010-08-06,4.98,10.32,10.46,8.09,9.6
2010-08-07,4.88,10.38,10.3,7.82,9.3
2010-08-08,4.84,11.12,10.24,7.6,9.04
2010-08-09,4.78,11.18,10.62,7.6,8.95
2010-08-10,4.93,11.0,10.8,7.84,9.3
2010-08-11,4.93,11.36,10.5,7.93,9.34
2010-08-12,5.01,11.1,10.91,7.86,9.19
2010-08-13,5.32,11.32,10.9,8.23,9.52
2010-08-14,5.66,11.64,10.99,8.29,9.61
2010-08-15,5.4,11.72,11.1,8.32,9.62
2010-08-16,5.2,11.68,11.12,8.5,9.76
2010-08-17,5.54,11.92,11.08,8.44,9.8
2010-08-18,5.7,12.04,11.5,8.55,9.8
2010-08-19,5.91,11.98,11.59,8.98,10.26
2010-08-20,5.84,12.35,11.66,9.18,10.53
2010-08-21,5.84,12.84,12.06,9.38,10.74
2010-08-22,5.82,13.04,12.56,9.87,11.14
2010-08-23,5.7,12.8,12.56,10.17,11.45
2010-08-24,5.76,12.46,12.17,9.92,11.28
2010-08-25,6.07,12.42,11.81,9.57,10.92
2010-08-26,6.47,13.05,11.74,9.22,10.62
2010-08-27,6.49,13.4,12.14,9.29,10.62
2010-08-28,6.17,13.3,12.45,9.66,10.92
2010-08-29,5.88,13.0,12.37,9.82,11.08
2010-08-30,5.66,12.5,12.12,9.57,10.96
2010-08-31,5.51,12.1,11.77,9.24,10.66
2010-09-01,5.39,11.74,11.56,9.06,10.41
2010-09-02,5.5,11.46,11.23,8.74,10.13
2010-09-03,5.06,11.25,10.96,8.42,9.8
2010-09-04,4.61,11.06,10.76,8.14,9.48
2010-09-05,4.95,10.92,10.68,7.94,9.27
2010-09-06,5.2,11.04,10.94,8.0,9.26
2010-09-07,5.53,11.4,10.84,8.18,9.49
2010-09-08,5.58,11.51,11.13,8.26,9.44
2010-09-09,5.5,11.86,11.25,8.5,9.69
2010-09-10,5.36,12.18,11.36,8.5,9.79
2010-09-11,5.2,11.8,11.56,8.71,9.86
2010-09-12,5.03,11.42,11.4,8.78,10.0
2010-09-13,4.77,11.04,11.46,9.09,10.3
2010-09-14,4.58,10.9,11.42,9.18,10.48
2010-09-15,5.03,10.66,11.33,9.15,10.52
2010-09-16,5.03,11.08,11.1,9.0,10.42
2010-09-17,5.13,12.34,11.04,8.72,10.21
2010-09-18,5.26,12.64,11.56,8.86,10.25
2010-09-19,5.26,13.0,12.21,9.4,10.72
2010-09-20,5.09,13.54,12.35,9.89,11.25
2010-09-21,5.56,13.62,12.7,10.12,11.42
2010-09-22,5.44,14.06,12.95,10.38,11.67
2010-09-23,5.86,13.9,13.14,10.62,11.88
2010-09-24,5.96,13.56,12.93,10.59,11.87
2010-09-25,5.75,13.28,12.65,10.38,11.68
2010-09-26,5.9,12.84,12.37,10.06,11.4
2010-09-27,6.26,12.52,12.15,9.82,11.16
2010-09-28,6.04,12.56,12.03,9.67,11.0
2010-09-29,5.35,12.58,12.2,9.66,10.95
2010-09-30,5.68,12.02,12.08,9.72,10.99
2010-10-01,5.76,11.56,11.63,9.43,10.76
2010-10-02,5.54,11.65,11.23,9.0,10.39
2010-10-03,4.81,11.5,11.44,8.95,10.28
2010-10-04,4.37,11.0,11.92,9.56,10.74
2010-10-05,4.0,10.34,11.29,9.26,10.7
2010-10-06,3.74,9.78,10.71,8.68,10.08
2010-10-07,3.61,9.34,10.02,7.95,9.41
2010-10-08,3.51,8.98,9.53,7.26,8.64
2010-10-09,3.53,8.76,9.14,6.66,8.02
2010-10-10,3.81,8.62,8.89,6.25,7.5
2010-10-11,3.85,8.56,8.66,5.95,7.14
2010-10-12,3.74,8.64,8.48,5.71,6.77
2010-10-13,3.65,8.6,8.42,5.5,6.55
2010-10-14,3.64,8.48,8.51,5.45,6.42
2010-10-15,3.65,8.32,8.41,5.5,6.46
2010-10-16,3.65,8.18,8.47,5.4,6.36
2010-10-17,3.76,8.17,8.33,5.38,6.35
2010-10-18,3.52,8.06,8.21,5.24,6.22
2010-10-19,3.47,8.06,8.14,5.11,6.04
2010-10-20,3.51,7.91,8.06,5.0,5.92
2010-10-21,3.6,7.75,7.98,4.91,5.79
2010-10-22,3.7,7.69,7.83,4.81,5.67
2010-10-23,3.69,7.72,7.71,4.62,5.46
2010-10-24,3.38,7.8,7.65,4.49,5.29
2010-10-25,3.05,7.72,7.68,4.42,5.2
2010-10-26,3.02,7.44,7.7,4.44,5.18
2010-10-27,3.05,7.01,7.61,4.43,5.19
2010-10-28,3.12,6.98,7.37,4.35,5.12
2010-10-29,3.66,6.94,7.11,4.3,4.9
2010-10-30,3.95,7.54,6.99,3.9,4.64
2010-10-31,3.76,8.04,7.0,3.76,4.46
2010-11-01,4.16,8.52,8.15,4.92,5.68
2010-11-02,3.84,8.38,8.21,4.94,5.65
2010-11-03,4.01,7.84,8.16,4.98,5.72
2010-11-04,4.02,7.39,8.0,4.9,5.68
2010-11-05,3.75,7.33,7.65,4.72,5.52
2010-11-06,3.59,7.28,7.33,4.4,5.2
2010-11-07,3.59,7.1,7.25,4.14,4.81
2010-11-08,3.48,6.84,7.22,3.95,4.66
2010-11-09,3.39,6.78,7.05,3.92,4.62
2010-11-10,3.24,6.63,6.86,3.75,4.51
2010-11-11,3.17,6.48,6.7,3.46,4.32
2010-11-12,3.12,6.4,6.62,3.46,4.18
2010-11-13,3.24,6.28,6.32,3.32,4.08
2010-11-14,3.3,6.18,6.39,3.4,3.96
2010-11-15,3.19,6.1,6.5,3.14,3.86
2010-11-16,3.14,6.18,6.21,3.05,3.78
2010-11-17,3.26,6.16,6.17,2.97,3.7
2010-11-18,3.24,6.09,6.17,2.93,3.64
2010-11-19,3.12,6.02,6.16,2.9,3.62
2010-11-20,3.05,6.0,6.1,2.88,3.61
2010-11-21,3.04,5.88,6.04,2.85,3.59
2010-11-22,3.04,5.76,6.0,2.8,3.53
2010-11-23,2.98,5.68,5.94,2.75,3.49
2010-11-24,2.94,5.65,5.8,2.75,3.43
2010-11-25,2.74,5.59,5.72,2.65,3.35
2010-11-26,2.7,5.52,5.66,2.57,3.26
2010-11-27,2.68,5.36,5.6,2.5,3.19
2010-11-28,2.66,5.22,5.52,2.44,3.14
2010-11-29,2.63,5.16,5.4,2.38,3.08
2010-11-30,2.77,5.1,5.26,2.31,3.0
2010-12-01,2.84,5.08,5.16,2.22,2.98
2010-12-02,2.76,5.14,5.1,2.12,2.8
2010-12-03,2.9,5.24,5.05,2.08,2.72
2010-12-04,2.71,5.16,5.05,2.03,2.68
2010-12-05,2.73,5.22,5.11,2.02,2.65
2010-12-06,2.89,5.15,5.11,2.04,2.67
2010-12-07,2.63,5.07,5.12,2.06,2.7
2010-12-08,2.52,5.16,5.12,2.07,2.7
2010-12-09,2.55,5.07,5.04,2.06,2.71
2010-12-10,2.48,4.85,5.04,2.02,2.69
2010-12-11,2.41,4.82,5.03,1.99,2.65
2010-12-12,2.43,4.76,4.9,2.0,2.65
2010-12-13,2.56,4.72,4.76,1.94,2.62
2010-12-14,2.73,4.69,4.72,1.85,2.52
2010-12-15,3.33,4.86,4.73,1.79,2.45
2010-12-16,3.05,5.08,4.74,1.78,2.42
2010-12-17,2.96,5.49,4.86,1.82,2.43
2010-12-18,2.62,5.49,5.08,1.86,2.5
2010-12-19,2.38,5.31,5.33,1.98,2.58
2010-12-20,2.39,5.06,5.52,2.15,2.76
2010-12-21,2.47,4.67,5.43,2.34,2.98
2010-12-22,2.38,4.53,5.23,2.35,3.02
2010-12-23,2.39,4.56,4.9,2.21,2.92
2010-12-24,2.42,4.54,4.59,2.01,2.73
2010-12-25,2.38,4.47,4.46,1.76,2.48
2010-12-26,2.4,4.48,4.44,1.62,2.29
2010-12-27,2.47,4.44,4.4,1.57,2.21
2010-12-28,2.47,4.43,4.34,1.54,2.19
2010-12-29,2.6,4.47,4.32,1.52,2.15
2010-12-30,2.58,4.48,4.29,1.49,2.12
2010-12-31,2.45,4.56,4.29,1.47,2.1
2011-01-01,2.2,4.64,5.18,2.0,2.48
2011-01-02,2.21,4.48,5.14,2.08,2.58
2011-01-03,2.08,4.02,4.84,2.08,2.62
2011-01-04,1.91,4.0,4.52,1.94,2.52
2011-01-05,1.94,4.4,4.37,1.7,2.3
2011-01-06,1.96,4.42,4.3,1.55,2.1
2011-01-07,1.96,4.44,4.26,1.48,2.0
2011-01-08,1.94,4.35,4.23,1.45,1.94
2011-01-09,1.91,4.26,4.28,1.41,1.92
2011-01-10,2.37,4.16,4.25,1.43,1.9
2011-01-11,2.89,4.08,4.16,1.42,1.93
2011-01-12,2.93,4.3,4.07,1.37,1.88
2011-01-13,2.92,4.84,3.98,1.31,1.8
2011-01-14,2.92,5.1,3.99,1.25,1.74
2011-01-15,2.99,5.18,4.28,1.24,1.69
2011-01-16,2.63,5.22,4.71,1.38,1.8
2011-01-17,2.05,5.34,5.01,1.64,2.06
2011-01-18,2.04,5.1,5.13,1.89,2.36
2011-01-19,1.9,4.5,5.21,2.04,2.52
2011-01-20,1.87,4.2,5.21,2.09,2.6
2011-01-21,1.85,4.07,4.85,2.12,2.66
2011-01-22,2.07,3.96,4.38,2.0,2.6
2011-01-23,2.11,3.88,4.05,1.66,2.33
2011-01-24,2.03,3.94,3.88,1.36,1.99
2011-01-25,1.79,4.08,3.79,1.2,1.79
2011-01-26,1.77,4.02,3.76,1.13,1.6
2011-01-27,1.79,3.82,3.82,1.09,1.54
2011-01-28,1.74,3.7,3.84,1.12,1.55
2011-01-29,1.73,3.68,3.78,1.15,1.6
2011-01-30,1.76,3.62,3.65,1.12,1.6
2011-01-31,1.72,3.61,3.57,1.02,1.5
2011-02-01,1.72,3.56,3.52,0.96,1.4
2011-02-02,1.76,3.56,3.46,0.9,1.34
2011-02-03,1.76,3.56,3.44,0.88,1.32
2011-02-04,1.71,3.57,3.41,0.88,1.3
2011-02-05,1.7,3.58,3.4,0.88,1.28
2011-02-06,1.69,3.57,3.4,0.86,1.27
2011-02-07,1.68,3.52,3.38,0.86,1.27
2011-02-08,1.66,3.5,3.37,0.86,1.28
2011-02-09,1.65,3.46,3.34,0.85,1.27
2011-02-10,1.65,3.42,3.3,0.83,1.26
2011-02-11,1.64,3.39,3.27,0.81,1.24
2011-02-12,1.63,3.37,3.22,0.78,1.18
2011-02-13,1.64,3.36,3.2,0.75,1.16
2011-02-14,1.64,3.35,3.17,0.73,1.14
2011-02-15,1.64,3.35,3.14,0.71,1.12
2011-02-16,1.62,3.33,3.12,0.69,1.09
2011-02-17,1.62,3.29,3.09,0.68,1.06
2011-02-18,1.62,3.27,3.06,0.66,1.06
2011-02-19,1.62,3.27,3.03,0.64,1.05
2011-02-20,1.61,3.26,2.99,0.63,1.03
2011-02-21,1.62,3.24,2.96,0.63,1.01
2011-02-22,1.61,3.23,2.94,0.61,1.0
2011-02-23,1.62,3.21,2.92,0.61,0.99
2011-02-24,1.61,3.23,2.89,0.6,0.98
2011-02-25,1.62,3.21,2.89,0.6,0.98
2011-02-26,1.61,3.19,2.86,0.58,0.96
2011-02-27,1.59,3.17,2.85,0.57,0.96
2011-02-28,1.58,3.17,2.84,0.57,0.96
2011-03-01,1.58,3.12,2.79,0.55,0.94
2011-03-02,1.58,3.11,2.78,0.54,0.92
2011-03-03,1.57,3.1,2.75,0.53,0.92
2011-03-04,1.57,3.09,2.73,0.52,0.91
2011-03-05,1.57,3.08,2.71,0.5,0.88
2011-03-06,1.63,3.06,2.7,0.48,0.86
2011-03-07,1.89,3.05,2.68,0.48,0.86
2011-03-08,1.58,3.08,2.66,0.47,0.86
2011-03-09,1.55,3.26,2.64,0.47,0.84
2011-03-10,1.54,3.18,2.63,0.5,0.84
2011-03-11,1.55,3.05,2.7,0.46,0.89
2011-03-12,1.55,3.03,2.77,0.52,0.9
2011-03-13,1.56,3.03,2.71,0.6,0.98
2011-03-14,1.68,3.05,2.64,0.56,1.01
2011-03-15,1.55,3.08,2.62,0.49,0.92
2011-03-16,1.54,3.15,2.63,0.47,0.87
2011-03-17,1.53,3.17,2.64,0.48,0.88
2011-03-18,1.52,3.11,2.66,0.5,0.91
2011-03-19,1.51,3.08,2.68,0.53,0.93
2011-03-20,1.5,3.04,2.66,0.55,0.98
2011-03-21,1.5,3.0,2.62,0.52,0.97
2011-03-22,1.51,2.98,2.6,0.49,0.92
2011-03-23,1.52,2.96,2.58,0.45,0.88
2011-03-24,1.52,2.97,2.55,0.42,0.84
2011-03-25,1.52,2.97,2.52,0.4,0.8
2011-03-26,1.51,2.95,2.52,0.38,0.77
2011-03-27,1.52,2.96,2.51,0.35,0.74
2011-03-28,1.53,2.98,2.51,0.33,0.75
2011-03-29,1.55,2.99,2.5,0.35,0.75
2011-03-30,1.53,2.99,2.5,0.35,0.74
2011-03-31,1.53,2.99,2.51,0.35,0.75
2011-04-01,1.52,2.99,2.51,0.36,0.76
2011-04-02,1.49,3.0,2.51,0.36,0.77
2011-04-03,1.73,2.98,2.51,0.37,0.77
2011-04-04,1.56,2.93,2.5,0.37,0.78
2011-04-05,1.64,3.04,2.49,0.37,0.78
2011-04-06,1.59,3.12,2.49,0.37,0.79
2011-04-07,1.59,3.17,2.52,0.38,0.8
2011-04-08,1.61,3.22,2.6,0.39,0.8
2011-04-09,1.61,3.34,2.64,0.43,0.88
2011-04-10,1.62,3.44,2.68,0.57,0.97
2011-04-11,1.62,3.36,2.7,0.61,1.03
2011-04-12,1.62,3.33,2.7,0.64,1.06
2011-04-13,1.63,3.29,2.68,0.7,1.12
2011-04-14,1.59,3.25,2.75,0.74,1.18
2011-04-15,1.57,3.21,2.72,0.7,1.17
2011-04-16,1.54,3.17,2.68,0.66,1.13
2011-04-17,1.52,3.13,2.64,0.63,1.08
2011-04-18,1.5,3.1,2.6,0.58,1.03
2011-04-19,1.48,3.07,2.56,0.5,0.99
2011-04-20,1.46,3.06,2.52,0.47,0.94
2011-04-21,1.44,3.05,2.48,0.42,0.89
2011-04-22,1.43,3.05,2.44,0.4,0.86
2011-04-23,1.41,3.04,2.41,0.32,0.79
2011-04-24,1.43,3.04,2.4,0.31,0.76
2011-04-25,1.43,3.04,2.39,0.29,0.74
2011-04-26,1.42,3.04,2.39,0.27,0.73
2011-04-27,1.42,3.04,2.38,0.25,0.7
2011-04-28,1.41,3.05,2.42,0.32,0.69
2011-04-29,1.41,3.1,2.5,0.35,0.73
2011-04-30,1.4,3.1,2.51,0.37,0.8
2011-05-01,1.42,3.07,2.51,0.39,0.84
2011-05-02,1.4,3.05,2.52,0.42,0.86
2011-05-03,1.39,3.04,2.46,0.44,0.89
2011-05-04,1.38,2.92,2.41,0.38,0.85
2011-05-05,1.35,2.92,2.38,0.3,0.78
2011-05-06,1.4,2.92,2.38,0.3,0.72
2011-05-07,2.14,2.99,2.4,0.3,0.72
2011-05-08,2.73,3.2,2.6,0.36,0.8
2011-05-09,2.87,3.54,2.78,0.52,0.91
2011-05-10,2.92,4.56,2.8,0.77,1.15
2011-05-11,2.9,5.18,2.94,0.84,1.3
2011-05-12,2.86,5.31,3.46,0.9,1.32
2011-05-13,1.96,5.22,4.43,1.2,1.52
2011-05-14,1.59,5.08,5.17,1.49,1.83
2011-05-15,1.54,4.54,5.35,1.92,2.27
2011-05-16,1.49,3.9,5.26,2.27,2.65
2011-05-17,1.45,3.66,4.97,2.23,2.77
2011-05-18,1.42,3.6,4.38,2.1,2.68
2011-05-19,1.44,3.49,3.61,1.82,2.48
2011-05-20,1.5,3.36,3.21,1.42,2.1
2011-05-21,1.49,3.34,3.04,1.12,1.73
2011-05-22,1.54,3.36,2.88,0.97,1.51
2011-05-23,1.5,3.33,2.8,0.82,1.36
2011-05-24,1.44,3.4,2.79,0.74,1.26
2011-05-25,1.51,3.69,2.76,0.72,1.19
2011-05-26,1.55,3.59,2.79,0.75,1.2
2011-05-27,1.76,3.73,2.94,0.82,1.25
2011-05-28,1.85,3.82,3.18,0.95,1.4
2011-05-29,1.8,4.02,3.59,1.25,1.66
2011-05-30,1.8,4.32,3.84,1.49,1.94
2011-05-31,1.79,4.52,4.19,1.69,2.16
2011-06-01,2.14,4.62,4.74,1.96,2.43
2011-06-02,2.54,5.24,5.26,2.12,2.56
2011-06-03,2.42,5.79,5.42,2.4,2.92
2011-06-04,2.55,6.15,5.73,2.48,3.07
2011-06-05,2.34,6.16,6.08,2.64,3.16
2011-06-06,2.12,5.72,6.54,2.89,3.39
2011-06-07,1.94,5.37,6.73,3.22,3.75
2011-06-08,1.81,5.0,6.62,3.47,4.12
2011-06-09,1.75,4.69,6.59,3.45,4.17
2011-06-10,1.83,4.46,6.2,3.39,4.12
2011-06-11,1.92,4.22,5.77,3.15,3.94
2011-06-12,2.06,4.19,5.26,2.8,3.58
2011-06-13,1.96,4.24,4.74,2.4,3.16
2011-06-14,1.84,4.22,4.41,2.06,2.75
2011-06-15,1.82,4.11,4.26,1.77,2.44
2011-06-16,1.82,4.0,4.19,1.63,2.24
2011-06-17,2.23,5.66,4.11,1.58,2.16
2011-06-18,2.5,5.9,3.98,1.54,2.12
2011-06-19,2.4,5.44,4.53,1.5,2.08
2011-06-20,2.25,5.62,5.85,1.58,2.08
2011-06-21,1.93,5.29,5.89,2.35,2.64
2011-06-22,2.29,4.83,5.81,2.7,3.24
2011-06-23,2.68,4.46,5.7,2.63,3.25
2011-06-24,2.65,4.38,5.33,2.57,3.2
2011-06-25,2.6,4.68,4.87,2.35,3.03
2011-06-26,2.58,4.79,4.49,2.19,2.74
2011-06-27,2.64,4.74,4.42,1.82,2.46
2011-06-28,1.87,4.66,4.62,1.67,2.26
2011-06-29,1.73,4.62,4.76,1.72,2.25
2011-06-30,1.66,4.24,4.72,1.75,2.34
2011-07-01,1.63,3.82,4.63,1.86,2.4
2011-07-02,1.64,3.7,4.48,1.82,2.38
2011-07-03,1.77,4.41,4.14,1.74,2.34
2011-07-04,1.95,5.15,3.9,1.6,2.22
2011-07-05,2.6,5.49,3.84,1.49,2.11
2011-07-06,3.19,5.84,4.62,1.44,2.02
2011-07-07,3.24,6.58,5.74,1.75,2.22
2011-07-08,2.99,6.71,6.17,2.4,2.82
2011-07-09,3.2,7.04,6.75,2.98,3.5
2011-07-10,3.45,6.67,7.32,3.48,4.01
2011-07-11,3.33,6.49,7.5,4.06,4.65
2011-07-12,3.51,6.61,7.28,4.22,4.95
2011-07-13,3.33,6.58,7.1,4.03,4.87
2011-07-14,3.02,6.65,7.2,3.85,4.66
2011-07-15,2.64,6.67,7.12,3.96,4.68
2011-07-16,2.8,6.52,7.18,3.98,4.75
2011-07-17,3.03,6.59,7.1,3.89,4.68
2011-07-18,2.83,6.17,7.0,3.8,4.61
2011-07-19,3.01,6.27,6.92,3.69,4.46
2011-07-20,4.02,7.47,6.63,3.64,4.38
2011-07-21,4.48,7.98,6.62,3.5,4.16
2011-07-22,4.28,8.63,7.38,3.35,4.01
2011-07-23,3.66,8.87,8.05,4.0,4.44
2011-07-24,3.24,8.65,8.57,4.78,5.27
2011-07-25,3.43,9.08,8.69,5.26,6.05
2011-07-26,4.02,9.23,8.76,5.4,6.28
2011-07-27,5.56,11.39,8.88,5.48,6.39
2011-07-28,7.09,11.72,9.76,5.6,6.52
2011-07-29,7.91,12.58,10.93,6.9,7.55
2011-07-30,7.38,13.85,11.3,7.7,8.67
2011-07-31,7.04,14.61,12.31,8.4,9.32
2011-08-01,6.68,15.22,12.88,9.26,10.25
2011-08-02,5.91,14.47,13.28,9.76,10.82
2011-08-03,4.77,13.36,13.02,9.97,11.06
2011-08-04,5.65,12.67,12.29,9.5,11.66
2011-08-05,6.74,11.74,11.71,8.88,10.08
2011-08-06,6.48,12.27,11.04,8.29,9.55
2011-08-07,5.96,12.38,11.04,7.76,8.99
2011-08-08,5.53,14.19,11.29,7.98,9.03
2011-08-09,5.66,13.86,12.34,8.15,9.26
2011-08-10,5.64,12.75,12.87,9.66,10.64
2011-08-11,5.43,12.56,12.23,9.66,10.87
2011-08-12,5.25,12.14,11.85,8.96,10.24
2011-08-13,5.2,11.72,11.47,8.64,9.98
2011-08-14,5.29,11.15,11.05,8.25,9.6
2011-08-15,5.21,11.35,10.65,7.85,9.17
2011-08-16,5.75,11.88,10.55,7.53,8.8
2011-08-17,5.62,11.91,10.94,7.6,8.7
2011-08-18,5.6,11.96,11.03,7.9,9.0
2011-08-19,5.52,13.16,11.1,8.0,9.1
2011-08-20,6.62,13.6,11.57,8.05,9.14
2011-08-21,7.83,13.89,12.22,8.86,9.8
2011-08-22,7.47,14.34,12.35,9.24,10.27
2011-08-23,6.83,15.25,12.66,9.42,10.43
2011-08-24,6.59,14.58,13.27,9.8,10.74
2011-08-25,6.15,13.81,13.15,10.28,11.24
2011-08-26,5.93,13.09,12.48,9.89,11.02
2011-08-27,5.73,12.58,12.03,9.4,10.52
2011-08-28,5.56,12.16,11.62,8.99,10.16
2011-08-29,5.54,11.79,11.27,8.65,9.8
2011-08-30,5.53,11.53,11.08,8.14,9.52
2011-08-31,4.95,11.39,10.9,8.12,9.29
2011-09-01,4.81,11.12,10.67,7.9,9.07
2011-09-02,4.92,10.92,10.62,7.76,8.89
2011-09-03,4.76,10.92,10.41,7.65,8.82
2011-09-04,4.84,10.71,10.5,7.59,8.7
2011-09-05,4.8,10.46,10.5,7.7,8.79
2011-09-06,4.74,10.26,10.27,7.55,8.71
2011-09-07,4.71,10.13,10.05,7.26,8.43
2011-09-08,4.7,10.03,10.22,7.24,8.31
2011-09-09,4.72,9.92,10.3,7.38,8.42
2011-09-10,4.82,10.08,10.48,7.62,8.66
2011-09-11,4.86,10.4,10.22,7.65,8.74
2011-09-12,5.14,10.42,10.15,7.29,8.42
2011-09-13,5.24,10.41,10.16,7.24,8.25
2011-09-14,5.34,10.65,10.08,7.15,8.17
2011-09-15,5.45,11.32,10.3,7.07,8.07
2011-09-16,5.55,11.36,10.74,7.4,8.31
2011-09-17,5.24,11.2,10.82,7.8,8.72
2011-09-18,5.0,10.9,10.63,7.72,8.73
2011-09-19,4.83,10.46,10.43,7.52,8.52
2011-09-20,4.57,10.12,10.1,7.27,8.27
2011-09-21,4.73,9.89,9.84,6.96,7.96
2011-09-22,4.49,9.79,9.62,6.65,7.62
2011-09-23,4.33,9.64,9.46,6.36,7.32
2011-09-24,4.3,9.34,9.36,6.26,7.1
2011-09-25,4.3,9.07,9.15,6.1,6.98
2011-09-26,4.32,9.07,8.97,5.88,6.76
2011-09-27,4.44,9.15,8.89,5.7,6.55
2011-09-28,4.38,9.11,8.95,5.65,6.43
2011-09-29,4.21,9.08,8.97,5.68,6.45
2011-09-30,4.21,8.92,8.97,5.69,6.45
2011-10-01,4.16,8.66,8.8,5.65,6.45
2011-10-02,3.55,8.59,8.6,5.5,6.28
2011-10-03,3.32,8.34,8.39,5.28,6.05
2011-10-04,3.42,7.91,8.27,5.06,5.81
2011-10-05,3.75,7.69,8.11,4.93,5.66
2011-10-06,4.12,7.87,7.87,4.8,5.54
2011-10-07,4.4,8.08,8.4,4.71,5.38
2011-10-08,4.51,8.52,8.51,5.19,5.75
2011-10-09,4.41,8.72,8.33,5.17,5.91
2011-10-10,4.26,8.79,8.47,5.03,5.74
2011-10-11,4.14,8.66,8.57,5.14,5.8
2011-10-12,4.09,8.44,8.52,5.25,5.92
2011-10-13,4.01,8.24,8.38,5.17,5.9
2011-10-14,4.02,8.11,8.2,5.0,5.76
2011-10-15,4.01,7.96,8.04,4.85,5.57
2011-10-16,4.05,7.96,7.92,4.69,5.39
2011-10-17,4.02,7.99,7.83,4.56,5.25
2011-10-18,4.06,8.07,7.8,4.5,5.19
2011-10-19,4.07,8.11,7.91,4.46,5.1
2011-10-20,4.07,8.12,7.94,4.55,5.17
2011-10-21,4.0,8.09,7.92,4.57,5.24
2011-10-22,3.9,7.98,7.91,4.57,5.22
2011-10-23,3.82,7.85,7.9,4.54,5.2
2011-10-24,3.86,7.68,7.8,4.5,5.17
2011-10-25,3.84,7.54,7.66,4.4,5.1
2011-10-26,4.26,7.46,7.5,4.37,4.96
2011-10-27,4.2,7.46,7.38,4.17,4.8
2011-10-28,4.2,7.75,7.3,4.0,4.68
2011-10-29,4.18,7.76,7.32,3.9,4.58
2011-10-30,4.03,7.74,7.51,3.92,4.57
2011-10-31,4.0,7.69,7.55,4.1,4.72
2011-11-01,3.41,8.32,7.48,3.77,4.42
2011-11-02,3.18,7.98,7.88,4.22,4.78
2011-11-03,3.09,7.52,8.02,4.63,5.26
2011-11-04,3.48,7.2,7.75,4.74,5.46
2011-11-05,3.51,7.08,7.41,4.47,5.26
2011-11-06,3.45,7.32,7.16,4.16,4.91
2011-11-07,3.53,7.4,7.04,3.91,4.62
2011-11-08,3.33,7.34,7.18,3.79,4.46
2011-11-09,3.26,7.3,7.28,3.9,4.52
2011-11-10,3.42,7.15,7.28,3.98,4.64
2011-11-11,3.34,7.09,7.24,3.98,4.66
2011-11-12,3.13,7.24,7.11,3.98,4.63
2011-11-13,2.8,7.07,7.06,3.85,4.52
2011-11-14,2.79,6.86,7.09,3.75,4.41
2011-11-15,2.68,6.47,7.01,3.81,4.43
2011-11-16,2.68,6.27,6.81,3.7,4.41
2011-11-17,2.67,6.13,6.49,3.57,4.26
2011-11-18,2.65,6.02,6.26,3.28,4.0
2011-11-19,2.68,5.94,6.12,3.11,3.73
2011-11-20,3.02,5.88,6.01,2.92,3.56
2011-11-21,3.04,5.85,5.92,2.8,3.4
2011-11-22,2.68,6.03,5.84,2.69,3.29
2011-11-23,2.69,6.17,5.8,2.63,3.21
2011-11-24,2.78,5.92,5.92,2.6,3.17
2011-11-25,2.8,5.74,6.06,2.65,3.19
2011-11-26,2.77,5.74,5.96,2.8,3.32
2011-11-27,2.78,5.72,5.76,2.68,3.34
2011-11-28,2.75,5.68,5.68,2.56,3.19
2011-11-29,2.75,5.64,5.68,2.5,3.06
2011-11-30,2.82,5.56,5.67,2.47,3.02
2011-12-01,2.59,5.56,5.63,2.47,3.02
2011-12-02,2.5,5.62,5.6,2.43,3.01
2011-12-03,2.45,5.5,5.57,2.41,2.98
2011-12-04,2.4,5.3,5.59,2.38,2.94
2011-12-05,2.41,5.2,5.52,2.38,2.93
2011-12-06,2.39,5.12,5.35,2.35,2.92
2011-12-07,2.38,5.07,5.23,2.25,2.83
2011-12-08,2.35,5.04,5.14,2.14,2.73
2011-12-09,2.37,5.0,5.07,2.07,2.62
2011-12-10,2.34,4.94,5.0,2.01,2.56
2011-12-11,2.34,4.9,4.97,1.95,2.51
2011-12-12,2.39,4.9,4.94,1.93,2.47
2011-12-13,2.45,4.86,4.88,1.92,2.43
2011-12-14,2.44,4.88,4.84,1.88,2.4
2011-12-15,2.35,4.94,4.8,1.88,2.37
2011-12-16,2.33,4.9,4.79,1.85,2.33
2011-12-17,2.32,4.84,4.84,1.84,2.32
2011-12-18,2.35,4.76,4.86,1.84,2.31
2011-12-19,2.41,4.74,4.8,1.84,2.34
2011-12-20,2.35,4.74,4.73,1.84,2.34
2011-12-21,2.32,4.8,4.68,1.79,2.3
2011-12-22,2.37,4.76,4.66,1.78,2.25
2011-12-23,2.34,4.72,4.67,1.76,2.22
2011-12-24,2.47,4.71,4.68,1.75,2.21
2011-12-25,2.81,4.74,4.64,1.77,2.22
2011-12-26,2.9,4.78,4.64,1.75,2.22
2011-12-27,2.89,4.96,4.66,1.74,2.18
2011-12-28,2.92,5.52,4.66,1.74,2.18
2011-12-29,2.56,5.54,4.75,1.79,2.21
2011-12-30,2.24,5.56,4.96,1.75,2.23
2011-12-31,2.21,5.0,5.13,1.78,2.34
2012-01-01,2.62,4.9,4.84,1.75,2.32
2012-01-02,2.62,4.89,4.83,1.74,2.3
2012-01-03,2.6,4.88,4.79,1.73,2.28
2012-01-04,2.5,4.87,4.77,1.7,2.26
2012-01-05,2.62,4.85,4.74,1.69,2.24
2012-01-06,2.76,4.75,4.74,1.68,2.22
2012-01-07,2.64,4.81,4.73,1.66,2.21
2012-01-08,2.63,4.94,4.66,1.65,2.19
2012-01-09,2.59,4.89,4.63,1.6,2.18
2012-01-10,2.7,4.84,4.72,1.58,2.12
2012-01-11,2.76,4.79,4.78,1.63,2.14
2012-01-12,2.82,4.82,4.76,1.67,2.21
2012-01-13,2.82,4.9,4.7,1.64,2.23
2012-01-14,2.77,4.99,4.7,1.62,2.21
2012-01-15,2.52,5.01,4.74,1.62,2.17
2012-01-16,2.38,4.97,4.81,1.6,2.16
2012-01-17,2.3,4.78,4.89,1.64,2.22
2012-01-18,2.28,4.53,4.9,1.7,2.28
2012-01-19,2.27,4.41,4.83,1.75,2.33
2012-01-20,2.27,4.34,4.59,1.72,2.33
2012-01-21,2.22,4.3,4.38,1.6,2.22
2012-01-22,2.2,4.28,4.25,1.43,2.03
2012-01-23,2.18,4.26,4.17,1.3,1.89
2012-01-24,2.32,4.21,4.13,1.21,1.79
2012-01-25,2.4,4.19,4.1,1.18,1.73
2012-01-26,2.43,4.25,4.07,1.15,1.71
2012-01-27,2.52,4.37,4.03,1.1,1.68
2012-01-28,2.47,4.18,4.03,1.08,1.66
2012-01-29,2.48,4.48,4.1,1.08,1.64
2012-01-30,2.49,4.46,4.18,1.15,1.68
2012-01-31,2.48,4.48,4.26,1.2,1.74
2012-02-01,2.63,4.59,4.34,1.28,1.82
2012-02-02,2.66,4.71,4.41,1.32,1.89
2012-02-03,2.66,4.86,4.46,1.38,1.95
2012-02-04,2.6,4.87,4.52,1.43,2.01
2012-02-05,2.61,4.86,4.64,1.48,2.04
2012-02-06,2.61,4.85,4.74,1.52,2.1
2012-02-07,2.52,4.83,4.77,1.61,2.2
2012-02-08,2.44,4.78,4.76,1.66,2.26
2012-02-09,2.41,4.68,4.73,1.68,2.28
2012-02-10,2.32,4.52,4.71,1.66,2.26
2012-02-11,2.22,4.33,4.62,1.65,2.24
2012-02-12,2.21,4.35,4.51,1.6,2.2
2012-02-13,2.21,4.2,4.36,1.5,2.14
2012-02-14,2.21,4.14,4.26,1.42,2.03
2012-02-15,2.24,4.13,4.12,1.33,1.93
2012-02-16,2.28,4.11,4.0,1.25,1.84
2012-02-17,2.24,4.12,3.93,1.14,1.72
2012-02-18,2.22,4.14,3.9,1.05,1.64
2012-02-19,2.2,4.12,3.88,1.02,1.59
2012-02-20,2.32,4.1,3.88,1.02,1.57
2012-02-21,2.4,4.07,3.89,1.0,1.56
2012-02-22,2.38,4.14,3.87,1.02,1.57
2012-02-23,2.38,4.25,3.84,1.01,1.57
2012-02-24,2.38,4.27,3.85,1.0,1.55
2012-02-25,2.38,4.27,3.92,1.0,1.54
2012-02-26,2.37,4.26,3.97,1.04,1.57
2012-02-27,2.36,4.24,4.01,1.1,1.62
2012-02-28,2.35,4.22,4.01,1.14,1.66
2012-03-01,2.34,4.2,3.99,1.14,1.68
2012-03-02,2.34,4.19,3.96,1.13,1.69
2012-03-03,2.33,4.17,3.95,1.12,1.66
2012-03-04,2.4,4.17,3.95,1.1,1.66
2012-03-05,2.48,4.22,3.95,1.1,1.65
2012-03-06,2.46,4.3,3.98,1.08,1.64
2012-03-07,2.46,4.39,3.98,1.1,1.66
2012-03-08,2.43,4.45,4.01,1.12,1.67
2012-03-09,2.49,4.53,4.03,1.14,1.69
2012-03-10,2.49,4.56,4.14,1.17,1.72
2012-03-11,2.51,4.54,4.23,1.24,1.78
2012-03-12,2.47,4.51,4.3,1.27,1.84
2012-03-13,2.42,4.52,4.32,1.33,1.9
2012-03-14,2.37,4.46,4.3,1.37,1.94
2012-03-15,2.35,4.38,4.29,1.36,1.96
2012-03-16,2.42,4.3,4.26,1.35,1.94
2012-03-17,2.4,4.24,4.2,1.33,1.92
2012-03-18,2.15,4.24,4.12,1.3,1.91
2012-03-19,2.06,4.29,4.04,1.25,1.86
2012-03-20,2.03,4.1,3.98,1.23,1.8
2012-03-21,1.86,3.89,3.99,1.22,1.74
2012-03-22,1.53,3.8,3.96,1.14,1.72
2012-03-23,1.48,3.65,3.8,1.1,1.72
2012-03-24,1.47,3.37,3.66,1.0,1.64
2012-03-25,1.45,3.15,3.56,0.92,1.49
2012-03-26,1.44,3.09,3.42,0.83,1.34
2012-03-27,1.42,3.06,3.25,0.67,1.2
2012-03-28,1.41,3.04,3.15,0.52,1.0
2012-03-29,1.42,3.03,3.1,0.36,0.73
2012-03-30,1.42,3.02,3.07,0.29,0.63
2012-03-31,1.4,3.01,3.03,0.26,0.6
2012-04-01,1.39,3.12,3.0,0.24,0.68
2012-04-02,1.4,3.11,2.93,0.24,0.66
2012-04-03,1.8,3.12,2.88,0.23,0.64
2012-04-04,1.9,3.09,2.8,0.23,0.62
2012-04-05,1.88,3.31,2.74,0.22,0.62
2012-04-06,1.84,3.61,2.7,0.2,0.61
2012-04-07,1.82,3.63,2.74,0.24,0.62
2012-04-08,1.94,3.55,2.86,0.26,0.67
2012-04-09,2.1,3.55,2.96,0.42,0.8
2012-04-10,2.4,3.58,2.97,0.55,0.98
2012-04-11,3.1,3.78,2.94,0.6,1.04
2012-04-12,3.0,3.9,2.92,0.6,1.02
2012-04-13,2.75,4.5,2.96,0.56,1.0
2012-04-14,2.3,4.82,3.1,0.6,1.02
2012-04-15,2.24,4.62,3.41,0.74,1.12
2012-04-16,2.24,4.2,4.0,1.04,1.36
2012-04-17,2.26,3.88,4.41,1.2,1.72
2012-04-18,2.48,3.84,4.29,1.44,2.0
2012-04-19,2.5,4.0,3.84,1.5,2.15
2012-04-20,2.42,4.16,3.51,1.36,2.05
2012-04-21,2.38,4.16,3.47,1.14,1.8
2012-04-22,2.36,4.1,3.57,1.0,1.65
2012-04-23,2.48,4.03,3.7,1.0,1.64
2012-04-24,2.58,3.99,3.76,1.1,1.72
2012-04-25,2.59,4.0,3.72,1.18,1.79
2012-04-26,2.59,4.18,3.64,1.16,1.81
2012-04-27,2.58,4.29,3.58,1.12,1.77
2012-04-28,2.58,4.5,3.66,1.05,1.72
2012-04-29,2.56,4.62,3.77,1.08,1.7
2012-04-30,2.56,4.5,3.92,1.17,1.77
2012-05-01,2.55,4.5,4.18,1.23,1.85
2012-05-02,2.54,4.58,4.32,1.34,1.98
2012-05-03,2.53,4.71,4.33,1.5,2.12
2012-05-04,2.54,4.79,4.3,1.5,2.17
2012-05-05,2.5,4.75,4.47,1.52,2.18
2012-05-06,2.8,4.71,4.65,1.55,2.19
2012-05-07,2.77,4.69,4.72,1.65,2.31
2012-05-08,2.66,4.85,4.69,1.73,2.38
2012-05-09,2.7,4.99,4.66,1.76,2.42
2012-05-10,2.68,4.83,4.72,1.73,2.4
2012-05-11,2.67,4.73,4.86,1.75,2.46
2012-05-12,2.63,4.82,4.97,1.8,2.46
2012-05-13,2.53,4.87,4.86,1.9,2.56
2012-05-14,2.53,4.91,4.8,1.9,2.59
2012-05-15,2.58,4.87,4.87,1.85,2.56
2012-05-16,2.57,4.66,4.9,1.82,2.52
2012-05-17,2.64,4.57,4.84,1.85,2.56
2012-05-18,2.64,4.49,4.71,1.85,2.52
2012-05-19,2.63,4.51,4.58,1.77,2.5
2012-05-20,2.56,4.55,4.46,1.7,2.4
2012-05-21,2.56,4.57,4.4,1.6,2.33
2012-05-22,2.52,4.52,4.42,1.57,2.26
2012-05-23,2.57,4.42,4.51,1.57,2.24
2012-05-24,2.96,4.41,4.56,1.6,2.3
2012-05-25,3.1,4.49,4.5,1.65,2.35
2012-05-26,3.06,4.86,4.44,1.73,2.42
2012-05-27,2.89,5.11,4.46,1.7,2.42
2012-05-28,2.53,5.21,4.61,1.68,2.4
2012-05-29,2.5,5.08,4.93,1.68,2.4
2012-05-30,2.71,4.76,5.24,1.8,2.47
2012-05-31,2.32,4.44,5.26,2.0,2.56
2012-06-01,2.12,4.57,5.1,2.1,2.79
2012-06-02,2.11,4.51,4.77,2.05,2.77
2012-06-03,2.26,4.25,4.54,1.82,2.62
2012-06-04,2.46,4.18,4.55,1.73,2.48
2012-06-05,2.63,4.29,4.52,1.67,2.36
2012-06-06,3.0,4.68,4.52,1.75,2.46
2012-06-07,2.96,4.88,4.6,1.75,2.46
2012-06-08,2.94,5.16,4.74,1.78,2.58
2012-06-09,2.92,5.27,4.98,1.77,2.52
2012-06-10,2.76,5.29,5.26,1.9,2.58
2012-06-11,2.8,5.31,5.47,2.14,2.75
2012-06-12,3.02,5.3,5.68,2.49,3.11
2012-06-13,2.93,5.26,5.88,2.65,3.35
2012-06-14,2.62,5.3,5.73,2.75,3.47
2012-06-15,2.22,5.24,5.58,2.62,3.39
2012-06-16,2.23,4.97,5.53,2.46,3.22
2012-06-17,2.54,4.43,5.5,2.34,3.1
2012-06-18,2.46,4.18,5.33,2.32,3.05
2012-06-19,2.48,4.36,4.91,2.25,2.97
2012-06-20,2.7,4.4,4.46,2.03,2.81
2012-06-21,2.92,4.42,4.24,1.78,2.52
2012-06-22,2.9,4.45,4.32,1.44,2.25
2012-06-23,2.83,5.04,4.4,1.4,2.18
2012-06-24,2.59,6.11,4.51,1.46,2.21
2012-06-25,2.79,7.51,4.82,1.5,2.26
2012-06-26,3.06,7.2,5.7,1.65,2.38
2012-06-27,3.15,6.92,7.34,2.08,2.67
2012-06-28,2.88,6.38,7.54,3.68,3.91
2012-06-29,2.76,6.06,7.23,4.1,4.77
2012-06-30,2.87,5.76,6.86,3.97,4.68
2012-07-01,2.78,5.54,6.51,3.6,4.37
2012-07-02,2.56,5.46,6.23,3.29,4.04
2012-07-03,2.62,5.44,5.96,3.03,3.76
2012-07-04,2.83,5.32,5.85,2.76,3.52
2012-07-05,2.92,5.3,5.87,2.6,3.34
2012-07-06,3.08,5.54,5.72,2.5,3.27
2012-07-07,2.99,5.81,5.68,2.45,3.22
2012-07-08,2.78,5.82,5.83,2.42,3.16
2012-07-09,2.8,5.74,6.2,2.5,3.2
2012-07-10,3.18,5.8,6.42,2.87,3.48
2012-07-11,3.37,5.94,6.51,3.25,3.84
2012-07-12,3.57,6.64,6.56,3.4,4.11
2012-07-13,3.86,7.66,6.68,3.4,4.15
2012-07-14,3.75,8.22,7.04,3.45,4.22
2012-07-15,3.39,8.38,7.85,3.78,4.44
2012-07-16,3.35,8.64,8.32,4.65,5.15
2012-07-17,3.46,8.16,8.63,5.04,5.82
2012-07-18,3.49,8.26,8.62,5.37,6.18
2012-07-19,3.58,8.3,8.4,5.35,6.24
2012-07-20,3.48,8.32,8.34,5.2,6.03
2012-07-21,3.42,8.6,8.34,5.1,5.86
2012-07-22,3.62,9.1,8.34,5.08,5.94
2012-07-23,3.68,9.08,8.68,5.1,5.96
2012-07-24,3.82,9.02,9.14,5.55,6.28
2012-07-25,3.78,9.02,9.24,5.95,6.82
2012-07-26,3.81,9.12,9.22,6.08,7.01
2012-07-27,3.72,9.08,9.22,6.1,7.01
2012-07-28,3.89,9.44,9.17,6.1,7.01
2012-07-29,4.04,10.12,9.1,6.02,6.98
2012-07-30,4.53,11.48,9.74,6.02,6.96
2012-07-31,4.89,11.76,10.93,6.95,7.68
2012-08-01,4.88,12.0,11.3,7.94,8.96
2012-08-02,4.97,12.69,11.4,8.14,9.32
2012-08-03,4.66,12.26,11.82,8.4,9.56
2012-08-04,4.25,11.62,11.7,8.63,9.85
2012-08-05,4.54,11.99,11.24,8.4,9.66
2012-08-06,5.81,12.26,11.13,7.98,9.3
2012-08-07,5.43,11.72,11.56,8.18,9.36
2012-08-08,4.7,12.08,11.36,8.35,9.6
2012-08-09,4.48,12.24,11.54,8.35,9.6
2012-08-10,4.78,12.46,12.35,9.03,10.16
2012-08-11,5.56,12.5,12.5,9.58,10.88
2012-08-12,5.9,12.84,12.3,9.6,10.96
2012-08-13,5.71,13.03,12.17,9.3,10.7
2012-08-14,5.37,12.74,12.2,9.28,10.58
2012-08-15,4.9,12.15,11.96,9.2,10.54
2012-08-16,4.47,11.47,11.55,8.82,10.26
2012-08-17,4.21,10.74,11.05,8.37,9.82
2012-08-18,4.05,10.29,10.52,7.88,9.29
2012-08-19,4.26,10.03,10.06,7.33,8.68
2012-08-20,4.18,10.27,9.81,6.95,8.04
2012-08-21,4.21,12.54,9.71,6.68,7.78
2012-08-22,4.12,11.47,10.81,6.75,7.66
2012-08-23,4.57,11.5,11.91,8.02,8.92
2012-08-24,4.42,11.28,10.9,7.98,9.18
2012-08-25,4.15,11.12,10.86,7.78,8.98
2012-08-26,4.23,11.27,10.6,7.62,8.84
2012-08-27,6.56,11.83,10.62,7.43,8.61
2012-08-28,6.51,11.9,10.91,7.53,8.6
2012-08-29,5.87,12.83,11.03,7.76,8.83
2012-08-30,5.33,12.48,11.62,8.04,9.04
2012-08-31,4.76,11.81,11.62,8.64,9.62
2012-09-01,4.76,11.55,11.36,8.55,9.65
2012-09-02,4.99,11.1,11.1,8.35,9.42
2012-09-03,4.74,10.87,10.73,7.94,9.16
2012-09-04,4.58,10.72,10.39,7.5,8.75
2012-09-05,4.42,10.65,10.22,7.24,8.38
2012-09-06,4.41,11.47,10.16,7.0,8.17
2012-09-07,5.23,13.49,10.84,7.24,8.3
2012-09-08,5.91,13.5,12.24,8.4,9.3
2012-09-09,6.02,13.6,12.52,9.52,10.52
2012-09-10,5.72,13.45,12.56,9.62,10.8
2012-09-11,5.42,12.95,12.4,9.55,10.7
2012-09-12,5.02,12.34,12.13,9.46,10.52
2012-09-13,4.64,11.76,12.09,9.26,10.4
2012-09-14,4.37,11.21,11.81,9.2,10.4
2012-09-15,4.29,10.73,11.37,8.85,10.1
2012-09-16,4.27,10.41,10.96,8.48,9.72
2012-09-17,4.28,10.45,10.57,8.1,9.32
2012-09-18,4.26,10.43,10.32,7.65,8.9
2012-09-19,4.27,10.14,10.22,7.34,8.55
2012-09-20,4.12,10.02,10.08,7.2,8.34
2012-09-21,3.87,9.81,9.81,7.0,8.11
2012-09-22,3.72,9.49,9.66,6.72,7.78
2012-09-23,3.59,9.12,9.54,6.58,7.58
2012-09-24,3.49,8.8,9.25,6.42,7.4
2012-09-25,3.6,8.76,8.92,6.06,7.07
2012-09-26,3.75,8.86,8.79,5.88,6.76
2012-09-27,3.76,9.03,8.8,5.8,6.67
2012-09-28,3.92,9.13,9.44,5.94,6.7
2012-09-29,4.11,9.11,9.46,6.4,7.22
2012-09-30,3.94,9.1,9.32,6.35,7.34
2012-10-01,3.67,9.15,9.12,6.18,7.06
2012-10-02,3.49,8.95,9.08,5.86,6.87
2012-10-03,3.38,8.63,9.1,5.82,6.78
2012-10-04,3.34,8.24,8.9,5.9,6.72
2012-10-05,3.3,7.9,8.67,5.56,6.53
2012-10-06,3.26,7.72,8.29,5.29,6.36
2012-10-07,3.36,7.6,8.01,4.94,5.88
2012-10-08,3.31,7.54,7.84,4.65,5.52
2012-10-09,3.26,7.45,7.69,4.44,5.23
2012-10-10,3.17,7.46,7.62,4.3,5.06
2012-10-11,3.07,7.32,7.57,4.21,4.94
2012-10-12,3.03,7.16,7.5,4.15,4.87
2012-10-13,3.01,7.0,7.38,4.08,4.82
2012-10-14,3.08,6.92,7.24,3.98,4.69
2012-10-15,3.16,6.79,7.09,3.85,4.55
2012-10-16,3.1,6.76,6.97,3.71,4.38
2012-10-17,3.09,6.8,6.93,3.66,4.3
2012-10-18,3.22,6.72,7.28,3.93,4.53
2012-10-19,3.36,6.66,8.22,4.36,4.91
2012-10-20,3.68,6.8,7.91,4.99,5.74
2012-10-21,3.96,7.0,7.53,4.66,5.56
2012-10-22,4.51,7.34,7.32,4.28,5.13
2012-10-23,5.24,7.8,7.29,4.03,4.83
2012-10-24,5.54,8.59,7.53,3.98,4.72
2012-10-25,5.51,9.54,8.04,4.17,4.8
2012-10-26,5.34,9.97,8.96,4.76,5.3
2012-10-27,4.94,9.94,9.59,5.72,6.3
2012-10-28,4.65,9.56,9.7,6.25,7.05
2012-10-29,4.55,9.02,9.49,6.28,7.18
2012-10-30,4.56,8.68,9.13,6.07,6.98
2012-10-31,4.83,8.54,8.74,5.75,6.6
2012-11-01,4.1,7.55,7.59,4.18,4.82
2012-11-02,3.78,7.48,7.5,4.2,4.85
2012-11-03,3.25,7.52,7.36,4.09,4.8
2012-11-04,2.95,7.26,7.3,3.96,4.66
2012-11-05,3.27,6.76,7.34,3.89,4.58
2012-11-06,3.25,6.39,7.15,3.89,4.58
2012-11-07,3.25,6.45,6.77,3.72,4.48
2012-11-08,3.26,6.5,6.41,3.4,4.17
2012-11-09,3.22,6.49,6.33,3.12,3.88
2012-11-10,3.0,6.48,6.38,3.18,3.64
2012-11-11,2.83,6.42,6.39,3.11,3.63
2012-11-12,2.75,6.22,6.38,3.0,3.66
2012-11-13,2.69,6.05,6.35,3.0,3.66
2012-11-14,2.67,5.91,6.28,2.99,3.64
2012-11-15,2.75,5.87,6.06,2.94,3.59
2012-11-16,2.86,5.9,5.9,2.78,3.44
2012-11-17,2.86,5.93,5.8,2.64,3.28
2012-11-18,2.9,6.0,5.78,2.54,3.17
2012-11-19,2.88,6.0,5.81,2.5,3.11
2012-11-20,2.83,6.01,5.88,2.53,3.12
2012-11-21,2.76,5.93,5.94,2.58,3.16
2012-11-22,2.72,5.84,5.94,2.63,3.22
2012-11-23,2.7,5.74,5.88,2.65,3.26
2012-11-24,2.65,5.64,5.82,2.6,3.2
2012-11-25,2.74,5.57,5.72,2.55,3.16
2012-11-26,2.65,5.55,5.63,2.49,3.1
2012-11-27,2.6,5.59,5.56,2.4,3.0
2012-11-28,2.57,5.7,5.56,2.33,2.93
2012-11-29,2.58,5.82,5.7,2.33,2.91
2012-11-30,2.58,5.69,6.0,2.42,2.94
2012-12-01,2.66,5.57,6.02,2.64,3.08
2012-12-02,2.73,5.59,5.9,2.7,3.2
2012-12-03,2.98,5.64,5.78,2.62,3.26
2012-12-04,2.89,5.91,5.74,2.52,3.14
2012-12-05,2.73,5.93,5.72,2.46,3.07
2012-12-06,2.63,5.86,5.77,2.45,3.03
2012-12-07,2.77,5.64,5.94,2.53,3.08
2012-12-08,2.95,5.46,5.92,2.63,3.2
2012-12-09,2.86,5.46,5.75,2.63,3.23
2012-12-10,2.71,5.58,5.55,2.52,3.15
2012-12-11,2.68,5.58,5.44,2.36,3.0
2012-12-12,2.62,5.44,5.53,2.24,2.84
2012-12-13,2.67,5.35,5.57,2.27,2.82
2012-12-14,2.59,5.24,5.48,2.32,2.88
2012-12-15,2.55,5.21,5.36,2.24,2.86
2012-12-16,2.55,5.14,5.25,2.18,2.78
2012-12-17,2.54,4.96,5.16,2.0,2.68
2012-12-18,2.56,5.01,5.07,1.9,2.6
2012-12-19,2.52,4.99,4.98,1.9,2.52
2012-12-20,2.54,4.99,4.91,1.9,2.46
2012-12-21,2.66,4.92,4.85,1.82,2.4
2012-12-22,2.72,4.9,4.84,1.78,2.35
2012-12-23,2.7,4.98,4.81,1.77,2.3
2012-12-24,2.66,5.05,4.78,1.72,2.28
2012-12-25,2.66,5.06,4.78,1.69,2.26
2012-12-26,2.68,5.03,4.86,1.68,2.24
2012-12-27,2.66,4.99,4.92,1.73,2.28
2012-12-28,2.65,4.97,4.93,1.78,2.32
2012-12-29,2.63,4.95,4.89,1.81,2.36
2012-12-30,2.63,4.93,4.87,1.79,2.36
2012-12-31,2.62,4.93,4.86,1.75,2.3
2013-01-01,3.26,6.24,6.38,3.1,3.68
2013-01-02,3.28,6.23,6.32,3.0,3.57
2013-01-03,3.09,6.18,6.29,2.92,3.5
2013-01-04,2.97,6.12,6.29,2.9,3.46
2013-01-05,3.19,5.98,6.26,2.88,3.45
2013-01-06,3.33,5.84,6.18,2.85,3.43
2013-01-07,3.25,5.89,6.1,2.87,3.39
2013-01-08,3.21,5.86,5.94,2.75,3.33
2013-01-09,3.22,6.0,5.89,2.62,3.21
2013-01-10,3.41,5.96,6.02,2.53,3.11
2013-01-11,3.55,5.94,6.08,2.64,3.16
2013-01-12,3.44,6.02,6.02,2.7,3.26
2013-01-13,3.25,6.22,6.0,2.68,3.26
2013-01-14,3.17,6.18,6.05,2.65,3.22
2013-01-15,3.21,6.14,6.21,2.65,3.24
2013-01-16,3.25,5.85,6.27,2.8,3.33
2013-01-17,3.27,5.72,6.14,2.87,3.44
2013-01-18,3.25,5.86,5.98,2.74,3.41
2013-01-19,3.24,5.86,5.91,2.63,3.27
2013-01-20,3.27,5.84,5.93,2.58,3.16
2013-01-21,3.27,5.82,5.94,2.56,3.13
2013-01-22,3.26,5.8,5.94,2.52,3.14
2013-01-23,3.27,5.82,5.9,2.48,3.14
2013-01-24,3.2,5.81,5.9,2.48,3.12
2013-01-25,3.05,5.8,5.89,2.46,3.12
2013-01-26,3.02,5.72,5.88,2.46,3.11
2013-01-27,3.1,5.56,5.88,2.45,3.1
2013-01-28,3.06,5.47,5.84,2.45,3.1
2013-01-29,3.04,5.5,5.72,2.42,3.08
2013-01-30,2.82,5.49,5.58,2.36,3.02
2013-01-31,2.49,5.44,5.55,2.25,2.92
2013-02-01,2.4,5.24,5.54,2.12,2.83
2013-02-02,2.4,5.0,5.52,2.2,2.82
2013-02-03,2.38,4.66,5.42,2.18,2.81
2013-02-04,2.39,4.6,5.17,2.1,2.77
2013-02-05,2.4,4.5,4.84,1.97,2.64
2013-02-06,2.41,4.48,4.64,1.77,2.44
2013-02-07,2.38,4.45,4.54,1.6,2.25
2013-02-08,2.38,4.44,4.49,1.5,2.12
2013-02-09,2.36,4.42,4.45,1.45,2.04
2013-02-10,2.36,4.39,4.43,1.42,2.01
2013-02-11,2.36,4.37,4.41,1.4,1.98
2013-02-12,2.33,4.36,4.38,1.38,1.94
2013-02-13,2.57,4.32,4.36,1.35,1.95
2013-02-14,2.73,4.38,4.33,1.33,1.92
2013-02-15,2.98,4.43,4.31,1.3,1.9
2013-02-16,3.2,4.7,4.27,1.28,1.88
2013-02-17,3.26,4.94,4.29,1.28,1.86
2013-02-18,3.15,5.08,4.44,1.24,1.85
2013-02-19,3.13,5.48,4.71,1.34,1.91
2013-02-20,3.16,5.2,5.06,1.5,2.04
2013-02-21,3.19,5.28,5.45,1.7,2.26
2013-02-22,3.2,5.28,5.47,2.0,2.53
2013-02-23,3.24,5.32,5.4,2.1,2.74
2013-02-24,3.37,5.34,5.35,2.08,2.74
2013-02-25,3.57,5.36,5.36,2.03,2.7
2013-02-26,3.42,5.47,5.39,2.02,2.68
2013-02-27,3.47,5.7,5.42,2.02,2.69
2013-02-28,3.57,5.69,5.48,2.06,2.72
2013-03-01,3.6,5.56,5.66,2.1,2.76
2013-03-02,3.61,5.75,5.8,2.2,2.83
2013-03-03,3.55,5.8,5.78,2.32,2.97
2013-03-04,3.49,5.82,5.83,2.38,3.04
2013-03-05,3.46,5.76,5.9,2.38,3.05
2013-03-06,3.62,5.7,5.94,2.41,3.1
2013-03-07,3.67,5.66,5.92,2.48,3.16
2013-03-08,3.67,5.62,5.87,2.46,3.18
2013-03-09,3.65,5.81,5.8,2.4,3.14
2013-03-10,3.61,5.9,5.81,2.38,3.1
2013-03-11,3.5,5.9,5.91,2.36,3.06
2013-03-12,3.5,5.74,5.98,2.44,3.1
2013-03-13,3.48,5.74,6.01,2.51,3.19
2013-03-14,3.41,5.69,6.0,2.54,3.24
2013-03-15,3.4,5.66,5.94,2.54,3.25
2013-03-16,3.43,5.58,5.84,2.51,3.24
2013-03-17,3.43,5.52,5.76,2.44,3.16
2013-03-18,3.43,5.55,5.74,2.38,3.05
2013-03-19,3.44,5.55,5.68,2.35,3.0
2013-03-20,3.36,5.54,5.65,2.29,2.94
2013-03-21,3.39,5.5,5.66,2.25,2.9
2013-03-22,3.15,5.48,5.67,2.25,2.9
2013-03-23,2.96,5.5,5.68,2.26,2.9
2013-03-24,2.93,5.46,5.65,2.26,2.9
2013-03-25,3.11,5.42,5.66,2.26,2.9
2013-03-26,3.15,5.36,5.62,2.26,2.9
2013-03-27,3.14,5.34,5.56,2.23,2.89
2013-03-28,3.14,5.34,5.51,2.1,2.85
2013-03-29,3.13,5.3,5.47,2.1,2.8
2013-03-30,3.17,5.28,5.48,2.11,2.76
2013-03-31,3.25,5.2,5.44,2.11,2.73
2013-04-01,3.2,5.21,5.4,2.09,2.72
2013-04-02,3.2,5.18,5.32,2.03,2.68
2013-04-03,3.2,5.22,5.3,2.0,2.64
2013-04-04,3.3,5.26,5.36,1.97,2.62
2013-04-05,3.29,5.31,5.38,1.96,2.62
2013-04-06,3.27,5.37,5.39,2.13,2.66
2013-04-07,3.34,5.5,5.38,2.09,2.7
2013-04-08,3.44,5.52,5.48,2.06,2.66
2013-04-09,3.32,5.56,5.6,2.1,2.68
2013-04-10,3.22,5.62,5.63,2.2,2.78
2013-04-11,3.16,5.53,5.66,2.3,2.84
2013-04-12,3.13,5.45,5.72,2.3,2.88
2013-04-13,3.13,5.31,5.74,2.32,2.9
2013-04-14,2.82,5.3,5.65,2.35,2.96
2013-04-15,2.5,5.28,5.53,2.3,2.94
2013-04-16,2.45,5.25,5.41,2.23,2.85
2013-04-17,2.52,5.18,5.32,2.15,2.76
2013-04-18,3.1,4.32,5.24,2.12,2.72
2013-04-19,3.19,4.59,4.93,2.05,2.62
2013-04-20,3.14,4.85,4.6,1.83,2.49
2013-04-21,3.12,5.1,4.42,1.66,2.26
2013-04-22,3.13,5.18,4.41,1.38,2.04
2013-04-23,3.13,5.16,4.9,1.3,1.96
2013-04-24,3.12,5.12,5.2,1.48,2.1
2013-04-25,3.03,5.12,5.27,1.68,2.36
2013-04-26,3.1,5.1,5.26,1.79,2.52
2013-04-27,3.1,5.1,5.26,1.85,2.57
2013-04-28,3.0,5.14,5.3,1.85,2.57
2013-04-29,3.09,5.17,5.32,1.88,2.57
2013-04-30,3.19,5.06,5.36,1.93,2.62
2013-05-01,3.04,5.16,5.41,1.94,2.65
2013-05-02,2.7,5.3,5.36,1.97,2.69
2013-05-03,2.64,5.2,5.35,1.97,2.69
2013-05-04,2.84,4.87,5.68,1.95,2.68
2013-05-05,3.03,4.71,5.7,2.12,2.78
2013-05-06,3.18,4.78,5.43,2.25,2.92
2013-05-07,3.15,5.14,5.1,2.1,2.86
2013-05-08,2.97,5.54,4.99,1.86,2.64
2013-05-09,2.93,5.78,5.33,1.72,2.43
2013-05-10,2.87,5.67,5.76,1.83,2.5
2013-05-11,3.11,5.51,6.01,2.18,2.76
2013-05-12,3.31,5.3,6.04,2.42,3.06
2013-05-13,3.31,5.26,5.9,2.55,3.22
2013-05-14,3.21,5.54,5.67,2.5,3.2
2013-05-15,3.02,5.58,5.46,2.33,3.07
2013-05-16,3.32,5.52,5.6,2.15,2.89
2013-05-17,3.58,5.54,5.76,2.15,2.82
2013-05-18,3.72,5.55,5.76,2.3,2.92
2013-05-19,3.71,5.68,5.58,2.33,3.0
2013-05-20,3.72,5.92,5.52,2.27,2.95
2013-05-21,3.79,6.02,5.8,2.15,2.84
2013-05-22,3.78,6.02,6.05,2.28,2.9
2013-05-23,3.81,6.06,6.2,2.47,3.1
2013-05-24,3.83,6.19,6.26,2.65,3.32
2013-05-25,3.84,6.17,6.28,2.75,3.4
2013-05-26,3.83,6.15,6.32,2.75,3.44
2013-05-27,3.62,6.16,6.36,2.78,3.47
2013-05-28,3.7,6.21,6.51,2.82,3.5
2013-05-29,3.71,6.14,6.46,2.9,3.59
2013-05-30,3.55,6.06,6.53,2.97,3.64
2013-05-31,3.45,6.04,6.52,3.0,3.68
2013-06-01,0.0,0.0,0.0,0.0,0.0
2013-06-02,0.0,0.0,0.0,0.0,0.0
2013-06-03,0.0,0.0,0.0,0.0,0.0
2013-06-04,0.0,0.0,0.0,0.0,0.0
2013-06-05,0.0,0.0,0.0,0.0,0.0
2013-06-06,0.0,0.0,0.0,0.0,0.0
2013-06-07,0.0,0.0,0.0,0.0,0.0
2013-06-08,0.0,0.0,0.0,0.0,0.0
2013-06-09,0.0,0.0,0.0,0.0,0.0
2013-06-10,0.0,0.0,0.0,0.0,0.0
2013-06-11,0.0,0.0,0.0,0.0,0.0
2013-06-12,0.0,0.0,0.0,0.0,0.0
2013-06-13,0.0,0.0,0.0,0.0,0.0
2013-06-14,0.0,0.0,0.0,0.0,0.0
2013-06-15,0.0,0.0,0.0,0.0,0.0
2013-06-16,0.0,0.0,0.0,0.0,0.0
2013-06-17,0.0,0.0,0.0,0.0,0.0
2013-06-18,0.0,0.0,0.0,0.0,0.0
2013-06-19,0.0,0.0,0.0,0.0,0.0
2013-06-20,0.0,0.0,0.0,0.0,0.0
2013-06-21,0.0,0.0,0.0,0.0,0.0
2013-06-22,0.0,0.0,0.0,0.0,0.0
2013-06-23,0.0,0.0,0.0,0.0,0.0
2013-06-24,0.0,0.0,0.0,0.0,0.0
2013-06-25,0.0,0.0,0.0,0.0,0.0
2013-06-26,0.0,0.0,0.0,0.0,0.0
2013-06-27,0.0,0.0,0.0,0.0,0.0
2013-06-28,0.0,0.0,0.0,0.0,0.0
2013-06-29,0.0,0.0,0.0,0.0,0.0
2013-06-30,0.0,0.0,0.0,0.0,0.0
2013-07-01,0.0,0.0,0.0,0.0,0.0
2013-07-02,0.0,0.0,0.0,0.0,0.0
2013-07-03,0.0,0.0,0.0,0.0,0.0
2013-07-04,0.0,0.0,0.0,0.0,0.0
2013-07-05,0.0,0.0,0.0,0.0,0.0
2013-07-06,0.0,0.0,0.0,0.0,0.0
2013-07-07,0.0,0.0,0.0,0.0,0.0
2013-07-08,0.0,0.0,0.0,0.0,0.0
2013-07-09,0.0,0.0,0.0,0.0,0.0
2013-07-10,0.0,0.0,0.0,0.0,0.0
2013-07-11,0.0,0.0,0.0,0.0,0.0
2013-07-12,0.0,0.0,0.0,0.0,0.0
2013-07-13,0.0,0.0,0.0,0.0,0.0
2013-07-14,0.0,0.0,0.0,0.0,0.0
2013-07-15,0.0,0.0,0.0,0.0,0.0
2013-07-16,0.0,0.0,0.0,0.0,0.0
2013-07-17,0.0,0.0,0.0,0.0,0.0
2013-07-18,0.0,0.0,0.0,0.0,0.0
2013-07-19,0.0,0.0,0.0,0.0,0.0
2013-07-20,0.0,0.0,0.0,0.0,0.0
2013-07-21,0.0,0.0,0.0,0.0,0.0
2013-07-22,0.0,0.0,0.0,0.0,0.0
2013-07-23,0.0,0.0,0.0,0.0,0.0
2013-07-24,0.0,0.0,0.0,0.0,0.0
2013-07-25,0.0,0.0,0.0,0.0,0.0
2013-07-26,0.0,0.0,0.0,0.0,0.0
2013-07-27,0.0,0.0,0.0,0.0,0.0
2013-07-28,0.0,0.0,0.0,0.0,0.0
2013-07-29,0.0,0.0,0.0,0.0,0.0
2013-07-30,0.0,0.0,0.0,0.0,0.0
2013-07-31,0.0,0.0,0.0,0.0,0.0
2013-08-01,0.0,0.0,0.0,0.0,0.0
2013-08-02,0.0,0.0,0.0,0.0,0.0
2013-08-03,0.0,0.0,0.0,0.0,0.0
2013-08-04,0.0,0.0,0.0,0.0,0.0
2013-08-05,0.0,0.0,0.0,0.0,0.0
2013-08-06,0.0,0.0,0.0,0.0,0.0
2013-08-07,0.0,0.0,0.0,0.0,0.0
2013-08-08,0.0,0.0,0.0,0.0,0.0
2013-08-09,0.0,0.0,0.0,0.0,0.0
2013-08-10,0.0,0.0,0.0,0.0,0.0
2013-08-11,0.0,0.0,0.0,0.0,0.0
2013-08-12,0.0,0.0,0.0,0.0,0.0
2013-08-13,0.0,0.0,0.0,0.0,0.0
2013-08-14,0.0,0.0,0.0,0.0,0.0
2013-08-15,0.0,0.0,0.0,0.0,0.0
2013-08-16,0.0,0.0,0.0,0.0,0.0
2013-08-17,0.0,0.0,0.0,0.0,0.0
2013-08-18,0.0,0.0,0.0,0.0,0.0
2013-08-19,0.0,0.0,0.0,0.0,0.0
2013-08-20,0.0,0.0,0.0,0.0,0.0
2013-08-21,0.0,0.0,0.0,0.0,0.0
2013-08-22,0.0,0.0,0.0,0.0,0.0
2013-08-23,0.0,0.0,0.0,0.0,0.0
2013-08-24,0.0,0.0,0.0,0.0,0.0
2013-08-25,0.0,0.0,0.0,0.0,0.0
2013-08-26,0.0,0.0,0.0,0.0,0.0
2013-08-27,0.0,0.0,0.0,0.0,0.0
2013-08-28,0.0,0.0,0.0,0.0,0.0
2013-08-29,0.0,0.0,0.0,0.0,0.0
2013-08-30,0.0,0.0,0.0,0.0,0.0
2013-08-31,0.0,0.0,0.0,0.0,0.0
2013-09-01,0.0,0.0,0.0,0.0,0.0
2013-09-02,0.0,0.0,0.0,0.0,0.0
2013-09-03,0.0,0.0,0.0,0.0,0.0
2013-09-04,0.0,0.0,0.0,0.0,0.0
2013-09-05,0.0,0.0,0.0,0.0,0.0
2013-09-06,0.0,0.0,0.0,0.0,0.0
2013-09-07,0.0,0.0,0.0,0.0,0.0
2013-09-08,0.0,0.0,0.0,0.0,0.0
2013-09-09,0.0,0.0,0.0,0.0,0.0
2013-09-10,0.0,0.0,0.0,0.0,0.0
2013-09-11,0.0,0.0,0.0,0.0,0.0
2013-09-12,0.0,0.0,0.0,0.0,0.0
2013-09-13,0.0,0.0,0.0,0.0,0.0
2013-09-14,0.0,0.0,0.0,0.0,0.0
2013-09-15,0.0,0.0,0.0,0.0,0.0
2013-09-16,0.0,0.0,0.0,0.0,0.0
2013-09-17,0.0,0.0,0.0,0.0,0.0
2013-09-18,0.0,0.0,0.0,0.0,0.0
2013-09-19,0.0,0.0,0.0,0.0,0.0
2013-09-20,0.0,0.0,0.0,0.0,0.0
2013-09-21,0.0,0.0,0.0,0.0,0.0
2013-09-22,0.0,0.0,0.0,0.0,0.0
2013-09-23,0.0,0.0,0.0,0.0,0.0
2013-09-24,0.0,0.0,0.0,0.0,0.0
2013-09-25,0.0,0.0,0.0,0.0,0.0
2013-09-26,0.0,0.0,0.0,0.0,0.0
2013-09-27,0.0,0.0,0.0,0.0,0.0
2013-09-28,0.0,0.0,0.0,0.0,0.0
2013-09-29,0.0,0.0,0.0,0.0,0.0
2013-09-30,0.0,0.0,0.0,0.0,0.0
2013-10-01,0.0,0.0,0.0,0.0,0.0
2013-10-02,0.0,0.0,0.0,0.0,0.0
2013-10-03,0.0,0.0,0.0,0.0,0.0
2013-10-04,0.0,0.0,0.0,0.0,0.0
2013-10-05,0.0,0.0,0.0,0.0,0.0
2013-10-06,0.0,0.0,0.0,0.0,0.0
2013-10-07,0.0,0.0,0.0,0.0,0.0
2013-10-08,0.0,0.0,0.0,0.0,0.0
2013-10-09,0.0,0.0,0.0,0.0,0.0
2013-10-10,0.0,0.0,0.0,0.0,0.0
2013-10-11,0.0,0.0,0.0,0.0,0.0
2013-10-12,0.0,0.0,0.0,0.0,0.0
2013-10-13,0.0,0.0,0.0,0.0,0.0
2013-10-14,0.0,0.0,0.0,0.0,0.0
2013-10-15,0.0,0.0,0.0,0.0,0.0
2013-10-16,0.0,0.0,0.0,0.0,0.0
2013-10-17,0.0,0.0,0.0,0.0,0.0
2013-10-18,0.0,0.0,0.0,0.0,0.0
2013-10-19,0.0,0.0,0.0,0.0,0.0
2013-10-20,0.0,0.0,0.0,0.0,0.0
2013-10-21,0.0,0.0,0.0,0.0,0.0
2013-10-22,0.0,0.0,0.0,0.0,0.0
2013-10-23,0.0,0.0,0.0,0.0,0.0
2013-10-24,0.0,0.0,0.0,0.0,0.0
2013-10-25,0.0,0.0,0.0,0.0,0.0
2013-10-26,0.0,0.0,0.0,0.0,0.0
2013-10-27,0.0,0.0,0.0,0.0,0.0
2013-10-28,0.0,0.0,0.0,0.0,0.0
2013-10-29,0.0,0.0,0.0,0.0,0.0
2013-10-30,0.0,0.0,0.0,0.0,0.0
2013-10-31,0.0,0.0,0.0,0.0,0.0
2013-11-01,5.02,8.56,8.48,5.4,6.22
2013-11-02,4.91,8.84,8.36,5.16,5.92
2013-11-03,4.74,8.99,8.43,4.94,5.75
2013-11-04,4.63,8.82,8.63,5.04,5.79
2013-11-05,4.56,8.6,8.66,5.3,5.98
2013-11-06,4.44,8.48,8.52,5.21,6.05
2013-11-07,4.36,8.3,8.36,5.17,5.92
2013-11-08,4.32,8.1,8.2,5.0,5.72
2013-11-09,4.26,7.93,8.08,4.87,5.56
2013-11-10,4.22,7.86,7.96,4.87,5.42
2013-11-11,4.19,7.76,7.85,4.6,5.28
2013-11-12,4.16,7.71,7.76,4.52,5.16
2013-11-13,4.12,7.6,7.68,4.44,5.06
2013-11-14,4.04,7.6,7.62,4.32,4.96
2013-11-15,4.0,7.49,7.56,4.28,4.89
2013-11-16,4.06,7.46,7.52,4.2,4.81
2013-11-17,4.06,7.39,7.46,4.2,4.76
2013-11-18,4.01,7.39,7.37,4.1,4.71
2013-11-19,3.89,7.38,7.33,4.05,4.59
2013-11-20,4.11,7.4,7.36,4.0,4.56
2013-11-21,4.2,7.52,7.4,4.06,4.56
2013-11-22,4.14,7.64,7.39,4.08,4.6
2013-11-23,4.1,7.7,7.46,4.06,4.6
2013-11-24,4.07,7.61,7.54,4.12,4.65
2013-11-25,4.04,7.5,7.58,4.2,4.73
2013-11-26,3.95,7.4,7.54,4.25,4.8
2013-11-27,3.86,7.33,7.43,4.2,4.77
2013-11-28,3.72,7.24,7.34,4.09,4.67
2013-11-29,3.88,7.14,7.28,4.0,4.58
2013-11-30,3.95,7.09,7.22,3.9,4.5
2013-12-01,3.93,7.12,7.12,3.86,4.44
2013-12-02,3.79,7.2,7.03,3.86,4.35
2013-12-03,3.63,7.16,7.06,3.7,4.27
2013-12-04,3.58,7.1,7.12,3.6,4.22
2013-12-05,3.51,6.8,7.11,3.7,4.28
2013-12-06,3.48,6.68,6.99,3.7,4.29
2013-12-07,3.65,6.56,6.83,3.62,4.2
2013-12-08,3.81,6.48,6.7,3.53,4.06
2013-12-09,3.76,6.4,6.6,3.46,3.91
2013-12-10,3.77,6.8,6.52,3.25,3.81
2013-12-11,3.76,6.78,6.56,3.19,3.72
2013-12-12,3.73,6.78,6.71,3.19,3.7
2013-12-13,3.76,6.76,6.78,3.3,3.8
2013-12-14,3.84,6.73,6.78,3.38,3.9
2013-12-15,4.13,6.66,6.77,3.4,3.94
2013-12-16,5.83,7.51,6.78,3.43,3.99
2013-12-17,6.87,10.96,6.96,3.44,3.97
2013-12-18,5.65,11.72,8.77,3.6,4.08
2013-12-19,4.39,11.36,10.54,5.8,5.24
2013-12-20,3.85,9.92,10.68,7.2,6.72
2013-12-21,3.76,8.56,9.96,7.1,7.96
2013-12-22,3.61,8.05,9.02,6.77,7.66
2013-12-23,3.41,7.28,8.2,5.48,6.4
2013-12-24,3.44,7.0,7.61,4.72,5.58
2013-12-25,3.42,6.73,7.21,4.3,4.98
2013-12-26,3.49,6.6,7.0,3.84,4.56
2013-12-27,3.35,6.5,6.8,3.72,4.18
2013-12-28,3.26,6.58,6.62,3.48,4.02
2013-12-29,3.31,6.44,6.57,3.46,3.84
2013-12-30,3.32,6.37,6.56,3.24,3.74
2013-12-31,3.3,6.25,6.5,3.18,3.72
2014-01-01,0.0,0.0,0.0,0.0,0.0
2014-01-02,0.0,0.0,0.0,0.0,0.0
2014-01-03,0.0,0.0,0.0,0.0,0.0
2014-01-04,0.0,0.0,0.0,0.0,0.0
2014-01-05,0.0,0.0,0.0,0.0,0.0
2014-01-06,0.0,0.0,0.0,0.0,0.0
2014-01-07,0.0,0.0,0.0,0.0,0.0
2014-01-08,0.0,0.0,0.0,0.0,0.0
2014-01-09,0.0,0.0,0.0,0.0,0.0
2014-01-10,0.0,0.0,0.0,0.0,0.0
2014-01-11,0.0,0.0,0.0,0.0,0.0
2014-01-12,0.0,0.0,0.0,0.0,0.0
2014-01-13,0.0,0.0,0.0,0.0,0.0
2014-01-14,0.0,0.0,0.0,0.0,0.0
2014-01-15,0.0,0.0,0.0,0.0,0.0
2014-01-16,0.0,0.0,0.0,0.0,0.0
2014-01-17,0.0,0.0,0.0,0.0,0.0
2014-01-18,0.0,0.0,0.0,0.0,0.0
2014-01-19,0.0,0.0,0.0,0.0,0.0
2014-01-20,0.0,0.0,0.0,0.0,0.0
2014-01-21,0.0,0.0,0.0,0.0,0.0
2014-01-22,0.0,0.0,0.0,0.0,0.0
2014-01-23,0.0,0.0,0.0,0.0,0.0
2014-01-24,0.0,0.0,0.0,0.0,0.0
2014-01-25,0.0,0.0,0.0,0.0,0.0
2014-01-26,0.0,0.0,0.0,0.0,0.0
2014-01-27,0.0,0.0,0.0,0.0,0.0
2014-01-28,0.0,0.0,0.0,0.0,0.0
2014-01-29,0.0,0.0,0.0,0.0,0.0
2014-01-30,0.0,0.0,0.0,0.0,0.0
2014-01-31,0.0,0.0,0.0,0.0,0.0
2014-02-01,2.34,4.68,4.53,1.4,1.94
2014-02-02,2.28,4.67,4.58,1.4,1.92
2014-02-03,2.08,4.65,4.6,1.43,1.95
2014-02-04,2.11,4.48,4.61,1.43,1.96
2014-02-05,2.08,4.3,4.61,1.45,1.98
2014-02-06,2.06,4.26,4.56,1.48,1.98
2014-02-07,2.03,4.23,4.43,1.45,1.98
2014-02-08,1.98,4.18,4.3,1.38,1.91
2014-02-09,1.99,4.1,4.23,1.29,1.8
2014-02-10,2.33,4.06,4.19,1.22,1.82
2014-02-11,2.48,4.02,4.14,1.16,1.7
2014-02-12,2.5,4.25,4.1,1.14,1.66
2014-02-13,2.35,4.5,4.06,1.1,1.62
2014-02-14,2.07,4.64,4.1,1.08,1.58
2014-02-15,1.96,4.59,4.28,1.06,1.58
2014-02-16,1.94,4.26,4.52,1.1,1.66
2014-02-17,1.98,4.06,4.6,1.3,1.81
2014-02-18,1.98,3.96,4.49,1.49,1.97
2014-02-19,1.95,3.9,4.24,1.4,2.0
2014-02-20,1.94,3.94,4.02,1.3,1.88
2014-02-21,1.92,3.92,3.96,1.1,1.69
2014-02-22,1.92,3.85,3.94,0.99,1.56
2014-02-23,1.93,3.84,3.9,0.99,1.51
2014-02-24,1.92,3.84,3.86,0.99,1.48
2014-02-25,1.91,3.83,3.82,0.93,1.46
2014-02-26,1.91,3.83,3.78,0.9,1.42
2014-02-27,1.9,3.8,3.76,0.88,1.38
2014-02-28,1.87,3.76,3.75,0.85,1.36
2014-03-01,1.87,3.74,3.72,0.85,1.34
2014-03-02,1.85,3.71,3.7,0.83,1.34
2014-03-03,1.84,3.7,3.66,0.82,1.32
2014-03-04,2.2,3.68,3.64,0.8,1.31
2014-03-05,2.87,3.66,3.61,0.78,1.28
2014-03-06,3.4,3.89,3.59,0.75,1.25
2014-03-07,3.52,4.6,3.56,0.73,1.23
2014-03-08,3.81,5.41,3.6,0.74,1.21
2014-03-09,3.56,5.73,3.85,0.85,1.22
2014-03-10,3.52,5.85,4.56,0.95,1.36
2014-03-11,3.48,5.7,5.38,1.3,1.7
2014-03-12,3.22,5.82,5.78,1.84,2.22
2014-03-13,3.32,5.76,5.92,2.3,2.68
2014-03-14,3.28,5.59,5.92,2.48,3.06
2014-03-15,3.29,5.53,5.86,2.52,3.16
2014-03-16,3.37,5.52,5.72,2.45,3.16
2014-03-17,3.29,5.53,5.62,2.39,3.08
2014-03-18,3.27,5.6,5.58,2.3,3.0
2014-03-19,3.34,5.59,5.56,2.25,2.92
2014-03-20,3.41,5.5,5.58,2.25,2.9
2014-03-21,3.57,5.54,5.6,2.28,2.9
2014-03-22,3.7,5.62,5.58,2.28,2.92
2014-03-23,3.77,5.62,5.52,2.22,2.92
2014-03-24,3.29,5.93,5.58,2.2,2.89
2014-03-25,3.64,6.06,5.8,2.24,2.89
2014-03-26,3.5,5.86,5.96,2.36,2.98
2014-03-27,3.77,5.9,6.16,2.5,3.14
2014-03-28,3.29,6.02,6.14,2.6,3.3
2014-03-29,2.8,6.16,6.06,2.65,3.37
2014-03-30,2.94,5.88,6.1,2.6,3.32
2014-03-31,3.07,5.34,6.2,2.56,3.29
2014-04-01,3.3,5.24,6.16,2.68,3.37
2014-04-02,3.64,5.38,5.78,2.66,3.42
2014-04-03,3.71,5.46,5.41,2.46,3.25
2014-04-04,3.71,5.88,5.35,2.2,2.95
2014-04-05,3.74,6.04,5.47,2.05,2.75
2014-04-06,3.64,6.1,5.72,2.1,2.74
2014-04-07,3.24,6.09,6.0,2.25,2.88
2014-04-08,3.4,6.0,6.17,2.55,3.11
2014-04-09,3.26,5.72,6.22,2.6,3.3
2014-04-10,3.23,5.69,6.18,2.68,3.41
2014-04-11,3.6,5.76,6.07,2.7,3.48
2014-04-12,3.63,5.9,5.89,2.65,3.38
2014-04-13,3.43,6.28,5.91,2.48,3.26
2014-04-14,2.81,6.39,5.99,2.45,3.18
2014-04-15,2.31,6.14,6.25,2.5,3.21
2014-04-16,2.26,5.58,6.46,2.66,3.34
2014-04-17,2.26,4.48,6.38,2.85,3.56
2014-04-18,2.3,4.47,6.05,2.85,3.62
2014-04-19,2.84,4.42,5.43,2.65,3.46
2014-04-20,3.49,4.33,4.83,2.24,3.09
2014-04-21,3.39,4.76,4.5,1.84,2.62
2014-04-22,3.39,5.5,4.34,1.56,2.24
2014-04-23,3.38,5.72,4.42,1.35,2.0
2014-04-24,3.38,5.76,4.96,1.33,1.91
2014-04-25,3.42,5.76,5.62,1.6,2.1
2014-04-26,3.46,5.82,5.8,2.13,2.58
2014-04-27,3.53,5.86,5.86,2.34,2.96
2014-04-28,3.57,6.0,5.88,2.48,3.12
2014-04-29,3.67,6.16,5.96,2.48,3.15
2014-04-30,3.61,6.36,6.12,2.5,3.19
2014-05-01,3.55,6.48,6.26,2.6,3.28
2014-05-02,2.83,6.42,6.22,2.72,3.4
2014-05-03,2.3,6.22,6.51,2.76,3.46
2014-05-04,2.15,5.64,6.15,2.9,3.58
2014-05-05,2.17,4.82,5.94,2.75,3.56
2014-05-06,2.22,4.48,5.92,2.56,3.33
2014-05-07,2.44,4.36,5.39,2.5,3.24
2014-05-08,2.44,4.28,4.86,2.24,3.01
2014-05-09,2.44,4.46,4.46,1.83,2.6
2014-05-10,2.75,4.59,4.32,1.63,2.22
2014-05-11,2.47,4.62,4.39,1.3,1.98
2014-05-12,2.37,4.8,4.5,1.3,1.91
2014-05-13,2.43,4.79,4.6,1.45,1.98
2014-05-14,2.42,4.56,4.73,1.48,2.05
2014-05-15,2.45,4.6,4.8,1.55,2.12
2014-05-16,2.51,4.74,4.76,1.63,2.22
2014-05-17,2.54,4.79,4.68,1.65,2.28
2014-05-18,2.41,4.79,4.68,1.62,2.24
2014-05-19,2.56,4.8,4.78,1.58,2.18
2014-05-20,2.76,4.69,4.84,1.63,2.21
2014-05-21,2.74,4.66,4.84,1.63,2.28
2014-05-22,2.83,4.86,4.8,1.68,2.3
2014-05-23,2.93,4.99,4.74,1.65,2.28
2014-05-24,2.91,5.56,4.78,1.6,2.24
2014-05-25,2.84,5.3,4.96,1.6,2.22
2014-05-26,2.69,5.44,5.06,1.7,2.28
2014-05-27,2.54,5.38,5.22,1.85,2.41
2014-05-28,2.32,5.18,5.42,1.95,2.53
2014-05-29,2.02,4.88,5.48,2.1,2.68
2014-05-30,2.12,4.6,5.45,2.18,2.8
2014-05-31,2.78,3.39,5.2,2.18,2.82
2014-06-01,3.66,3.8,4.94,2.05,2.74
2014-06-02,3.5,4.7,4.59,1.83,2.55
2014-06-03,3.42,5.74,4.31,1.58,2.32
2014-06-04,3.61,5.96,4.39,1.33,2.06
2014-06-05,3.63,5.88,5.2,1.3,1.94
2014-06-06,4.19,5.97,5.94,1.6,2.15
2014-06-07,4.26,6.12,6.12,2.38,2.85
2014-06-08,4.24,6.7,6.16,2.64,3.29
2014-06-09,4.17,7.08,6.35,2.74,3.4
2014-06-10,3.97,7.26,7.02,2.88,3.5
2014-06-11,4.3,7.32,7.3,3.35,3.94
2014-06-12,4.25,7.4,7.38,3.65,4.45
2014-06-13,4.04,7.46,7.42,3.75,4.62
2014-06-14,3.87,7.34,7.46,3.75,4.66
2014-06-15,3.99,7.14,7.45,3.8,4.72
2014-06-16,4.1,6.91,7.52,3.83,4.74
2014-06-17,3.87,7.02,7.44,3.94,4.83
2014-06-18,3.74,7.3,7.22,3.85,4.81
2014-06-19,3.71,6.96,7.2,3.62,4.62
2014-06-20,3.63,6.62,7.33,3.65,4.48
2014-06-21,3.36,6.46,6.92,3.75,4.57
2014-06-22,2.77,6.34,6.8,3.44,4.33
2014-06-23,2.66,6.08,6.66,3.3,4.12
2014-06-24,2.81,5.5,6.52,3.15,3.99
2014-06-25,2.79,5.04,6.32,3.0,3.84
2014-06-26,2.72,5.04,5.91,2.83,3.68
2014-06-27,2.9,5.01,5.46,2.56,3.41
2014-06-28,3.1,5.0,5.22,2.2,3.06
2014-06-29,3.12,5.1,5.17,1.95,2.76
2014-06-30,2.99,5.34,5.15,1.88,2.6
2014-07-01,2.8,5.43,5.15,1.8,2.53
2014-07-02,2.95,5.32,5.3,1.8,2.51
2014-07-03,3.22,5.1,5.44,1.88,2.51
2014-07-04,3.33,5.06,5.45,2.02,2.67
2014-07-05,3.36,5.38,5.3,2.04,2.77
2014-07-06,3.2,5.58,5.2,1.98,2.72
2014-07-07,3.09,5.74,5.3,1.88,2.62
2014-07-08,3.19,6.14,5.57,1.97,2.58
2014-07-09,3.58,6.22,5.86,2.12,2.63
2014-07-10,3.54,6.1,6.23,2.35,2.87
2014-07-11,2.74,6.3,6.38,2.6,3.13
2014-07-12,2.52,6.22,6.34,2.8,3.4
2014-07-13,2.31,5.68,6.41,2.8,3.46
2014-07-14,2.51,4.98,6.46,2.9,3.46
2014-07-15,3.19,4.74,6.16,2.97,3.58
2014-07-16,3.59,4.71,5.68,2.8,3.5
2014-07-17,3.55,5.38,5.26,2.34,3.2
2014-07-18,3.67,6.2,5.0,2.16,2.8
2014-07-19,4.06,7.06,5.51,1.82,2.5
2014-07-20,3.98,7.82,5.98,1.85,2.38
2014-07-21,4.01,8.49,7.01,2.3,2.74
2014-07-22,4.33,8.58,7.98,3.35,3.65
2014-07-23,4.48,8.48,8.49,4.34,4.86
2014-07-24,4.37,8.49,8.52,4.9,5.68
2014-07-25,4.26,8.5,8.4,4.98,5.88
2014-07-26,4.82,9.55,8.38,4.85,5.77
2014-07-27,5.65,10.74,9.68,4.85,5.72
2014-07-28,5.85,11.36,9.68,5.2,5.92
2014-07-29,5.53,11.62,10.46,6.4,7.07
2014-07-30,5.44,11.26,10.94,7.14,8.03
2014-07-31,5.4,10.86,10.78,7.6,8.71
2014-08-01,5.25,10.37,10.58,7.43,8.7
2014-08-02,5.17,10.12,10.16,7.25,8.54
2014-08-03,6.1,11.52,9.91,6.92,8.32
2014-08-04,7.35,13.56,10.45,6.9,8.23
2014-08-05,7.33,14.77,12.3,7.98,9.06
2014-08-06,7.01,14.84,13.23,9.55,10.66
2014-08-07,6.97,14.25,13.38,10.2,11.37
2014-08-08,6.6,14.06,13.04,10.15,11.4
2014-08-09,6.04,13.48,12.78,9.79,11.02
2014-08-10,5.44,12.72,12.38,9.4,10.73
2014-08-11,4.99,11.76,11.82,8.92,10.23
2014-08-12,4.77,11.16,11.24,8.4,9.78
2014-08-13,4.9,10.58,10.82,7.84,9.29
2014-08-14,4.87,10.38,10.48,7.47,8.87
2014-08-15,4.65,10.48,10.12,7.13,8.48
2014-08-16,4.92,10.24,9.96,6.83,8.16
2014-08-17,4.78,10.16,9.96,6.68,7.85
2014-08-18,4.63,10.28,9.87,6.6,7.74
2014-08-19,4.44,10.07,9.74,6.33,7.44
2014-08-20,4.26,9.8,9.76,6.25,7.32
2014-08-21,4.15,9.52,9.68,6.27,7.28
2014-08-22,4.55,9.54,9.42,6.13,7.2
2014-08-23,4.47,9.56,9.26,5.85,7.26
2014-08-24,4.25,9.83,9.2,5.7,6.71
2014-08-25,4.16,9.48,9.32,5.63,6.6
2014-08-26,4.14,9.24,9.32,5.8,6.72
2014-08-27,4.11,9.34,9.08,5.75,6.74
2014-08-28,4.19,9.42,9.06,5.52,6.52
2014-08-29,4.34,9.08,9.12,5.5,6.44
2014-08-30,4.37,9.04,8.98,5.5,6.48
2014-08-31,4.2,10.44,8.8,5.37,6.36
2014-09-01,4.73,11.51,9.1,5.28,6.22
2014-09-02,5.22,11.04,10.72,5.96,6.64
2014-09-03,5.17,11.52,10.72,7.5,8.45
2014-09-04,5.15,11.85,10.9,7.6,8.83
2014-09-05,4.98,12.22,11.3,8.02,9.23
2014-09-06,5.08,12.31,11.48,8.35,9.57
2014-09-07,5.11,11.8,11.73,8.5,9.8
2014-09-08,4.98,11.44,11.3,8.5,9.76
2014-09-09,4.9,11.06,10.92,8.02,9.32
2014-09-10,4.78,10.82,10.63,7.66,8.93
2014-09-11,4.81,11.0,10.38,7.3,8.55
2014-09-12,4.74,10.68,10.54,7.1,8.28
2014-09-13,4.6,10.54,10.4,7.2,8.35
2014-09-14,4.53,10.33,10.2,7.05,8.19
2014-09-15,4.24,10.04,10.1,6.83,7.9
2014-09-16,3.99,9.64,9.86,6.68,7.74
2014-09-17,3.83,9.16,9.56,6.4,7.48
2014-09-18,3.6,8.8,9.2,6.1,7.14
2014-09-19,3.47,8.54,9.19,5.77,6.8
2014-09-20,3.5,8.28,9.16,5.8,6.75
2014-09-21,3.44,8.04,8.73,5.62,6.68
2014-09-22,3.58,7.91,8.4,5.3,6.3
2014-09-23,3.58,7.78,8.15,5.3,6.21
2014-09-24,3.49,8.3,8.2,5.27,6.32
2014-09-25,3.5,8.46,8.4,5.2,6.16
2014-09-26,3.49,8.16,8.54,5.34,6.32
2014-09-27,3.46,7.86,8.62,5.34,6.35
2014-09-28,3.28,7.83,8.46,5.38,6.38
2014-09-29,3.14,7.66,8.2,5.13,6.2
2014-09-30,3.1,7.5,7.9,4.83,5.8
2014-10-01,2.99,7.3,7.42,4.46,5.44
2014-10-02,2.99,7.35,7.7,4.12,4.89
2014-10-03,2.99,7.06,7.7,4.3,5.04
2014-10-04,3.05,6.96,7.58,4.3,5.1
2014-10-05,3.02,6.95,7.42,4.15,4.94
2014-10-06,3.03,6.96,7.27,4.03,4.8
2014-10-07,3.05,6.87,7.2,3.9,4.66
2014-10-08,2.98,6.82,7.24,3.9,4.67
2014-10-09,2.95,6.75,7.24,3.92,4.69
2014-10-10,3.09,6.15,7.26,3.9,4.71
2014-10-11,3.49,7.48,7.31,3.9,4.74
2014-10-12,3.88,8.62,7.94,4.2,4.99
2014-10-13,3.82,8.68,8.38,4.7,5.44
2014-10-14,3.51,8.74,8.76,5.18,6.08
2014-10-15,3.36,8.68,8.8,5.45,6.45
2014-10-16,3.41,8.0,8.94,5.53,6.52
2014-10-17,3.32,7.87,8.58,5.55,6.56
2014-10-18,3.16,7.37,8.1,5.14,6.16
2014-10-19,3.07,7.29,7.78,4.66,5.68
2014-10-20,3.38,6.78,7.5,4.3,5.18
2014-10-21,3.01,6.62,7.22,4.04,4.86
2014-10-22,3.0,6.42,6.78,3.73,4.56
2014-10-23,3.21,6.28,6.76,3.37,4.18
2014-10-24,3.22,6.13,6.88,3.3,3.97
2014-10-25,3.33,6.5,6.38,3.33,4.07
2014-10-26,3.29,6.61,6.48,3.05,3.73
2014-10-27,3.24,6.73,6.62,3.0,3.62
2014-10-28,3.21,6.7,6.7,2.92,3.72
2014-10-29,3.2,6.61,6.76,3.12,3.82
2014-10-30,3.02,6.53,6.8,3.22,3.9
2014-10-31,3.03,6.43,6.74,3.22,3.93
2014-11-01,3.32,0.0,7.18,0.0,4.63
2014-11-02,3.36,0.0,7.07,0.0,4.44
2014-11-03,3.47,0.0,6.98,0.0,4.3
2014-11-04,3.33,0.0,6.94,0.0,4.19
2014-11-05,3.35,0.0,7.13,0.0,4.12
2014-11-06,3.45,0.0,7.11,0.0,4.25
2014-11-07,3.48,0.0,7.2,0.0,4.31
2014-11-08,3.28,0.0,7.29,0.0,4.42
2014-11-09,3.24,0.0,7.46,0.0,4.52
2014-11-10,3.25,0.0,7.59,0.0,4.66
2014-11-11,3.06,0.0,7.72,0.0,4.78
2014-11-12,3.02,0.0,7.45,0.0,4.94
2014-11-13,2.8,0.0,7.22,0.0,4.78
2014-11-14,2.75,0.0,7.02,0.0,4.54
2014-11-15,2.73,0.0,6.82,0.0,4.34
2014-11-16,2.97,0.0,6.58,0.0,4.09
2014-11-17,3.42,0.0,6.4,0.0,3.88
2014-11-18,3.4,0.0,6.24,0.0,3.67
2014-11-19,3.39,0.0,6.16,0.0,3.5
2014-11-20,3.34,0.0,6.25,0.0,3.39
2014-11-21,3.38,0.0,6.54,0.0,3.38
2014-11-22,3.5,0.0,6.69,0.0,3.46
2014-11-23,3.52,0.0,6.68,0.0,3.8
2014-11-24,3.51,0.0,6.62,0.0,3.84
2014-11-25,3.49,0.0,6.63,0.0,3.9
2014-11-26,3.5,0.0,6.68,0.0,3.8
2014-11-27,3.57,0.0,6.72,0.0,3.8
2014-11-28,3.57,0.0,6.72,0.0,3.86
2014-11-29,3.58,0.0,6.68,0.0,3.87
2014-11-30,3.54,0.0,6.67,0.0,3.84
2014-12-01,3.6,0.0,6.68,0.0,3.82
2014-12-02,3.58,0.0,6.7,0.0,3.81
2014-12-03,3.57,0.0,6.7,0.0,3.82
2014-12-04,3.55,0.0,6.67,0.0,3.82
2014-12-05,3.55,0.0,6.66,0.0,3.82
2014-12-06,3.48,0.0,6.66,0.0,3.81
2014-12-07,0.0,0.0,0.0,0.0,0.0
2014-12-08,0.0,0.0,0.0,0.0,0.0
2014-12-09,0.0,0.0,0.0,0.0,0.0
2014-12-10,0.0,0.0,0.0,0.0,0.0
2014-12-11,0.0,0.0,0.0,0.0,0.0
2014-12-12,0.0,0.0,0.0,0.0,0.0
2014-12-13,0.0,0.0,0.0,0.0,0.0
2014-12-14,0.0,0.0,0.0,0.0,0.0
2014-12-15,0.0,0.0,0.0,0.0,0.0
2014-12-16,0.0,0.0,0.0,0.0,0.0
2014-12-17,0.0,0.0,0.0,0.0,0.0
2014-12-18,0.0,0.0,0.0,0.0,0.0
2014-12-19,0.0,0.0,0.0,0.0,0.0
2014-12-20,0.0,0.0,0.0,0.0,0.0
2014-12-21,0.0,0.0,0.0,0.0,0.0
2014-12-22,0.0,0.0,0.0,0.0,0.0
2014-12-23,0.0,0.0,0.0,0.0,0.0
2014-12-24,0.0,0.0,0.0,0.0,0.0
2014-12-25,0.0,0.0,0.0,0.0,0.0
2014-12-26,0.0,0.0,0.0,0.0,0.0
2014-12-27,0.0,0.0,0.0,0.0,0.0
2014-12-28,0.0,0.0,0.0,0.0,0.0
2014-12-29,0.0,0.0,0.0,0.0,0.0
2014-12-30,0.0,0.0,0.0,0.0,0.0
2014-12-31,0.0,0.0,0.0,0.0,0.0
2015-01-01,2.14,4.55,5.26,2.05,2.57
2015-01-02,2.1,4.48,4.93,1.97,2.54
2015-01-03,2.07,4.32,4.66,1.8,2.37
2015-01-04,2.06,4.28,4.5,1.58,2.14
2015-01-05,2.17,4.26,4.42,1.43,1.96
2015-01-06,2.11,4.26,4.34,1.35,1.84
2015-01-07,2.1,4.31,4.3,1.28,1.77
2015-01-08,2.07,4.28,4.26,1.25,1.72
2015-01-09,2.02,4.25,4.26,1.2,1.67
2015-01-10,1.93,4.16,4.28,1.18,1.65
2015-01-11,1.97,4.1,4.25,1.2,1.66
2015-01-12,2.0,3.98,4.22,1.2,1.67
2015-01-13,2.04,3.82,4.17,1.18,1.65
2015-01-14,2.04,3.9,4.09,1.12,1.62
2015-01-15,2.01,4.01,4.02,1.1,1.56
2015-01-16,2.03,4.02,3.99,1.03,1.5
2015-01-17,2.02,4.03,3.89,0.94,1.41
2015-01-18,2.13,3.98,3.92,0.9,1.41
2015-01-19,2.25,3.94,3.98,0.9,1.36
2015-01-20,2.49,4.08,3.98,0.95,1.39
2015-01-21,3.04,4.28,3.92,0.98,1.44
2015-01-22,3.17,4.46,3.94,0.97,1.42
2015-01-23,3.02,4.98,4.02,0.95,1.4
2015-01-24,3.04,5.42,4.18,0.98,1.4
2015-01-25,3.26,5.42,4.46,1.1,1.55
2015-01-26,3.5,5.36,5.04,1.28,1.72
2015-01-27,3.74,5.68,5.5,1.55,2.02
2015-01-28,3.44,6.12,5.62,2.1,2.52
2015-01-29,2.88,6.52,5.78,2.25,2.8
2015-01-30,2.8,5.26,6.16,2.33,2.9
2015-01-31,2.79,5.68,6.7,2.5,3.13
2015-02-01,2.63,5.27,6.82,3.08,3.57
2015-02-02,2.36,5.1,6.46,3.23,3.89
2015-02-03,2.01,5.02,5.52,3.0,3.77
2015-02-04,1.95,4.9,4.86,2.4,3.22
2015-02-05,1.94,4.34,4.9,1.78,2.56
2015-02-06,1.9,3.98,5.0,1.6,2.23
2015-02-07,1.91,3.9,4.77,1.7,2.27
2015-02-08,1.9,3.99,4.35,1.6,2.23
2015-02-09,1.88,4.0,3.81,1.34,2.0
2015-02-10,1.88,4.06,3.74,0.93,1.64
2015-02-11,1.88,4.1,3.82,0.8,1.32
2015-02-12,1.84,4.0,3.83,0.85,1.32
2015-02-13,1.85,4.02,4.2,0.96,1.38
2015-02-14,1.85,4.0,3.74,1.1,1.54
2015-02-15,1.84,3.86,3.74,0.94,1.48
2015-02-16,1.85,3.78,3.82,0.83,1.32
2015-02-17,1.82,3.7,3.84,0.9,1.34
2015-02-18,1.84,3.68,3.86,0.9,1.38
2015-02-19,1.82,3.67,3.67,0.95,1.42
2015-02-20,1.83,3.67,3.58,0.8,1.32
2015-02-21,1.82,3.66,3.55,0.7,1.21
2015-02-22,1.82,3.66,3.56,0.68,1.12
2015-02-23,2.29,3.68,3.52,0.68,1.12
2015-02-24,2.46,3.72,3.35,0.7,1.18
2015-02-25,2.53,4.4,3.4,0.53,1.01
2015-02-26,2.62,4.5,3.46,0.55,0.97
2015-02-27,2.61,4.71,3.56,0.6,1.03
2015-02-28,2.63,4.94,3.8,0.76,1.13
2015-03-01,2.02,4.98,4.52,1.08,1.5
2015-03-02,1.95,4.7,4.74,1.3,1.74
2015-03-03,1.94,4.3,5.38,1.5,1.98
2015-03-04,1.94,4.02,5.12,1.9,2.32
2015-03-05,1.94,4.06,4.64,1.95,2.57
2015-03-06,1.92,4.04,4.04,1.65,2.32
2015-03-07,1.91,4.05,3.8,1.28,1.96
2015-03-08,2.09,3.94,3.79,1.0,1.59
2015-03-09,2.23,4.14,3.8,0.98,1.46
2015-03-10,2.22,4.16,3.59,0.93,1.44
2015-03-11,2.22,4.2,3.6,0.83,1.38
2015-03-12,2.49,4.1,3.67,0.8,1.24
2015-03-13,3.03,4.0,3.86,0.85,1.32
2015-03-14,3.26,4.28,3.86,0.95,1.44
2015-03-15,3.28,4.88,3.84,1.0,1.5
2015-03-16,3.29,5.36,3.86,0.98,1.5
2015-03-17,3.29,5.49,4.1,0.98,1.48
2015-03-18,3.28,5.5,4.74,1.07,1.53
2015-03-19,3.3,5.51,5.22,1.42,1.8
2015-03-20,3.34,5.5,5.42,1.8,2.25
2015-03-21,3.28,5.52,5.46,2.04,2.56
2015-03-22,3.24,5.56,5.46,2.08,2.68
2015-03-23,3.23,5.54,5.47,2.1,2.72
2015-03-24,3.29,5.48,5.51,2.13,2.73
2015-03-25,3.3,5.46,5.5,2.13,2.75
2015-03-26,3.21,5.52,5.47,2.13,2.76
2015-03-27,3.2,5.54,6.0,2.27,2.75
2015-03-28,3.23,5.48,5.74,2.44,2.95
2015-03-29,3.21,5.42,5.58,2.48,3.1
2015-03-30,3.2,5.4,5.5,2.3,2.92
2015-03-31,3.22,5.44,4.97,2.23,2.82
2015-04-01,3.23,5.38,5.12,1.92,2.68
2015-04-02,3.41,5.38,5.35,1.85,2.42
2015-04-03,3.34,5.43,5.4,2.02,2.56
2015-04-04,3.24,5.48,5.56,2.13,2.66
2015-04-05,3.3,5.57,5.5,2.2,2.75
2015-04-06,3.25,5.5,5.47,2.23,2.8
2015-04-07,3.22,5.5,5.54,2.14,2.75
2015-04-08,3.19,5.48,5.62,2.2,2.78
2015-04-09,3.18,5.44,5.54,2.28,2.86
2015-04-10,3.16,5.41,5.48,2.25,2.87
2015-04-11,3.16,5.41,5.52,2.2,2.8
2015-04-12,3.22,5.38,5.44,2.2,2.8
2015-04-13,2.82,5.36,5.42,2.18,2.78
2015-04-14,2.22,5.26,5.4,2.15,2.74
2015-04-15,2.16,5.08,5.38,2.12,2.7
2015-04-16,2.15,4.42,5.36,2.08,2.67
2015-04-17,2.12,4.06,5.26,2.06,2.65
2015-04-18,2.0,3.98,4.86,2.02,2.62
2015-04-19,2.11,3.86,4.36,1.8,2.45
2015-04-20,2.12,3.84,3.96,1.46,2.12
2015-04-21,2.13,4.14,3.76,1.16,1.76
2015-04-22,2.13,3.98,3.69,0.9,1.5
2015-04-23,2.36,3.99,3.76,0.83,1.35
2015-04-24,2.51,4.02,3.8,0.85,1.34
2015-04-25,2.62,4.37,3.76,0.9,1.4
2015-04-26,2.55,4.78,3.77,0.9,1.4
2015-04-27,2.6,4.76,3.86,0.92,1.4
2015-04-28,2.6,4.75,4.18,0.92,1.42
2015-04-29,2.56,4.67,4.56,1.1,1.54
2015-04-30,2.57,4.68,4.62,1.38,1.82
2015-05-01,2.58,4.73,4.61,1.48,2.0
2015-05-02,2.53,4.84,4.6,1.5,2.03
2015-05-03,2.54,4.89,4.61,1.5,2.02
2015-05-04,2.56,4.9,4.71,1.52,2.03
2015-05-05,2.58,4.92,4.81,1.48,2.05
2015-05-06,2.55,4.82,4.86,1.58,2.12
2015-05-07,2.51,4.85,4.88,1.7,2.18
2015-05-08,2.48,4.82,4.83,1.66,2.22
2015-05-09,2.47,4.77,4.78,1.7,2.22
2015-05-10,2.5,4.71,4.76,1.62,2.2
2015-05-11,2.48,4.62,4.73,1.6,2.16
2015-05-12,2.52,4.57,4.69,1.6,2.14
2015-05-13,2.66,4.78,4.64,1.58,2.13
2015-05-14,2.63,4.84,4.6,1.52,2.13
2015-05-15,2.48,5.16,4.65,1.48,2.1
2015-05-16,2.48,5.18,4.8,1.48,2.02
2015-05-17,2.51,5.01,4.98,1.58,2.05
2015-05-18,2.54,5.0,5.2,1.7,2.16
2015-05-19,2.6,5.08,5.22,1.88,2.36
2015-05-20,2.69,5.32,5.22,1.98,2.48
2015-05-21,2.72,5.34,5.5,1.95,2.49
2015-05-22,2.72,5.06,5.08,2.08,2.62
2015-05-23,2.64,4.98,5.38,1.95,2.51
2015-05-24,2.64,4.9,5.36,1.98,2.5
2015-05-25,2.62,4.88,5.22,2.08,2.62
2015-05-26,2.76,4.91,5.08,1.96,2.58
2015-05-27,2.96,5.03,5.0,1.8,2.45
2015-05-28,2.93,5.31,4.96,1.75,2.36
2015-05-29,2.81,5.28,5.04,1.7,2.32
2015-05-30,2.8,5.22,5.28,1.8,2.35
2015-05-31,2.81,5.14,5.26,1.92,2.68
2015-06-01,2.92,5.38,5.46,2.0,2.74
2015-06-02,3.05,5.41,5.45,2.18,2.84
2015-06-03,2.8,5.56,5.42,2.2,2.93
2015-06-04,2.3,5.78,5.56,2.12,2.86
2015-06-05,2.14,5.8,5.77,2.2,2.92
2015-06-06,2.2,5.63,5.86,2.35,3.05
2015-06-07,2.2,5.02,6.11,2.47,3.19
2015-06-08,2.61,4.98,5.88,2.63,3.36
2015-06-09,2.67,4.98,5.5,2.63,3.34
2015-06-10,2.82,5.1,5.34,2.25,2.96
2015-06-11,2.64,5.58,5.18,2.1,2.75
2015-06-12,2.25,5.8,5.22,1.92,2.56
2015-06-13,2.22,5.6,5.5,1.9,2.46
2015-06-14,2.23,5.08,5.78,2.05,2.56
2015-06-15,2.3,4.85,5.82,2.28,2.8
2015-06-16,2.4,4.78,5.52,2.4,2.98
2015-06-17,2.66,4.77,5.16,2.23,2.88
2015-06-18,2.61,4.78,4.96,1.94,2.68
2015-06-19,2.71,4.98,5.04,1.75,2.37
2015-06-20,2.75,5.16,5.08,1.73,2.29
2015-06-21,2.97,5.14,5.1,1.78,2.35
2015-06-22,2.85,5.34,5.3,1.8,2.34
2015-06-23,2.78,5.56,5.33,1.9,2.43
2015-06-24,2.75,5.58,5.39,1.96,2.56
2015-06-25,2.66,5.49,5.68,2.04,2.62
2015-06-26,2.64,5.57,5.97,2.2,2.72
2015-06-27,2.37,5.62,5.86,2.45,3.02
2015-06-28,2.28,5.42,5.78,2.5,3.16
2015-06-29,2.46,5.1,5.98,2.48,3.1
2015-06-30,2.36,5.01,6.15,2.65,3.23
2015-07-01,1.92,5.06,6.18,2.78,3.43
2015-07-02,2.04,5.26,6.08,2.85,3.56
2015-07-03,2.21,5.2,5.94,2.85,3.63
2015-07-04,2.6,5.26,6.16,2.8,3.54
2015-07-05,2.5,5.64,6.08,2.8,3.57
2015-07-06,2.65,6.06,5.82,2.82,3.66
2015-07-07,2.72,6.3,6.13,2.63,3.41
2015-07-08,3.12,7.59,6.87,2.75,3.42
2015-07-09,3.42,7.56,7.56,3.24,3.93
2015-07-10,3.31,7.4,8.21,3.98,4.7
2015-07-11,3.3,7.26,8.2,4.54,5.49
2015-07-12,3.04,6.93,8.04,4.56,5.63
2015-07-13,2.81,6.72,7.72,4.35,5.48
2015-07-14,3.03,6.4,7.37,4.06,5.13
2015-07-15,3.11,6.22,7.13,3.86,4.74
2015-07-16,3.32,6.9,6.91,3.65,4.46
2015-07-17,3.36,7.16,6.8,3.42,4.2
2015-07-18,3.23,7.47,7.08,3.28,4.02
2015-07-19,3.44,7.34,7.3,3.48,4.12
2015-07-20,3.21,7.06,7.57,3.75,4.36
2015-07-21,3.21,6.94,7.57,4.0,4.72
2015-07-22,3.48,6.82,7.46,4.05,4.79
2015-07-23,3.93,7.06,7.33,3.92,4.71
2015-07-24,4.19,7.48,7.28,3.83,4.58
2015-07-25,3.94,8.02,7.42,3.75,4.48
2015-07-26,3.67,8.32,7.7,3.88,4.55
2015-07-27,3.49,8.09,8.16,4.1,4.8
2015-07-28,3.37,7.68,8.5,4.6,5.3
2015-07-29,3.33,7.56,8.42,4.93,5.74
2015-07-30,3.72,7.48,8.17,4.9,5.8
2015-07-31,3.69,7.68,8.12,4.7,5.61
2015-08-01,3.54,7.92,8.16,4.64,5.52
2015-08-02,3.45,7.93,8.1,4.6,5.49
2015-08-03,3.52,7.64,8.17,4.55,5.42
2015-08-04,3.64,7.41,8.15,4.7,5.52
2015-08-05,3.91,7.65,8.03,4.78,5.66
2015-08-06,4.2,8.1,8.06,4.72,5.62
2015-08-07,4.96,8.68,8.36,4.75,5.62
2015-08-08,4.99,9.08,8.65,5.0,5.85
2015-08-09,5.11,9.66,8.97,5.3,6.14
2015-08-10,4.99,10.28,9.35,5.6,6.41
2015-08-11,4.77,10.32,9.78,5.98,6.75
2015-08-12,4.19,10.4,10.02,6.4,7.2
2015-08-13,4.29,11.6,10.11,6.55,7.45
2015-08-14,3.98,11.26,11.04,6.96,7.67
2015-08-15,4.02,13.4,10.98,7.73,8.48
2015-08-16,4.56,14.32,12.36,8.02,8.75
2015-08-17,4.5,13.08,13.2,9.42,10.19
2015-08-18,4.76,12.78,12.48,9.65,10.66
2015-08-19,4.61,11.86,12.06,8.9,10.4
2015-08-20,4.41,15.76,12.3,8.58,9.66
2015-08-21,5.14,14.8,14.49,9.8,10.55
2015-08-22,5.2,13.36,13.92,11.0,11.84
2015-08-23,5.56,12.92,12.88,10.3,11.41
2015-08-24,5.76,12.64,12.7,9.6,10.7
2015-08-25,5.72,12.2,12.42,9.43,10.5
2015-08-26,5.48,12.28,12.02,9.1,10.2
2015-08-27,5.02,11.66,11.83,8.75,9.87
2015-08-28,4.44,11.44,11.53,8.64,9.66
2015-08-29,4.54,10.9,11.25,8.2,9.33
2015-08-30,4.36,10.74,11.02,8.06,9.17
2015-08-31,3.95,10.81,10.86,7.9,9.04
2015-09-01,4.13,10.45,10.78,7.7,8.86
2015-09-02,3.94,10.22,10.53,7.6,8.7
2015-09-03,4.4,9.98,10.26,7.2,8.33
2015-09-04,4.6,9.73,9.93,6.82,7.97
2015-09-05,4.56,10.06,9.69,6.45,7.57
2015-09-06,4.41,11.6,9.81,6.28,7.32
2015-09-07,4.65,11.8,10.6,6.58,7.56
2015-09-08,4.66,11.08,11.43,7.73,8.63
2015-09-09,4.79,10.94,11.2,8.33,9.38
2015-09-10,4.9,11.0,10.87,8.17,9.22
2015-09-11,4.97,11.66,10.73,7.76,8.93
2015-09-12,4.95,13.0,11.15,7.7,8.8
2015-09-13,4.63,12.29,12.35,8.32,9.28
2015-09-14,4.62,11.5,12.3,9.3,10.28
2015-09-15,4.52,10.74,11.77,9.1,10.28
2015-09-16,4.38,10.64,11.1,8.43,9.61
2015-09-17,3.82,10.68,10.8,7.84,8.98
2015-09-18,3.27,10.16,10.66,7.6,8.65
2015-09-19,3.5,9.5,10.61,7.53,8.54
2015-09-20,3.81,9.28,10.32,7.5,8.49
2015-09-21,3.77,9.44,10.36,7.3,8.32
2015-09-22,3.74,9.28,10.15,7.25,8.28
2015-09-23,3.64,9.08,9.86,6.88,7.99
2015-09-24,3.54,8.72,9.56,6.55,7.62
2015-09-25,3.55,8.54,9.28,6.4,7.26
2015-09-26,3.47,8.3,9.05,5.88,6.99
2015-09-27,3.29,8.23,9.02,5.75,6.72
2015-09-28,3.08,8.46,9.02,5.86,6.72
2015-09-29,3.03,8.58,8.84,5.85,6.71
2015-09-30,3.29,8.28,8.95,5.73,6.67
2015-10-01,3.4,8.7,8.8,5.68,6.6
2015-10-02,3.15,8.36,8.76,5.52,6.5
2015-10-03,3.08,8.86,8.9,5.55,6.4
2015-10-04,3.14,7.96,8.84,5.62,6.46
2015-10-05,3.46,7.68,8.66,5.46,6.36
2015-10-06,3.12,7.63,8.39,5.35,6.14
2015-10-07,3.0,7.76,8.52,5.15,5.96
2015-10-08,3.1,7.65,8.5,5.3,6.06
2015-10-09,2.98,7.4,8.32,5.18,6.03
2015-10-10,2.89,7.26,8.07,4.95,5.82
2015-10-11,2.92,7.52,8.06,4.7,5.54
2015-10-12,2.97,7.48,7.79,4.65,5.42
2015-10-13,3.15,7.5,8.32,4.55,5.26
2015-10-14,3.4,7.42,8.35,4.98,5.62
2015-10-15,3.21,7.41,8.08,4.95,5.76
2015-10-16,2.94,7.62,7.92,4.6,5.48
2015-10-17,2.81,7.46,7.96,4.6,5.26
2015-10-18,2.69,7.14,8.0,4.54,5.22
2015-10-19,2.66,6.8,7.82,4.52,5.22
2015-10-20,2.66,6.45,7.5,4.35,5.07
2015-10-21,2.96,6.42,7.2,4.06,4.74
2015-10-22,3.03,6.47,6.86,3.75,4.44
2015-10-23,3.19,6.6,6.28,3.43,4.11
2015-10-24,3.22,6.56,6.66,3.0,3.64
2015-10-25,3.13,6.8,6.9,3.28,3.73
2015-10-26,3.11,6.96,7.02,3.6,4.14
2015-10-27,3.14,6.8,7.16,3.7,4.34
2015-10-28,3.2,6.82,7.37,3.8,4.43
2015-10-29,3.4,6.84,7.22,3.93,4.62
2015-10-30,3.83,6.78,7.09,3.9,4.53
2015-10-31,2.96,6.86,7.06,3.7,4.38
2015-11-01,3.11,6.33,6.78,3.18,3.93
2015-11-02,2.97,6.28,6.76,3.26,3.9
2015-11-03,2.81,6.36,6.52,3.24,3.92
2015-11-04,2.77,6.2,6.18,2.97,3.73
2015-11-05,2.78,6.1,6.36,2.72,3.48
2015-11-06,2.72,6.0,6.4,2.78,3.42
2015-11-07,2.63,5.86,6.32,2.85,3.53
2015-11-08,2.58,5.82,6.2,2.82,3.55
2015-11-09,2.53,5.77,6.15,2.7,3.45
2015-11-10,2.49,5.63,5.99,2.6,3.32
2015-11-11,2.48,5.59,5.85,2.55,3.23
2015-11-12,2.6,5.5,5.58,2.44,3.12
2015-11-13,3.03,5.53,5.54,2.26,2.94
2015-11-14,3.47,5.69,5.42,2.18,2.82
2015-11-15,3.37,5.93,5.45,2.14,2.73
2015-11-16,2.8,6.24,5.56,2.1,2.68
2015-11-17,2.87,6.55,5.8,2.18,2.75
2015-11-18,2.98,6.48,6.21,2.32,2.92
2015-11-19,2.98,5.6,6.46,2.63,3.2
2015-11-20,2.99,5.82,6.22,2.84,3.52
2015-11-21,2.96,5.76,5.9,2.75,3.48
2015-11-22,2.95,5.74,5.82,2.52,3.21
2015-11-23,2.62,5.72,5.9,2.45,3.04
2015-11-24,2.39,5.66,5.82,2.42,3.06
2015-11-25,2.35,5.6,5.78,2.4,3.04
2015-11-26,2.33,5.3,5.7,2.32,2.99
2015-11-27,2.3,5.08,5.67,2.28,2.96
2015-11-28,2.31,4.8,5.49,2.25,2.9
2015-11-29,2.3,4.73,5.26,2.15,2.8
2015-11-30,2.36,4.7,5.92,1.92,2.63
2015-12-01,2.34,4.86,4.6,1.85,2.44
2015-12-02,2.3,4.9,4.63,1.62,2.16
2015-12-03,2.26,4.97,4.82,1.48,1.98
2015-12-04,2.25,5.02,4.88,1.6,2.03
2015-12-05,2.24,5.37,4.91,1.66,2.06
2015-12-06,2.28,5.5,5.1,1.7,2.2
2015-12-07,2.32,5.37,5.5,1.8,2.26
2015-12-08,2.26,5.2,5.57,1.96,2.52
2015-12-09,2.25,5.28,5.53,2.13,2.72
2015-12-10,2.31,5.02,5.37,2.22,2.77
2015-12-11,2.4,5.06,5.26,2.1,2.72
2015-12-12,2.46,4.78,5.05,2.0,2.6
2015-12-13,2.49,4.75,5.07,1.92,2.46
2015-12-14,2.3,4.9,4.96,1.85,2.39
2015-12-15,2.31,5.02,4.84,1.77,2.32
2015-12-16,2.16,4.94,4.86,1.67,2.2
2015-12-17,2.14,4.64,4.98,1.62,2.13
2015-12-18,2.16,4.62,5.02,1.7,2.18
2015-12-19,2.16,4.58,4.89,1.74,2.25
2015-12-20,2.44,4.56,4.7,1.7,2.25
2015-12-21,2.66,4.53,4.6,1.58,2.13
2015-12-22,2.68,4.7,4.58,1.52,2.0
2015-12-23,2.75,4.98,4.55,1.45,1.94
2015-12-24,2.75,5.14,4.6,1.43,1.92
2015-12-25,2.74,5.22,4.82,1.43,1.91
2015-12-26,2.75,5.26,5.1,1.54,1.93
2015-12-27,2.71,5.3,5.22,1.8,2.2
2015-12-28,2.38,5.3,5.28,1.95,2.4
2015-12-29,2.4,5.3,5.32,2.0,2.49
2015-12-30,2.1,4.98,5.35,2.04,2.53
2015-12-31,2.15,4.62,5.36,2.05,2.55
2016-01-01,3.06,6.0,6.25,2.84,3.39
2016-01-02,2.9,6.04,6.18,2.75,3.31
2016-01-03,3.09,5.87,6.12,2.67,3.23
2016-01-04,3.19,5.78,6.12,2.62,3.17
2016-01-05,3.38,5.9,6.04,2.6,3.14
2016-01-06,3.44,6.02,5.9,2.55,3.11
2016-01-07,3.48,6.2,5.92,2.46,3.01
2016-01-08,3.25,6.34,6.08,2.44,2.96
2016-01-09,2.66,6.4,6.23,2.55,3.04
2016-01-10,2.26,6.2,6.39,2.68,3.16
2016-01-11,2.27,5.9,6.46,2.8,3.32
2016-01-12,2.31,6.02,6.39,2.89,3.43
2016-01-13,2.35,5.56,6.14,2.85,3.43
2016-01-14,2.32,5.32,5.74,2.67,3.28
2016-01-15,2.32,5.64,5.56,2.4,3.0
2016-01-16,2.12,5.12,5.49,2.2,2.73
2016-01-17,2.09,5.18,5.6,2.08,2.61
2016-01-18,2.09,4.86,5.48,2.15,2.62
2016-01-19,2.07,4.74,5.3,2.1,2.64
2016-01-20,2.45,4.6,5.1,1.9,2.48
2016-01-21,2.61,4.67,4.86,1.76,2.34
2016-01-22,2.65,4.76,4.7,1.58,2.14
2016-01-23,2.65,5.01,4.62,1.43,1.98
2016-01-24,2.8,5.14,4.65,1.35,1.89
2016-01-25,3.27,5.18,4.84,1.35,1.82
2016-01-26,2.41,5.38,5.06,1.46,1.88
2016-01-27,1.99,5.72,5.16,1.6,1.92
2016-01-28,1.95,5.27,5.26,1.7,2.22
2016-01-29,2.0,4.58,5.22,1.8,2.3
2016-01-30,2.01,4.36,5.52,2.0,2.46
2016-01-31,2.31,4.3,5.08,2.1,2.62
2016-02-01,2.06,4.33,4.62,1.78,2.42
2016-02-02,2.06,4.29,4.38,1.46,2.04
2016-02-03,2.0,4.34,4.32,1.22,1.74
2016-02-04,2.08,4.36,4.32,1.08,1.6
2016-02-05,2.08,4.38,4.3,1.08,1.56
2016-02-06,2.35,4.35,4.3,1.05,1.56
2016-02-07,2.57,4.33,4.23,1.03,1.56
2016-02-08,2.59,4.27,4.18,0.98,1.52
2016-02-09,2.62,4.23,4.16,0.95,1.49
2016-02-10,2.63,4.2,4.26,0.95,1.46
2016-02-11,2.71,4.18,4.5,0.98,1.48
2016-02-12,3.03,4.49,4.78,1.18,1.59
2016-02-13,3.29,4.85,4.92,1.32,1.79
2016-02-14,3.34,5.1,4.94,1.5,1.98
2016-02-15,3.23,5.28,5.09,1.55,2.07
2016-02-16,3.17,5.45,5.02,1.6,2.16
2016-02-17,3.71,5.6,5.46,1.6,2.15
2016-02-18,3.7,5.79,5.75,1.8,2.32
2016-02-19,3.75,5.9,5.86,2.18,2.64
2016-02-20,3.74,6.08,5.86,2.35,2.82
2016-02-21,3.37,6.22,6.06,2.38,2.86
2016-02-22,2.92,6.52,6.32,2.48,2.93
2016-02-23,3.07,6.2,6.47,2.7,3.15
2016-02-24,3.54,6.1,6.52,2.88,3.32
2016-02-25,3.75,5.78,6.47,2.93,3.43
2016-02-26,3.74,5.9,5.98,2.9,3.46
2016-02-27,3.75,6.08,5.66,2.6,3.22
2016-02-28,3.75,6.32,5.8,2.32,2.87
2016-03-01,3.75,6.38,6.2,2.3,2.76
2016-03-02,3.73,6.36,6.39,2.6,3.01
2016-03-03,3.74,6.37,6.46,2.8,3.27
2016-03-04,3.74,6.36,6.46,2.88,3.4
2016-03-05,3.6,6.35,6.46,2.9,3.42
2016-03-06,3.19,6.37,6.46,2.92,3.43
2016-03-07,2.96,6.34,6.45,2.92,3.43
2016-03-08,3.13,5.9,6.46,2.9,3.42
2016-03-09,3.53,5.52,6.38,2.88,3.42
2016-03-10,3.64,5.54,6.14,2.82,3.4
2016-03-11,3.65,5.92,5.78,2.56,3.32
2016-03-12,3.5,6.21,5.62,2.56,3.0
2016-03-13,3.42,6.26,5.82,2.26,2.77
2016-03-14,3.41,6.16,6.16,2.3,2.76
2016-03-15,3.34,6.03,6.32,2.58,3.0
2016-03-16,3.43,5.98,6.32,2.72,3.2
2016-03-17,3.5,5.92,6.18,2.72,3.26
2016-03-18,3.49,6.06,6.12,2.68,3.24
2016-03-19,3.5,6.07,6.04,2.62,3.14
2016-03-20,3.48,6.08,6.0,2.58,3.19
2016-03-21,3.49,6.04,6.12,2.54,3.04
2016-03-22,3.54,5.89,6.15,2.58,3.07
2016-03-23,3.57,5.98,6.2,2.6,3.1
2016-03-24,3.44,6.02,6.12,2.68,3.07
2016-03-25,3.21,6.08,6.1,2.62,3.14
2016-03-26,3.13,5.96,6.12,2.6,3.1
2016-03-27,3.39,5.72,6.18,2.58,3.11
2016-03-28,3.63,5.58,6.14,2.62,3.14
2016-03-29,3.75,5.58,5.96,2.62,3.15
2016-03-30,3.65,6.12,5.74,2.5,3.06
2016-03-31,3.55,6.42,5.78,2.35,2.92
2016-04-01,3.55,6.37,6.1,2.3,2.81
2016-04-02,3.55,6.3,6.42,2.5,2.95
2016-04-03,3.64,6.25,6.54,2.8,3.22
2016-04-04,3.58,6.2,6.44,2.97,3.44
2016-04-05,3.28,6.24,6.35,2.88,2.44
2016-04-06,2.86,6.26,6.32,2.78,3.34
2016-04-07,2.72,6.18,6.34,2.78,3.3
2016-04-08,3.34,6.1,6.22,2.8,3.31
2016-04-09,3.61,6.07,6.15,2.77,3.32
2016-04-10,3.65,5.9,5.76,2.75,3.23
2016-04-11,3.65,6.0,5.38,2.4,3.01
2016-04-12,2.58,6.12,5.37,2.08,2.67
2016-04-13,2.22,6.19,5.82,2.0,2.5
2016-04-14,2.22,6.22,6.22,2.3,2.7
2016-04-15,2.29,5.85,6.35,2.68,3.1
2016-04-16,2.28,5.22,5.9,2.77,3.3
2016-04-17,2.24,5.15,5.24,2.54,3.16
2016-04-18,2.21,5.08,4.74,2.06,2.71
2016-04-19,2.36,5.0,4.64,1.6,2.21
2016-04-20,2.8,5.0,4.52,1.4,1.88
2016-04-21,3.65,4.7,4.38,1.3,1.78
2016-04-22,3.69,4.8,4.32,1.25,1.72
2016-04-23,3.66,5.5,4.38,1.18,1.61
2016-04-24,3.66,6.1,4.74,1.18,1.6
2016-04-25,3.71,6.18,5.66,1.38,1.72
2016-04-26,3.7,6.5,6.35,1.97,2.26
2016-04-27,3.54,6.7,6.6,2.4,3.02
2016-04-28,3.49,6.5,6.76,2.98,3.44
2016-04-29,3.54,6.75,6.72,3.2,3.7
2016-04-30,3.1,6.8,6.75,3.15,3.72
2016-05-01,2.61,6.24,6.65,3.15,3.71
2016-05-02,2.39,5.82,6.5,3.1,3.69
2016-05-03,2.02,5.7,6.39,2.94,3.56
2016-05-04,2.27,4.82,6.15,2.86,3.44
2016-05-05,3.4,4.68,5.62,2.68,3.3
2016-05-06,3.62,4.5,5.16,2.3,3.1
2016-05-07,3.64,5.55,4.79,1.92,2.57
2016-05-08,3.64,6.16,4.56,1.6,2.22
2016-05-09,3.66,6.25,4.98,1.4,1.94
2016-05-10,3.65,6.22,5.86,1.52,1.91
2016-05-11,3.65,6.23,6.31,2.2,2.5
2016-05-12,3.66,6.22,6.38,2.67,3.13
2016-05-13,3.69,6.34,6.38,2.8,3.37
2016-05-14,3.69,6.35,6.46,2.8,3.38
2016-05-15,3.65,6.38,6.52,2.89,3.43
2016-05-16,3.82,6.39,6.56,2.99,3.56
2016-05-17,3.9,6.48,7.02,3.05,3.63
2016-05-18,4.1,6.8,7.96,3.44,3.93
2016-05-19,4.22,7.04,8.97,4.9,5.13
2016-05-20,4.15,7.4,8.52,5.45,6.36
2016-05-21,4.01,7.6,8.4,5.08,6.0
2016-05-22,3.9,7.54,8.16,4.85,5.8
2016-05-23,3.78,7.34,8.02,4.54,5.52
2016-05-24,3.55,7.1,7.82,4.23,5.3
2016-05-25,3.54,6.84,7.62,4.2,5.11
2016-05-26,3.65,6.54,7.52,3.86,4.86
2016-05-27,3.77,6.42,7.45,3.75,4.69
2016-05-28,3.8,6.56,7.32,3.68,4.58
2016-05-29,3.77,6.7,6.96,3.6,4.5
2016-05-30,3.22,6.78,6.87,3.27,4.22
2016-05-31,2.5,6.76,6.98,3.12,4.02
2016-06-01,2.27,6.33,7.0,3.18,4.02
2016-06-02,2.01,6.27,7.02,3.2,4.02
2016-06-03,2.0,4.87,6.68,3.2,4.04
2016-06-04,2.14,4.7,6.1,2.92,3.85
2016-06-05,2.78,4.5,5.5,2.45,3.39
2016-06-06,2.8,4.3,5.1,2.0,2.9
2016-06-07,2.61,4.78,4.76,1.75,2.46
2016-06-08,3.54,4.9,4.7,1.5,2.18
2016-06-09,3.61,5.33,5.16,1.24,1.98
2016-06-10,3.5,5.7,6.18,1.58,2.09
2016-06-11,3.49,6.58,6.56,2.35,2.92
2016-06-12,3.64,6.77,6.75,2.8,3.53
2016-06-13,3.78,6.85,7.0,3.0,3.79
2016-06-14,3.76,6.78,6.94,3.18,3.97
2016-06-15,3.5,6.92,6.86,3.18,4.03
2016-06-16,3.17,6.88,6.92,3.1,3.96
2016-06-17,2.88,6.7,7.16,3.1,3.93
2016-06-18,3.22,6.62,7.15,3.3,4.12
2016-06-19,3.19,6.57,6.98,3.35,4.21
2016-06-20,2.71,6.31,6.62,3.2,4.09
2016-06-21,2.58,6.18,6.23,2.9,3.81
2016-06-22,2.56,5.84,6.06,2.5,3.44
2016-06-23,2.48,5.63,6.1,2.3,3.17
2016-06-24,2.84,5.43,5.92,2.3,3.12
2016-06-25,3.18,5.13,5.62,2.23,3.09
2016-06-26,3.2,4.97,5.32,2.18,2.9
2016-06-27,2.51,4.73,5.24,2.0,2.7
2016-06-28,2.22,4.68,5.51,1.86,2.54
2016-06-29,2.36,4.42,5.88,2.1,2.64
2016-06-30,2.7,4.57,6.32,2.42,3.01
2016-07-01,3.14,5.44,6.7,2.94,3.46
2016-07-02,3.16,5.84,6.28,3.24,3.92
2016-07-03,2.91,6.25,6.14,2.97,3.84
2016-07-04,2.76,6.28,6.18,2.72,3.45
2016-07-05,2.83,6.32,6.57,2.64,3.46
2016-07-06,3.16,6.34,6.78,2.95,3.64
2016-07-07,3.23,6.48,6.8,3.17,3.9
2016-07-08,2.96,6.18,6.76,3.24,3.98
2016-07-09,2.9,6.29,6.7,3.15,3.94
2016-07-10,2.96,6.34,6.66,3.1,3.8
2016-07-11,3.01,6.32,6.76,3.07,3.86
2016-07-12,3.68,7.23,6.8,3.1,3.89
2016-07-13,3.74,7.66,6.95,3.21,3.92
2016-07-14,3.66,8.25,7.6,3.3,4.08
2016-07-15,3.95,8.8,8.16,4.03,4.62
2016-07-16,4.06,9.1,8.66,4.6,5.37
2016-07-17,4.3,9.34,9.06,5.1,5.95
2016-07-18,4.07,9.42,9.52,5.5,6.43
2016-07-19,3.87,9.6,10.5,6.59,7.11
2016-07-20,3.84,9.1,10.15,7.25,8.02
2016-07-21,3.88,8.88,9.86,6.91,7.88
2016-07-22,4.45,9.52,9.46,6.8,7.62
2016-07-23,4.66,10.26,9.96,6.6,7.36
2016-07-24,5.24,10.78,10.34,7.2,7.75
2016-07-25,5.68,11.36,10.78,7.5,8.03
2016-07-26,5.62,11.62,11.12,7.9,8.52
2016-07-27,5.1,11.68,11.32,8.2,8.86
2016-07-28,4.63,11.16,11.6,8.68,9.19
2016-07-29,4.54,10.28,11.65,8.8,9.5
2016-07-30,4.38,9.97,11.14,8.84,9.68
2016-07-31,3.95,9.4,10.68,8.5,9.23
2016-08-01,3.82,8.96,10.14,8.03,8.7
2016-08-02,3.74,8.68,9.54,7.2,8.1
2016-08-03,3.65,8.54,8.98,6.38,7.41
2016-08-04,3.71,8.9,8.73,5.72,6.79
2016-08-05,3.84,8.99,8.7,5.14,6.4
2016-08-06,4.27,9.19,9.02,5.15,6.36
2016-08-07,4.93,11.36,9.44,5.5,6.72
2016-08-08,5.17,11.2,10.7,6.38,7.32
2016-08-09,5.01,11.58,10.76,7.5,8.43
2016-08-10,4.81,11.19,10.87,7.75,8.6
2016-08-11,4.82,10.82,10.79,7.6,8.64
2016-08-12,4.82,10.7,10.36,7.32,8.44
2016-08-13,4.73,10.87,10.16,6.88,8.02
2016-08-14,4.61,11.04,10.26,6.7,7.8
2016-08-15,4.63,10.7,10.24,6.74,7.82
2016-08-16,4.97,11.26,10.26,6.7,7.77
2016-08-17,5.85,12.2,10.44,6.8,7.76
2016-08-18,6.06,12.67,11.3,7.2,8.14
2016-08-19,5.87,12.98,11.74,8.1,9.04
2016-08-20,5.65,12.71,12.11,8.54,9.57
2016-08-21,5.44,12.22,12.21,8.8,9.87
2016-08-22,4.98,11.5,11.76,8.75,9.92
2016-08-23,4.54,11.09,11.22,8.25,9.48
2016-08-24,4.38,10.48,10.82,7.7,8.98
2016-08-25,4.38,10.18,10.42,7.3,8.56
2016-08-26,4.54,9.89,10.1,6.84,8.13
2016-08-27,5.04,10.5,10.0,6.55,7.81
2016-08-28,5.71,10.72,10.16,6.35,7.66
2016-08-29,4.98,11.2,10.38,6.78,7.79
2016-08-30,4.68,11.53,10.76,7.02,8.18
2016-08-31,4.81,11.26,11.2,7.75,8.64
2016-09-01,4.99,11.46,11.16,8.0,9.09
2016-09-02,5.41,11.33,11.1,8.0,9.1
2016-09-03,5.88,11.16,10.98,7.87,8.96
2016-09-04,5.63,11.27,10.78,7.65,8.76
2016-09-05,4.95,11.59,10.86,7.5,8.54
2016-09-06,5.09,11.47,11.02,7.65,8.64
2016-09-07,5.26,11.0,10.9,7.7,8.73
2016-09-08,5.1,10.85,10.8,7.6,8.66
2016-09-09,5.45,11.05,10.77,7.52,8.56
2016-09-10,5.74,11.02,10.67,7.45,8.5
2016-09-11,6.0,11.32,10.6,7.31,8.34
2016-09-12,6.39,11.7,10.66,7.25,8.26
2016-09-13,6.68,11.96,10.92,7.35,8.3
2016-09-14,6.76,12.3,11.16,7.6,8.52
2016-09-15,6.76,12.74,11.44,7.7,8.74
2016-09-16,6.53,12.72,11.72,8.16,9.02
2016-09-17,6.06,12.45,12.2,8.6,9.49
2016-09-18,5.95,11.96,12.16,9.02,10.02
2016-09-19,5.88,11.48,11.62,8.8,9.94
2016-09-20,5.57,11.03,11.2,8.35,9.47
2016-09-21,4.85,10.87,10.84,7.88,9.04
2016-09-22,4.37,10.7,10.78,7.66,8.78
2016-09-23,4.23,10.19,10.74,7.6,8.66
2016-09-24,4.25,9.8,10.34,7.54,8.52
2016-09-25,4.25,9.14,9.98,6.98,8.1
2016-09-26,4.02,9.0,9.58,6.55,7.68
2016-09-27,4.41,9.11,9.26,6.16,7.21
2016-09-28,4.57,9.09,9.13,5.76,6.82
2016-09-29,4.56,9.26,9.06,5.28,6.54
2016-09-30,4.55,9.45,9.38,5.42,6.53
2016-10-01,3.92,9.53,9.46,5.6,6.8
2016-10-02,3.73,9.44,9.5,5.82,7.04
2016-10-03,3.48,9.0,9.5,6.08,7.32
2016-10-04,3.44,8.72,9.48,5.95,7.26
2016-10-05,3.53,8.42,9.5,5.95,7.22
2016-10-06,3.39,8.15,9.67,6.1,7.36
2016-10-07,3.3,7.86,9.54,6.4,7.47
2016-10-08,3.31,7.8,9.28,6.0,7.3
2016-10-09,3.47,7.7,9.38,5.78,7.01
2016-10-10,3.57,7.75,9.1,5.7,6.94
2016-10-11,3.55,8.19,8.76,5.45,6.7
2016-10-12,3.57,8.33,8.78,5.13,6.37
2016-10-13,3.28,8.58,8.98,5.22,6.33
2016-10-14,3.73,8.22,9.02,5.35,6.52
2016-10-15,3.78,8.18,8.9,5.35,6.53
2016-10-16,3.55,8.43,8.58,5.18,6.4
2016-10-17,3.88,8.7,8.75,4.91,6.13
2016-10-18,3.63,8.91,9.78,5.4,6.37
2016-10-19,3.35,9.13,9.62,6.11,7.26
2016-10-20,3.23,8.79,9.56,5.97,7.2
2016-10-21,3.1,8.46,9.2,5.75,7.05
2016-10-22,3.0,7.78,8.86,5.42,6.67
2016-10-23,3.03,7.53,8.46,5.2,6.41
2016-10-24,3.2,7.31,8.76,5.01,6.1
2016-10-25,3.7,7.72,8.46,5.08,6.21
2016-10-26,4.94,8.05,8.28,4.72,5.86
2016-10-27,5.2,8.25,8.32,4.48,5.56
2016-10-28,4.95,8.97,8.38,4.48,5.52
2016-10-29,4.91,9.96,8.96,4.6,5.56
2016-10-30,5.12,9.9,9.64,5.3,6.1
2016-10-31,4.94,9.72,9.66,5.8,6.8
2016-11-01,2.68,6.96,7.02,3.64,4.32
2016-11-02,2.71,6.7,7.16,3.6,4.26
2016-11-03,3.17,6.3,7.04,3.7,4.23
2016-11-04,3.78,6.18,6.89,3.62,4.28
2016-11-05,4.15,6.46,6.64,3.43,4.03
2016-11-06,3.92,7.04,6.47,3.24,3.83
2016-11-07,3.64,7.72,6.62,3.06,3.62
2016-11-08,3.5,7.6,7.13,3.26,3.63
2016-11-09,3.52,7.42,8.14,3.88,4.1
2016-11-10,3.72,7.06,8.33,5.32,5.88
2016-11-11,4.21,8.08,8.22,5.45,6.26
2016-11-12,4.52,9.2,8.0,5.1,6.04
2016-11-13,4.8,9.96,8.62,4.8,5.69
2016-11-14,4.6,9.1,9.06,5.38,6.02
2016-11-15,4.23,9.12,8.97,5.61,6.46
2016-11-16,4.07,8.86,9.04,5.56,6.42
2016-11-17,3.71,8.54,8.9,5.56,6.43
2016-11-18,3.36,8.16,8.68,5.44,6.32
2016-11-19,3.39,7.7,8.36,5.24,6.09
2016-11-20,3.36,7.18,8.06,4.84,5.75
2016-11-21,3.26,6.91,7.7,4.55,5.44
2016-11-22,3.24,6.9,7.34,4.2,5.06
2016-11-23,3.23,6.78,7.04,3.85,4.57
2016-11-24,3.23,6.6,7.0,3.6,4.23
2016-11-25,3.27,6.82,6.92,3.5,4.12
2016-11-26,3.35,6.62,6.8,3.4,4.02
2016-11-27,3.6,6.3,6.8,3.3,3.91
2016-11-28,3.3,6.7,6.8,3.34,3.83
2016-11-29,3.23,6.82,6.62,3.28,3.87
2016-11-30,3.23,6.8,6.73,3.15,3.73
2016-12-01,3.34,6.42,6.88,3.2,3.73
2016-12-02,3.58,6.42,6.99,3.34,3.84
2016-12-03,3.97,6.6,6.77,3.35,3.92
2016-12-04,3.35,6.86,6.61,3.25,3.84
2016-12-05,2.56,7.1,6.62,3.12,3.7
2016-12-06,2.36,6.68,6.85,3.12,3.65
2016-12-07,2.32,5.92,7.04,3.3,3.79
2016-12-08,2.27,5.45,6.86,3.45,4.01
2016-12-09,2.15,5.3,6.32,3.32,3.98
2016-12-10,2.18,5.22,5.65,2.88,3.58
2016-12-11,2.22,5.02,5.25,2.42,3.16
2016-12-12,2.63,4.94,5.22,2.03,2.6
2016-12-13,2.82,4.92,5.12,1.87,2.41
2016-12-14,2.76,5.2,5.0,1.8,2.35
2016-12-15,2.7,5.53,4.79,1.7,2.25
2016-12-16,2.86,5.56,5.0,1.65,2.11
2016-12-17,2.86,5.56,5.38,1.6,2.07
2016-12-18,3.09,5.62,5.56,1.9,2.31
2016-12-19,3.22,5.68,5.6,2.14,2.58
2016-12-20,3.18,5.8,5.64,2.2,2.58
2016-12-21,3.15,6.02,5.7,2.22,2.72
2016-12-22,3.15,5.94,5.8,2.3,2.76
2016-12-23,3.2,5.96,5.98,2.36,2.82
2016-12-24,3.4,6.0,6.09,2.5,2.96
2016-12-25,3.5,5.92,6.04,2.6,3.1
2016-12-26,3.51,6.09,6.09,2.58,3.11
2016-12-27,3.37,6.3,6.08,2.58,3.11
2016-12-28,3.33,5.75,6.14,2.6,3.12
2016-12-29,3.25,6.2,6.3,2.62,3.12
2016-12-30,3.25,6.12,6.4,2.74,3.22
2016-12-31,3.28,6.04,6.36,2.84,3.36
2017-01-01,0.0,6.23,6.3,2.18,3.19
2017-01-02,0.0,6.27,6.36,2.23,3.19
2017-01-03,0.0,6.23,6.36,2.3,3.24
2017-01-04,0.0,6.26,6.35,2.3,3.26
2017-01-05,0.0,6.34,6.33,2.26,3.26
2017-01-06,0.0,6.36,6.36,2.24,3.24
2017-01-07,3.76,6.46,6.4,2.24,3.24
2017-01-08,3.66,6.58,6.49,2.3,3.24
2017-01-09,3.62,6.78,6.56,2.4,3.36
2017-01-10,3.52,6.83,6.78,2.5,3.42
2017-01-11,3.42,6.68,7.0,2.63,3.58
2017-01-12,3.38,6.72,6.82,2.85,3.83
2017-01-13,3.37,6.85,6.86,2.72,3.77
2017-01-14,3.39,6.1,6.67,2.72,3.76
2017-01-15,3.39,6.03,6.6,2.6,3.62
2017-01-16,3.32,6.06,6.35,2.52,3.52
2017-01-17,3.32,6.1,6.12,2.41,3.34
2017-01-18,3.32,6.05,6.06,2.14,3.14
2017-01-19,3.3,6.08,6.12,2.04,3.02
2017-01-20,3.2,6.08,6.14,2.08,3.02
2017-01-21,3.28,6.14,6.16,2.08,3.04
2017-01-22,3.26,6.18,6.21,2.1,3.04
2017-01-23,3.25,6.02,6.26,2.14,3.08
2017-01-24,3.2,5.91,6.13,2.18,3.14
2017-01-25,3.16,6.0,6.08,2.12,3.07
2017-01-26,3.1,6.09,6.02,2.0,3.02
2017-01-27,3.05,6.02,6.12,2.0,2.96
2017-01-28,3.03,5.97,6.16,2.04,2.88
2017-01-29,2.79,5.74,6.02,2.1,3.04
2017-01-30,2.78,5.62,5.84,2.02,3.02
2017-01-31,2.74,5.58,5.73,1.88,2.86
2017-02-01,2.73,5.36,5.7,1.75,2.72
2017-02-02,2.76,5.3,5.6,1.72,2.67
2017-02-03,2.9,5.22,5.34,1.65,2.6
2017-02-04,2.9,5.18,5.24,1.5,2.42
2017-02-05,2.9,5.13,5.23,1.42,2.27
2017-02-06,2.92,5.26,5.18,1.38,2.22
2017-02-07,2.9,5.31,5.24,1.36,2.2
2017-02-08,2.8,5.34,5.3,1.38,2.18
2017-02-09,2.75,5.4,5.33,1.44,2.23
2017-02-10,2.7,5.31,5.37,1.48,2.27
2017-02-11,2.66,5.25,5.38,1.5,2.3
2017-02-12,2.6,5.17,5.32,1.5,2.34
2017-02-13,2.5,5.05,5.26,1.45,2.32
2017-02-14,2.39,5.05,5.18,1.42,2.26
2017-02-15,2.16,4.88,5.1,1.4,2.19
2017-02-16,2.08,4.76,5.0,1.32,2.13
2017-02-17,2.05,4.67,4.88,1.23,2.04
2017-02-18,2.06,4.59,4.8,1.08,1.95
2017-02-19,2.05,4.36,4.7,1.05,1.86
2017-02-20,2.02,4.25,4.52,1.0,1.79
2017-02-21,2.04,4.15,4.35,0.88,1.66
2017-02-22,2.02,4.1,4.3,0.75,1.53
2017-02-23,2.02,4.3,4.26,0.7,1.42
2017-02-24,2.35,4.39,4.25,0.68,1.39
2017-02-25,2.42,4.32,4.32,0.66,1.37
2017-02-26,2.68,4.28,4.37,0.7,1.39
2017-02-27,2.8,4.22,4.36,0.74,1.45
2017-02-28,2.82,4.18,4.35,0.76,1.48
2017-03-01,2.74,4.18,4.46,0.74,1.47
2017-03-02,2.66,4.23,4.68,0.77,1.49
2017-03-03,2.65,4.24,5.04,0.92,1.6
2017-03-04,2.6,4.33,5.16,1.3,1.82
2017-03-05,2.56,4.28,5.22,1.6,2.04
2017-03-06,2.3,4.58,5.12,1.65,2.13
2017-03-07,2.26,4.7,5.06,1.62,2.15
2017-03-08,1.9,4.8,4.92,1.55,2.09
2017-03-09,1.97,4.87,4.8,1.45,1.99
2017-03-10,1.95,4.77,4.7,1.38,1.88
2017-03-11,1.95,4.67,4.59,1.3,1.78
2017-03-12,2.01,4.24,4.44,1.22,1.7
2017-03-13,2.05,4.29,4.3,1.14,1.59
2017-03-14,2.04,4.3,4.06,1.02,1.48
2017-03-15,2.01,4.24,3.98,0.88,1.34
2017-03-16,1.98,4.29,3.99,0.74,1.19
2017-03-17,2.06,4.2,4.02,0.74,1.15
2017-03-18,2.52,4.27,4.07,0.77,1.16
2017-03-19,2.66,4.3,4.12,0.82,1.21
2017-03-20,2.76,4.24,4.08,0.85,1.26
2017-03-21,2.92,4.2,4.06,0.85,1.26
2017-03-22,2.98,4.27,4.2,0.8,1.23
2017-03-23,2.98,4.34,4.52,0.8,1.27
2017-03-24,2.98,4.39,4.85,1.0,1.43
2017-03-25,3.07,4.4,5.06,1.27,1.68
2017-03-26,2.9,4.78,5.26,1.48,1.92
2017-03-27,2.42,4.98,5.35,1.64,2.1
2017-03-28,2.38,5.3,5.31,1.78,2.26
2017-03-29,2.8,5.17,5.36,1.75,2.39
2017-03-30,3.25,4.76,5.4,1.78,2.3
2017-03-31,3.55,4.97,5.2,1.8,2.35
2017-04-01,3.75,5.15,4.96,1.74,2.3
2017-04-02,3.82,5.7,4.86,1.56,2.12
2017-04-03,3.75,6.3,5.31,1.43,1.96
2017-04-04,3.86,6.63,6.02,1.68,2.04
2017-04-05,3.86,6.6,6.46,2.26,2.57
2017-04-06,3.78,6.68,6.6,2.86,3.08
2017-04-07,3.82,6.5,6.67,2.86,3.37
2017-04-08,3.88,6.58,6.72,2.9,3.5
2017-04-09,3.68,6.62,6.83,2.97,3.55
2017-04-10,3.65,6.62,6.7,3.0,3.66
2017-04-11,3.16,6.57,6.72,2.94,3.6
2017-04-12,2.58,6.42,6.65,2.94,3.58
2017-04-13,2.38,6.23,6.56,2.9,3.56
2017-04-14,2.37,5.78,6.4,2.84,3.5
2017-04-15,2.38,5.35,6.08,2.7,3.38
2017-04-16,2.35,5.27,5.58,2.46,3.15
2017-04-17,2.34,5.34,5.1,2.14,2.83
2017-04-18,2.38,4.73,4.72,1.68,2.39
2017-04-19,2.78,4.48,4.75,1.34,2.02
2017-04-20,3.5,4.3,4.85,1.28,1.84
2017-04-21,3.78,4.79,4.88,1.35,1.9
2017-04-22,3.78,4.92,4.95,1.35,1.92
2017-04-23,3.78,5.64,5.24,1.4,1.96
2017-04-24,3.78,6.28,5.96,1.57,2.07
2017-04-25,3.74,6.4,6.51,2.15,2.52
2017-04-26,3.75,6.58,6.78,2.76,3.17
2017-04-27,3.75,6.46,6.96,3.0,3.57
2017-04-28,3.77,6.55,6.86,3.14,3.8
2017-04-29,3.79,6.63,6.76,3.1,3.8
2017-04-30,3.82,6.56,6.8,3.02,3.72
2017-05-01,3.79,6.67,6.92,3.14,3.74
2017-05-02,3.77,6.62,7.02,3.25,3.84
2017-05-03,3.76,6.64,6.94,3.3,3.94
2017-05-04,3.9,6.82,6.98,3.28,3.93
2017-05-05,4.0,6.72,6.97,3.3,3.94
2017-05-06,3.96,6.74,7.02,3.35,4.0
2017-05-07,4.13,6.82,7.08,3.35,4.0
2017-05-08,3.95,7.26,7.28,3.4,4.03
2017-05-09,3.88,7.52,7.27,3.55,4.18
2017-05-10,3.82,7.35,7.48,3.6,4.25
2017-05-11,3.79,7.1,7.52,3.72,4.4
2017-05-12,3.8,6.92,7.4,3.76,4.5
2017-05-13,3.79,6.86,7.27,3.7,4.47
2017-05-14,3.76,6.84,7.28,3.57,4.33
2017-05-15,3.77,6.75,7.2,3.54,4.3
2017-05-16,3.8,6.68,7.06,3.45,4.22
2017-05-17,3.76,6.62,7.0,3.3,4.08
2017-05-18,3.82,6.92,7.0,3.25,3.99
2017-05-19,3.82,7.02,7.08,3.24,3.95
2017-05-20,3.79,7.0,7.08,3.3,3.99
2017-05-21,3.78,6.93,6.88,3.3,4.03
2017-05-22,3.34,6.78,7.02,3.22,3.97
2017-05-23,3.54,6.7,6.86,3.28,4.0
2017-05-24,3.62,6.36,6.9,3.15,3.9
2017-05-25,3.68,6.22,7.09,3.13,3.81
2017-05-26,3.85,6.5,6.91,3.23,4.02
2017-05-27,3.86,6.43,6.82,3.18,3.93
2017-05-28,3.86,7.1,7.01,3.14,3.82
2017-05-29,3.87,7.24,7.22,3.34,4.01
2017-05-30,4.04,7.35,7.4,3.5,4.22
2017-05-31,3.85,7.42,7.56,3.7,4.4
2017-06-01,3.46,7.47,7.7,3.85,4.62
2017-06-02,3.22,7.54,7.72,3.97,4.72
2017-06-03,3.56,7.42,7.78,4.0,4.79
2017-06-04,3.92,6.77,7.62,4.05,4.8
2017-06-05,3.87,6.98,7.31,3.94,4.68
2017-06-06,3.86,7.19,6.98,3.55,4.52
2017-06-07,3.98,7.5,7.2,3.26,4.08
2017-06-08,3.71,7.62,7.5,3.4,4.08
2017-06-09,3.3,7.72,7.62,3.74,4.42
2017-06-10,2.95,7.6,7.58,3.84,4.62
2017-06-11,2.7,7.17,7.64,3.83,4.62
2017-06-12,3.27,7.02,7.44,3.83,4.68
2017-06-13,3.06,6.57,7.22,3.7,4.57
2017-06-14,2.9,5.87,6.86,3.52,4.36
2017-06-15,2.76,6.23,6.42,3.22,4.06
2017-06-16,2.62,5.92,6.46,2.84,3.63
2017-06-17,2.57,5.76,6.48,2.72,3.45
2017-06-18,2.77,5.42,6.24,2.65,3.48
2017-06-19,3.12,5.76,6.3,2.56,3.34
2017-06-20,3.75,5.86,6.52,2.62,3.32
2017-06-21,3.35,6.68,6.56,2.8,3.51
2017-06-22,3.76,6.84,6.86,2.85,3.59
2017-06-23,0.0,6.92,7.37,3.1,3.75
2017-06-24,0.0,7.28,7.49,3.55,4.18
2017-06-25,0.0,7.45,7.42,3.7,4.46
2017-06-26,3.44,7.68,7.56,3.7,4.49
2017-06-27,0.0,8.07,7.74,3.85,4.63
2017-06-28,0.0,10.22,8.63,4.2,4.91
2017-06-29,0.0,10.48,10.1,5.54,5.85
2017-06-30,0.0,10.87,10.12,6.56,7.39
2017-07-01,4.58,10.75,10.28,6.6,7.52
2017-07-02,4.25,10.08,10.18,6.7,7.62
2017-07-03,3.99,9.28,9.78,6.53,7.52
2017-07-04,3.45,9.03,9.32,6.12,7.12
2017-07-05,3.66,8.28,9.06,5.6,6.66
2017-07-06,3.55,7.92,8.4,5.23,6.32
2017-07-07,3.33,7.0,8.0,4.6,5.7
2017-07-08,3.65,6.82,7.68,4.26,5.21
2017-07-09,3.85,6.49,7.27,3.88,4.84
2017-07-10,3.77,7.0,7.21,3.63,4.42
2017-07-11,4.02,7.52,7.21,3.54,4.26
2017-07-12,4.08,7.98,7.62,3.54,4.21
2017-07-13,4.1,8.37,8.46,3.93,4.62
2017-07-14,4.28,8.27,8.6,4.76,5.47
2017-07-15,4.04,8.35,8.5,4.9,5.83
2017-07-16,3.75,8.53,8.4,4.8,5.72
2017-07-17,3.46,8.89,8.34,4.7,5.62
2017-07-18,3.4,8.97,8.92,4.64,5.58
2017-07-19,3.44,9.1,9.1,5.2,6.06
2017-07-20,3.58,9.49,8.8,5.63,6.37
2017-07-21,4.16,10.85,9.23,5.38,6.27
2017-07-22,4.4,13.28,10.68,6.11,6.7
2017-07-23,4.04,13.32,12.83,7.7,8.3
2017-07-24,3.99,11.86,12.98,9.4,10.3
2017-07-25,4.2,11.42,11.74,9.05,10.19
2017-07-26,4.41,12.14,11.24,8.06,9.26
2017-07-27,4.82,12.8,11.32,7.7,8.88
2017-07-28,5.44,12.55,11.64,7.92,9.04
2017-07-29,6.3,13.99,11.82,8.15,9.26
2017-07-30,6.98,14.86,12.62,8.63,9.62
2017-07-31,7.06,15.2,13.4,9.52,10.55
2017-08-01,6.73,15.77,13.64,10.1,11.22
2017-08-02,6.34,14.97,14.08,10.4,11.52
2017-08-03,5.94,14.37,13.66,10.55,11.73
2017-08-04,5.3,13.72,13.08,10.05,11.32
2017-08-05,5.48,13.08,12.6,9.62,10.82
2017-08-06,6.0,12.94,12.06,9.04,10.42
2017-08-07,6.35,13.17,11.9,8.61,9.96
2017-08-08,5.97,13.78,12.16,8.53,9.83
2017-08-09,5.66,13.64,12.44,8.84,10.03
2017-08-10,5.6,13.15,12.4,9.11,10.25
2017-08-11,5.76,12.76,12.28,9.0,10.24
2017-08-12,5.6,0.0,11.77,8.75,10.07
2017-08-13,6.1,12.42,11.5,8.3,9.65
2017-08-14,6.22,12.74,11.54,8.1,9.42
2017-08-15,6.38,13.47,11.76,8.2,9.46
2017-08-16,6.25,14.09,12.32,8.51,9.72
2017-08-17,5.68,15.12,12.73,9.05,10.23
2017-08-18,5.52,16.88,13.74,9.7,10.75
2017-08-19,5.98,16.42,15.0,10.95,11.91
2017-08-20,5.51,16.37,14.8,11.65,12.67
2017-08-21,5.2,15.47,14.28,11.4,12.59
2017-08-22,4.96,14.47,13.7,10.82,12.09
2017-08-23,5.01,14.28,13.2,10.32,11.65
2017-08-24,5.48,14.06,12.76,9.8,11.26
2017-08-25,5.8,14.69,13.14,9.7,11.07
2017-08-26,5.71,14.97,13.37,9.95,11.32
2017-08-27,5.78,14.8,13.5,10.25,11.56
2017-08-28,5.57,14.27,13.27,10.2,11.65
2017-08-29,5.31,14.69,12.74,9.96,11.4
2017-08-30,4.88,14.75,12.43,9.55,11.0
2017-08-31,4.72,15.76,13.72,9.88,10.86
2017-09-01,5.45,17.26,13.96,10.55,11.85
2017-09-02,6.0,16.65,14.96,11.14,12.32
2017-09-03,5.92,15.67,14.57,11.67,12.83
2017-09-04,6.49,15.96,14.15,11.26,12.54
2017-09-05,7.3,16.39,14.3,11.08,12.32
2017-09-06,7.1,15.9,14.2,11.18,12.42
2017-09-07,6.48,16.14,14.18,11.1,12.36
2017-09-08,5.99,14.9,14.1,11.08,12.34
2017-09-09,5.74,14.2,13.46,10.82,12.17
2017-09-10,5.7,13.6,12.9,10.15,11.66
2017-09-11,5.49,13.36,12.5,9.65,11.19
2017-09-12,5.25,12.75,12.1,9.3,10.84
2017-09-13,5.36,12.96,11.66,8.82,10.4
2017-09-14,5.64,13.46,11.76,8.55,10.1
2017-09-15,5.63,13.0,12.12,8.75,10.17
2017-09-16,5.62,12.6,10.98,8.95,10.38
2017-09-17,5.89,12.49,11.64,8.1,9.52
2017-09-18,5.55,12.36,11.32,8.2,9.79
2017-09-19,5.63,12.46,11.33,8.05,9.43
2017-09-20,5.61,11.96,11.83,8.15,9.46
2017-09-21,5.55,11.59,11.37,8.46,9.79
2017-09-22,5.85,11.32,11.1,7.92,9.29
2017-09-23,5.4,11.12,10.56,7.54,8.89
2017-09-24,4.87,11.67,10.32,7.36,8.46
2017-09-25,4.73,11.0,10.96,6.95,8.12
2017-09-26,4.8,10.23,10.16,7.22,8.45
2017-09-27,4.4,10.12,9.75,6.73,7.89
2017-09-28,4.4,10.11,9.54,6.18,7.32
2017-09-29,4.46,10.0,9.42,6.05,7.02
2017-09-30,4.52,10.14,9.45,6.05,6.95
2017-10-01,4.56,9.88,9.66,6.0,7.0
2017-10-02,4.7,9.69,9.68,6.25,7.18
2017-10-03,4.38,9.6,9.44,6.2,7.2
2017-10-04,3.98,9.76,9.26,5.85,6.9
2017-10-05,3.84,9.86,9.26,5.7,6.7
2017-10-06,3.98,9.24,9.08,5.66,6.64
2017-10-07,3.95,9.02,8.75,5.54,6.45
2017-10-08,3.88,8.76,8.55,5.12,6.1
2017-10-09,3.93,8.92,8.46,4.94,5.85
2017-10-10,4.2,8.69,8.4,4.86,5.72
2017-10-11,4.82,8.55,8.37,4.8,5.54
2017-10-12,5.18,9.22,8.36,4.7,5.48
2017-10-13,5.24,9.54,8.54,4.75,5.44
2017-10-14,5.06,9.74,8.98,4.95,5.62
2017-10-15,5.06,10.02,9.32,5.41,6.06
2017-10-16,5.01,9.74,9.28,5.65,6.42
2017-10-17,4.9,9.86,9.06,5.56,6.4
2017-10-18,4.96,9.66,9.04,5.4,6.21
2017-10-19,4.98,9.54,8.96,5.43,6.23
2017-10-20,4.89,9.72,8.86,5.32,6.1
2017-10-21,4.6,9.58,8.8,5.15,5.98
2017-10-22,4.34,9.52,8.72,5.15,5.92
2017-10-23,4.4,9.49,8.62,5.1,5.86
2017-10-24,4.49,9.59,8.6,5.0,5.82
2017-10-25,4.72,9.74,8.54,4.93,5.75
2017-10-26,4.78,9.52,8.56,4.91,5.7
2017-10-27,4.91,10.3,8.5,4.9,5.72
2017-10-28,4.64,10.69,8.71,4.84,5.64
2017-10-29,4.46,10.89,8.84,5.03,5.76
2017-10-30,4.59,10.95,8.81,5.12,5.9
2017-10-31,4.45,10.76,8.82,5.12,5.9
2017-11-01,4.84,9.57,9.5,5.76,6.89
2017-11-02,3.93,9.34,9.44,5.6,6.75
2017-11-03,3.74,9.16,9.3,5.54,6.68
2017-11-04,3.7,8.67,9.08,5.37,6.53
2017-11-05,4.0,7.9,8.7,5.13,6.27
2017-11-06,4.04,7.63,8.12,4.68,5.88
2017-11-07,4.06,7.81,7.84,4.2,5.37
2017-11-08,3.96,7.84,7.78,3.85,4.98
2017-11-09,3.96,7.76,7.88,3.83,4.84
2017-11-10,4.08,7.8,7.87,3.8,4.89
2017-11-11,4.1,7.7,7.86,3.8,4.91
2017-11-12,4.09,7.62,7.8,3.77,4.9
2017-11-13,4.1,7.79,7.75,3.7,4.83
2017-11-14,3.75,7.62,7.78,3.63,4.77
2017-11-15,3.55,7.6,7.76,3.7,4.79
2017-11-16,3.75,7.7,7.72,3.65,4.79
2017-11-17,3.84,7.37,7.64,3.62,4.74
2017-11-18,3.81,7.42,7.63,3.55,4.66
2017-11-19,3.91,7.18,7.46,3.53,4.63
2017-11-20,3.88,6.94,7.45,3.48,4.49
2017-11-21,3.6,7.33,7.34,3.36,4.43
2017-11-22,3.86,7.44,7.29,3.28,4.34
2017-11-23,3.86,7.3,7.38,3.22,4.27
2017-11-24,4.05,7.27,7.42,3.27,4.3
2017-11-25,4.4,7.23,7.26,3.32,4.37
2017-11-26,5.21,7.67,7.25,3.22,4.26
2017-11-27,5.27,7.98,7.27,3.18,4.22
2017-11-28,4.68,9.0,7.8,3.23,4.23
2017-11-29,4.42,9.09,8.51,3.8,4.63
2017-11-30,4.2,8.73,8.78,4.48,5.44
2017-12-01,4.25,8.2,8.62,4.62,5.82
2017-12-02,4.1,7.93,8.26,4.48,5.74
2017-12-03,3.94,7.6,7.98,4.16,5.41
2017-12-04,4.0,7.45,7.78,3.87,5.08
2017-12-05,3.96,7.28,7.58,3.7,4.83
2017-12-06,3.94,7.2,7.5,3.52,4.62
2017-12-07,4.05,7.32,7.29,3.4,4.51
2017-12-08,4.1,7.22,7.26,3.24,4.32
2017-12-09,4.2,7.2,7.22,3.2,4.23
2017-12-10,4.21,7.32,7.2,3.15,4.21
2017-12-11,3.87,7.53,7.26,3.15,4.16
2017-12-12,3.68,7.63,7.36,3.18,4.17
2017-12-13,3.55,7.5,7.48,3.26,4.27
2017-12-14,3.62,7.18,7.4,3.38,4.4
2017-12-15,3.4,7.0,7.2,3.3,4.39
2017-12-16,3.39,6.58,7.02,3.15,4.22
2017-12-17,3.38,6.44,6.76,2.9,4.02
2017-12-18,3.33,6.36,6.64,2.7,3.78
2017-12-19,3.38,6.3,6.58,2.58,3.61
2017-12-20,3.3,6.34,6.46,2.44,3.5
2017-12-21,3.2,6.18,6.41,2.4,3.42
2017-12-22,3.35,6.09,6.34,2.32,3.32
2017-12-23,3.4,6.19,6.26,2.28,3.3
2017-12-24,3.27,6.23,6.25,2.22,3.22
2017-12-25,3.26,6.21,6.23,2.2,3.17
2017-12-26,3.25,6.18,6.26,2.18,3.16
2017-12-27,3.25,6.13,6.28,2.18,3.17
2017-12-28,3.28,6.1,6.32,2.2,3.2
2017-12-29,3.35,6.08,6.35,2.25,3.22
2017-12-30,3.3,6.13,6.32,2.28,3.22
2017-12-31,3.26,6.18,6.25,2.27,3.26
2018-01-01,3.45,8.78,5.14,1.7,2.32
2018-01-02,3.55,8.78,5.12,1.7,2.26
2018-01-03,3.32,8.92,5.4,1.6,2.2
2018-01-04,3.23,9.17,5.68,1.74,2.28
2018-01-05,3.19,9.24,6.18,2.26,2.5
2018-01-06,3.36,9.09,6.34,2.45,2.85
2018-01-07,3.69,8.49,6.14,2.62,3.16
2018-01-08,3.67,9.01,5.98,2.5,3.14
2018-01-09,4.44,9.18,5.97,2.34,2.98
2018-01-10,5.18,9.64,6.31,2.2,2.92
2018-01-11,5.24,10.75,7.56,2.49,3.04
2018-01-12,4.48,10.94,8.28,3.8,4.01
2018-01-13,3.92,11.09,8.68,4.45,5.13
2018-01-14,3.56,10.94,8.68,4.84,5.62
2018-01-15,3.28,10.18,8.24,4.8,5.7
2018-01-16,3.06,9.44,7.64,4.34,5.32
2018-01-17,2.92,9.04,7.06,3.88,4.47
2018-01-18,2.73,9.21,6.72,3.48,4.15
2018-01-19,2.66,9.29,6.36,3.01,3.76
2018-01-20,2.68,8.92,6.04,2.78,3.42
2018-01-21,2.61,8.64,5.86,2.48,3.13
2018-01-22,2.56,8.75,5.54,2.28,2.88
2018-01-23,2.55,8.74,5.44,2.02,2.56
2018-01-24,2.54,8.56,5.4,1.8,2.49
2018-01-25,2.52,8.37,5.3,1.72,2.42
2018-01-26,2.5,8.47,5.2,1.68,2.32
2018-01-27,2.48,8.76,5.1,1.51,2.25
2018-01-28,2.75,8.86,4.97,1.43,2.15
2018-01-29,2.86,8.47,4.96,1.4,2.05
2018-01-30,2.86,8.32,4.95,1.4,2.02
2018-01-31,2.89,8.64,4.94,1.38,1.98
2018-02-01,3.06,8.79,5.12,1.36,1.98
2018-02-02,3.31,8.64,5.39,1.4,2.04
2018-02-03,3.24,8.84,5.4,1.55,2.22
2018-02-04,2.87,8.92,5.5,1.7,2.32
2018-02-05,2.5,8.6,5.72,1.75,2.36
2018-02-06,2.34,8.47,5.92,1.9,2.49
2018-02-07,2.33,8.67,5.84,2.08,2.7
2018-02-08,2.31,8.46,5.48,2.03,2.74
2018-02-09,2.3,8.58,5.04,1.84,2.57
2018-02-10,2.29,8.67,4.74,1.53,2.25
2018-02-11,2.3,8.73,4.71,1.36,1.94
2018-02-12,2.29,8.51,4.69,1.2,1.78
2018-02-13,2.41,8.44,4.55,1.16,1.76
2018-02-14,2.64,8.32,4.53,1.08,1.71
2018-02-15,3.03,8.26,4.58,1.04,1.63
2018-02-16,3.51,8.55,4.6,1.06,1.64
2018-02-17,3.79,8.69,4.58,1.08,1.7
2018-02-18,3.83,8.92,4.96,1.1,1.66
2018-02-19,3.77,8.99,5.56,1.28,1.8
2018-02-20,3.78,9.45,6.06,1.7,2.07
2018-02-21,3.8,9.52,6.58,2.3,2.67
2018-02-22,3.82,9.4,6.68,2.83,3.26
2018-02-23,3.82,9.32,6.68,2.83,3.56
2018-02-24,3.78,9.22,6.52,2.8,3.55
2018-02-25,3.76,9.3,6.51,2.78,3.48
2018-02-26,3.77,9.18,6.54,2.8,3.46
2018-02-27,3.81,9.26,6.56,2.8,3.43
2018-02-28,3.79,9.38,6.38,2.82,3.47
2018-03-01,3.72,9.32,6.42,2.75,3.43
2018-03-02,3.58,9.44,6.42,2.86,3.33
2018-03-03,3.52,9.22,6.5,2.88,3.42
2018-03-04,3.49,9.15,6.46,2.88,3.48
2018-03-05,3.52,8.98,6.34,2.7,3.38
2018-03-06,3.56,8.84,6.3,2.65,3.3
2018-03-07,3.65,8.94,6.14,2.6,3.25
2018-03-08,3.75,9.05,6.17,2.54,3.13
2018-03-09,3.79,9.14,6.18,2.47,3.07
2018-03-10,3.78,9.08,6.2,2.45,3.06
2018-03-11,3.78,8.92,6.3,2.5,3.09
2018-03-12,3.78,9.15,6.42,2.55,3.14
2018-03-13,3.78,9.1,6.42,2.65,3.25
2018-03-14,3.75,9.22,6.53,2.7,3.32
2018-03-15,3.75,9.21,6.48,2.75,3.39
2018-03-16,3.75,9.05,6.54,2.75,3.39
2018-03-17,3.77,8.92,6.44,2.77,3.4
2018-03-18,3.78,9.13,6.42,2.74,3.38
2018-03-19,3.77,9.24,6.42,2.7,3.34
2018-03-20,3.78,9.13,6.4,2.7,3.34
2018-03-21,3.75,9.02,6.38,2.68,3.32
2018-03-22,3.73,9.06,6.4,2.62,3.29
2018-03-23,3.72,9.05,6.37,2.66,3.29
2018-03-24,3.73,8.9,6.32,2.65,3.28
2018-03-25,3.74,8.75,6.26,2.63,3.24
2018-03-26,3.71,8.8,6.3,2.6,3.22
2018-03-27,3.73,8.72,6.34,2.56,3.18
2018-03-28,3.78,8.67,6.26,2.62,3.26
2018-03-29,3.98,8.86,6.24,2.56,3.2
2018-03-30,4.22,8.9,6.1,2.52,3.16
2018-03-31,4.22,9.1,6.3,2.53,3.08
2018-04-01,4.07,9.1,6.32,2.55,3.18
2018-04-02,4.01,9.1,6.69,2.6,3.21
2018-04-03,4.16,9.1,6.92,2.9,3.42
2018-04-04,4.2,9.44,6.86,3.15,3.73
2018-04-05,4.09,9.39,6.82,3.15,3.78
2018-04-06,4.04,9.57,6.82,3.1,3.74
2018-04-07,3.98,9.47,6.98,3.1,3.7
2018-04-08,3.8,9.63,7.06,3.25,3.82
2018-04-09,3.74,9.38,6.96,3.3,3.92
2018-04-10,3.85,9.24,6.97,3.23,3.9
2018-04-11,3.84,9.17,6.65,3.18,3.89
2018-04-12,3.49,9.19,6.56,3.0,3.66
2018-04-13,2.89,9.35,6.5,2.85,3.51
2018-04-14,2.73,9.12,6.49,2.8,3.44
2018-04-15,2.57,8.92,6.4,2.75,3.41
2018-04-16,2.65,8.22,6.52,2.7,3.36
2018-04-17,2.72,7.84,6.05,2.6,3.25
2018-04-18,2.65,7.4,5.64,2.36,3.08
2018-04-19,2.85,7.2,5.42,2.06,2.76
2018-04-20,3.49,7.03,5.18,1.74,2.47
2018-04-21,3.95,6.8,5.02,1.53,2.29
2018-04-22,4.19,6.68,5.08,1.42,2.12
2018-04-23,4.2,7.89,5.06,1.48,2.1
2018-04-24,4.16,8.36,5.26,1.42,2.07
2018-04-25,4.06,9.42,5.86,1.5,2.13
2018-04-26,3.92,9.58,6.3,1.9,2.45
2018-04-27,3.82,9.78,6.7,2.46,3.02
2018-04-28,4.07,9.89,6.74,2.92,3.44
2018-04-29,4.14,9.29,6.67,3.1,3.62
2018-04-30,4.06,9.13,6.56,3.03,3.6
2018-05-01,3.99,9.37,6.54,2.9,3.5
2018-05-02,3.96,9.5,6.54,2.9,3.46
2018-05-03,3.6,9.36,6.72,2.92,3.46
2018-05-04,3.34,9.24,6.65,3.04,3.56
2018-05-05,3.18,9.07,6.64,3.04,3.6
2018-05-06,3.27,8.72,6.58,3.0,3.56
2018-05-07,3.38,8.84,6.26,2.95,3.52
2018-05-08,3.56,8.4,6.09,2.62,3.33
2018-05-09,3.73,8.09,5.98,2.43,3.04
2018-05-10,3.89,8.0,5.85,2.32,2.94
2018-05-11,3.88,7.82,5.72,2.2,2.83
2018-05-12,3.87,8.93,5.88,2.1,2.73
2018-05-13,3.87,8.66,6.08,2.18,2.74
2018-05-14,3.75,8.8,6.22,2.25,2.89
2018-05-15,3.72,8.92,6.33,2.48,3.13
2018-05-16,3.88,9.08,6.4,2.6,3.2
2018-05-17,3.91,8.72,6.42,2.7,3.32
2018-05-18,4.07,8.84,6.32,2.73,3.33
2018-05-19,4.12,8.94,6.28,2.7,3.3
2018-05-20,4.13,8.82,6.38,2.62,3.23
2018-05-21,4.2,9.12,6.35,2.68,3.27
2018-05-22,4.15,9.48,6.48,2.7,3.32
2018-05-23,4.13,9.57,6.66,2.78,3.38
2018-05-24,4.13,9.68,6.78,2.94,3.53
2018-05-25,4.12,9.3,6.74,3.13,3.64
2018-05-26,4.11,9.17,6.8,3.15,3.67
2018-05-27,4.1,9.06,6.76,3.18,3.67
2018-05-28,4.15,9.34,6.68,3.18,3.68
2018-05-29,4.15,9.5,6.65,3.2,3.6
2018-05-30,4.11,9.64,6.78,3.13,3.57
2018-05-31,4.15,9.6,6.82,3.13,3.67
2018-06-01,4.32,9.48,6.96,3.3,3.78
2018-06-02,4.33,9.32,6.96,3.34,3.88
2018-06-03,4.25,9.66,7.05,3.4,3.98
2018-06-04,4.23,9.76,7.16,3.44,3.99
2018-06-05,4.2,9.66,7.34,3.48,4.06
2018-06-06,4.18,9.54,7.34,3.6,4.22
2018-06-07,4.2,9.46,7.36,3.7,4.26
2018-06-08,4.16,9.46,7.33,3.6,4.26
2018-06-09,3.96,9.66,7.27,3.6,4.27
2018-06-10,3.89,9.52,7.24,3.56,4.23
2018-06-11,3.75,9.64,7.2,3.5,4.17
2018-06-12,3.61,9.32,7.06,3.5,4.11
2018-06-13,3.26,9.38,6.82,3.4,4.02
2018-06-14,3.07,9.47,6.66,3.28,3.86
2018-06-15,3.11,9.17,6.47,3.1,3.67
2018-06-16,3.19,8.9,6.24,2.88,3.5
2018-06-17,3.24,8.74,6.08,2.7,3.38
2018-06-18,3.27,8.3,5.98,2.7,3.26
2018-06-19,3.12,8.1,6.08,2.52,3.12
2018-06-20,3.03,8.03,5.98,2.52,3.02
2018-06-21,2.91,8.08,5.83,2.4,3.06
2018-06-22,2.73,8.15,5.7,2.25,2.91
2018-06-23,2.62,8.22,5.44,2.15,2.81
2018-06-24,2.35,8.06,5.48,1.96,2.66
2018-06-25,2.53,7.82,5.54,1.88,2.52
2018-06-26,2.44,7.7,5.22,1.92,2.52
2018-06-27,2.52,7.82,5.12,1.86,2.57
2018-06-28,2.59,7.65,5.36,1.72,2.19
2018-06-29,2.47,7.32,5.0,1.86,2.32
2018-06-30,2.44,7.16,4.93,1.75,2.27
2018-07-01,2.4,7.1,4.86,1.65,2.1
2018-07-02,2.41,7.24,4.74,1.6,1.99
2018-07-03,2.64,6.82,4.94,1.5,1.86
2018-07-04,2.65,6.68,4.77,1.58,1.9
2018-07-05,2.36,7.34,4.79,1.48,1.9
2018-07-06,2.35,7.08,4.87,1.36,1.84
2018-07-07,2.68,7.91,5.07,1.4,1.87
2018-07-08,2.38,7.5,5.42,1.53,1.95
2018-07-09,2.08,7.26,5.47,1.8,2.22
2018-07-10,2.03,7.0,5.37,1.92,2.4
2018-07-11,1.97,6.68,5.12,1.86,2.38
2018-07-12,1.92,6.34,4.9,1.7,2.24
2018-07-13,1.92,6.23,4.8,1.6,2.04
2018-07-14,1.91,6.44,4.44,1.5,1.89
2018-07-15,1.88,6.49,3.91,1.32,1.84
2018-07-16,1.88,6.86,3.68,0.96,1.34
2018-07-17,1.92,7.09,3.7,0.75,0.8
2018-07-18,2.1,6.88,3.69,0.7,0.84
2018-07-19,2.21,6.68,4.04,0.7,0.85
2018-07-20,2.18,6.42,4.28,0.84,0.94
2018-07-21,2.21,6.22,4.41,0.98,1.3
2018-07-22,2.48,6.0,4.39,1.2,1.48
2018-07-23,2.87,6.0,4.38,1.2,1.52
2018-07-24,2.86,5.8,4.36,1.23,1.55
2018-07-25,2.97,5.66,4.27,1.23,1.54
2018-07-26,3.09,5.82,4.28,1.15,1.5
2018-07-27,3.33,7.55,4.7,1.12,1.45
2018-07-28,3.34,8.72,5.23,1.3,1.55
2018-07-29,3.45,9.02,5.69,1.69,1.92
2018-07-30,3.2,9.28,6.3,2.17,2.36
2018-07-31,3.07,9.55,6.54,2.7,2.96
2018-08-01,2.94,9.4,6.9,3.0,3.38
2018-08-02,2.76,9.3,7.3,3.21,3.68
2018-08-03,2.71,9.18,6.9,3.6,4.1
2018-08-04,2.63,9.58,6.7,2.7,3.98
2018-08-05,2.76,11.0,7.0,3.16,3.73
2018-08-06,2.91,9.64,9.35,3.85,3.88
2018-08-07,2.92,9.32,8.74,5.4,5.97
2018-08-08,2.78,9.46,7.7,4.63,5.6
2018-08-09,2.69,9.72,6.99,4.0,4.84
2018-08-10,2.52,9.81,7.22,3.46,4.23
2018-08-11,2.73,9.58,7.38,3.6,4.22
2018-08-12,2.71,9.48,7.44,3.88,4.48
2018-08-13,2.72,9.27,7.45,3.98,4.72
2018-08-14,2.43,9.65,7.16,3.94,4.74
2018-08-15,2.48,9.54,7.32,3.7,4.52
2018-08-16,2.66,9.62,7.34,3.75,4.48
2018-08-17,2.55,9.75,7.13,3.75,4.52
2018-08-18,2.5,10.15,7.78,3.62,4.45
2018-08-19,2.44,9.92,8.35,4.3,4.73
2018-08-20,2.7,9.62,8.14,4.65,5.52
2018-08-21,2.86,9.5,7.54,4.55,5.54
2018-08-22,2.85,9.42,7.36,4.14,5.15
2018-08-23,2.78,9.56,7.6,3.97,4.94
2018-08-24,2.92,9.96,7.46,4.12,5.08
2018-08-25,3.13,9.67,8.05,4.04,5.02
2018-08-26,2.95,9.82,7.88,4.5,5.4
2018-08-27,2.6,9.94,7.76,4.6,5.65
2018-08-28,2.43,9.74,7.92,4.8,5.78
2018-08-29,2.36,9.65,8.06,4.7,5.82
2018-08-30,2.38,9.44,7.9,0.0,5.81
2018-08-31,2.29,9.3,7.56,4.45,5.69
2018-09-01,2.22,9.22,7.55,4.25,0.0
2018-09-02,2.49,8.82,7.6,4.25,5.25
2018-09-03,2.63,8.95,7.26,4.2,5.29
2018-09-04,2.58,9.18,7.27,3.82,4.9
2018-09-05,2.56,9.4,7.14,3.82,4.76
2018-09-06,2.43,9.32,7.24,3.6,4.57
2018-09-07,2.36,9.08,7.28,3.75,4.56
2018-09-08,2.4,9.0,7.22,3.75,4.58
2018-09-09,2.33,8.98,6.72,3.65,4.5
2018-09-10,2.27,9.05,6.48,3.12,4.17
2018-09-11,2.37,9.13,6.32,3.05,3.83
2018-09-12,2.71,8.89,6.23,2.82,3.65
2018-09-13,3.06,9.03,6.24,2.82,3.5
2018-09-14,3.14,9.12,6.27,2.84,3.47
2018-09-15,3.03,9.25,6.56,0.0,3.45
2018-09-16,2.72,9.1,6.83,3.05,3.49
2018-09-17,2.54,9.17,6.74,3.3,3.86
2018-09-18,2.37,9.32,6.66,3.24,3.87
2018-09-19,2.32,9.4,6.88,3.2,3.76
2018-09-20,2.26,9.33,6.48,3.32,3.82
2018-09-21,2.22,8.89,6.06,3.04,3.68
2018-09-22,2.18,8.0,6.08,2.6,3.17
2018-09-23,2.16,7.42,6.01,2.6,3.1
2018-09-24,2.5,7.37,5.71,2.5,3.0
2018-09-25,2.65,7.33,5.52,2.3,2.82
2018-09-26,2.6,7.45,5.51,2.15,2.53
2018-09-27,2.55,7.6,5.36,2.04,2.44
2018-09-28,2.51,7.52,5.32,1.92,2.35
2018-09-29,2.58,7.44,5.54,1.8,2.26
2018-09-30,2.56,7.62,5.62,1.94,2.36
2018-10-01,2.13,7.52,5.4,2.03,2.51
2018-10-02,1.95,7.43,5.36,1.88,2.42
2018-10-03,1.94,7.35,5.3,1.8,2.29
2018-10-04,1.95,7.26,5.26,1.75,2.23
2018-10-05,1.97,7.15,5.23,1.75,2.21
2018-10-06,1.97,7.09,5.2,1.73,2.16
2018-10-07,2.02,6.62,5.08,1.68,2.14
2018-10-08,2.03,6.52,4.91,1.65,2.1
2018-10-09,1.99,6.4,4.66,1.55,2.01
2018-10-10,1.97,7.0,4.39,1.38,1.82
2018-10-11,1.94,7.22,4.19,1.18,1.58
2018-10-12,1.92,8.02,4.16,0.9,1.35
2018-10-13,1.92,8.52,4.16,0.82,1.2
2018-10-14,1.97,8.69,4.32,0.86,1.19
2018-10-15,2.04,8.47,4.56,0.95,1.27
2018-10-16,2.06,8.49,4.72,1.03,1.42
2018-10-17,2.04,8.5,4.68,1.3,1.65
2018-10-18,1.95,8.26,4.8,1.34,1.73
2018-10-19,1.95,8.16,5.0,1.38,1.74
2018-10-20,1.98,7.0,5.82,1.54,1.88
2018-10-21,1.98,7.06,5.38,2.0,2.28
2018-10-22,2.32,6.22,4.4,1.82,2.45
2018-10-23,2.46,6.09,5.42,1.54,1.85
2018-10-24,2.51,6.22,4.66,1.83,1.81
2018-10-25,2.42,6.52,4.16,1.76,2.04
2018-10-26,2.39,7.18,4.08,1.34,1.55
2018-10-27,2.4,7.55,4.06,1.26,1.26
2018-10-28,2.07,8.18,4.06,1.1,1.2
2018-10-29,1.84,8.36,4.12,1.1,1.2
2018-10-30,1.85,8.52,4.56,1.08,1.21
2018-10-31,1.9,8.64,4.7,1.25,1.38
2018-11-01,4.5,10.62,8.62,5.1,5.9
2018-11-02,4.67,10.53,8.56,4.96,5.73
2018-11-03,4.95,10.72,8.34,4.84,5.66
2018-11-04,4.84,10.92,8.4,4.68,5.46
2018-11-05,4.46,10.97,8.56,4.72,5.46
2018-11-06,4.24,10.92,8.62,4.87,5.6
2018-11-07,4.05,10.49,8.6,4.94,5.69
2018-11-08,4.02,10.28,8.32,4.85,5.66
2018-11-09,3.66,10.02,8.09,4.6,5.4
2018-11-10,3.45,10.11,7.9,4.45,5.13
2018-11-11,3.13,10.35,7.68,4.18,4.92
2018-11-12,3.09,10.2,7.62,4.0,4.7
2018-11-13,3.07,9.65,7.32,3.85,4.6
2018-11-14,3.03,9.26,7.14,3.6,4.36
2018-11-15,3.08,9.24,7.06,3.45,4.17
2018-11-16,3.06,9.32,6.85,3.32,4.02
2018-11-17,3.09,9.18,6.76,3.18,3.9
2018-11-18,3.07,9.04,6.78,3.15,3.7
2018-11-19,3.05,9.35,6.68,3.13,3.72
2018-11-20,3.5,9.15,6.54,3.06,3.7
2018-11-21,3.55,9.07,6.53,2.87,3.62
2018-11-22,3.54,9.22,6.52,2.8,3.48
2018-11-23,3.54,9.48,6.57,2.76,3.45
2018-11-24,3.47,9.57,6.74,2.8,3.46
2018-11-25,3.45,9.52,6.98,2.98,3.56
2018-11-26,3.32,9.27,6.8,3.14,3.79
2018-11-27,2.88,9.34,6.78,3.05,3.71
2018-11-28,2.78,9.15,6.68,3.0,3.71
2018-11-29,2.78,9.04,6.62,2.9,3.61
2018-11-30,2.76,8.86,6.42,2.85,3.56
2018-12-01,2.74,8.72,6.02,2.8,3.39
2018-12-02,2.69,8.63,5.76,2.4,3.17
2018-12-03,2.7,8.85,5.57,2.18,2.84
2018-12-04,2.68,8.96,5.62,2.0,2.62
2018-12-05,2.7,8.78,5.7,2.04,2.58
2018-12-06,2.66,8.72,5.61,2.04,2.64
2018-12-07,2.65,8.92,5.68,2.03,2.64
2018-12-08,2.61,8.79,5.62,2.0,2.59
2018-12-09,2.6,8.66,5.57,1.96,2.58
2018-12-10,2.65,8.65,5.67,1.9,2.58
2018-12-11,2.64,8.66,5.56,1.9,2.58
2018-12-12,2.9,8.95,5.52,1.87,2.57
2018-12-13,2.82,8.82,5.47,1.82,2.5
2018-12-14,2.93,8.84,5.57,1.82,2.46
2018-12-15,2.89,8.74,5.7,1.9,2.46
2018-12-16,2.79,8.8,5.68,2.0,2.58
2018-12-17,3.04,8.84,5.76,2.05,2.64
2018-12-18,3.21,8.8,5.74,2.07,2.68
2018-12-19,3.28,8.75,5.68,2.07,2.7
2018-12-20,3.3,8.84,5.65,2.05,2.68
2018-12-21,3.24,9.05,5.75,2.0,2.62
2018-12-22,3.12,9.2,5.98,2.08,2.67
2018-12-23,3.07,9.28,6.22,2.14,2.78
2018-12-24,3.02,8.95,6.22,2.54,3.02
2018-12-25,2.98,8.78,6.04,2.54,3.12
2018-12-26,2.95,8.95,5.95,2.4,3.02
2018-12-27,2.92,8.84,5.82,2.28,2.93
2018-12-28,2.8,8.75,5.62,2.28,2.82
2018-12-29,2.72,8.69,5.44,1.92,2.66
2018-12-30,2.95,8.66,5.36,1.86,2.52
2018-12-31,3.19,8.6,5.3,1.75,2.47
2019-01-01,2.61,8.12,4.2,1.3,1.51
2019-01-02,2.7,8.07,4.06,1.3,1.46
2019-01-03,2.85,8.13,4.16,1.14,1.38
2019-01-04,2.89,8.19,4.6,1.18,1.31
2019-01-05,2.47,8.24,4.76,1.32,1.46
2019-01-06,1.73,8.29,4.62,1.53,1.72
2019-01-07,1.9,8.24,4.7,1.55,1.78
2019-01-08,2.02,8.19,4.95,1.55,1.72
2019-01-09,2.0,8.25,4.9,1.6,1.83
2019-01-10,1.97,8.14,4.4,1.75,1.96
2019-01-11,1.96,8.02,3.78,1.62,1.78
2019-01-12,1.96,7.95,3.6,1.14,1.4
2019-01-13,1.78,7.84,3.53,0.86,1.18
2019-01-14,1.71,7.98,3.47,0.74,0.9
2019-01-15,1.69,8.09,3.57,0.7,0.86
2019-01-16,1.96,8.16,3.62,0.7,0.78
2019-01-17,1.91,8.23,3.57,0.83,0.96
2019-01-18,2.13,8.27,3.5,0.8,0.96
2019-01-19,1.95,8.33,3.47,0.8,0.92
2019-01-20,1.9,8.27,3.42,0.75,0.88
2019-01-21,1.88,8.23,3.4,0.73,0.86
2019-01-22,1.86,8.17,3.45,0.7,0.82
2019-01-23,2.02,8.12,3.5,0.72,0.81
2019-01-24,1.76,8.07,3.49,0.8,0.79
2019-01-25,1.6,8.15,3.48,0.8,0.92
2019-01-26,1.78,8.56,3.42,0.83,0.92
2019-01-27,1.87,8.47,3.42,0.85,0.88
2019-01-28,1.89,8.42,3.43,0.75,0.84
2019-01-29,1.89,8.35,3.52,0.78,0.86
2019-01-30,1.89,8.27,3.42,0.8,0.9
2019-01-31,1.85,8.31,3.31,0.8,0.92
2019-02-01,0.0,0.0,0.0,0.0,0.0
2019-02-02,1.83,8.47,3.35,0.72,0.86
2019-02-03,1.87,8.53,3.33,0.7,0.89
2019-02-04,1.86,8.44,3.31,0.7,0.82
2019-02-05,1.84,8.36,3.41,0.68,0.82
2019-02-06,1.85,8.27,3.34,0.74,0.86
2019-02-07,1.85,8.17,3.32,0.74,0.88
2019-02-08,1.85,8.1,3.33,0.75,0.84
2019-02-09,1.85,8.15,3.32,0.75,0.85
2019-02-10,1.81,8.23,3.31,0.75,0.84
2019-02-11,1.84,8.28,3.3,0.72,0.85
2019-02-12,1.88,8.33,3.36,0.72,0.84
2019-02-13,1.87,8.37,3.32,0.75,0.84
2019-02-14,1.85,8.32,3.28,0.75,0.84
2019-02-15,1.85,8.25,3.26,0.73,0.82
2019-02-16,1.86,8.17,3.27,0.68,0.78
2019-02-17,1.86,8.04,3.2,0.64,0.76
2019-02-18,1.83,8.13,3.1,0.64,0.73
2019-02-19,1.81,8.19,3.14,0.55,0.68
2019-02-20,1.83,8.24,3.12,0.55,0.66
2019-02-21,1.83,8.17,3.12,0.58,0.69
2019-02-22,1.82,8.13,3.15,0.6,0.7
2019-02-23,1.82,8.07,3.16,0.6,0.7
2019-02-24,1.83,8.03,3.16,0.6,0.72
2019-02-25,1.84,8.02,3.14,0.58,0.71
2019-02-26,1.84,7.97,3.15,0.58,0.71
2019-02-27,1.84,7.94,3.15,0.58,0.71
2019-02-28,1.84,8.0,3.04,0.6,0.72
2019-03-01,1.84,8.11,3.02,0.62,0.71
2019-03-02,1.84,8.16,3.04,0.62,0.7
2019-03-03,1.83,8.21,3.06,0.6,0.72
2019-03-04,1.83,8.26,2.91,0.63,0.76
2019-03-05,1.82,8.33,2.92,0.63,0.73
2019-03-06,1.85,8.39,2.92,0.0,0.72
2019-03-07,1.81,8.47,2.92,0.0,0.74
2019-03-08,1.79,8.42,2.98,0.0,0.75
2019-03-09,1.79,8.49,3.0,0.0,0.8
2019-03-10,1.8,8.53,2.97,0.72,0.84
2019-03-11,1.79,8.47,2.94,0.72,0.83
2019-03-12,1.78,8.53,2.94,0.68,0.8
2019-03-13,1.86,8.37,2.92,0.65,0.79
2019-03-14,1.93,8.24,2.9,0.63,0.78
2019-03-15,1.93,8.16,2.87,0.6,0.75
2019-03-16,2.01,8.08,2.86,0.6,0.74
2019-03-17,2.04,8.02,2.86,0.6,0.72
2019-03-18,1.98,7.95,2.87,0.62,0.72
2019-03-19,1.97,8.03,2.88,0.62,0.74
2019-03-20,2.0,8.09,2.91,0.65,0.77
2019-03-21,2.03,8.16,2.97,0.66,0.78
2019-03-22,2.07,8.21,3.0,0.72,0.84
2019-03-23,1.98,8.29,3.34,0.8,0.91
2019-03-24,2.08,8.24,3.32,0.82,0.96
2019-03-25,2.14,8.17,3.3,0.84,0.98
2019-03-26,2.2,8.12,3.3,0.82,0.97
2019-03-27,2.26,8.07,3.27,0.8,0.95
2019-03-28,2.35,8.13,3.27,0.8,0.94
2019-03-29,2.71,8.19,3.37,0.83,0.94
2019-03-30,2.86,8.35,3.41,0.83,0.96
2019-03-31,2.8,8.45,3.51,0.86,1.01
2019-04-01,2.61,8.53,3.72,0.95,1.06
2019-04-02,2.49,8.59,4.06,1.06,1.16
2019-04-03,2.24,8.66,4.36,1.15,1.32
2019-04-04,2.62,8.55,4.63,1.35,1.52
2019-04-05,2.49,8.49,4.62,1.62,1.72
2019-04-06,2.21,8.45,4.3,1.74,1.88
2019-04-07,1.95,8.52,4.03,1.62,1.78
2019-04-08,1.92,8.57,3.86,1.48,1.6
2019-04-09,2.1,8.62,3.99,1.36,1.44
2019-04-10,2.14,8.52,3.97,1.28,1.4
2019-04-11,2.25,8.46,3.76,1.32,1.44
2019-04-12,2.44,8.41,3.62,1.16,1.48
2019-04-13,2.34,8.49,3.62,1.16,1.38
2019-04-14,2.39,8.56,3.59,1.1,1.27
2019-04-15,2.36,8.59,3.46,1.02,1.18
2019-04-16,2.31,8.64,3.55,1.0,1.12
2019-04-17,2.26,8.57,3.76,1.0,1.12
2019-04-18,2.19,8.52,3.88,1.1,1.21
2019-04-19,2.25,8.47,3.96,1.2,1.32
2019-04-20,2.33,8.42,3.95,1.25,1.4
2019-04-21,2.12,8.42,3.72,1.3,1.44
2019-04-22,2.06,8.33,3.76,1.24,1.37
2019-04-23,2.05,8.28,3.86,1.28,1.29
2019-04-24,2.13,8.38,3.8,1.32,1.34
2019-04-25,2.06,8.64,3.74,1.35,1.37
2019-04-26,2.25,8.75,3.94,1.32,1.32
2019-04-27,2.34,8.79,4.4,1.36,1.34
2019-04-28,2.32,8.89,4.54,1.53,1.52
2019-04-29,2.34,8.82,4.32,1.75,1.74
2019-04-30,2.46,8.75,4.48,1.7,1.74
2019-05-01,2.73,8.66,4.64,1.68,1.71
2019-05-02,2.61,8.6,4.48,1.82,1.82
2019-05-03,2.33,8.52,4.58,1.82,1.84
2019-05-04,2.13,8.46,4.74,1.74,1.82
2019-05-05,0.0,0.0,0.0,0.0,0.0
2019-05-06,2.06,8.32,4.95,2.0,2.0
2019-05-07,2.03,8.27,4.98,2.06,2.06
2019-05-08,2.05,8.22,4.52,2.15,2.16
2019-05-09,2.08,8.16,4.23,1.87,2.02
2019-05-10,2.02,8.11,4.04,1.8,1.76
2019-05-11,2.02,8.07,3.94,1.77,1.57
2019-05-12,2.29,8.02,3.98,1.7,1.46
2019-05-13,2.2,7.95,3.97,1.66,1.41
2019-05-14,2.2,7.92,3.9,1.63,1.43
2019-05-15,1.92,7.87,3.88,1.58,1.41
2019-05-16,1.94,7.82,3.86,1.52,1.39
2019-05-17,1.87,7.78,3.89,1.5,1.38
2019-05-18,1.9,7.72,4.18,1.48,1.38
2019-05-19,2.06,7.96,4.28,1.56,1.43
2019-05-20,2.11,8.05,4.18,1.68,1.6
2019-05-21,2.19,8.09,3.98,1.72,1.61
2019-05-22,2.06,8.12,3.82,1.66,1.52
2019-05-23,2.14,7.78,3.78,1.5,1.39
2019-05-24,2.25,8.22,3.76,1.45,1.35
2019-05-25,1.99,8.24,3.92,1.38,1.26
2019-05-26,1.77,8.27,3.92,1.36,1.3
2019-05-27,1.76,8.3,3.84,1.5,1.4
2019-05-28,1.74,8.25,3.76,1.48,1.37
2019-05-29,1.85,8.21,3.75,1.5,1.4
2019-05-30,2.15,8.18,3.78,1.5,1.34
2019-05-31,2.36,8.15,3.7,1.46,1.32
2019-06-01,2.27,8.12,3.74,1.46,1.36
2019-06-02,2.17,8.18,3.76,1.4,1.29
2019-06-03,2.15,8.23,3.76,1.4,1.29
2019-06-04,2.1,8.26,3.96,1.42,1.3
2019-06-05,2.16,8.29,4.32,1.48,1.32
2019-06-06,2.26,8.24,4.4,1.66,1.52
2019-06-07,2.69,8.17,4.4,1.8,1.69
2019-06-08,2.81,8.24,4.36,1.86,1.75
2019-06-09,2.42,8.3,4.18,1.84,1.72
2019-06-10,2.01,8.35,4.38,1.7,1.66
2019-06-11,2.31,8.39,4.56,1.7,1.61
2019-06-12,2.44,8.43,4.67,1.9,1.78
2019-06-13,2.36,8.38,4.7,1.93,1.86
2019-06-14,2.45,8.34,4.5,2.1,1.96
2019-06-15,2.7,8.42,4.48,2.03,1.93
2019-06-16,2.9,8.47,5.24,2.0,1.85
2019-06-17,3.0,8.51,5.66,2.42,2.21
2019-06-18,3.03,8.46,5.5,2.78,2.67
2019-06-19,2.78,8.52,5.34,2.92,2.77
2019-06-20,2.66,8.55,6.0,2.7,2.69
2019-06-21,2.81,8.57,6.3,2.8,2.85
2019-06-22,2.86,8.53,6.38,3.28,3.24
2019-06-23,2.74,8.5,6.1,3.32,3.38
2019-06-24,2.87,8.45,6.0,3.22,3.26
2019-06-25,3.01,8.41,5.7,3.04,3.09
2019-06-26,2.86,8.44,5.5,2.64,2.9
2019-06-27,2.92,8.52,5.46,2.52,2.69
2019-06-28,2.77,8.54,5.48,2.3,2.57
2019-06-29,2.84,8.47,5.6,2.33,2.54
2019-06-30,2.78,8.51,5.59,2.4,2.61
2019-07-01,2.67,8.47,5.7,2.45,2.67
2019-07-02,2.58,8.5,5.62,2.48,2.7
2019-07-03,2.58,8.53,5.62,2.42,2.7
2019-07-04,2.43,8.55,5.62,2.5,2.78
2019-07-05,2.62,8.59,5.65,2.5,2.76
2019-07-06,2.72,8.62,5.64,2.48,2.77
2019-07-07,2.73,8.57,5.26,2.48,2.81
2019-07-08,2.56,8.54,5.36,2.25,2.6
2019-07-09,2.66,8.5,5.56,2.2,2.44
2019-07-10,2.81,8.46,5.54,2.38,2.55
2019-07-11,2.83,8.43,5.62,2.38,2.6
2019-07-12,2.95,8.46,5.7,2.42,2.62
2019-07-13,2.92,8.45,5.57,2.48,2.7
2019-07-14,2.97,9.55,5.55,2.48,2.68
2019-07-15,3.23,9.36,6.18,2.43,2.63
2019-07-16,3.35,9.15,6.77,2.8,2.9
2019-07-17,3.04,9.07,6.6,3.48,3.7
2019-07-18,2.95,9.04,6.38,3.4,3.71
2019-07-19,3.01,9.54,6.56,3.14,3.49
2019-07-20,3.3,9.33,6.63,3.23,3.56
2019-07-21,3.09,9.23,6.45,3.26,3.62
2019-07-22,3.19,9.18,6.43,3.2,3.58
2019-07-23,3.46,9.35,6.52,3.28,3.6
2019-07-24,3.4,9.45,6.63,3.22,3.63
2019-07-25,3.17,9.15,6.72,3.18,3.66
2019-07-26,3.02,8.85,6.68,3.22,3.73
2019-07-27,3.04,8.7,6.68,3.22,3.73
2019-07-28,3.19,8.75,6.32,3.18,3.68
2019-07-29,3.1,8.3,6.12,2.9,3.5
2019-07-30,3.42,8.76,6.04,2.84,3.25
2019-07-31,3.66,8.94,6.0,2.62,3.09
2019-08-01,3.49,8.85,6.16,2.56,3.03
2019-08-02,2.99,8.93,6.4,2.78,3.15
2019-08-03,2.66,9.8,7.1,3.1,3.44
2019-08-04,2.45,9.3,8.8,4.08,4.2
2019-08-05,2.68,9.37,8.82,5.94,5.8
2019-08-06,2.9,9.47,7.78,5.7,6.18
2019-08-07,3.15,9.4,7.62,4.72,5.45
2019-08-08,3.33,9.35,7.52,4.4,5.05
2019-08-09,3.89,9.78,7.6,4.28,4.83
2019-08-10,4.44,10.08,8.02,4.38,4.85
2019-08-11,3.57,10.32,8.1,4.8,5.21
2019-08-12,3.74,10.53,8.04,4.88,5.38
2019-08-13,4.16,10.35,8.5,4.84,5.32
2019-08-14,4.23,10.9,8.56,5.35,5.68
2019-08-15,3.99,9.95,8.65,5.7,6.1
2019-08-16,3.77,9.87,8.68,5.84,6.26
2019-08-17,3.9,10.59,9.06,5.92,6.38
2019-08-18,3.98,11.0,9.32,6.35,6.72
2019-08-19,3.99,11.18,9.7,6.54,6.96
2019-08-20,4.38,11.28,10.2,7.2,7.37
2019-08-21,4.69,11.9,10.56,7.74,7.99
2019-08-22,4.83,11.65,11.23,8.34,8.62
2019-08-23,4.55,11.5,10.7,8.75,9.2
2019-08-24,4.17,11.36,10.56,8.33,8.84
2019-08-25,4.0,11.74,10.62,8.25,8.73
2019-08-26,4.06,11.87,10.36,8.08,8.42
2019-08-27,4.2,11.35,9.78,7.75,8.22
2019-08-28,3.98,10.94,9.12,7.13,7.6
2019-08-29,3.59,10.56,8.76,6.33,6.88
2019-08-30,3.57,10.28,8.78,6.0,6.4
2019-08-31,3.72,10.09,8.5,5.85,6.27
2019-09-01,3.83,10.05,8.06,5.52,5.93
2019-09-02,3.67,9.98,7.9,5.05,5.4
2019-09-03,3.8,10.05,7.83,4.82,5.1
2019-09-04,3.51,10.09,7.82,4.73,4.96
2019-09-05,2.98,10.12,7.82,4.73,4.94
2019-09-06,2.84,10.17,7.78,4.7,4.92
2019-09-07,2.86,10.13,7.56,4.65,4.89
2019-09-08,2.8,10.18,7.08,4.61,4.78
2019-09-09,3.18,9.56,7.23,4.1,4.4
2019-09-10,3.57,9.31,7.3,4.3,4.32
2019-09-11,3.73,9.42,7.14,4.38,4.63
2019-09-12,3.29,9.76,7.46,4.35,4.55
2019-09-13,3.28,9.85,7.66,4.54,4.65
2019-09-14,3.33,9.94,7.92,4.63,4.91
2019-09-15,3.33,10.25,7.98,4.9,5.16
2019-09-16,3.28,10.32,7.88,4.86,5.26
2019-09-17,3.44,10.16,7.8,4.8,5.12
2019-09-18,3.3,10.1,7.7,4.8,5.01
2019-09-19,3.44,10.05,7.76,4.77,4.94
2019-09-20,3.32,10.0,7.94,4.88,5.08
2019-09-21,3.26,9.92,8.5,5.3,5.47
2019-09-22,3.39,9.75,8.9,5.85,6.08
2019-09-23,3.43,9.54,8.36,6.08,6.44
2019-09-24,3.35,9.44,8.1,5.65,6.1
2019-09-25,3.55,10.5,8.24,5.33,5.79
2019-09-26,3.93,10.22,8.76,5.42,5.85
2019-09-27,4.04,10.17,8.36,5.85,6.29
2019-09-28,3.66,10.38,8.23,5.55,6.01
2019-09-29,3.48,10.44,8.36,5.35,5.83
2019-09-30,3.37,10.25,8.52,5.52,5.83
2019-10-01,3.32,10.0,8.51,5.77,6.1
2019-10-02,3.19,9.85,8.24,5.65,6.1
2019-10-03,3.06,9.76,7.96,5.4,5.8
2019-10-04,3.11,9.83,8.0,5.1,5.48
2019-10-05,3.1,9.73,7.86,5.1,5.42
2019-10-06,3.13,9.44,7.68,4.84,5.31
2019-10-07,3.37,9.36,7.48,5.46,4.98
2019-10-08,3.27,9.24,7.35,4.24,4.78
2019-10-09,3.18,9.72,7.38,4.1,4.56
2019-10-10,3.01,9.82,7.43,4.56,4.55
2019-10-11,2.92,9.6,7.42,4.59,4.52
2019-10-12,2.85,9.26,7.06,4.03,4.5
2019-10-13,2.73,9.18,6.63,3.82,4.22
2019-10-14,2.76,9.0,6.8,3.46,3.77
2019-10-15,2.73,8.89,6.56,3.35,3.88
2019-10-16,2.67,8.95,6.36,3.23,3.78
2019-10-17,2.6,9.0,6.41,3.08,3.55
2019-10-18,2.55,8.92,6.42,3.04,3.52
2019-10-19,2.52,8.88,6.16,3.0,3.52
2019-10-20,2.5,8.83,5.78,2.78,3.38
2019-10-21,2.63,8.75,5.96,2.56,3.05
2019-10-22,2.9,8.7,6.0,2.44,2.99
2019-10-23,2.81,8.75,5.98,2.58,3.03
2019-10-24,2.7,9.0,5.92,2.55,3.03
2019-10-25,2.65,9.1,6.07,2.53,2.95
2019-10-26,2.48,0.0,6.18,2.6,2.99
2019-10-27,2.36,8.72,6.12,2.72,3.11
2019-10-28,2.33,8.8,5.72,2.78,3.16
2019-10-29,2.32,8.88,5.58,2.72,3.06
2019-10-30,2.3,8.79,5.6,2.26,2.65
2019-10-31,2.3,8.62,6.0,2.25,2.62
2019-11-01,1.87,8.24,4.52,1.55,1.39
2019-11-02,1.84,8.16,4.32,1.5,1.52
2019-11-03,1.82,8.52,4.02,1.38,1.52
2019-11-04,1.83,8.6,3.94,1.18,1.32
2019-11-05,1.83,8.55,3.97,1.0,1.12
2019-11-06,1.83,8.63,3.98,0.92,1.1
2019-11-07,1.89,8.65,3.97,0.99,1.12
2019-11-08,0.0,8.58,0.0,1.0,0.0
2019-11-09,0.0,8.64,0.0,1.02,0.0
2019-11-10,0.0,8.55,0.0,1.1,0.0
2019-11-11,2.04,8.66,4.02,1.15,1.2
2019-11-12,1.88,8.62,4.0,1.04,1.17
2019-11-13,1.83,8.52,4.06,1.04,1.18
2019-11-14,1.84,8.47,4.06,1.08,1.18
2019-11-15,1.83,8.53,4.03,1.12,1.22
2019-11-16,1.8,8.57,3.99,1.12,1.22
2019-11-17,1.8,8.52,3.94,1.1,1.19
2019-11-18,1.78,8.47,3.88,1.03,1.18
2019-11-19,2.03,8.43,3.86,0.92,1.12
2019-11-20,2.17,8.47,3.94,0.86,1.06
2019-11-21,2.18,8.54,3.88,0.97,1.0
2019-11-22,2.18,8.47,3.83,0.97,1.12
2019-11-23,2.33,8.6,3.82,0.95,1.12
2019-11-24,2.5,8.55,3.94,0.92,1.05
2019-11-25,2.34,8.46,4.12,1.0,1.1
2019-11-26,2.25,8.58,4.14,1.18,1.21
2019-11-27,2.29,8.52,4.08,1.2,1.33
2019-11-28,2.34,8.46,4.29,1.2,1.3
2019-11-29,2.38,8.52,4.37,1.24,1.34
2019-11-30,2.38,8.62,4.32,1.35,1.46
2019-12-01,2.38,8.57,4.18,1.35,1.48
2019-12-02,2.37,8.52,4.34,1.3,1.44
2019-12-03,2.38,8.69,4.17,1.3,1.42
2019-12-04,2.36,8.79,4.24,1.28,1.44
2019-12-05,2.36,8.66,4.42,1.24,1.37
2019-12-06,2.38,8.58,4.37,1.22,1.46
2019-12-07,2.42,8.68,4.27,1.32,1.52
2019-12-08,2.5,8.7,4.18,1.32,1.48
2019-12-09,2.55,8.77,4.42,1.25,1.41
2019-12-10,2.57,8.69,4.25,1.3,1.44
2019-12-11,2.57,8.62,4.18,1.3,1.51
2019-12-12,2.56,8.8,4.16,1.25,1.4
2019-12-13,2.62,8.78,4.12,1.2,1.36
2019-12-14,2.78,8.7,4.33,1.18,1.34
2019-12-15,3.1,8.68,4.7,1.23,1.37
2019-12-16,3.16,8.62,4.8,1.46,1.57
2019-12-17,3.11,8.75,4.9,1.62,1.76
2019-12-18,2.82,8.82,5.02,1.7,1.86
2019-12-19,2.46,8.72,5.1,1.78,1.92
2019-12-20,2.36,8.77,5.3,1.9,2.07
2019-12-21,2.35,8.72,5.12,1.98,2.16
2019-12-22,2.34,8.68,4.72,1.85,2.18
2019-12-23,2.32,8.62,4.68,1.7,2.0
2019-12-24,2.4,8.66,4.35,1.58,1.78
2019-12-25,2.46,8.61,4.34,1.45,1.67
2019-12-26,2.46,8.56,4.4,1.3,1.5
2019-12-27,2.46,8.51,4.38,1.3,1.51
2019-12-28,2.48,8.59,4.3,1.35,1.52
2019-12-29,2.6,8.55,4.28,1.3,1.49
2019-12-30,2.55,8.22,4.37,1.26,1.44
2019-12-31,2.58,8.17,4.38,1.3,1.46
2020-01-01,2.82,8.8,5.2,2.23,2.23
2020-01-02,2.86,9.08,4.62,2.15,2.24
2020-01-03,2.44,9.2,4.4,1.92,1.95
2020-01-04,1.94,9.22,4.6,1.58,1.63
2020-01-05,1.87,8.94,4.93,1.58,1.58
2020-01-06,1.89,8.4,5.2,1.78,1.79
2020-01-07,1.92,8.5,4.92,2.0,2.02
2020-01-08,1.92,8.24,4.52,1.96,2.06
2020-01-09,1.87,8.28,4.15,1.7,1.86
2020-01-10,1.89,8.4,3.85,1.42,1.51
2020-01-11,2.07,8.52,3.76,1.18,1.24
2020-01-12,2.26,8.54,3.71,1.05,1.08
2020-01-13,2.24,8.54,3.72,1.02,1.02
2020-01-14,2.22,8.7,3.78,1.02,0.99
2020-01-15,2.37,8.79,3.83,1.05,0.93
2020-01-16,2.35,8.82,3.9,1.13,1.09
2020-01-17,2.64,8.75,4.02,1.18,1.13
2020-01-18,2.4,8.88,4.34,1.24,1.22
2020-01-19,2.19,8.88,4.3,2.0,1.35
2020-01-20,2.18,8.86,4.4,2.05,1.47
2020-01-21,2.1,8.89,4.6,2.1,1.5
2020-01-22,2.05,8.84,4.56,2.2,1.62
2020-01-23,2.04,8.9,4.32,2.24,1.7
2020-01-24,2.02,8.87,4.1,2.16,1.62
2020-01-25,1.87,8.88,4.03,1.98,1.44
2020-01-26,1.82,8.9,3.98,1.9,1.34
2020-01-27,2.06,8.88,3.97,1.84,1.3
2020-01-28,2.15,8.87,3.95,1.84,1.26
2020-01-29,2.14,8.75,3.87,1.83,1.26
2020-01-30,2.15,8.68,3.8,1.8,1.23
2020-01-31,2.15,8.66,3.78,1.73,1.15
2020-02-01,1.93,8.68,3.87,1.72,1.12
2020-02-02,1.94,8.68,3.86,1.75,1.14
2020-02-03,1.83,8.75,3.95,1.78,1.17
2020-02-04,1.76,8.76,3.94,1.8,1.2
2020-02-05,1.76,8.74,3.92,1.83,1.24
2020-02-06,1.76,8.75,3.88,1.8,1.22
2020-02-07,1.74,8.78,3.7,1.78,1.2
2020-02-08,1.78,8.6,3.62,1.7,1.12
2020-02-09,2.11,7.8,3.96,1.63,1.02
2020-02-10,2.5,7.62,3.53,1.58,0.98
2020-02-11,2.5,7.58,3.62,1.55,0.94
2020-02-12,2.19,7.54,3.67,1.55,0.94
2020-02-13,1.98,7.58,3.92,1.63,1.02
2020-02-14,1.92,7.94,4.35,1.8,1.12
2020-02-15,1.88,8.0,4.52,2.0,1.34
2020-02-16,1.89,8.7,4.26,2.18,1.55
2020-02-17,1.84,8.12,4.02,2.16,1.6
2020-02-18,1.83,8.64,4.0,2.0,1.42
2020-02-19,1.88,8.6,3.82,1.9,1.32
2020-02-20,1.97,8.5,3.65,1.85,1.25
2020-02-21,2.04,8.16,3.6,1.78,1.12
2020-02-22,1.96,8.18,3.74,1.62,1.02
2020-02-23,2.13,8.48,3.65,1.7,1.05
2020-02-24,2.21,8.72,3.54,1.68,1.1
2020-02-25,2.19,8.76,3.5,1.6,1.02
2020-02-26,2.19,8.86,3.59,1.55,0.93
2020-02-27,2.18,8.82,3.72,1.6,0.95
2020-02-28,2.17,8.77,3.94,1.68,1.05
2020-03-01,2.15,8.8,4.06,1.8,1.16
2020-03-02,2.08,8.75,3.98,1.9,1.28
2020-03-03,2.05,8.78,3.96,1.9,1.34
2020-03-04,2.19,8.82,3.97,1.92,1.32
2020-03-05,2.21,8.78,3.86,1.92,1.32
2020-03-06,2.2,8.8,3.84,1.85,1.28
2020-03-07,2.21,8.78,3.88,1.83,1.23
2020-03-08,2.24,8.86,3.89,1.83,1.23
2020-03-09,2.29,8.87,3.92,1.84,1.24
2020-03-10,2.19,8.79,3.93,1.85,1.25
2020-03-11,2.15,8.87,3.94,1.86,1.28
2020-03-12,2.18,8.94,3.96,1.88,1.28
2020-03-13,2.21,8.95,4.08,1.9,1.3
2020-03-14,2.19,8.76,4.23,1.97,1.33
2020-03-15,2.31,8.84,4.2,2.0,1.42
2020-03-16,2.47,8.71,4.05,2.04,1.48
2020-03-17,2.25,8.78,4.02,2.02,1.45
2020-03-18,2.13,8.76,4.1,1.95,1.35
2020-03-19,1.88,8.81,4.2,1.98,1.35
2020-03-20,1.85,8.84,4.13,2.02,1.44
2020-03-21,2.15,8.85,4.06,2.02,1.45
2020-03-22,2.48,8.65,4.0,2.0,1.42
2020-03-23,2.45,8.56,3.7,1.94,1.36
2020-03-24,2.47,8.68,3.68,1.78,1.24
2020-03-25,2.51,8.67,3.78,1.7,1.01
2020-03-26,2.61,8.66,3.92,1.75,1.1
2020-03-27,2.71,8.67,4.12,1.85,1.2
2020-03-28,2.73,8.88,4.24,1.97,1.32
2020-03-29,2.66,8.77,4.35,2.0,1.46
2020-03-30,2.65,9.2,4.5,2.18,1.53
2020-03-31,2.64,9.02,4.58,2.2,1.6
2020-04-01,2.73,9.04,4.72,2.28,1.65
2020-04-02,2.85,9.02,4.72,2.36,1.78
2020-04-03,2.94,9.02,4.66,2.38,1.84
2020-04-04,2.73,9.2,4.72,2.38,1.84
2020-04-05,2.73,9.29,4.73,2.39,1.9
2020-04-06,2.73,9.11,4.9,2.46,1.92
2020-04-07,2.61,9.18,5.32,2.56,1.96
2020-04-08,2.66,9.1,5.23,2.78,2.16
2020-04-09,2.88,9.19,5.1,2.8,2.3
2020-04-10,3.06,9.17,5.02,2.73,2.2
2020-04-11,3.28,8.78,5.06,2.6,2.12
2020-04-12,3.34,8.86,5.18,2.68,2.12
2020-04-13,3.14,9.12,5.18,2.7,2.15
2020-04-14,3.08,9.14,5.31,2.72,2.18
2020-04-15,3.08,8.92,5.66,2.78,2.22
2020-04-16,3.06,8.9,5.82,3.0,2.45
2020-04-17,3.11,8.93,5.7,3.25,2.7
2020-04-18,3.22,9.14,5.54,3.22,2.7
2020-04-19,3.38,9.28,5.49,3.1,2.62
2020-04-20,3.4,9.23,5.53,2.96,2.52
2020-04-21,3.48,9.26,5.76,2.96,2.52
2020-04-22,3.26,9.36,5.86,3.05,2.62
2020-04-23,3.17,9.46,5.87,3.22,2.76
2020-04-24,3.11,9.45,5.84,3.27,2.8
2020-04-25,3.09,9.33,5.89,3.25,2.8
2020-04-26,3.12,9.36,5.9,3.25,2.8
2020-04-27,3.27,9.28,5.83,3.28,2.85
2020-04-28,3.31,9.15,5.82,3.25,2.83
2020-04-29,3.2,9.16,5.88,3.25,2.81
2020-04-30,3.36,9.2,5.88,3.3,2.83
2020-05-01,3.46,9.27,5.92,3.3,2.84
2020-05-02,3.46,9.37,6.02,3.35,2.9
2020-05-03,3.35,9.35,6.08,3.4,2.93
2020-05-04,3.37,9.3,6.07,3.46,3.02
2020-05-05,3.4,9.5,6.26,3.46,3.03
2020-05-06,3.35,9.47,6.34,3.58,3.15
2020-05-07,3.4,9.4,6.32,3.68,3.25
2020-05-08,3.48,9.48,6.26,3.6,3.28
2020-05-09,3.48,9.47,6.2,3.6,3.2
2020-05-10,3.41,9.68,6.12,3.55,3.15
2020-05-11,3.42,9.67,6.18,3.5,3.12
2020-05-12,3.5,9.66,6.3,3.48,3.07
2020-05-13,3.48,9.64,6.32,3.6,3.18
2020-05-14,3.54,9.6,6.32,3.66,3.23
2020-05-15,3.72,9.44,6.38,3.66,3.25
2020-05-16,3.93,9.3,6.52,3.7,3.3
2020-05-17,3.78,9.32,6.51,3.82,3.38
2020-05-18,3.66,9.56,6.28,3.86,3.46
2020-05-19,3.79,9.5,6.59,3.65,3.28
2020-05-20,3.88,9.48,6.68,3.8,3.38
2020-05-21,3.81,9.34,6.72,3.98,3.55
2020-05-22,3.68,9.48,6.6,4.02,3.65
2020-05-23,3.33,9.76,6.42,3.95,3.6
2020-05-24,3.13,9.75,6.38,3.86,3.45
2020-05-25,3.58,9.8,6.6,3.8,3.33
2020-05-26,3.84,9.15,6.64,3.92,3.54
2020-05-27,3.71,9.0,6.54,4.03,3.64
2020-05-28,3.59,9.48,6.28,3.9,3.58
2020-05-29,3.54,9.7,6.16,3.78,3.36
2020-05-30,3.49,9.57,6.46,3.62,3.22
2020-05-31,3.1,9.66,6.6,3.78,3.32
2020-06-01,2.99,9.65,6.43,3.9,3.5
2020-06-02,3.08,9.36,6.36,3.8,3.43
2020-06-03,3.01,9.06,6.34,3.74,3.34
2020-06-04,2.98,9.0,6.2,3.68,3.29
2020-06-05,2.93,8.82,5.91,3.6,3.21
2020-06-06,2.97,8.8,5.84,3.38,3.03
2020-06-07,2.83,8.9,5.72,3.25,2.83
2020-06-08,2.85,8.99,5.62,3.2,2.73
2020-06-09,3.14,9.22,5.67,3.12,2.67
2020-06-10,3.54,9.38,5.7,3.23,2.78
2020-06-11,3.56,9.42,6.0,3.38,2.9
2020-06-12,3.47,9.71,6.35,3.54,3.16
2020-06-13,3.69,10.08,6.7,3.86,3.44
2020-06-14,4.0,10.22,7.15,4.1,3.85
2020-06-15,4.59,10.14,9.35,4.75,4.3
2020-06-16,4.52,10.78,9.23,6.88,6.36
2020-06-17,4.35,10.7,8.91,6.66,6.6
2020-06-18,4.21,10.6,8.95,6.49,6.25
2020-06-19,4.02,10.59,8.57,6.35,6.16
2020-06-20,3.85,10.34,8.3,6.0,5.77
2020-06-21,3.85,10.06,8.0,5.65,5.45
2020-06-22,3.79,9.94,7.82,5.35,5.12
2020-06-23,3.79,9.96,7.5,5.08,4.83
2020-06-24,3.76,9.98,7.25,4.75,4.51
2020-06-25,3.57,9.66,7.28,4.52,4.22
2020-06-26,3.53,9.64,7.37,4.52,4.14
2020-06-27,3.61,9.56,7.12,4.6,4.25
2020-06-28,3.74,9.48,7.08,4.42,4.12
2020-06-29,3.75,9.36,6.86,4.38,4.02
2020-06-30,3.49,9.4,6.87,4.24,3.91
2020-07-01,3.45,9.52,6.86,4.22,3.88
2020-07-02,3.55,9.56,6.83,4.2,3.86
2020-07-03,3.49,9.62,6.79,4.13,3.8
2020-07-04,3.26,9.76,6.69,4.1,3.72
2020-07-05,2.88,9.84,6.65,4.02,3.66
2020-07-06,2.62,9.62,6.74,4.08,3.65
2020-07-07,2.58,9.42,6.91,4.08,3.65
2020-07-08,2.77,9.3,6.67,4.2,3.78
2020-07-09,2.81,9.24,6.45,4.1,3.77
2020-07-10,2.76,9.32,6.6,4.04,3.62
2020-07-11,2.62,9.22,6.63,4.0,3.55
2020-07-12,2.62,9.28,6.88,4.08,3.67
2020-07-13,2.46,9.39,6.69,4.25,3.92
2020-07-14,2.42,9.44,6.44,4.18,3.83
2020-07-15,2.44,9.32,6.3,3.92,3.65
2020-07-16,2.69,9.12,6.44,3.8,3.49
2020-07-17,2.77,8.82,6.36,3.8,3.5
2020-07-18,2.6,9.1,6.13,3.73,3.5
2020-07-19,2.6,9.54,5.8,3.8,3.3
2020-07-20,3.1,9.36,5.61,3.34,3.0
2020-07-21,4.85,9.48,6.02,3.13,2.68
2020-07-22,6.57,9.72,6.3,3.46,2.87
2020-07-23,5.81,10.44,6.84,3.69,3.15
2020-07-24,5.28,12.07,8.37,4.22,3.55
2020-07-25,4.59,12.28,10.1,5.99,5.04
2020-07-26,3.98,12.26,10.5,7.53,6.95
2020-07-27,4.23,11.66,10.5,7.96,7.64
2020-07-28,4.75,11.32,9.98,7.79,7.63
2020-07-29,4.49,11.04,9.49,7.27,7.18
2020-07-30,4.17,11.6,9.08,6.78,6.68
2020-07-31,3.97,11.4,9.17,6.28,6.18
2020-08-01,3.6,10.74,9.19,6.55,6.21
2020-08-02,3.3,10.78,8.58,6.23,6.2
2020-08-03,3.43,11.94,8.3,5.7,5.68
2020-08-04,3.37,10.74,9.2,5.2,5.37
2020-08-05,3.43,10.54,9.08,6.58,6.04
2020-08-06,3.33,10.48,8.38,6.02,6.09
2020-08-07,3.13,10.5,8.0,5.45,5.5
2020-08-08,2.95,10.36,7.98,5.1,5.02
2020-08-09,2.78,10.22,7.87,4.95,4.86
2020-08-10,2.58,9.94,7.69,4.78,4.75
2020-08-11,2.56,9.98,7.39,4.71,4.6
2020-08-12,2.64,10.24,7.2,4.6,4.36
2020-08-13,3.03,10.34,7.83,4.47,4.12
2020-08-14,3.22,9.94,7.72,4.81,4.48
2020-08-15,3.44,10.04,7.71,4.77,4.62
2020-08-16,3.34,10.64,7.64,4.77,4.62
2020-08-17,3.88,11.18,7.87,4.74,4.58
2020-08-18,4.47,10.94,8.78,5.06,4.75
2020-08-19,4.6,11.08,8.84,5.92,5.65
2020-08-20,4.58,11.52,8.83,5.93,5.92
2020-08-21,4.56,11.6,9.16,5.98,5.88
2020-08-22,4.56,11.44,9.49,6.4,6.22
2020-08-23,4.1,11.22,9.3,6.6,6.55
2020-08-24,3.77,11.0,9.04,6.46,6.44
2020-08-25,3.63,10.84,8.92,6.1,6.23
2020-08-26,3.69,10.5,8.73,6.02,6.04
2020-08-27,3.76,10.46,8.46,5.84,5.87
2020-08-28,3.86,10.48,8.26,5.59,5.73
2020-08-29,3.82,10.58,8.24,5.47,5.42
2020-08-30,3.57,10.68,8.29,5.41,5.35
2020-08-31,3.43,10.52,8.34,5.42,5.35
2020-09-01,3.27,10.38,8.52,5.56,5.42
2020-09-02,3.19,10.22,8.26,5.7,5.62
2020-09-03,3.17,10.26,8.12,5.46,5.45
2020-09-04,3.13,10.06,8.02,5.35,5.3
2020-09-05,3.13,10.16,8.16,5.31,5.25
2020-09-06,3.22,10.24,7.91,5.28,5.31
2020-09-07,3.3,10.28,8.1,5.14,5.13
2020-09-08,3.23,9.94,8.18,5.4,5.25
2020-09-09,3.12,10.04,8.08,5.5,5.41
2020-09-10,3.08,9.98,8.58,5.6,5.4
2020-09-11,3.1,9.74,9.16,6.39,6.03
2020-09-12,3.2,9.58,8.79,6.74,6.84
2020-09-13,2.75,9.7,8.3,6.06,6.15
2020-09-14,2.44,9.84,7.82,5.66,5.66
2020-09-15,2.49,9.94,8.0,5.35,5.35
2020-09-16,2.46,9.74,8.4,5.7,5.53
2020-09-17,2.52,9.58,8.64,6.06,5.97
2020-09-18,2.7,9.6,8.52,6.42,6.26
2020-09-19,2.82,9.3,7.98,5.92,6.12
2020-09-20,2.82,9.44,7.8,5.42,5.45
2020-09-21,2.7,9.54,7.45,5.15,5.26
2020-09-22,2.8,9.76,7.65,4.88,4.88
2020-09-23,3.0,9.78,7.82,5.07,5.01
2020-09-24,2.77,9.68,8.02,5.35,5.21
2020-09-25,2.63,9.68,8.08,5.56,5.45
2020-09-26,2.54,9.58,8.23,5.61,5.51
2020-09-27,2.45,9.5,8.28,5.7,5.67
2020-09-28,2.43,9.4,8.38,5.84,5.74
2020-09-29,2.42,9.34,8.12,5.92,5.9
2020-09-30,2.37,9.24,7.7,5.53,5.65
2020-10-01,2.22,9.16,7.32,5.09,5.13
2020-10-02,2.22,9.18,7.0,4.68,4.65
2020-10-03,2.24,9.24,6.87,4.42,4.34
2020-10-04,2.45,9.34,6.62,4.38,4.17
2020-10-05,2.6,9.28,6.47,4.0,3.85
2020-10-06,2.59,9.3,6.55,3.84,3.58
2020-10-07,2.52,9.34,6.45,3.88,3.6
2020-10-08,2.44,9.4,6.5,3.79,3.55
2020-10-09,2.33,9.37,6.48,3.82,3.53
2020-10-10,2.23,9.23,6.47,3.79,3.48
2020-10-11,2.24,9.21,6.46,3.76,3.48
2020-10-12,2.63,8.95,6.38,3.73,3.48
2020-10-13,2.8,9.16,6.89,3.9,3.55
2020-10-14,2.77,9.22,6.65,4.15,3.85
2020-10-15,2.51,9.32,6.35,4.03,3.85
2020-10-16,2.19,9.32,6.44,3.77,3.54
2020-10-17,2.19,9.18,6.62,3.83,3.48
2020-10-18,2.33,8.97,6.8,3.97,3.62
2020-10-19,2.67,8.83,6.5,4.05,3.76
2020-10-20,2.73,8.78,6.16,3.77,3.61
2020-10-21,2.71,8.86,5.97,3.65,3.26
2020-10-22,2.73,8.95,6.02,3.46,3.05
2020-10-23,2.76,8.97,6.35,3.61,3.07
2020-10-24,2.82,9.04,6.46,3.8,3.31
2020-10-25,2.98,9.29,6.42,3.85,3.47
2020-10-26,2.83,9.34,6.42,3.81,3.45
2020-10-27,2.81,9.37,6.49,3.81,3.43
2020-10-28,2.82,9.36,6.6,3.86,3.43
2020-10-29,2.64,9.33,6.6,3.93,3.51
2020-10-30,2.6,9.38,6.55,3.95,3.52
2020-10-31,2.69,9.22,6.5,3.89,3.48
2020-11-01,2.29,8.57,6.12,2.55,2.89
2020-11-02,2.29,8.52,5.91,2.76,3.15
2020-11-03,2.38,8.71,5.5,2.54,3.07
2020-11-04,2.69,8.76,5.4,2.27,2.73
2020-11-05,2.8,8.82,5.36,2.05,2.48
2020-11-06,2.75,8.77,5.37,2.0,2.44
2020-11-07,2.76,8.72,5.44,2.0,2.4
2020-11-08,2.7,8.67,5.66,2.1,2.43
2020-11-09,2.55,8.62,5.9,2.26,2.52
2020-11-10,2.51,8.7,5.95,2.3,2.74
2020-11-11,2.5,8.72,6.0,2.42,2.85
2020-11-12,2.49,8.44,5.82,2.55,2.93
2020-11-13,2.71,8.36,5.56,2.4,2.84
2020-11-14,2.93,8.79,5.16,2.23,2.73
2020-11-15,2.72,8.84,5.2,2.14,2.32
2020-11-16,2.47,8.92,5.42,2.14,2.22
2020-11-17,2.39,8.97,5.52,2.28,2.32
2020-11-18,2.45,8.84,5.76,2.35,2.42
2020-11-19,2.44,8.79,5.72,2.5,2.55
2020-11-20,2.16,8.56,5.42,2.53,2.67
2020-11-21,2.16,8.54,5.28,2.32,2.48
2020-11-22,2.1,8.5,5.2,2.2,2.31
2020-11-23,1.96,8.45,5.16,2.12,2.2
2020-11-24,1.99,8.51,4.86,2.02,2.15
2020-11-25,2.14,8.45,4.86,1.92,2.02
2020-11-26,2.18,8.4,4.75,1.9,1.93
2020-11-27,2.02,8.35,4.6,1.82,1.89
2020-11-28,2.2,8.55,4.51,1.74,1.79
2020-11-29,2.29,8.42,4.72,1.72,1.69
2020-11-30,2.29,8.3,4.86,1.7,1.68
2020-12-01,2.16,8.25,4.74,1.75,1.84
2020-12-02,2.15,8.57,4.48,1.85,1.88
2020-12-03,2.06,8.7,4.62,1.78,1.75
2020-12-04,2.03,8.6,4.7,1.65,1.65
2020-12-05,2.02,8.55,4.78,1.65,1.73
2020-12-06,2.02,8.5,4.62,1.78,1.8
2020-12-07,2.06,8.62,4.46,1.75,1.8
2020-12-08,2.16,8.7,4.36,1.65,1.68
2020-12-09,2.3,8.65,4.35,1.53,1.55
2020-12-10,2.33,8.8,4.47,1.5,1.49
2020-12-11,2.26,9.06,4.49,1.53,1.55
2020-12-12,2.25,9.17,4.48,1.55,1.61
2020-12-13,2.21,9.0,4.68,1.56,1.62
2020-12-14,2.37,9.06,5.0,1.65,1.66
2020-12-15,2.43,8.97,4.88,1.86,1.89
2020-12-16,2.48,8.85,4.92,1.9,1.99
2020-12-17,2.71,9.04,4.85,1.86,1.94
2020-12-18,2.76,9.0,4.72,1.85,1.92
2020-12-19,2.7,8.95,4.9,1.88,1.86
2020-12-20,2.72,8.95,5.17,1.92,1.85
2020-12-21,2.79,9.28,5.24,2.0,2.02
2020-12-22,2.77,9.18,5.16,2.08,2.14
2020-12-23,2.81,9.22,5.3,2.1,2.16
2020-12-24,2.78,9.26,5.38,2.03,2.14
2020-12-25,2.78,9.32,5.42,2.16,2.27
2020-12-26,2.85,9.2,5.58,2.22,2.3
2020-12-27,2.77,8.72,5.75,2.3,2.4
2020-12-28,2.69,8.68,5.82,2.5,2.55
2020-12-29,2.68,8.66,5.32,2.58,2.68
2020-12-30,2.6,8.6,5.39,2.5,2.45
2020-12-31,2.54,8.57,5.42,2.23,2.28
2021-01-01,1.79,8.88,4.1,1.9,1.18
2021-01-02,1.77,8.76,4.16,1.9,1.24
2021-01-03,1.78,8.68,4.11,1.93,1.26
2021-01-04,1.78,8.7,4.12,1.93,1.27
2021-01-05,1.79,8.75,4.04,1.94,1.27
2021-01-06,1.87,8.74,3.94,1.9,1.24
2021-01-07,1.79,8.76,3.87,1.84,1.18
2021-01-08,1.77,8.8,3.83,1.77,1.15
2021-01-09,1.76,8.77,3.83,1.73,1.06
2021-01-10,1.75,8.78,3.86,1.74,1.04
2021-01-11,1.74,8.8,3.89,1.77,1.07
2021-01-12,1.74,8.84,3.58,1.79,1.1
2021-01-13,1.74,8.87,3.83,1.79,1.12
2021-01-14,1.71,8.7,3.82,1.77,1.08
2021-01-15,1.71,8.72,3.96,1.77,1.08
2021-01-16,1.76,8.77,3.92,1.84,1.12
2021-01-17,1.95,8.8,3.85,1.87,1.09
2021-01-18,2.35,8.92,3.82,1.82,1.04
2021-01-19,1.95,8.88,3.84,1.8,1.01
2021-01-20,2.36,8.84,4.13,1.79,1.0
2021-01-21,2.38,9.0,4.62,1.9,1.17
2021-01-22,2.4,9.17,4.74,2.18,1.42
2021-01-23,2.41,8.98,4.88,2.41,1.69
2021-01-24,2.17,8.93,5.3,2.5,1.8
2021-01-25,1.89,8.88,5.32,2.76,2.05
2021-01-26,1.77,8.83,5.26,2.84,2.19
2021-01-27,1.75,8.82,4.96,2.78,2.15
2021-01-28,1.8,8.72,4.73,2.64,2.04
2021-01-29,1.78,8.76,4.32,2.49,1.88
2021-01-30,1.76,8.4,4.26,2.28,1.67
2021-01-31,1.74,8.54,4.13,2.14,1.49
2021-02-01,1.73,8.64,3.81,2.04,1.38
2021-02-02,1.7,8.68,3.72,1.84,1.24
2021-02-03,1.68,8.72,3.71,1.68,1.06
2021-02-04,1.64,8.77,3.69,1.64,0.99
2021-02-05,1.66,8.79,3.7,1.68,0.86
2021-02-06,1.63,8.58,3.76,1.7,1.0
2021-02-07,1.76,8.72,3.77,1.73,1.03
2021-02-08,1.82,8.77,3.63,1.76,1.06
2021-02-09,1.79,8.74,3.62,1.7,1.04
2021-02-10,1.71,8.79,3.68,1.65,0.97
2021-02-11,1.7,8.84,3.72,1.73,0.98
2021-02-12,1.66,8.88,3.74,1.72,1.03
2021-02-13,1.64,8.83,3.86,1.74,1.06
2021-02-14,1.62,8.78,3.82,1.81,1.12
2021-02-15,0.0,0.0,0.0,0.0,0.0
2021-02-16,1.59,8.53,3.7,1.79,1.12
2021-02-17,1.58,8.36,3.64,1.73,1.05
2021-02-18,1.58,8.44,3.61,1.69,1.0
2021-02-19,1.59,8.43,3.55,1.65,0.98
2021-02-20,1.64,8.54,3.52,1.65,0.98
2021-02-21,1.78,8.88,3.75,1.69,0.88
2021-02-22,2.1,8.94,4.06,1.79,1.08
2021-02-23,2.25,8.98,4.23,1.96,1.25
2021-02-24,2.28,8.46,4.6,2.08,1.38
2021-02-25,2.27,8.75,4.62,2.26,1.52
2021-02-26,2.23,8.93,4.28,2.37,1.7
2021-02-27,2.24,8.92,4.28,2.22,1.61
2021-02-28,2.08,8.92,4.56,2.12,1.46
2021-03-01,1.86,8.87,4.68,2.27,1.53
2021-03-02,1.84,8.84,4.71,2.38,1.68
2021-03-03,2.18,8.8,4.54,2.4,1.71
2021-03-04,2.4,8.77,4.31,2.35,1.72
2021-03-05,2.62,8.86,4.12,2.18,1.56
2021-03-06,2.77,8.81,4.1,2.04,1.43
2021-03-07,2.91,8.75,4.34,1.98,1.33
2021-03-08,3.05,8.89,4.91,2.13,1.43
2021-03-09,3.09,9.18,5.25,2.49,1.7
2021-03-10,3.18,9.18,5.36,2.78,2.02
2021-03-11,3.24,8.94,5.57,2.89,2.2
2021-03-12,3.24,8.98,5.8,3.06,2.32
2021-03-13,3.44,9.27,5.78,3.25,2.56
2021-03-14,3.41,9.4,5.61,3.26,2.64
2021-03-15,3.55,9.42,5.72,3.1,2.55
2021-03-16,3.65,9.4,5.98,3.17,2.55
2021-03-17,3.72,9.46,6.13,3.35,2.71
2021-03-18,3.69,9.46,6.38,3.52,2.92
2021-03-19,3.61,9.65,6.62,3.73,3.1
2021-03-20,3.49,9.73,6.38,3.93,3.39
2021-03-21,3.29,9.64,6.44,3.77,3.32
2021-03-22,2.95,9.72,6.56,3.81,3.27
2021-03-23,2.58,9.58,6.43,3.92,3.42
2021-03-24,2.78,9.22,6.48,3.86,3.42
2021-03-25,3.14,8.86,6.4,3.89,3.4
2021-03-26,3.17,8.76,6.0,3.82,3.38
2021-03-27,2.97,8.71,5.74,3.51,3.12
2021-03-28,2.86,8.98,5.68,3.08,2.8
2021-03-29,2.84,8.94,5.83,3.02,2.64
2021-03-30,2.96,9.0,6.03,3.46,2.8
2021-03-31,2.87,9.14,5.98,3.55,3.0
2021-04-01,2.82,9.19,5.67,3.48,3.04
2021-04-02,2.81,9.12,5.71,3.2,2.75
2021-04-03,2.57,9.06,5.67,3.17,2.65
2021-04-04,2.4,9.2,5.6,3.13,2.62
2021-04-05,2.5,9.16,5.41,3.07,2.56
2021-04-06,2.5,9.1,5.35,3.07,2.42
2021-04-07,2.39,9.16,5.23,2.87,2.32
2021-04-08,2.79,8.86,5.13,2.78,2.23
2021-04-09,3.16,8.8,5.16,2.72,2.15
2021-04-10,2.88,8.76,5.16,2.7,2.12
2021-04-11,2.54,8.84,5.2,2.7,2.12
2021-04-12,2.38,9.34,5.28,2.72,2.12
2021-04-13,2.45,9.33,5.46,2.79,2.3
2021-04-14,2.71,9.02,5.53,2.89,2.28
2021-04-15,2.57,8.78,5.6,2.99,2.4
2021-04-16,2.32,8.85,5.41,3.04,2.5
2021-04-17,1.9,9.2,5.32,2.94,2.42
2021-04-18,1.7,9.23,5.26,2.85,2.32
2021-04-19,1.8,8.68,5.4,2.84,2.28
2021-04-20,1.98,8.58,5.77,2.95,2.32
2021-04-21,2.6,8.28,5.34,3.21,2.63
2021-04-22,3.23,8.34,5.16,2.95,2.52
2021-04-23,3.5,8.55,4.91,2.76,2.24
2021-04-24,3.64,8.93,4.82,2.58,2.05
2021-04-25,3.68,9.51,5.44,2.5,1.92
2021-04-26,3.65,9.83,5.82,2.82,2.1
2021-04-27,3.67,9.85,6.26,3.18,2.53
2021-04-28,3.68,9.72,6.73,3.57,2.92
2021-04-29,3.65,9.58,6.92,4.06,3.45
2021-04-30,3.74,9.5,6.88,4.26,3.83
2021-05-01,3.87,9.52,6.85,4.23,3.83
2021-05-02,3.7,9.57,6.76,4.2,3.79
2021-05-03,3.39,9.9,6.7,4.11,3.7
2021-05-04,3.14,9.86,6.58,4.06,3.66
2021-05-05,2.55,9.68,6.8,3.97,3.55
2021-05-06,2.75,9.44,6.72,4.12,3.64
2021-05-07,3.27,8.94,6.42,4.06,3.68
2021-05-08,3.46,8.76,6.17,3.9,3.56
2021-05-09,3.3,8.9,5.96,3.7,3.32
2021-05-10,3.18,9.2,5.95,3.46,3.05
2021-05-11,3.25,9.33,6.16,3.42,2.94
2021-05-12,3.57,9.36,6.33,3.49,3.02
2021-05-13,4.03,9.44,6.42,3.76,3.28
2021-05-14,4.16,9.8,6.45,3.83,3.4
2021-05-15,3.99,10.0,6.57,3.87,3.44
2021-05-16,3.82,10.11,7.22,3.99,3.54
2021-05-17,3.62,10.03,7.57,4.51,3.95
2021-05-18,3.3,10.13,7.75,4.83,4.44
2021-05-19,3.12,9.86,7.76,5.02,4.62
2021-05-20,3.21,9.52,7.5,5.02,4.75
2021-05-21,3.3,9.56,7.17,4.8,4.5
2021-05-22,3.54,9.64,6.77,4.55,4.31
2021-05-23,3.97,9.94,7.62,4.33,4.01
2021-05-24,4.75,10.51,7.91,4.52,4.38
2021-05-25,4.54,10.43,8.87,5.24,4.89
2021-05-26,4.02,10.12,9.6,6.36,5.76
2021-05-27,3.58,10.98,9.3,6.9,6.67
2021-05-28,3.37,10.58,8.95,6.59,6.6
2021-05-29,3.21,10.3,8.51,6.26,6.15
2021-05-30,3.17,10.02,8.04,5.84,5.76
2021-05-31,3.08,9.64,7.76,5.39,5.26
2021-06-01,3.23,9.62,7.59,5.11,4.89
2021-06-02,3.85,9.88,7.35,4.97,4.74
2021-06-03,4.28,9.9,7.14,4.72,4.5
2021-06-04,4.54,10.24,7.51,4.48,4.24
2021-06-05,3.5,10.46,7.68,4.76,4.37
2021-06-06,3.53,10.5,7.96,4.91,4.59
2021-06-07,3.49,10.22,8.06,5.16,4.83
2021-06-08,3.73,9.98,7.92,5.28,5.06
2021-06-09,4.31,9.9,7.6,5.07,4.95
2021-06-10,4.71,10.02,7.43,4.41,4.62
2021-06-11,4.68,10.54,7.54,4.65,4.42
2021-06-12,4.51,10.84,7.68,4.73,4.41
2021-06-13,4.1,10.9,8.2,4.92,4.56
2021-06-14,3.65,10.8,8.38,5.42,5.02
2021-06-15,3.56,10.51,8.19,5.57,5.34
2021-06-16,3.54,10.64,8.02,5.41,5.26
2021-06-17,3.79,10.66,8.04,5.26,5.12
2021-06-18,3.95,10.44,8.06,5.29,5.02
2021-06-19,3.65,10.53,7.85,5.24,5.05
2021-06-20,3.65,10.52,7.64,4.99,4.85
2021-06-21,3.28,10.18,7.78,4.85,4.62
2021-06-22,3.22,10.08,7.67,4.91,4.63
2021-06-23,3.44,9.7,7.57,4.82,4.59
2021-06-24,3.84,9.66,7.49,0.0,4.47
2021-06-25,4.23,9.42,7.21,4.66,4.4
2021-06-26,4.24,9.66,7.19,4.35,4.21
2021-06-27,3.62,10.3,7.17,4.4,4.11
2021-06-28,3.3,10.42,7.41,4.39,4.08
2021-06-29,2.84,10.19,7.9,4.64,4.19
2021-06-30,2.78,9.85,7.73,5.01,4.64
2021-07-01,2.92,9.46,7.39,4.87,4.67
2021-07-02,3.3,9.88,7.34,4.58,4.42
2021-07-03,3.28,9.44,7.22,4.15,4.23
2021-07-04,3.17,9.68,7.46,4.07,4.1
2021-07-05,2.95,10.08,7.21,4.23,4.25
2021-07-06,2.9,10.16,7.31,4.45,4.16
2021-07-07,3.48,10.1,7.58,4.58,4.22
2021-07-08,3.94,10.16,7.8,4.77,4.31
2021-07-09,4.02,10.44,7.91,5.06,4.67
2021-07-10,4.5,10.78,8.02,5.15,4.8
2021-07-11,4.62,10.82,8.41,5.31,4.97
2021-07-12,4.78,11.1,8.69,5.72,5.38
2021-07-13,4.7,11.25,8.84,5.99,5.78
2021-07-14,4.57,11.1,9.28,6.35,6.09
2021-07-15,4.44,11.27,9.69,6.83,6.58
2021-07-16,4.38,11.2,10.0,7.16,7.0
2021-07-17,4.32,10.9,9.79,7.42,7.26
2021-07-18,4.2,10.9,9.24,7.13,7.03
2021-07-19,4.13,10.7,8.94,6.6,6.62
2021-07-20,3.86,10.64,8.82,6.32,6.26
2021-07-21,3.62,10.86,8.78,6.32,6.12
2021-07-22,3.86,10.58,9.33,6.36,6.21
2021-07-23,3.85,10.46,9.5,7.1,6.75
2021-07-24,3.72,10.5,9.42,7.17,7.15
2021-07-25,3.7,10.64,9.15,6.98,7.03
2021-07-26,3.46,10.7,8.98,6.65,6.78
2021-07-27,3.29,10.62,8.74,6.38,6.45
2021-07-28,3.22,10.48,8.59,5.98,6.15
2021-07-29,3.35,10.26,8.37,5.71,5.92
2021-07-30,3.66,10.0,8.05,5.6,5.64
2021-07-31,3.88,9.7,8.0,5.5,5.31
2021-08-01,4.02,9.86,8.07,5.2,5.18
2021-08-02,3.78,9.98,7.87,5.36,5.16
2021-08-03,3.8,10.34,8.06,5.24,5.0
2021-08-04,3.85,10.46,8.07,5.42,5.13
2021-08-05,3.5,10.6,8.18,5.43,5.21
2021-08-06,3.04,10.7,8.29,5.4,5.26
2021-08-07,2.97,10.32,8.4,5.81,5.48
2021-08-08,3.2,10.18,8.26,5.96,5.76
2021-08-09,3.58,10.44,8.22,6.01,5.9
2021-08-10,3.98,10.42,8.38,5.88,5.75
2021-08-11,3.79,10.68,8.66,6.0,5.8
2021-08-12,4.11,11.56,8.82,6.2,6.03
2021-08-13,4.77,12.86,10.26,6.45,6.22
2021-08-14,5.9,12.62,11.24,7.88,7.55
2021-08-15,5.57,12.78,11.22,8.84,8.66
2021-08-16,5.0,13.28,11.46,8.74,8.73
2021-08-17,4.53,12.9,11.96,9.41,9.13
2021-08-18,4.27,12.36,11.52,9.44,9.43
2021-08-19,3.96,11.92,10.92,9.03,9.06
2021-08-20,3.93,11.72,10.25,8.41,8.52
2021-08-21,4.05,11.36,9.92,7.88,7.95
2021-08-22,3.9,11.82,10.04,7.8,7.84
2021-08-23,4.47,11.66,10.46,7.94,7.9
2021-08-24,4.5,11.5,10.21,8.18,7.9
2021-08-25,4.18,11.48,9.8,7.84,8.07
2021-08-26,4.24,11.6,9.73,7.59,7.65
2021-08-27,4.88,13.3,9.83,7.61,7.66
2021-08-28,5.5,13.35,11.33,7.83,7.85
2021-08-29,5.36,12.78,11.69,9.47,9.28
2021-08-30,4.7,12.92,11.07,9.16,9.36
2021-08-31,4.24,12.42,11.15,8.89,8.96
2021-09-01,4.13,11.74,10.67,8.76,8.86
2021-09-02,4.42,11.62,10.03,8.18,8.36
2021-09-03,4.44,11.48,9.73,7.61,7.68
2021-09-04,4.18,11.5,9.47,7.37,7.46
2021-09-05,3.98,11.46,9.37,7.18,7.23
2021-09-06,4.38,11.3,9.52,7.21,7.22
2021-09-07,4.62,11.42,9.59,7.35,7.36
2021-09-08,4.42,11.34,9.49,7.26,7.32
2021-09-09,4.24,11.66,9.57,7.17,7.18
2021-09-10,4.1,11.44,9.87,7.26,7.23
2021-09-11,3.8,11.02,10.42,7.76,7.63
2021-09-12,3.62,11.04,10.06,8.17,8.2
2021-09-13,3.93,11.42,10.04,7.8,7.9
2021-09-14,4.15,11.46,10.03,7.79,7.8
2021-09-15,4.57,11.72,10.17,7.75,7.72
2021-09-16,4.62,11.74,10.14,7.78,7.74
2021-09-17,4.67,11.66,10.08,7.77,7.76
2021-09-18,4.53,12.3,9.8,7.63,7.66
2021-09-19,4.5,12.3,10.31,7.5,7.47
2021-09-20,4.77,11.94,10.56,8.06,0.0
2021-09-21,4.78,12.82,10.17,8.06,7.96
2021-09-22,4.78,12.06,10.72,7.81,7.81
2021-09-23,4.84,11.86,10.36,8.33,8.25
2021-09-24,4.72,11.8,9.91,7.84,7.93
2021-09-25,4.73,11.88,10.07,7.59,7.57
2021-09-26,4.4,11.58,10.29,7.78,7.7
2021-09-27,4.05,11.48,10.5,8.02,8.03
2021-09-28,3.89,11.52,10.25,8.19,8.2
2021-09-29,3.67,10.84,10.03,7.94,8.05
2021-09-30,3.29,10.84,9.34,7.6,7.65
2021-10-01,2.95,10.6,9.42,7.1,7.12
2021-10-02,2.94,10.38,10.13,7.83,7.6
2021-10-03,3.2,10.3,10.3,8.41,8.39
2021-10-04,3.34,10.24,9.96,8.35,8.42
2021-10-05,3.58,10.32,9.78,7.97,8.11
2021-10-06,3.43,10.44,9.51,7.73,7.86
2021-10-07,3.21,11.1,9.35,7.36,7.47
2021-10-08,3.03,10.58,9.32,7.15,7.2
2021-10-09,3.1,10.4,9.12,7.03,7.05
2021-10-10,3.01,10.18,8.8,6.75,6.78
2021-10-11,3.0,10.16,8.54,6.39,6.39
2021-10-12,3.08,10.14,8.4,6.14,6.09
2021-10-13,3.02,10.08,8.28,5.94,5.85
2021-10-14,2.88,10.16,8.05,5.81,5.65
2021-10-15,2.78,10.14,7.95,5.6,5.44
2021-10-16,2.76,9.84,7.95,5.48,5.2
2021-10-17,2.65,9.62,7.8,5.4,5.13
2021-10-18,2.59,9.66,7.62,5.23,4.95
2021-10-19,2.53,9.62,7.36,5.01,4.64
2021-10-20,2.47,9.6,7.21,4.77,4.38
2021-10-21,2.43,9.58,7.12,4.63,4.18
2021-10-22,2.4,9.32,6.98,4.53,4.05
2021-10-23,2.38,9.06,7.0,4.48,3.96
2021-10-24,2.58,9.22,6.76,4.47,4.0
2021-10-25,2.72,9.2,6.4,4.27,3.78
2021-10-26,2.81,9.16,6.45,3.96,3.45
2021-10-27,2.88,9.2,6.44,3.95,3.36
2021-10-28,2.89,9.28,6.48,3.96,3.36
2021-10-29,2.98,9.24,6.55,3.97,3.38
2021-10-30,3.28,9.38,6.58,4.02,3.42
2021-10-31,3.35,9.26,6.58,4.03,3.43
2021-11-01,2.53,9.48,6.48,3.87,3.42
2021-11-02,2.63,9.56,6.46,3.82,3.42
2021-11-03,2.83,9.6,6.35,3.61,3.23
2021-11-04,2.85,9.66,6.56,3.69,3.2
2021-11-05,2.75,9.72,6.72,3.87,3.34
2021-11-06,2.7,9.81,6.78,4.01,3.52
2021-11-07,2.58,9.65,6.82,4.08,3.6
2021-11-08,2.48,9.55,6.98,4.12,3.65
2021-11-09,2.39,9.34,6.9,4.25,3.79
2021-11-10,2.44,9.44,6.62,4.19,3.79
2021-11-11,2.48,9.27,6.32,3.93,3.64
2021-11-12,2.43,9.2,6.25,3.68,3.31
2021-11-13,2.4,9.26,6.08,3.57,3.17
2021-11-14,2.37,9.34,6.02,3.72,3.0
2021-11-15,2.29,9.26,5.94,3.64,2.9
2021-11-16,2.27,8.9,6.03,3.28,2.78
2021-11-17,2.58,8.8,6.12,3.35,2.85
2021-11-18,2.79,8.72,5.92,3.42,2.9
2021-11-19,2.82,8.66,5.74,3.29,2.83
2021-11-20,2.76,8.7,5.78,3.12,2.66
2021-11-21,2.71,8.82,5.82,3.1,2.6
2021-11-22,2.45,9.32,5.76,3.14,2.63
2021-11-23,2.18,9.38,5.51,3.1,2.62
2021-11-24,2.13,9.24,5.67,2.92,2.46
2021-11-25,2.17,9.08,5.75,3.02,2.43
2021-11-26,2.32,8.72,5.62,3.09,2.52
2021-11-27,2.46,8.59,5.42,3.0,2.53
2021-11-28,2.34,8.84,5.22,2.84,2.35
2021-11-29,2.24,9.25,4.9,2.68,2.2
2021-11-30,2.12,9.2,4.82,2.47,2.0
2021-12-01,2.08,8.86,5.16,2.38,1.83
2021-12-02,2.05,8.76,5.39,2.54,1.9
2021-12-03,2.04,8.74,5.27,2.76,2.13
2021-12-04,2.02,8.8,4.95,2.71,2.18
2021-12-05,1.97,8.56,4.88,2.51,2.01
2021-12-06,2.0,8.72,4.82,2.42,1.88
2021-12-07,1.97,8.8,4.66,2.35,1.8
2021-12-08,2.01,8.78,4.51,2.26,1.72
2021-12-09,1.98,8.86,4.53,2.17,1.62
2021-12-10,2.08,8.7,4.56,2.16,1.54
2021-12-11,2.44,8.68,4.56,2.17,1.54
2021-12-12,2.44,8.68,4.57,2.19,1.56
2021-12-13,2.39,8.82,4.6,2.2,1.54
2021-12-14,2.37,8.88,4.73,2.21,1.57
2021-12-15,2.39,8.87,4.88,2.28,1.6
2021-12-16,2.19,8.94,4.92,2.38,1.71
2021-12-17,2.01,8.98,4.89,2.45,1.82
2021-12-18,1.89,9.05,4.88,2.43,1.86
2021-12-19,1.86,8.84,4.91,2.43,1.8
2021-12-20,1.83,8.87,4.84,2.45,1.82
2021-12-21,1.82,8.8,4.52,2.39,1.8
2021-12-22,1.83,8.78,4.35,2.2,1.69
2021-12-23,1.82,8.84,4.25,2.03,1.49
2021-12-24,1.8,8.86,4.22,1.99,1.39
2021-12-25,1.79,8.9,4.12,1.97,1.33
2021-12-26,1.78,8.84,4.15,1.9,1.27
2021-12-27,1.82,8.82,4.2,1.9,1.24
2021-12-28,1.87,8.87,4.16,1.94,1.27
2021-12-29,1.84,8.78,4.08,1.93,1.28
2021-12-30,1.81,8.78,4.1,1.87,1.24
2021-12-31,1.8,8.84,4.12,1.87,1.18
2022-01-01,2.47,8.62,4.06,2.11,1.62
2022-01-02,2.49,8.68,4.19,1.83,1.39
2022-01-03,2.48,9.21,4.15,1.71,1.24
2022-01-04,2.46,9.18,4.5,1.68,1.28
2022-01-05,2.44,9.14,4.94,1.97,1.32
2022-01-06,2.45,8.96,5.18,2.44,1.68
2022-01-07,2.44,9.0,5.18,2.86,1.98
2022-01-08,2.51,8.8,5.1,2.73,2.04
2022-01-09,2.57,8.88,4.98,2.56,2.03
2022-01-10,2.52,8.82,4.91,2.65,1.96
2022-01-11,2.46,8.84,5.03,2.51,1.92
2022-01-12,2.4,8.74,5.12,2.49,1.9
2022-01-13,2.44,8.68,5.18,2.57,1.96
2022-01-14,2.42,8.68,5.1,2.63,2.02
2022-01-15,2.27,8.72,4.98,2.55,2.03
2022-01-16,2.31,8.77,4.86,2.49,1.98
2022-01-17,2.45,8.74,4.8,2.52,1.88
2022-01-18,2.36,8.68,4.82,2.36,1.82
2022-01-19,2.25,8.74,4.77,2.35,1.8
2022-01-20,2.36,8.8,4.67,2.3,1.79
2022-01-21,2.13,8.86,4.66,2.2,1.72
2022-01-22,1.81,8.8,4.66,2.18,1.67
2022-01-23,1.74,8.75,4.69,2.18,1.67
2022-01-24,1.72,8.77,4.62,2.12,1.68
2022-01-25,1.72,8.84,4.55,2.58,1.65
2022-01-26,1.71,8.8,4.32,2.1,1.62
2022-01-27,1.7,8.48,4.05,1.88,1.52
2022-01-28,1.71,8.53,3.95,1.64,1.35
2022-01-29,1.72,8.62,3.84,1.5,1.21
2022-01-30,1.75,8.7,3.8,1.39,1.11
2022-01-31,1.76,8.66,3.68,1.43,1.07
2022-02-01,2.0,8.68,3.68,1.34,1.0
2022-02-02,1.95,8.68,3.67,1.34,0.95
2022-02-03,1.79,8.72,3.68,1.37,0.94
2022-02-04,1.68,8.88,3.76,1.36,0.94
2022-02-05,1.66,8.78,3.88,1.37,1.0
2022-02-06,1.65,8.78,4.08,1.48,1.07
2022-02-07,1.8,8.78,4.14,1.54,1.18
2022-02-08,1.92,8.7,3.94,1.36,1.3
2022-02-09,1.95,8.68,3.91,1.32,1.25
2022-02-10,1.96,8.92,3.8,1.32,1.18
2022-02-11,2.09,8.84,3.76,1.21,1.14
2022-02-12,2.18,8.64,3.95,1.18,1.1
2022-02-13,2.2,8.62,4.2,1.35,1.12
2022-02-14,2.18,8.66,4.2,1.55,1.24
2022-02-15,2.14,8.8,4.16,1.56,1.35
2022-02-16,2.13,8.4,4.16,1.58,1.35
2022-02-17,2.04,8.86,4.22,1.57,1.32
2022-02-18,1.96,8.84,4.32,1.62,1.35
2022-02-19,1.81,8.82,4.46,1.71,1.4
2022-02-20,1.86,8.88,4.44,1.85,1.49
2022-02-21,2.06,8.94,4.23,1.84,1.54
2022-02-22,2.18,8.86,4.12,1.88,1.48
2022-02-23,2.27,8.76,4.04,1.34,1.38
2022-02-24,2.35,8.82,4.15,1.46,1.3
2022-02-25,2.37,8.88,4.14,1.54,1.3
2022-02-26,2.47,8.92,4.26,1.54,1.33
2022-02-27,2.42,9.12,4.48,1.65,1.34
2022-02-28,2.34,9.08,4.46,1.87,1.45
2022-03-01,2.3,8.94,4.58,1.86,1.54
2022-03-02,1.94,8.82,4.84,1.95,1.57
2022-03-03,1.62,8.88,4.76,1.88,1.71
2022-03-04,1.61,8.86,4.64,2.18,1.8
2022-03-05,1.58,8.64,4.54,2.05,1.85
2022-03-06,1.65,8.6,4.26,1.95,1.68
2022-03-07,1.66,8.56,3.9,1.69,1.54
2022-03-08,1.66,8.66,3.7,1.34,1.34
2022-03-09,1.92,8.72,3.58,1.12,1.13
2022-03-10,2.08,8.72,3.55,1.01,1.0
2022-03-11,2.19,8.7,3.6,1.06,0.9
2022-03-12,2.07,8.66,3.71,1.13,0.91
2022-03-13,1.77,8.78,3.88,1.2,0.94
2022-03-14,1.63,8.82,4.13,1.27,1.05
2022-03-15,1.76,8.8,4.14,1.55,1.21
2022-03-16,1.82,8.62,4.22,1.57,1.33
2022-03-17,1.84,8.6,4.18,1.6,1.36
2022-03-18,1.93,8.62,3.96,1.59,1.39
2022-03-19,1.97,8.74,3.86,1.37,1.32
2022-03-20,2.05,9.06,3.62,1.26,1.22
2022-03-21,2.18,9.08,3.77,1.24,1.15
2022-03-22,2.27,9.08,3.88,1.19,1.13
2022-03-23,2.28,9.0,4.12,1.28,1.13
2022-03-24,2.23,8.82,4.31,1.58,1.22
2022-03-25,2.18,8.74,4.55,1.71,1.34
2022-03-26,2.23,8.72,4.69,1.95,1.5
2022-03-27,1.77,8.78,4.5,2.09,1.65
2022-03-28,1.62,8.78,4.5,1.9,1.65
2022-03-29,1.56,8.8,4.51,1.39,1.58
2022-03-30,1.55,8.7,4.32,1.9,1.6
2022-03-31,1.52,8.58,4.14,1.74,1.54
2022-04-01,1.5,8.52,4.03,1.68,1.42
2022-04-02,1.49,8.48,3.8,1.58,1.3
2022-04-03,1.47,8.46,3.65,1.23,1.2
2022-04-04,1.47,8.4,3.47,1.07,1.06
2022-04-05,1.46,8.38,3.45,0.88,0.92
2022-04-06,1.45,8.34,3.4,0.85,0.85
2022-04-07,1.44,8.4,3.36,0.82,0.82
2022-04-08,1.43,8.32,3.34,0.83,0.77
2022-04-09,1.42,8.3,3.33,0.81,0.75
2022-04-10,1.62,8.44,3.27,0.82,0.74
2022-04-11,1.72,8.48,3.18,0.79,0.72
2022-04-12,1.7,8.44,3.16,0.79,0.66
2022-04-13,1.7,8.46,3.22,0.79,0.62
2022-04-14,1.69,8.5,3.25,0.8,0.65
2022-04-15,1.71,8.68,3.26,0.78,0.7
2022-04-16,1.7,8.74,3.26,0.78,0.72
2022-04-17,1.7,8.82,3.27,0.76,0.74
2022-04-18,1.7,8.78,3.3,0.77,0.74
2022-04-19,1.5,8.68,3.34,0.79,0.78
2022-04-20,1.42,8.72,3.46,0.91,0.8
2022-04-21,1.36,8.62,3.48,1.02,0.89
2022-04-22,1.34,8.62,3.41,1.04,0.95
2022-04-23,1.34,8.3,3.3,0.96,0.95
2022-04-24,1.34,8.34,3.26,0.86,0.9
2022-04-25,1.34,8.32,3.07,0.96,0.82
2022-04-26,1.83,8.22,3.0,0.71,0.72
2022-04-27,1.98,8.26,3.04,0.64,0.64
2022-04-28,1.97,8.38,2.99,0.68,0.6
2022-04-29,1.95,8.68,3.01,0.63,0.58
2022-04-30,1.99,8.86,3.21,0.65,0.54
2022-05-01,1.63,9.1,3.31,0.85,0.68
2022-05-02,1.67,9.08,3.5,0.93,0.82
2022-05-03,1.64,9.04,3.79,1.06,0.92
2022-05-04,1.57,8.74,3.99,1.2,1.05
2022-05-05,1.57,8.76,3.91,1.36,1.22
2022-05-06,1.52,8.76,3.68,1.38,1.28
2022-05-07,1.48,8.72,3.46,1.21,1.22
2022-05-08,1.42,8.76,3.29,1.1,1.1
2022-05-09,1.41,8.72,3.28,0.97,0.92
2022-05-10,1.71,8.7,3.32,0.93,0.86
2022-05-11,2.03,8.72,3.28,0.96,0.88
2022-05-12,2.15,8.74,3.26,0.92,0.88
2022-05-13,2.2,8.62,3.36,0.97,0.92
2022-05-14,2.24,8.66,3.77,1.2,0.9
2022-05-15,2.32,9.02,4.22,1.65,1.05
2022-05-16,2.29,9.2,4.27,1.87,1.28
2022-05-17,2.16,9.16,4.36,1.98,1.45
2022-05-18,1.92,9.02,4.81,2.02,1.5
2022-05-19,1.8,8.8,5.13,2.07,1.66
2022-05-20,1.82,8.76,4.92,2.52,1.95
2022-05-21,1.74,8.96,4.6,2.5,2.0
2022-05-22,2.26,9.0,4.2,2.3,1.88
2022-05-23,2.3,8.76,4.02,2.06,1.6
2022-05-24,2.33,8.7,4.1,1.86,1.43
2022-05-25,2.36,8.7,4.3,1.85,1.36
2022-05-26,2.19,8.78,4.42,1.96,1.44
2022-05-27,2.04,9.02,4.48,2.06,1.54
2022-05-28,2.07,9.11,4.48,2.13,1.63
2022-05-29,1.82,9.16,4.49,2.16,1.67
2022-05-30,1.71,9.14,4.42,2.18,1.7
2022-05-31,1.84,9.1,4.48,2.13,1.67
2022-06-01,2.0,8.92,4.53,2.12,1.64
2022-06-02,1.99,8.7,4.56,2.17,1.67
2022-06-03,2.18,8.76,4.47,2.2,1.72
2022-06-04,2.32,8.6,4.34,2.16,1.7
2022-06-05,2.35,8.7,4.46,2.14,1.68
2022-06-06,2.44,8.96,4.43,2.24,1.73
2022-06-07,2.33,8.98,4.57,2.29,1.83
2022-06-08,2.83,8.94,4.8,2.29,1.82
2022-06-09,2.91,8.94,5.14,2.36,1.88
2022-06-10,2.58,9.12,5.22,2.37,2.02
2022-06-11,2.35,9.4,5.21,2.42,2.19
2022-06-12,2.33,9.36,5.49,2.67,2.19
2022-06-13,2.3,9.04,5.72,2.68,2.32
2022-06-14,2.45,9.02,5.78,3.03,2.52
2022-06-15,2.65,8.96,5.4,3.14,2.7
2022-06-16,2.62,8.98,5.23,2.87,2.53
2022-06-17,2.7,9.06,5.22,2.98,2.3
2022-06-18,2.71,9.1,5.25,2.69,2.22
2022-06-19,2.42,9.16,5.32,2.78,2.25
2022-06-20,2.2,9.26,5.46,2.78,2.28
2022-06-21,2.15,9.24,5.52,2.86,2.35
2022-06-22,2.52,8.84,5.5,2.92,2.44
2022-06-23,3.3,8.52,5.63,2.89,2.44
2022-06-24,3.24,8.74,5.38,2.96,2.5
2022-06-25,2.96,9.68,4.92,2.88,2.42
2022-06-26,3.17,9.78,5.13,2.55,2.15
2022-06-27,3.14,9.8,6.55,2.63,2.09
2022-06-28,2.86,9.6,6.82,3.78,2.88
2022-06-29,2.65,9.42,6.9,4.26,3.77
2022-06-30,2.71,9.46,6.68,4.29,3.92
2022-07-01,2.98,9.34,6.3,4.23,3.9
2022-07-02,3.54,9.3,6.24,3.84,3.63
2022-07-03,3.93,9.24,6.24,3.84,3.5
2022-07-04,4.26,9.44,6.21,3.76,3.45
2022-07-05,4.23,9.86,6.65,3.83,3.45
2022-07-06,3.84,10.16,6.78,3.97,3.58
2022-07-07,3.35,10.14,7.3,4.1,3.78
2022-07-08,3.16,9.92,7.67,4.55,4.12
2022-07-09,3.24,9.78,7.32,4.75,4.45
2022-07-10,3.39,9.42,6.92,4.5,4.35
2022-07-11,3.4,9.44,6.65,4.23,4.02
2022-07-12,3.6,9.48,6.34,3.88,3.7
2022-07-13,3.64,9.56,6.4,3.68,3.38
2022-07-14,3.66,9.7,6.47,3.71,3.33
2022-07-15,3.89,9.78,6.52,3.75,3.38
2022-07-16,3.66,9.82,6.63,3.9,3.44
2022-07-17,3.36,10.08,6.82,3.94,3.52
2022-07-18,3.17,10.0,7.15,4.1,3.68
2022-07-19,2.72,10.74,7.25,4.33,3.93
2022-07-20,2.4,9.53,6.92,4.42,4.12
2022-07-21,2.78,9.2,6.65,4.24,4.02
2022-07-22,3.33,8.78,6.53,4.01,3.82
2022-07-23,3.87,8.69,6.12,3.81,3.62
2022-07-24,3.76,9.24,5.85,3.54,3.38
2022-07-25,3.39,9.74,5.74,3.32,3.12
2022-07-26,3.28,9.86,6.34,3.17,2.95
2022-07-27,3.48,9.82,6.9,3.61,3.15
2022-07-28,3.81,9.78,6.82,4.13,3.75
2022-07-29,3.8,9.58,6.72,4.09,3.88
2022-07-30,3.9,9.89,6.85,4.01,3.78
2022-07-31,4.25,10.26,7.17,4.13,3.85
2022-08-01,4.05,10.5,7.6,4.53,4.15
2022-08-02,3.95,10.64,7.97,4.99,4.68
2022-08-03,4.2,10.58,8.19,5.35,5.12
2022-08-04,4.37,10.82,8.26,5.55,5.4
2022-08-05,4.35,12.44,8.32,5.55,5.45
2022-08-06,4.51,12.48,10.05,5.75,5.55
2022-08-07,4.9,13.68,10.78,7.6,7.15
2022-08-08,5.42,15.18,12.26,8.85,8.35
2022-08-09,5.62,14.38,14.1,10.54,10.22
2022-08-10,5.24,14.38,13.73,11.82,11.35
2022-08-11,4.6,13.5,12.56,11.2,10.91
2022-08-12,3.86,13.02,11.35,10.04,9.87
2022-08-13,3.34,12.02,10.9,10.1,8.97
2022-08-14,3.22,11.38,10.07,8.46,8.45
2022-08-15,3.18,11.5,9.39,7.27,7.66
2022-08-16,3.05,10.94,9.24,7.15,6.93
2022-08-17,3.16,10.74,9.14,7.13,6.72
2022-08-18,3.47,10.68,8.92,6.96,6.62
2022-08-19,3.24,10.6,8.6,6.67,6.28
2022-08-20,0.0,0.0,0.0,0.0,0.0
2022-08-21,2.97,10.4,8.21,6.0,5.56
2022-08-22,3.08,10.86,8.04,5.84,5.28
2022-08-23,3.37,10.38,0.0,5.76,0.0
2022-08-24,3.56,10.1,8.31,6.19,5.5
2022-08-25,3.59,10.52,7.98,6.11,5.45
2022-08-26,3.67,10.68,7.96,5.65,5.15
2022-08-27,3.75,10.66,8.4,5.71,5.0
2022-08-28,3.26,10.8,8.31,5.95,5.44
2022-08-29,2.89,10.8,8.48,6.02,5.45
2022-08-30,2.79,10.44,8.38,6.18,5.62
2022-08-31,2.93,10.42,8.26,6.21,5.64
2022-09-01,2.99,9.96,8.0,5.94,5.46
2022-09-02,2.92,9.78,7.98,5.74,5.1
2022-09-03,3.11,9.74,7.7,5.63,5.0
2022-09-04,2.62,9.78,7.52,5.39,4.78
2022-09-05,2.51,9.82,7.36,5.3,4.64
2022-09-06,2.47,9.7,7.65,5.23,4.64
2022-09-07,2.45,9.48,7.71,5.56,4.86
2022-09-08,2.44,9.26,7.51,5.53,4.98
2022-09-09,2.67,9.3,7.31,5.32,4.84
2022-09-10,2.91,9.74,6.99,5.08,4.57
2022-09-11,3.01,9.82,7.16,4.91,4.42
2022-09-12,3.08,9.88,7.73,5.09,4.46
2022-09-13,2.97,9.98,7.84,5.53,4.96
2022-09-14,3.18,10.46,7.84,5.62,5.11
2022-09-15,3.68,10.46,8.03,5.64,5.22
2022-09-16,4.24,10.24,8.3,6.06,5.52
2022-09-17,4.11,10.54,8.85,6.4,5.9
2022-09-18,4.09,10.96,9.52,7.1,6.58
2022-09-19,4.11,10.9,9.99,7.78,7.34
2022-09-20,4.34,11.04,9.9,8.17,7.86
2022-09-21,4.76,11.1,9.56,7.9,7.7
2022-09-22,4.8,11.46,9.36,7.54,7.38
2022-09-23,4.62,11.62,9.4,7.34,7.15
2022-09-24,4.48,11.52,9.51,7.4,7.08
2022-09-25,3.98,11.46,9.44,7.43,7.15
2022-09-26,3.54,11.12,9.34,7.33,7.06
2022-09-27,3.43,10.62,9.06,7.18,6.95
2022-09-28,3.87,10.3,8.67,6.89,6.65
2022-09-29,4.04,10.1,8.84,6.73,6.42
2022-09-30,4.2,10.48,9.02,7.24,6.73
2022-10-01,3.96,10.8,9.06,7.32,7.0
2022-10-02,3.94,10.82,9.25,7.39,7.05
2022-10-03,3.72,10.78,9.19,7.39,7.1
2022-10-04,3.35,10.9,8.97,7.17,6.92
2022-10-05,3.2,10.7,9.1,7.01,6.65
2022-10-06,3.13,10.4,8.73,6.88,6.6
2022-10-07,3.29,10.16,8.45,6.59,6.3
2022-10-08,3.79,9.96,8.4,6.17,6.05
2022-10-09,3.98,10.3,9.12,6.64,6.15
2022-10-10,3.97,10.7,9.34,7.39,6.88
2022-10-11,4.02,10.82,9.17,7.41,7.16
2022-10-12,3.93,10.8,9.22,7.23,6.96
2022-10-13,3.72,10.84,9.04,7.16,6.88
2022-10-14,3.66,10.78,8.82,6.87,6.65
2022-10-15,3.62,10.76,0.0,0.0,0.0
2022-10-16,3.55,10.71,8.76,6.77,6.45
2022-10-17,3.4,10.56,8.72,6.67,6.31
2022-10-18,3.21,10.58,8.51,6.54,6.2
2022-10-19,3.0,10.56,8.25,6.24,5.93
2022-10-20,2.65,10.28,8.08,5.99,5.58
2022-10-21,2.78,9.98,7.94,5.8,5.32
2022-10-22,2.76,9.64,7.9,5.61,5.09
2022-10-23,2.77,9.65,7.66,5.55,4.91
2022-10-24,2.87,9.46,7.38,5.27,4.72
2022-10-25,2.97,9.42,7.27,5.03,4.38
2022-10-26,2.99,9.6,6.89,4.9,4.24
2022-10-27,2.96,9.74,6.77,4.61,3.95
2022-10-28,3.22,9.72,6.88,4.52,3.78
2022-10-29,3.39,9.76,7.32,4.64,3.76
2022-10-30,3.18,9.88,7.55,4.95,4.1
2022-10-31,3.22,10.1,7.67,5.18,4.45
2022-11-01,3.35,9.46,6.62,4.03,3.45
2022-11-02,3.25,9.74,6.53,4.09,3.49
2022-11-03,2.92,9.82,6.54,4.02,3.46
2022-11-04,2.43,9.72,6.78,4.01,3.38
2022-11-05,2.13,9.4,6.86,4.21,3.54
2022-11-06,2.12,8.98,6.8,4.3,3.7
2022-11-07,2.09,8.8,6.48,4.25,3.7
2022-11-08,2.13,8.7,5.93,3.95,3.46
2022-11-09,2.31,8.77,5.71,3.5,2.95
2022-11-10,2.63,8.78,5.41,3.46,2.7
2022-11-11,2.84,8.74,5.34,3.46,2.45
2022-11-12,2.9,8.68,5.52,3.46,2.3
2022-11-13,2.69,8.88,5.62,3.46,2.34
2022-11-14,2.32,8.98,5.75,3.46,2.46
2022-11-15,2.3,9.22,5.88,3.46,2.53
2022-11-16,2.48,9.3,5.76,3.46,2.68
2022-11-17,2.53,8.94,5.63,0.0,2.66
2022-11-18,2.54,8.86,5.86,0.0,2.52
2022-11-19,2.55,8.94,5.79,3.26,2.62
2022-11-20,2.6,8.95,5.61,3.28,2.68
2022-11-21,2.53,8.98,5.7,2.85,2.52
2022-11-22,2.49,8.14,5.67,3.12,2.5
2022-11-23,2.56,8.5,5.72,3.15,2.5
2022-11-24,2.65,8.78,5.84,2.54,2.54
2022-11-25,2.58,8.82,5.73,2.58,2.64
2022-11-26,2.51,8.79,5.52,2.52,2.63
2022-11-27,2.61,9.22,5.63,2.57,2.48
2022-11-28,2.48,9.18,5.63,2.58,2.46
2022-11-29,2.23,9.24,5.78,3.1,2.48
2022-11-30,2.1,9.32,5.7,3.26,2.58
2022-12-01,2.06,9.2,5.66,3.17,2.58
2022-12-02,2.04,9.2,5.64,3.12,2.5
2022-12-03,1.98,8.6,5.52,3.11,2.48
2022-12-04,2.09,8.7,5.36,2.97,2.42
2022-12-05,2.09,8.78,5.0,2.83,2.3
2022-12-06,2.07,8.98,4.7,2.74,2.08
2022-12-07,2.0,8.84,4.73,2.7,1.8
2022-12-08,2.0,8.8,4.86,2.66,1.71
2022-12-09,1.99,8.8,4.9,2.58,1.76
2022-12-10,1.97,8.75,4.82,2.52,1.85
2022-12-11,1.93,8.48,4.9,2.44,1.83
2022-12-12,2.23,8.58,4.82,2.38,1.84
2022-12-13,2.45,8.65,4.66,2.35,1.84
2022-12-14,2.33,8.72,4.49,2.33,1.71
2022-12-15,2.07,8.7,4.52,2.29,1.57
2022-12-16,1.87,8.76,4.64,2.28,1.54
2022-12-17,2.0,9.06,4.67,2.25,1.62
2022-12-18,2.0,9.0,4.7,2.22,1.65
2022-12-19,2.26,9.08,4.63,2.22,1.68
2022-12-20,2.45,8.8,4.57,2.51,1.68
2022-12-21,2.64,8.85,4.56,2.29,1.62
2022-12-22,2.5,8.9,4.55,2.22,1.59
2022-12-23,2.51,9.13,4.57,2.03,1.59
2022-12-24,2.42,9.17,4.9,2.06,1.58
2022-12-25,2.25,9.1,5.15,2.42,1.68
2022-12-26,1.83,9.17,5.16,2.6,1.94
2022-12-27,1.77,9.12,5.12,1.47,2.02
2022-12-28,1.94,8.7,4.98,2.75,2.03
2022-12-29,2.02,8.58,4.91,2.69,1.96
2022-12-30,2.17,8.5,4.7,2.48,1.92
2022-12-31,2.43,8.57,4.36,2.46,1.82
2023-01-01,2.07,8.82,4.16,1.61,1.44
2023-01-02,2.11,8.76,4.05,1.59,1.32
2023-01-03,1.83,8.72,4.1,1.56,1.24
2023-01-04,1.72,8.74,4.15,1.57,1.22
2023-01-05,1.7,8.74,4.16,1.56,1.24
2023-01-06,1.71,8.68,4.14,1.59,1.28
2023-01-07,1.68,8.58,4.02,1.58,1.28
2023-01-08,1.66,8.72,3.93,1.59,1.22
2023-01-09,1.65,8.68,3.69,1.55,1.15
2023-01-10,1.64,8.62,3.71,1.53,1.03
2023-01-11,1.63,8.54,3.75,1.5,0.94
2023-01-12,1.61,8.52,3.76,1.55,0.98
2023-01-13,1.6,8.48,3.7,1.59,1.04
2023-01-14,1.59,8.44,3.7,1.56,0.98
2023-01-15,1.57,8.64,3.71,1.51,0.98
2023-01-16,1.82,8.66,3.56,1.48,0.96
2023-01-17,1.77,8.6,3.55,1.47,0.9
2023-01-18,1.8,8.66,3.57,1.48,0.82
2023-01-19,1.91,8.74,3.58,1.5,0.85
2023-01-20,1.8,8.68,3.68,1.49,0.85
2023-01-21,1.75,8.62,3.74,1.48,0.87
2023-01-22,1.71,8.68,3.89,1.45,0.95
2023-01-23,1.88,8.6,3.81,1.48,1.05
2023-01-24,2.06,8.52,3.82,1.51,1.11
2023-01-25,2.31,8.56,3.78,1.54,1.08
2023-01-26,2.23,8.7,3.75,1.57,1.08
2023-01-27,2.18,8.92,3.76,1.59,1.06
2023-01-28,2.32,8.98,3.82,1.64,1.04
2023-01-29,2.21,9.06,4.26,1.66,1.1
2023-01-30,1.92,9.1,4.44,1.72,1.22
2023-01-31,1.68,9.14,4.42,1.65,1.45
2023-02-01,1.63,8.88,4.65,1.6,1.52
2023-02-02,1.61,8.66,4.62,1.55,1.58
2023-02-03,1.59,8.46,4.28,1.79,1.69
2023-02-04,1.72,8.32,4.09,1.71,1.57
2023-02-05,1.71,8.68,3.9,1.63,1.4
2023-02-06,1.62,8.6,3.54,1.58,1.27
2023-02-07,1.6,8.66,3.18,1.53,1.0
2023-02-08,1.53,8.7,3.54,1.5,0.82
2023-02-09,1.54,8.56,3.62,1.51,0.88
2023-02-10,1.52,8.56,3.6,1.61,0.93
2023-02-11,1.51,8.52,3.5,1.63,0.97
2023-02-12,1.52,8.66,3.46,1.62,0.92
2023-02-13,1.56,8.6,3.35,1.6,0.88
2023-02-14,1.54,8.52,3.41,1.55,0.82
2023-02-15,1.53,8.5,3.42,1.49,0.8
2023-02-16,1.53,8.52,3.44,1.54,0.82
2023-02-17,1.52,8.44,3.42,1.58,0.84
2023-02-18,1.5,8.5,3.46,1.59,0.84
2023-02-19,1.5,8.58,3.46,1.62,0.84
2023-02-20,1.5,8.62,3.25,1.66,0.88
2023-02-21,1.5,8.52,3.27,1.57,0.77
2023-02-22,1.49,8.56,3.32,1.53,0.66
2023-02-23,1.48,8.46,3.32,1.5,0.75
2023-02-24,1.47,8.44,3.25,1.48,0.76
2023-02-25,1.46,8.36,3.24,1.46,0.72
2023-02-26,1.45,8.44,3.24,1.4,0.7
2023-02-27,0.0,0.0,0.0,0.0,0.0
2023-02-28,2.11,8.4,3.2,1.5,0.65
2023-03-01,2.03,8.52,3.14,1.53,0.65
2023-03-02,2.04,8.88,3.2,1.54,0.65
2023-03-03,2.05,9.02,3.28,1.6,0.62
2023-03-04,1.6,9.06,3.52,1.65,0.71
2023-03-05,1.48,8.98,3.65,1.44,0.85
2023-03-06,1.47,8.88,3.78,1.28,0.98
2023-03-07,1.48,8.74,3.76,1.17,1.05
2023-03-08,1.5,8.66,3.5,1.17,1.12
2023-03-09,1.56,8.48,3.38,1.17,1.05
2023-03-10,1.56,8.24,3.32,1.18,0.92
2023-03-11,1.54,8.38,3.22,1.19,0.83
2023-03-12,1.57,8.4,3.09,1.22,0.76
2023-03-13,1.6,8.32,3.12,1.24,0.65
2023-03-14,1.52,8.3,3.16,1.21,0.62
2023-03-15,1.46,8.36,3.16,1.22,0.65
2023-03-16,1.45,8.4,3.14,1.2,0.66
2023-03-17,1.44,8.42,3.14,1.18,0.66
2023-03-18,1.44,8.52,3.1,1.16,0.66
2023-03-19,0.0,0.0,0.0,0.0,0.0
2023-03-20,1.47,8.44,3.03,1.08,0.63
2023-03-21,1.44,8.58,3.07,1.05,0.59
2023-03-22,1.43,8.6,3.0,1.09,0.62
2023-03-23,1.45,8.48,2.95,1.07,0.64
2023-03-24,1.47,8.34,2.98,1.05,0.58
2023-03-25,1.48,8.48,3.03,1.02,0.57
2023-03-26,1.95,8.46,2.94,1.07,0.57
2023-03-27,1.5,8.5,2.95,1.1,0.61
2023-03-28,1.51,8.54,2.95,1.12,0.57
2023-03-29,1.41,8.8,2.96,1.11,0.56
2023-03-30,1.58,8.8,2.97,1.12,0.56
2023-03-31,1.62,8.82,2.99,1.13,0.58
2023-04-01,1.55,8.8,3.12,1.15,0.61
2023-04-02,1.53,8.66,3.12,1.17,0.65
2023-04-03,1.95,8.64,3.14,1.24,0.72
2023-04-04,1.7,8.8,3.08,1.26,0.74
2023-04-05,1.4,8.68,3.02,1.22,0.72
2023-04-06,1.47,8.68,3.12,1.18,0.65
2023-04-07,1.57,8.7,3.25,1.15,0.66
2023-04-08,1.55,8.6,3.26,1.17,0.76
2023-04-09,1.54,8.56,3.12,1.19,0.8
2023-04-10,1.76,8.72,3.1,1.17,0.84
2023-04-11,1.82,8.78,3.05,1.19,0.75
2023-04-12,1.84,8.8,3.02,1.22,0.67
2023-04-13,1.82,8.86,3.1,1.17,0.65
2023-04-14,1.82,8.84,3.2,1.14,0.67
2023-04-15,1.8,8.7,3.32,1.12,0.75
2023-04-16,1.79,8.72,3.35,1.46,0.84
2023-04-17,1.81,8.7,3.3,1.49,0.88
2023-04-18,1.81,8.78,3.2,1.44,0.9
2023-04-19,1.58,8.82,3.24,1.34,0.83
2023-04-20,1.44,8.92,3.32,1.38,0.8
2023-04-21,1.44,8.72,3.35,1.46,0.85
2023-04-22,1.41,8.74,3.47,1.49,0.88
2023-04-23,1.42,8.62,3.36,1.61,0.93
2023-04-24,1.74,8.52,3.22,1.5,0.96
2023-04-25,2.19,8.5,3.2,1.36,0.86
2023-04-26,2.28,8.56,3.1,1.34,0.8
2023-04-27,2.17,8.74,3.0,1.24,0.74
2023-04-28,1.75,9.14,3.14,1.14,0.66
2023-04-29,1.5,8.96,3.29,1.28,0.69
2023-04-30,1.49,8.9,3.72,1.43,0.78
2023-05-01,1.39,8.88,4.08,1.86,0.95
2023-05-02,1.36,8.54,3.82,2.22,1.16
2023-05-03,1.48,8.46,3.47,1.96,1.26
2023-05-04,1.43,8.38,3.3,1.61,1.13
2023-05-05,1.47,8.42,3.1,1.44,0.95
2023-05-06,1.54,8.36,2.89,1.24,0.83
2023-05-07,1.54,8.4,2.82,1.04,0.66
2023-05-08,1.55,8.5,2.9,0.96,0.52
2023-05-09,1.51,8.54,2.9,1.04,0.55
2023-05-10,1.48,8.56,3.0,1.04,0.58
2023-05-11,1.53,8.72,3.1,1.14,0.63
2023-05-12,1.51,8.78,3.16,1.27,0.7
2023-05-13,1.51,9.0,3.2,1.3,0.76
2023-05-14,1.48,8.84,3.1,1.34,0.8
2023-05-15,1.48,8.88,3.21,1.37,0.78
2023-05-16,1.52,9.08,3.36,1.42,0.78
2023-05-17,1.48,9.06,3.26,1.5,0.85
2023-05-18,1.45,9.1,3.37,1.33,0.88
2023-05-19,1.48,8.6,3.73,1.65,0.87
2023-05-20,1.46,8.7,4.01,1.97,1.0
2023-05-21,0.0,0.0,0.0,0.0,0.0
2023-05-22,0.0,0.0,0.0,0.0,0.0
2023-05-23,0.0,0.0,0.0,0.0,0.0
2023-05-24,0.0,0.0,0.0,0.0,0.0
2023-05-25,0.0,0.0,0.0,0.0,0.0
2023-05-26,0.0,0.0,0.0,0.0,0.0
2023-05-27,0.0,0.0,0.0,0.0,0.0
2023-05-28,0.0,0.0,0.0,0.0,0.0
2023-05-29,0.0,0.0,0.0,0.0,0.0
2023-05-30,0.0,0.0,0.0,0.0,0.0
2023-05-31,0.0,0.0,0.0,0.0,0.0
2023-06-01,1.61,8.72,4.79,2.5,2.12
2023-06-02,1.71,8.6,4.55,2.43,2.02
2023-06-03,1.86,8.56,4.5,2.28,1.88
2023-06-04,1.89,9.08,4.1,2.21,1.76
2023-06-05,1.91,9.14,4.48,1.98,1.58
2023-06-06,1.93,8.98,4.78,2.07,1.53
2023-06-07,2.3,9.06,4.82,2.35,1.8
2023-06-08,3.07,9.12,4.8,2.4,1.92
2023-06-09,3.22,9.08,4.88,2.38,1.92
2023-06-10,3.16,9.25,5.27,2.4,1.92
2023-06-11,3.24,9.53,5.94,2.66,2.08
2023-06-12,3.22,9.78,6.7,3.25,2.56
2023-06-13,3.22,9.7,6.75,3.98,3.43
2023-06-14,2.88,9.58,6.92,3.25,3.66
2023-06-15,2.5,9.5,6.85,4.16,3.82
2023-06-16,2.91,9.52,6.62,4.09,3.76
2023-06-17,3.27,9.56,6.31,3.86,3.63
2023-06-18,3.43,9.5,6.02,3.58,3.33
2023-06-19,3.41,9.3,6.07,3.32,2.95
2023-06-20,3.36,9.62,6.01,3.23,2.9
2023-06-21,3.3,9.68,6.15,3.08,2.88
2023-06-22,3.16,9.64,6.34,3.19,2.88
2023-06-23,3.15,9.48,6.45,3.67,3.18
2023-06-24,3.47,9.46,6.48,3.57,3.3
2023-06-25,3.83,9.44,6.37,3.59,3.37
2023-06-26,3.98,9.78,6.62,4.02,3.45
2023-06-27,4.07,10.18,7.3,4.2,3.73
2023-06-28,4.06,10.28,7.58,4.71,4.22
2023-06-29,3.66,10.22,7.83,4.9,4.58
2023-06-30,3.4,10.34,7.91,5.11,4.92
2023-07-01,3.36,10.08,7.88,5.16,5.02
2023-07-02,3.05,10.9,7.66,5.2,5.08
2023-07-03,2.74,10.76,7.24,5.3,5.0
2023-07-04,2.81,10.28,7.13,4.92,4.72
2023-07-05,2.94,10.36,6.96,4.77,4.46
2023-07-06,3.12,9.58,6.41,4.6,4.38
2023-07-07,3.07,9.44,6.4,4.19,3.93
2023-07-08,3.05,0.0,6.82,0.0,3.68
2023-07-09,2.96,9.7,6.78,4.47,3.98
2023-07-10,2.87,9.66,7.2,4.51,4.03
2023-07-11,2.86,9.56,7.08,4.69,4.18
2023-07-12,3.07,9.4,6.83,4.63,4.22
2023-07-13,3.58,9.28,6.68,4.47,4.06
2023-07-14,3.71,9.46,6.46,4.3,3.86
2023-07-15,3.56,9.9,6.31,4.1,3.65
2023-07-16,3.62,10.12,6.51,4.03,3.45
2023-07-17,3.49,10.08,7.26,4.34,3.62
2023-07-18,3.18,9.9,7.66,4.97,4.26
2023-07-19,2.92,9.7,7.98,5.51,4.98
2023-07-20,3.04,9.9,7.94,5.79,5.38
2023-07-21,3.53,9.78,7.59,5.63,5.45
2023-07-22,3.7,10.14,7.54,5.36,0.0
2023-07-23,3.98,10.66,7.52,5.28,4.86
2023-07-24,4.0,0.0,7.98,5.27,4.75
2023-07-25,3.91,10.84,8.17,5.73,5.1
2023-07-26,3.87,11.24,8.76,5.74,5.38
2023-07-27,4.02,10.66,9.41,6.4,5.83
2023-07-28,4.08,10.4,9.06,6.74,6.53
2023-07-29,3.89,10.28,8.25,6.34,6.25
2023-07-30,3.79,10.48,8.15,5.74,5.56
2023-07-31,3.97,10.98,8.01,5.56,5.32
2023-08-01,4.55,11.26,8.5,5.55,5.12
2023-08-02,6.11,11.54,9.22,6.02,5.55
2023-08-03,7.5,13.52,9.45,6.47,6.32
2023-08-04,6.93,14.24,11.74,7.28,6.88
2023-08-05,6.54,14.28,12.86,8.68,9.36
2023-08-06,6.43,13.92,12.95,9.48,10.38
2023-08-07,6.08,14.0,12.24,9.31,10.49
2023-08-08,5.65,13.78,12.06,8.75,9.82
2023-08-09,5.27,13.34,11.77,8.03,9.68
2023-08-10,4.88,12.82,11.28,7.82,9.36
2023-08-11,4.48,12.38,10.74,7.59,8.86
2023-08-12,4.46,11.94,10.3,7.28,8.35
2023-08-13,4.6,12.08,9.98,7.09,7.92
2023-08-14,5.17,12.48,10.16,6.79,7.62
2023-08-15,5.44,12.98,10.52,7.12,7.75
2023-08-16,5.79,13.36,10.79,7.26,8.1
2023-08-17,5.78,14.0,11.23,7.71,8.45
2023-08-18,5.7,14.24,12.11,8.75,9.02
2023-08-19,5.66,14.12,12.5,9.28,9.84
2023-08-20,5.71,14.12,12.51,9.55,10.2
2023-08-21,5.91,14.52,12.7,9.66,10.32
2023-08-22,6.81,14.98,13.46,10.06,10.62
2023-08-23,6.91,15.56,14.02,10.66,11.27
2023-08-24,7.51,15.48,14.11,11.15,11.8
2023-08-25,7.82,0.0,14.05,0.0,11.78
2023-08-26,7.85,15.98,14.2,11.01,11.73
2023-08-27,7.29,16.32,14.39,11.19,11.93
2023-08-28,6.98,16.34,14.91,11.55,12.18
2023-08-29,6.85,15.36,15.03,12.11,12.69
2023-08-30,6.41,14.58,14.18,11.8,12.57
2023-08-31,5.97,14.12,13.32,11.49,11.98
2023-09-01,5.4,13.96,12.59,10.42,11.32
2023-09-02,5.13,13.94,12.13,9.7,10.67
2023-09-03,5.01,13.42,11.95,9.46,10.34
2023-09-04,4.98,13.38,11.55,9.15,10.07
2023-09-05,4.8,12.96,11.41,8.74,9.63
2023-09-06,4.63,12.92,11.06,8.58,9.45
2023-09-07,4.52,13.0,10.96,8.25,9.08
2023-09-08,4.34,13.38,10.91,8.09,8.9
2023-09-09,4.36,14.66,11.28,8.05,8.83
2023-09-10,5.52,15.72,12.62,8.68,9.28
2023-09-11,8.73,17.5,13.76,10.07,10.72
2023-09-12,9.73,18.91,15.8,11.64,12.25
2023-09-13,9.11,19.07,16.25,12.75,13.27
2023-09-14,8.22,18.27,16.33,13.12,13.7
2023-09-15,7.2,17.41,15.78,13.12,13.82
2023-09-16,6.32,16.12,15.14,12.7,13.42
2023-09-17,5.7,14.94,14.23,12.21,13.03
2023-09-18,5.34,14.36,13.36,11.74,12.57
2023-09-19,5.1,13.91,12.42,10.84,11.73
2023-09-20,4.76,13.52,11.7,9.78,10.93
2023-09-21,4.42,13.36,11.1,9.08,10.17
2023-09-22,4.16,12.8,11.14,8.8,9.67
2023-09-23,4.11,12.66,10.86,8.66,9.55
2023-09-24,4.46,12.34,11.33,8.81,9.68
2023-09-25,4.41,12.14,11.59,9.36,10.25
2023-09-26,4.26,12.04,11.2,9.24,10.26
2023-09-27,4.06,12.06,10.69,8.77,9.75
2023-09-28,4.2,11.95,10.45,8.17,9.15
2023-09-29,3.98,11.82,10.04,7.73,8.69
2023-09-30,3.6,11.76,9.76,7.28,8.2
2023-10-01,3.45,11.74,9.68,7.08,7.8
2023-10-02,4.02,12.08,10.0,6.98,7.72
2023-10-03,4.77,12.6,10.45,7.36,8.0
2023-10-04,5.22,12.3,11.0,8.03,8.62
2023-10-05,4.87,12.62,10.62,8.12,8.9
2023-10-06,4.58,12.62,10.58,7.81,8.53
2023-10-07,4.62,12.3,10.36,7.68,8.35
2023-10-08,4.27,12.06,10.1,7.42,8.12
2023-10-09,4.04,11.88,9.7,7.02,7.72
2023-10-10,3.85,11.6,9.48,6.68,7.28
2023-10-11,3.82,11.34,9.16,6.39,6.96
2023-10-12,3.74,11.26,8.88,6.01,6.56
2023-10-13,3.59,11.16,8.7,5.71,6.24
2023-10-14,3.46,10.98,8.55,5.56,5.96
2023-10-15,3.46,10.94,8.42,5.42,5.76
2023-10-16,3.43,10.94,8.32,5.23,5.53
2023-10-17,3.31,10.78,8.22,5.01,5.38
2023-10-18,0.0,10.8,0.0,4.95,0.0
2023-10-19,3.2,10.66,8.18,4.9,5.23
2023-10-20,3.12,10.48,8.03,4.92,5.23
2023-10-21,3.07,10.34,7.97,4.76,4.96
2023-10-22,3.15,10.26,7.88,4.71,4.9
2023-10-23,3.44,10.12,7.76,4.61,4.75
2023-10-24,3.42,10.14,7.58,4.45,4.58
2023-10-25,3.37,9.96,7.52,4.32,4.43
2023-10-26,3.38,10.08,7.55,4.27,4.33
2023-10-27,3.36,10.02,7.41,4.28,4.43
2023-10-28,3.06,10.2,7.33,4.18,4.23
2023-10-29,2.86,10.14,7.19,4.06,4.18
2023-10-30,2.96,10.1,7.25,4.0,4.02
2023-10-31,3.15,9.6,7.24,4.04,4.08
2023-11-01,3.29,9.92,7.81,5.34,4.63
2023-11-02,3.25,9.96,7.79,5.51,4.75
2023-11-03,3.12,9.82,7.46,5.38,4.75
2023-11-04,3.07,9.74,7.42,5.03,4.45
2023-11-05,2.99,9.66,7.3,4.95,4.33
2023-11-06,2.71,9.8,7.09,4.92,4.18
2023-11-07,2.26,9.72,6.89,4.76,4.03
2023-11-08,2.24,9.54,6.9,4.6,3.83
2023-11-09,2.26,9.12,6.79,4.59,3.78
2023-11-10,2.19,8.8,6.55,4.48,3.72
2023-11-11,2.12,8.8,6.15,4.28,3.56
2023-11-12,2.37,8.92,5.92,3.92,3.24
2023-11-13,2.25,9.06,5.76,3.65,2.92
2023-11-14,2.19,9.18,5.67,3.49,2.65
2023-11-15,2.18,9.22,5.63,3.41,2.55
2023-11-16,2.15,9.16,5.7,3.37,2.48
2023-11-17,2.1,9.04,5.71,3.42,2.51
2023-11-18,2.13,8.9,5.7,3.43,2.56
2023-11-19,2.09,8.74,5.67,3.43,2.52
2023-11-20,2.18,9.0,5.39,3.39,2.51
2023-11-21,2.41,9.1,4.9,3.19,2.34
2023-11-22,2.5,9.04,5.18,2.85,2.1
2023-11-23,2.5,8.86,5.34,2.9,1.96
2023-11-24,2.48,8.98,5.46,3.12,2.14
2023-11-25,2.43,9.06,5.55,3.19,2.22
2023-11-26,2.47,9.06,5.53,3.27,2.31
2023-11-27,2.25,9.1,5.49,3.26,2.32
2023-11-28,1.91,9.14,5.47,3.22,2.3
2023-11-29,1.84,9.16,5.45,3.2,2.26
2023-11-30,1.84,8.8,5.41,3.18,2.27
2023-12-01,1.86,8.78,5.35,3.15,2.24
2023-12-02,1.9,8.66,5.05,3.12,2.19
2023-12-03,2.1,8.72,4.75,3.04,2.18
2023-12-04,1.93,8.94,4.65,2.73,1.9
2023-12-05,1.79,9.02,4.46,2.66,1.73
2023-12-06,1.8,9.16,4.66,2.46,1.6
2023-12-07,1.78,9.12,4.75,2.52,1.56
2023-12-08,1.9,9.02,4.78,2.63,1.7
2023-12-09,1.86,8.74,4.84,2.58,1.77
2023-12-10,1.85,8.64,4.88,2.55,1.82
2023-12-11,1.87,8.64,4.78,2.5,1.82
2023-12-12,1.84,8.66,4.62,2.72,1.82
2023-12-13,1.82,8.6,4.49,2.61,1.72
2023-12-14,1.82,8.64,4.5,2.15,1.58
2023-12-15,1.82,8.58,4.44,2.09,1.52
2023-12-16,1.82,8.72,4.34,2.14,1.51
2023-12-17,1.8,8.64,4.3,1.83,1.45
2023-12-18,1.91,8.86,4.39,1.98,1.4
2023-12-19,1.83,8.78,4.22,2.0,1.4
2023-12-20,2.12,8.68,4.22,1.82,1.4
2023-12-21,2.33,8.58,4.2,1.81,1.31
2023-12-22,2.23,8.64,4.37,1.77,1.31
2023-12-23,2.19,8.82,4.34,1.62,1.41
2023-12-24,2.22,9.0,4.34,1.61,1.44
2023-12-25,2.01,9.14,4.46,1.61,1.4
2023-12-26,1.86,9.08,4.52,1.64,1.42
2023-12-27,1.95,9.06,4.59,1.63,1.5
2023-12-28,1.95,9.0,4.59,1.62,1.55
2023-12-29,2.03,8.64,4.51,1.64,1.6
2023-12-30,2.0,8.68,4.49,1.68,1.58
2023-12-31,1.91,8.7,4.26,1.64,1.53
2024-01-01,2.72,9.54,5.36,3.14,2.16
2024-01-02,2.4,9.46,5.33,3.21,2.15
2024-01-03,2.07,9.42,5.42,3.16,2.06
2024-01-04,1.99,9.4,5.35,3.18,2.08
2024-01-05,2.08,9.4,5.33,3.15,2.08
2024-01-06,2.28,9.44,5.35,3.12,2.05
2024-01-07,2.68,9.46,4.84,3.1,2.04
2024-01-08,2.9,9.46,4.52,2.92,1.88
2024-01-09,2.87,9.42,4.05,2.58,1.55
2024-01-10,2.66,9.4,4.12,2.28,1.27
2024-01-11,2.27,9.4,4.92,2.2,1.1
2024-01-12,2.22,9.42,5.16,2.25,1.3
2024-01-13,2.32,9.38,5.21,2.3,1.85
2024-01-14,2.4,9.38,5.06,2.42,1.93
2024-01-15,2.11,9.36,4.91,2.26,1.9
2024-01-16,2.04,9.4,4.72,2.13,1.8
2024-01-17,2.2,9.4,4.64,2.26,1.65
2024-01-18,2.33,9.44,4.54,2.18,1.5
2024-01-19,2.29,9.42,4.52,2.13,1.48
2024-01-20,2.13,9.38,4.62,2.1,1.43
2024-01-21,2.14,9.36,4.43,2.04,1.44
2024-01-22,2.43,9.4,4.39,2.09,1.44
2024-01-23,2.55,9.38,4.28,2.0,1.36
2024-01-24,2.55,9.36,4.26,1.92,1.28
2024-01-25,2.33,9.34,4.4,1.88,1.24
2024-01-26,2.17,9.42,4.52,1.86,1.26
2024-01-27,1.99,9.36,4.69,1.8,1.35
2024-01-28,2.0,9.38,4.8,1.86,1.45
2024-01-29,2.0,9.34,4.6,1.92,1.58
2024-01-30,2.34,9.38,4.46,1.82,1.51
2024-01-31,2.15,9.36,4.4,1.76,1.43
2024-02-01,1.91,9.32,4.37,1.7,1.36
2024-02-02,1.89,9.36,4.27,1.66,1.33
2024-02-03,0.0,0.0,0.0,0.0,0.0
2024-02-04,2.1,9.38,4.0,1.52,1.23
2024-02-05,2.36,9.36,4.07,1.41,1.12
2024-02-06,2.68,9.34,3.95,1.44,1.08
2024-02-07,2.78,9.38,3.94,1.46,1.1
2024-02-08,2.6,9.34,4.12,1.41,1.05
2024-02-09,1.99,9.34,4.22,1.36,1.14
2024-02-10,1.8,9.38,4.35,1.5,1.17
2024-02-11,1.78,9.36,4.7,1.62,1.26
2024-02-12,1.78,9.32,4.7,1.84,1.45
2024-02-13,1.77,9.34,4.46,1.96,1.66
2024-02-14,0.0,0.0,0.0,0.0,0.0
2024-02-15,0.0,0.0,0.0,0.0,0.0
2024-02-16,0.0,0.0,0.0,0.0,0.0
2024-02-17,0.0,0.0,0.0,0.0,0.0
2024-02-18,1.73,9.38,3.53,0.96,0.8
2024-02-19,1.73,9.36,3.55,0.88,0.78
2024-02-20,1.72,9.34,3.6,0.95,0.78
2024-02-21,1.72,9.36,3.59,0.97,0.78
2024-02-22,1.72,9.36,3.62,1.0,0.78
2024-02-23,1.76,9.36,3.64,1.01,0.82
2024-02-24,2.21,9.34,3.62,0.89,0.85
2024-02-25,2.69,9.36,3.55,0.85,0.85
2024-02-26,3.0,9.38,3.6,0.83,0.83
2024-02-27,3.07,9.38,3.71,0.8,0.8
2024-02-28,3.06,9.3,3.0,0.97,0.88
2024-03-01,3.0,9.28,4.65,1.04,0.96
2024-03-02,3.0,9.26,5.19,1.19,1.25
2024-03-03,3.17,9.28,5.35,1.6,1.7
2024-03-04,3.02,0.0,5.53,0.0,1.93
2024-03-05,0.0,0.0,0.0,0.0,0.0
2024-03-06,3.01,0.0,5.44,0.0,2.2
2024-03-07,2.89,0.0,5.4,0.0,2.12
2024-03-08,2.87,0.0,5.36,0.0,2.1
2024-03-09,3.01,0.0,5.4,0.0,2.2
2024-03-10,2.92,0.0,5.45,0.0,2.13
2024-03-11,2.83,9.24,5.39,2.39,2.06
2024-03-12,2.87,9.26,5.37,2.36,2.06
2024-03-13,2.99,9.28,5.37,2.33,2.03
2024-03-14,2.98,9.24,5.37,2.37,2.03
2024-03-15,3.0,9.26,5.3,2.38,2.05
2024-03-16,2.97,9.26,5.3,2.33,2.0
2024-03-17,3.1,9.28,5.39,2.31,1.96
2024-03-18,3.2,9.26,5.58,2.37,1.92
2024-03-19,3.29,9.28,5.6,2.49,2.13
2024-03-20,3.16,9.26,5.47,2.59,2.24
2024-03-21,3.05,9.24,5.56,2.62,2.15
2024-03-22,3.0,9.28,5.8,2.74,2.13
2024-03-23,2.88,9.26,5.96,2.97,2.32
2024-03-24,2.6,9.28,5.89,3.07,2.48
2024-03-25,2.45,0.0,5.46,0.0,2.53
2024-03-26,2.64,0.0,5.34,0.0,2.4
2024-03-27,2.81,0.0,5.2,0.0,2.2
2024-03-28,3.0,0.0,5.07,0.0,2.06
2024-03-29,3.18,0.0,4.82,0.0,1.98
2024-03-30,2.95,0.0,4.8,0.0,1.76
2024-03-31,2.85,0.0,5.1,0.0,1.68
2024-04-01,2.76,9.24,5.2,2.27,1.8
2024-04-02,2.83,9.28,5.43,2.33,1.86
2024-04-03,3.17,9.26,5.51,2.51,2.06
2024-04-04,3.21,9.26,5.37,2.88,2.24
2024-04-05,3.23,9.26,5.32,2.9,2.2
2024-04-06,3.0,9.26,5.43,2.93,2.12
2024-04-07,2.87,9.28,5.52,2.94,2.15
2024-04-08,2.96,0.0,5.46,0.0,2.25
2024-04-09,2.79,0.0,5.65,0.0,2.25
2024-04-10,2.32,0.0,5.56,0.0,2.35
2024-04-11,2.17,0.0,5.45,0.0,2.38
2024-04-12,2.19,0.0,5.45,0.0,2.28
2024-04-13,2.21,0.0,5.32,0.0,2.25
2024-04-14,2.31,0.0,5.02,0.0,2.18
2024-04-15,2.38,9.28,4.42,3.33,2.05
2024-04-16,2.33,9.26,4.4,3.39,1.66
2024-04-17,2.25,9.26,4.56,3.42,1.43
2024-04-18,2.21,9.26,4.66,3.5,1.45
2024-04-19,2.2,9.26,4.68,3.57,1.55
2024-04-20,2.23,9.22,4.65,3.59,1.6
2024-04-21,2.47,9.24,4.7,3.62,1.6
2024-04-22,2.55,9.26,4.5,3.66,1.63
2024-04-23,2.63,9.28,4.55,3.56,1.56
2024-04-24,2.59,9.26,4.6,3.53,1.48
2024-04-25,2.6,9.26,4.67,3.56,1.53
2024-04-26,2.48,9.26,4.75,3.6,1.56
2024-04-27,2.4,9.28,4.97,3.66,1.63
2024-04-28,2.31,9.26,4.9,3.83,1.72
2024-04-29,2.22,9.3,4.95,4.04,1.84
2024-04-30,2.27,9.28,4.95,4.01,1.84
2024-05-01,2.36,9.26,4.95,3.95,1.83
2024-05-02,2.34,9.26,4.85,3.99,1.84
2024-05-03,2.25,9.24,4.65,3.95,1.83
2024-05-04,2.29,9.26,4.52,3.69,1.72
2024-05-05,2.33,9.28,4.58,3.59,1.57
2024-05-06,2.31,9.26,4.55,3.52,1.48
2024-05-07,2.24,9.24,4.58,3.5,1.53
2024-05-08,2.19,9.28,4.85,3.53,1.53
2024-05-09,2.1,9.26,4.84,3.65,1.62
2024-05-10,2.07,9.24,4.6,3.61,1.74
2024-05-11,2.27,9.26,4.53,3.64,1.65
2024-05-12,2.26,9.3,4.58,3.84,1.54
2024-05-13,2.14,0.0,4.35,0.0,1.53
2024-05-14,2.16,0.0,4.45,0.0,1.46
2024-05-15,2.2,0.0,4.65,0.0,1.42
2024-05-16,2.32,0.0,4.9,0.0,1.53
2024-05-17,2.28,0.0,4.86,0.0,1.66
2024-05-18,2.3,0.0,4.84,0.0,1.78
2024-05-19,2.35,0.0,4.71,0.0,1.78
2024-05-20,2.39,9.19,4.95,3.84,1.73
2024-05-21,2.53,9.1,5.1,3.9,1.73
2024-05-22,2.66,9.28,5.2,4.08,1.92
2024-05-23,2.53,9.29,5.16,4.16,1.98
2024-05-24,2.51,9.19,5.5,4.22,2.12
2024-05-25,2.88,9.45,6.08,4.5,2.32
2024-05-26,2.72,9.43,6.0,4.57,3.02
2024-05-27,2.7,9.22,6.28,5.12,3.18
2024-05-28,2.69,9.51,6.61,5.37,3.34
2024-05-29,2.58,9.61,6.46,5.44,3.82
2024-05-30,2.38,9.6,6.32,5.2,3.76
2024-05-31,2.42,9.5,6.38,5.09,3.56
2024-06-01,12.8,18.0,16.0,12.5,12.2
2024-06-02,12.8,18.0,16.0,12.5,12.2
2024-06-03,12.8,18.0,16.0,12.5,12.2
2024-06-04,12.8,18.0,16.0,12.5,12.2
2024-06-05,12.8,18.0,16.0,12.5,12.2
2024-06-06,12.8,18.0,16.0,12.5,12.2
2024-06-07,12.8,18.0,16.0,12.5,12.2
2024-06-08,12.8,18.0,16.0,12.5,12.2
2024-06-09,12.8,18.0,16.0,12.5,12.2
2024-06-10,12.8,18.0,16.0,12.5,12.2
2024-06-11,12.8,18.0,16.0,12.5,12.2
2024-06-12,12.8,18.0,16.0,12.5,12.2
2024-06-13,12.8,18.0,16.0,12.5,12.2
2024-06-14,12.8,18.0,16.0,12.5,12.2
2024-06-15,12.8,18.0,16.0,12.5,12.2
2024-06-16,12.8,18.0,16.0,12.5,12.2
2024-06-17,12.8,18.0,16.0,12.5,12.2
2024-06-18,12.8,18.0,16.0,12.5,12.2
2024-06-19,12.8,18.0,16.0,12.5,12.2
2024-06-20,12.8,18.0,16.0,12.5,12.2
2024-06-21,12.8,18.0,16.0,12.5,12.2
2024-06-22,12.8,18.0,16.0,12.5,12.2
2024-06-23,12.8,18.0,16.0,12.5,12.2
2024-06-24,12.8,18.0,16.0,12.5,12.2
2024-06-25,12.8,18.0,16.0,12.5,12.2
2024-06-26,12.8,18.0,16.0,12.5,12.2
2024-06-27,12.8,18.0,16.0,12.5,12.2
2024-06-28,12.8,18.0,16.0,12.5,12.2
2024-06-29,12.8,18.0,16.0,12.5,12.2
2024-06-30,12.8,18.0,16.0,12.5,12.2
2024-07-01,12.8,18.0,16.0,12.5,12.2
2024-07-02,12.8,18.0,16.0,12.5,12.2
2024-07-03,12.8,18.0,16.0,12.5,12.2
2024-07-04,12.8,18.0,16.0,12.5,12.2
2024-07-05,12.8,18.0,16.0,12.5,12.2
2024-07-06,12.8,18.0,16.0,12.5,12.2
2024-07-07,12.8,18.0,16.0,12.5,12.2
2024-07-08,12.8,18.0,16.0,12.5,12.2
2024-07-09,12.8,18.0,16.0,12.5,12.2
2024-07-10,12.8,18.0,16.0,12.5,12.2
2024-07-11,12.8,18.0,16.0,12.5,12.2
2024-07-12,12.8,18.0,16.0,12.5,12.2
2024-07-13,12.8,18.0,16.0,12.5,12.2
2024-07-14,12.8,18.0,16.0,12.5,12.2
2024-07-15,12.8,18.0,16.0,12.5,12.2
2024-07-16,12.8,18.0,16.0,12.5,12.2
2024-07-17,12.8,18.0,16.0,12.5,12.2
2024-07-18,12.8,18.0,16.0,12.5,12.2
2024-07-19,12.8,18.0,16.0,12.5,12.2
2024-07-20,12.8,18.0,16.0,12.5,12.2
2024-07-21,12.8,18.0,16.0,12.5,12.2
2024-07-22,12.8,18.0,16.0,12.5,12.2
2024-07-23,12.8,18.0,16.0,12.5,12.2
2024-07-24,12.8,18.0,16.0,12.5,12.2
2024-07-25,12.8,18.0,16.0,12.5,12.2
2024-07-26,12.8,18.0,16.0,12.5,12.2
2024-07-27,12.8,18.0,16.0,12.5,12.2
2024-07-28,12.8,18.0,16.0,12.5,12.2
2024-07-29,12.8,18.0,16.0,12.5,12.2
2024-07-30,12.8,18.0,16.0,12.5,12.2
2024-07-31,12.8,18.0,16.0,12.5,12.2
2024-08-01,12.8,18.0,16.0,12.5,12.2
2024-08-02,12.8,18.0,16.0,12.5,12.2
2024-08-03,12.8,18.0,16.0,12.5,12.2
2024-08-04,12.8,18.0,16.0,12.5,12.2
2024-08-05,12.8,18.0,16.0,12.5,12.2
2024-08-06,12.8,18.0,16.0,12.5,12.2
2024-08-07,12.8,18.0,16.0,12.5,12.2
2024-08-08,12.8,18.0,16.0,12.5,12.2
2024-08-09,12.8,18.0,16.0,12.5,12.2
2024-08-10,12.8,18.0,16.0,12.5,12.2
2024-08-11,12.8,18.0,16.0,12.5,12.2
2024-08-12,12.8,18.0,16.0,12.5,12.2
2024-08-13,12.8,18.0,16.0,12.5,12.2
2024-08-14,12.8,18.0,16.0,12.5,12.2
2024-08-15,12.8,18.0,16.0,12.5,12.2
2024-08-16,12.8,18.0,16.0,12.5,12.2
2024-08-17,12.8,18.0,16.0,12.5,12.2
2024-08-18,12.8,18.0,16.0,12.5,12.2
2024-08-19,12.8,18.0,16.0,12.5,12.2
2024-08-20,12.8,18.0,16.0,12.5,12.2
2024-08-21,12.8,18.0,16.0,12.5,12.2
2024-08-22,12.8,18.0,16.0,12.5,12.2
2024-08-23,12.8,18.0,16.0,12.5,12.2
2024-08-24,12.8,18.0,16.0,12.5,12.2
2024-08-25,12.8,18.0,16.0,12.5,12.2
2024-08-26,12.8,18.0,16.0,12.5,12.2
2024-08-27,12.8,18.0,16.0,12.5,12.2
2024-08-28,12.8,18.0,16.0,12.5,12.2
2024-08-29,12.8,18.0,16.0,12.5,12.2
2024-08-30,12.8,18.0,16.0,12.5,12.2
2024-08-31,12.8,18.0,16.0,12.5,12.2
2024-09-01,12.8,18.0,16.0,12.5,12.2
2024-09-02,12.8,18.0,16.0,12.5,12.2
2024-09-03,12.8,18.0,16.0,12.5,12.2
2024-09-04,12.8,18.0,16.0,12.5,12.2
2024-09-05,12.8,18.0,16.0,12.5,12.2
2024-09-06,12.8,18.0,16.0,12.5,12.2
2024-09-07,12.8,18.0,16.0,12.5,12.2
2024-09-08,12.8,18.0,16.0,12.5,12.2
2024-09-09,12.8,18.0,16.0,12.5,12.2
2024-09-10,12.8,18.0,16.0,12.5,12.2
2024-09-11,12.8,18.0,16.0,12.5,12.2
2024-09-12,12.8,18.0,16.0,12.5,12.2
2024-09-13,12.8,18.0,16.0,12.5,12.2
2024-09-14,12.8,18.0,16.0,12.5,12.2
2024-09-15,12.8,18.0,16.0,12.5,12.2
2024-09-16,12.8,18.0,16.0,12.5,12.2
2024-09-17,12.8,18.0,16.0,12.5,12.2
2024-09-18,12.8,18.0,16.0,12.5,12.2
2024-09-19,12.8,18.0,16.0,12.5,12.2
2024-09-20,12.8,18.0,16.0,12.5,12.2
2024-09-21,12.8,18.0,16.0,12.5,12.2
2024-09-22,12.8,18.0,16.0,12.5,12.2
2024-09-23,12.8,18.0,16.0,12.5,12.2
2024-09-24,12.8,18.0,16.0,12.5,12.2
2024-09-25,12.8,18.0,16.0,12.5,12.2
2024-09-26,12.8,18.0,16.0,12.5,12.2
2024-09-27,12.8,18.0,16.0,12.5,12.2
2024-09-28,12.8,18.0,16.0,12.5,12.2
2024-09-29,12.8,18.0,16.0,12.5,12.2
2024-09-30,12.8,18.0,16.0,12.5,12.2
2024-10-01,12.8,18.0,16.0,12.5,12.2
2024-10-02,12.8,18.0,16.0,12.5,12.2
2024-10-03,12.8,18.0,16.0,12.5,12.2
2024-10-04,12.8,18.0,16.0,12.5,12.2
2024-10-05,12.8,18.0,16.0,12.5,12.2
2024-10-06,12.8,18.0,16.0,12.5,12.2
2024-10-07,12.8,18.0,16.0,12.5,12.2
2024-10-08,12.8,18.0,16.0,12.5,12.2
2024-10-09,12.8,18.0,16.0,12.5,12.2
2024-10-10,12.8,18.0,16.0,12.5,12.2
2024-10-11,12.8,18.0,16.0,12.5,12.2
2024-10-12,12.8,18.0,16.0,12.5,12.2
2024-10-13,12.8,18.0,16.0,12.5,12.2
2024-10-14,12.8,18.0,16.0,12.5,12.2
2024-10-15,12.8,18.0,16.0,12.5,12.2
2024-10-16,12.8,18.0,16.0,12.5,12.2
2024-10-17,12.8,18.0,16.0,12.5,12.2
2024-10-18,12.8,18.0,16.0,12.5,12.2
2024-10-19,12.8,18.0,16.0,12.5,12.2
2024-10-20,12.8,18.0,16.0,12.5,12.2
2024-10-21,12.8,18.0,16.0,12.5,12.2
2024-10-22,12.8,18.0,16.0,12.5,12.2
2024-10-23,12.8,18.0,16.0,12.5,12.2
2024-10-24,12.8,18.0,16.0,12.5,12.2
2024-10-25,12.8,18.0,16.0,12.5,12.2
2024-10-26,12.8,18.0,16.0,12.5,12.2
2024-10-27,12.8,18.0,16.0,12.5,12.2
2024-10-28,12.8,18.0,16.0,12.5,12.2
2024-10-29,12.8,18.0,16.0,12.5,12.2
2024-10-30,12.8,18.0,16.0,12.5,12.2
2024-10-31,12.8,18.0,16.0,12.5,12.2
2024-11-01,3.22,9.54,6.94,4.02,4.03
2024-11-02,3.23,9.68,6.6,3.98,3.83
2024-11-03,3.12,9.7,6.58,3.74,3.53
2024-11-04,3.05,9.78,6.46,3.65,3.43
2024-11-05,3.02,9.7,6.67,3.56,3.32
2024-11-06,2.99,9.74,6.83,3.76,3.36
2024-11-07,3.04,9.68,6.77,3.93,3.62
2024-11-08,3.31,9.74,6.58,3.85,3.62
2024-11-09,3.67,9.64,6.52,3.77,3.44
2024-11-10,4.07,9.7,6.35,3.73,3.35
2024-11-11,3.96,9.64,6.61,3.68,3.16
2024-11-12,3.76,9.68,6.58,3.85,3.33
2024-11-13,3.15,9.66,7.26,3.87,3.35
2024-11-14,2.84,9.64,7.52,3.9,3.78
2024-11-15,0.0,0.0,0.0,0.0,0.0
2024-11-16,0.0,0.0,0.0,0.0,0.0
2024-11-17,0.0,0.0,0.0,0.0,0.0
2024-11-18,0.0,0.0,0.0,0.0,0.0
2024-11-19,2.59,9.7,6.1,3.7,3.15
2024-11-20,2.91,9.66,6.02,3.47,2.95
2024-11-21,3.07,9.74,5.79,3.32,2.83
2024-11-22,3.04,9.7,5.77,3.14,2.65
2024-11-23,2.95,9.5,5.84,3.05,2.53
2024-11-24,2.97,9.54,6.14,3.12,2.57
2024-11-25,2.79,9.56,6.25,3.37,2.78
2024-11-26,2.5,9.52,6.2,3.53,2.95
2024-11-27,2.39,9.56,6.0,3.45,2.98
2024-11-28,2.39,9.5,5.87,3.3,2.81
2024-11-29,2.42,9.54,5.72,3.18,2.66
2024-11-30,2.44,9.58,5.78,3.12,2.5
2024-12-01,2.39,9.54,5.52,3.08,2.5
2024-12-02,2.43,9.58,5.32,3.03,2.42
2024-12-03,2.42,9.54,5.28,3.01,2.18
2024-12-04,2.37,9.58,5.3,2.95,2.06
2024-12-05,2.32,9.54,5.4,2.98,2.06
2024-12-06,2.49,9.58,5.36,3.03,2.15
2024-12-07,2.8,9.6,5.29,2.99,2.13
2024-12-08,3.04,9.56,5.17,2.96,2.1
2024-12-09,3.24,9.58,5.16,2.88,2.03
2024-12-10,3.07,9.62,5.17,2.82,1.95
2024-12-11,2.79,9.66,5.31,2.8,1.95
2024-12-12,2.36,9.62,5.85,2.96,2.02
2024-12-13,2.18,9.6,6.02,3.39,2.36
2024-12-14,2.47,9.52,5.88,3.59,2.66
2024-12-15,2.87,9.5,5.75,3.45,2.65
2024-12-16,3.3,9.56,5.45,3.2,2.42
2024-12-17,3.25,9.56,5.05,3.0,2.16
2024-12-18,3.07,9.64,5.08,2.81,1.95
2024-12-19,2.96,9.54,5.76,2.71,1.85
2024-12-20,2.93,9.4,6.05,3.21,2.15
2024-12-21,2.82,9.44,6.04,3.57,2.66
2024-12-22,2.43,9.46,5.84,3.49,2.75
2024-12-23,2.42,9.46,5.68,3.46,2.62
2024-12-24,2.73,9.5,5.56,3.31,2.45
2024-12-25,2.81,9.54,5.65,3.24,2.3
2024-12-26,2.83,9.5,5.56,3.29,2.32
2024-12-27,2.8,9.56,5.38,3.22,2.26
2024-12-28,0.0,0.0,0.0,0.0,0.0
2024-12-29,0.0,0.0,0.0,0.0,0.0
2024-12-30,0.0,0.0,0.0,0.0,0.0
2024-12-31,2.73,9.56,5.48,3.09,2.13
