date_gmt,AVG
2007-01-01,4.38
2007-01-02,4.35
2007-01-03,4.27
2007-01-04,4.26
2007-01-05,4.2
2007-01-06,4.16
2007-01-07,4.02
2007-01-08,3.96
2007-01-09,3.96
2007-01-10,3.97
2007-01-11,3.9
2007-01-12,3.88
2007-01-13,3.88
2007-01-14,3.88
2007-01-15,3.92
2007-01-16,3.81
2007-01-17,3.73
2007-01-18,3.88
2007-01-19,3.9
2007-01-20,3.92
2007-01-21,3.88
2007-01-22,3.91
2007-01-23,3.8
2007-01-24,3.72
2007-01-25,3.67
2007-01-26,3.71
2007-01-27,3.84
2007-01-28,3.87
2007-01-29,4.02
2007-01-30,4.12
2007-01-31,4.17
2007-02-01,4.18
2007-02-02,4.7
2007-02-03,4.8
2007-02-04,4.78
2007-02-05,4.68
2007-02-06,4.44
2007-02-07,4.16
2007-02-08,4.08
2007-02-09,3.97
2007-02-10,3.92
2007-02-11,3.78
2007-02-12,3.7
2007-02-13,3.64
2007-02-14,3.55
2007-02-15,3.48
2007-02-16,3.44
2007-02-17,3.46
2007-02-18,3.55
2007-02-19,3.62
2007-02-20,3.67
2007-02-21,3.77
2007-02-22,3.68
2007-02-23,3.77
2007-02-24,3.81
2007-02-25,3.7
2007-02-26,3.7
2007-02-27,3.66
2007-02-28,3.46
2007-03-01,3.3
2007-03-02,3.43
2007-03-03,3.62
2007-03-04,3.63
2007-03-05,3.55
2007-03-06,3.44
2007-03-07,3.48
2007-03-08,3.45
2007-03-09,3.48
2007-03-10,3.65
2007-03-11,3.71
2007-03-12,3.67
2007-03-13,3.67
2007-03-14,3.56
2007-03-15,3.48
2007-03-16,3.4
2007-03-17,3.31
2007-03-18,3.54
2007-03-19,3.56
2007-03-20,3.59
2007-03-21,3.43
2007-03-22,3.35
2007-03-23,3.36
2007-03-24,3.3
2007-03-25,3.32
2007-03-26,3.31
2007-03-27,3.48
2007-03-28,3.66
2007-03-29,3.76
2007-03-30,3.7
2007-03-31,3.65
2007-04-01,3.58
2007-04-02,3.54
2007-04-03,3.51
2007-04-04,3.52
2007-04-05,3.5
2007-04-06,3.74
2007-04-07,3.65
2007-04-08,3.7
2007-04-09,3.56
2007-04-10,3.38
2007-04-11,3.18
2007-04-12,3.0
2007-04-13,2.96
2007-04-14,2.9
2007-04-15,2.99
2007-04-16,3.17
2007-04-17,3.35
2007-04-18,3.51
2007-04-19,3.68
2007-04-20,3.74
2007-04-21,3.68
2007-04-22,3.66
2007-04-23,3.47
2007-04-24,3.37
2007-04-25,3.23
2007-04-26,3.32
2007-04-27,3.56
2007-04-28,3.68
2007-04-29,3.96
2007-04-30,4.02
2007-05-01,4.08
2007-05-02,4.28
2007-05-03,4.38
2007-05-04,4.2
2007-05-05,4.01
2007-05-06,3.92
2007-05-07,4.2
2007-05-08,4.84
2007-05-09,5.36
2007-05-10,5.5
2007-05-11,5.6
2007-05-12,5.24
2007-05-13,4.52
2007-05-14,4.6
2007-05-15,4.75
2007-05-16,4.52
2007-05-17,4.63
2007-05-18,4.7
2007-05-19,4.72
2007-05-20,4.94
2007-05-21,5.14
2007-05-22,5.52
2007-05-23,5.79
2007-05-24,5.9
2007-05-25,5.65
2007-05-26,5.38
2007-05-27,5.54
2007-05-28,5.38
2007-05-29,4.87
2007-05-30,4.42
2007-05-31,4.3
2007-06-01,4.62
2007-06-02,5.5
2007-06-03,6.3
2007-06-04,6.83
2007-06-05,6.96
2007-06-06,7.21
2007-06-07,7.2
2007-06-08,7.16
2007-06-09,7.08
2007-06-10,7.03
2007-06-11,7.16
2007-06-12,7.46
2007-06-13,7.57
2007-06-14,7.8
2007-06-15,8.54
2007-06-16,9.3
2007-06-17,8.74
2007-06-18,8.42
2007-06-19,8.04
2007-06-20,7.64
2007-06-21,7.46
2007-06-22,8.07
2007-06-23,8.58
2007-06-24,8.28
2007-06-25,7.82
2007-06-26,7.34
2007-06-27,7.6
2007-06-28,7.54
2007-06-29,8.56
2007-06-30,9.6
2007-07-01,9.2
2007-07-02,8.84
2007-07-03,8.6
2007-07-04,8.88
2007-07-05,8.87
2007-07-06,8.7
2007-07-07,9.14
2007-07-08,10.36
2007-07-09,11.25
2007-07-10,11.75
2007-07-11,11.7
2007-07-12,10.98
2007-07-13,10.19
2007-07-14,9.89
2007-07-15,9.7
2007-07-16,10.2
2007-07-17,10.38
2007-07-18,12.84
2007-07-19,13.6
2007-07-20,13.9
2007-07-21,14.45
2007-07-22,14.3
2007-07-23,13.75
2007-07-24,13.24
2007-07-25,13.36
2007-07-26,14.05
2007-07-27,14.1
2007-07-28,14.42
2007-07-29,14.74
2007-07-30,14.8
2007-07-31,14.98
2007-08-01,15.1
2007-08-02,15.14
2007-08-03,15.21
2007-08-04,14.96
2007-08-05,14.46
2007-08-06,14.42
2007-08-07,14.5
2007-08-08,15.26
2007-08-09,16.86
2007-08-10,18.32
2007-08-11,19.07
2007-08-12,20.22
2007-08-13,20.38
2007-08-14,19.96
2007-08-15,19.24
2007-08-16,17.92
2007-08-17,16.56
2007-08-18,15.58
2007-08-19,15.36
2007-08-20,14.82
2007-08-21,15.14
2007-08-22,15.24
2007-08-23,14.9
2007-08-24,14.41
2007-08-25,14.09
2007-08-26,13.58
2007-08-27,13.08
2007-08-28,13.06
2007-08-29,13.11
2007-08-30,13.0
2007-08-31,13.36
2007-09-01,13.86
2007-09-02,14.56
2007-09-03,14.04
2007-09-04,13.72
2007-09-05,13.98
2007-09-06,14.84
2007-09-07,15.22
2007-09-08,15.27
2007-09-09,15.2
2007-09-10,15.28
2007-09-11,15.24
2007-09-12,14.76
2007-09-13,14.1
2007-09-14,13.52
2007-09-15,12.5
2007-09-16,12.14
2007-09-17,12.14
2007-09-18,11.75
2007-09-19,11.5
2007-09-20,11.4
2007-09-21,11.1
2007-09-22,11.0
2007-09-23,10.78
2007-09-24,10.65
2007-09-25,10.5
2007-09-26,10.38
2007-09-27,11.18
2007-09-28,14.0
2007-09-29,12.78
2007-09-30,12.71
2007-10-01,12.62
2007-10-02,12.7
2007-10-03,11.04
2007-10-04,10.62
2007-10-05,10.42
2007-10-06,10.62
2007-10-07,10.48
2007-10-08,10.38
2007-10-09,10.4
2007-10-10,10.28
2007-10-11,10.05
2007-10-12,10.0
2007-10-13,9.8
2007-10-14,9.6
2007-10-15,9.48
2007-10-16,9.35
2007-10-17,9.1
2007-10-18,9.2
2007-10-19,8.88
2007-10-20,8.7
2007-10-21,8.62
2007-10-22,8.52
2007-10-23,8.26
2007-10-24,8.38
2007-10-25,8.98
2007-10-26,9.05
2007-10-27,8.92
2007-10-28,8.9
2007-10-29,8.84
2007-10-30,8.88
2007-10-31,8.86
2007-11-01,8.45
2007-11-02,8.5
2007-11-03,8.52
2007-11-04,8.56
2007-11-05,8.72
2007-11-06,9.35
2007-11-07,9.23
2007-11-08,8.42
2007-11-09,7.65
2007-11-10,7.6
2007-11-11,7.4
2007-11-12,7.3
2007-11-13,7.25
2007-11-14,7.2
2007-11-15,7.15
2007-11-16,7.13
2007-11-17,6.98
2007-11-18,6.95
2007-11-19,6.9
2007-11-20,6.92
2007-11-21,6.86
2007-11-22,6.45
2007-11-23,6.4
2007-11-24,6.4
2007-11-25,6.38
2007-11-26,6.3
2007-11-27,6.1
2007-11-28,6.0
2007-11-29,6.04
2007-11-30,5.99
2007-12-01,5.85
2007-12-02,5.74
2007-12-03,5.6
2007-12-04,5.55
2007-12-05,5.56
2007-12-06,5.62
2007-12-07,5.75
2007-12-08,5.9
2007-12-09,5.88
2007-12-10,5.85
2007-12-11,5.72
2007-12-12,5.59
2007-12-13,5.55
2007-12-14,5.43
2007-12-15,5.42
2007-12-16,5.4
2007-12-17,5.38
2007-12-18,5.39
2007-12-19,5.17
2007-12-20,5.1
2007-12-21,5.15
2007-12-22,5.05
2007-12-23,5.0
2007-12-24,4.97
2007-12-25,4.9
2007-12-26,4.82
2007-12-27,4.76
2007-12-28,4.7
2007-12-29,4.6
2007-12-30,4.5
2007-12-31,4.4
2008-01-01,5.12
2008-01-02,5.07
2008-01-03,4.98
2008-01-04,4.9
2008-01-05,4.95
2008-01-06,5.06
2008-01-07,5.06
2008-01-08,5.16
2008-01-09,5.22
2008-01-10,5.19
2008-01-11,5.12
2008-01-12,5.05
2008-01-13,4.97
2008-01-14,4.94
2008-01-15,4.85
2008-01-16,4.81
2008-01-17,4.77
2008-01-18,4.73
2008-01-19,4.79
2008-01-20,4.77
2008-01-21,4.69
2008-01-22,4.5
2008-01-23,4.52
2008-01-24,4.49
2008-01-25,4.42
2008-01-26,4.35
2008-01-27,4.38
2008-01-28,4.4
2008-01-29,4.64
2008-01-30,4.4
2008-01-31,4.3
2008-02-01,4.3
2008-02-02,4.24
2008-02-03,4.2
2008-02-04,4.16
2008-02-05,4.1
2008-02-06,4.16
2008-02-07,4.12
2008-02-08,4.08
2008-02-09,4.1
2008-02-10,4.05
2008-02-11,4.0
2008-02-12,3.92
2008-02-13,3.88
2008-02-14,3.85
2008-02-15,3.8
2008-02-16,3.75
2008-02-17,3.7
2008-02-18,3.65
2008-02-19,3.6
2008-02-20,3.56
2008-02-21,3.5
2008-02-22,3.46
2008-02-23,3.4
2008-02-24,3.35
2008-02-25,3.3
2008-02-26,3.25
2008-02-27,3.5
2008-02-28,3.48
2008-03-01,3.44
2008-03-02,3.4
2008-03-03,3.36
2008-03-04,3.32
2008-03-05,3.31
2008-03-06,3.32
2008-03-07,3.33
2008-03-08,3.29
2008-03-09,3.28
2008-03-10,3.3
2008-03-11,3.31
2008-03-12,3.28
2008-03-13,3.29
2008-03-14,3.27
2008-03-15,3.2
2008-03-16,3.3
2008-03-17,3.3
2008-03-18,3.27
2008-03-19,3.19
2008-03-20,3.19
2008-03-21,3.3
2008-03-22,3.27
2008-03-23,3.27
2008-03-24,3.3
2008-03-25,3.3
2008-03-26,3.27
2008-03-27,3.24
2008-03-28,3.27
2008-03-29,3.3
2008-03-30,3.35
2008-03-31,3.4
2008-04-01,3.42
2008-04-02,3.45
2008-04-03,3.5
2008-04-04,3.6
2008-04-05,3.55
2008-04-06,3.7
2008-04-07,3.8
2008-04-08,3.94
2008-04-09,4.0
2008-04-10,4.1
2008-04-11,4.4
2008-04-12,4.5
2008-04-13,4.5
2008-04-14,4.55
2008-04-15,4.5
2008-04-16,4.4
2008-04-17,4.28
2008-04-18,4.08
2008-04-19,4.0
2008-04-20,3.8
2008-04-21,3.7
2008-04-22,3.75
2008-04-23,3.58
2008-04-24,3.55
2008-04-25,3.76
2008-04-26,4.0
2008-04-27,4.05
2008-04-28,4.0
2008-04-29,3.8
2008-04-30,3.75
2008-05-01,3.66
2008-05-02,3.6
2008-05-03,3.55
2008-05-04,3.56
2008-05-05,3.9
2008-05-06,4.07
2008-05-07,4.0
2008-05-08,4.02
2008-05-09,4.05
2008-05-10,4.0
2008-05-11,3.8
2008-05-12,3.7
2008-05-13,3.6
2008-05-14,3.65
2008-05-15,3.7
2008-05-16,3.84
2008-05-17,4.3
2008-05-18,4.6
2008-05-19,4.95
2008-05-20,5.3
2008-05-21,4.49
2008-05-22,5.45
2008-05-23,5.37
2008-05-24,5.15
2008-05-25,4.8
2008-05-26,4.5
2008-05-27,4.22
2008-05-28,4.09
2008-05-29,4.2
2008-05-30,4.49
2008-05-31,4.75
2008-06-01,4.77
2008-06-02,4.8
2008-06-03,5.0
2008-06-04,5.29
2008-06-05,5.78
2008-06-06,6.08
2008-06-07,6.3
2008-06-08,6.45
2008-06-09,6.6
2008-06-10,6.68
2008-06-11,6.55
2008-06-12,6.35
2008-06-13,6.22
2008-06-14,6.0
2008-06-15,5.9
2008-06-16,5.85
2008-06-17,5.76
2008-06-18,5.68
2008-06-19,5.55
2008-06-20,5.3
2008-06-21,5.18
2008-06-22,5.14
2008-06-23,5.08
2008-06-24,5.02
2008-06-25,4.88
2008-06-26,4.7
2008-06-27,4.73
2008-06-28,5.25
2008-06-29,5.67
2008-06-30,5.77
2008-07-01,6.09
2008-07-02,7.38
2008-07-03,8.18
2008-07-04,8.07
2008-07-05,8.12
2008-07-06,12.04
2008-07-07,13.77
2008-07-08,13.52
2008-07-09,12.56
2008-07-10,11.82
2008-07-11,11.3
2008-07-12,10.64
2008-07-13,9.99
2008-07-14,10.32
2008-07-15,10.13
2008-07-16,10.14
2008-07-17,10.25
2008-07-18,10.23
2008-07-19,10.12
2008-07-20,9.81
2008-07-21,9.46
2008-07-22,9.55
2008-07-23,9.66
2008-07-24,9.6
2008-07-25,9.35
2008-07-26,9.42
2008-07-27,9.09
2008-07-28,8.96
2008-07-29,8.76
2008-07-30,8.56
2008-07-31,8.6
2008-08-01,8.7
2008-08-02,9.0
2008-08-03,9.05
2008-08-04,9.18
2008-08-05,9.15
2008-08-06,9.0
2008-08-07,9.7
2008-08-08,11.1
2008-08-09,11.87
2008-08-10,12.34
2008-08-11,12.12
2008-08-12,11.48
2008-08-13,10.52
2008-08-14,10.52
2008-08-15,10.28
2008-08-16,10.32
2008-08-17,10.34
2008-08-18,11.13
2008-08-19,11.14
2008-08-20,11.1
2008-08-21,11.72
2008-08-22,11.56
2008-08-23,11.45
2008-08-24,11.3
2008-08-25,11.03
2008-08-26,12.06
2008-08-27,12.58
2008-08-28,12.49
2008-08-29,12.06
2008-08-30,11.63
2008-08-31,11.28
2008-09-01,11.0
2008-09-02,11.2
2008-09-03,11.88
2008-09-04,11.98
2008-09-05,11.68
2008-09-06,10.99
2008-09-07,10.5
2008-09-08,10.3
2008-09-09,10.46
2008-09-10,10.44
2008-09-11,10.28
2008-09-12,10.1
2008-09-13,9.9
2008-09-14,9.92
2008-09-15,9.88
2008-09-16,9.62
2008-09-17,9.94
2008-09-18,10.24
2008-09-19,10.18
2008-09-20,10.26
2008-09-21,10.27
2008-09-22,10.18
2008-09-23,10.26
2008-09-24,10.18
2008-09-25,9.9
2008-09-26,9.92
2008-09-27,9.85
2008-09-28,9.96
2008-09-29,9.67
2008-09-30,9.22
2008-10-01,8.96
2008-10-02,8.93
2008-10-03,8.71
2008-10-04,8.46
2008-10-05,7.94
2008-10-06,7.55
2008-10-07,7.43
2008-10-08,7.33
2008-10-09,7.59
2008-10-10,7.75
2008-10-11,7.96
2008-10-12,7.85
2008-10-13,7.78
2008-10-14,7.6
2008-10-15,7.61
2008-10-16,7.37
2008-10-17,7.25
2008-10-18,7.23
2008-10-19,7.12
2008-10-20,7.04
2008-10-21,6.9
2008-10-22,6.98
2008-10-23,6.95
2008-10-24,6.8
2008-10-25,6.8
2008-10-26,7.06
2008-10-27,7.0
2008-10-28,6.57
2008-10-29,6.23
2008-10-30,6.08
2008-10-31,6.1
2008-11-01,8.7
2008-11-02,8.85
2008-11-03,9.38
2008-11-04,10.12
2008-11-05,11.62
2008-11-06,11.5
2008-11-07,11.78
2008-11-08,11.46
2008-11-09,10.8
2008-11-10,10.3
2008-11-11,10.0
2008-11-12,9.7
2008-11-13,9.4
2008-11-14,8.78
2008-11-15,8.55
2008-11-16,8.35
2008-11-17,8.08
2008-11-18,7.98
2008-11-19,7.85
2008-11-20,7.77
2008-11-21,7.6
2008-11-22,7.54
2008-11-23,7.5
2008-11-24,7.35
2008-11-25,7.08
2008-11-26,6.99
2008-11-27,6.94
2008-11-28,6.9
2008-11-29,6.94
2008-11-30,6.9
2008-12-01,6.66
2008-12-02,6.55
2008-12-03,6.45
2008-12-04,6.4
2008-12-05,6.35
2008-12-06,6.31
2008-12-07,6.27
2008-12-08,6.2
2008-12-09,6.3
2008-12-10,6.28
2008-12-11,6.22
2008-12-12,6.13
2008-12-13,6.12
2008-12-14,6.08
2008-12-15,5.97
2008-12-16,5.86
2008-12-17,5.81
2008-12-18,5.7
2008-12-19,5.59
2008-12-20,5.49
2008-12-21,5.45
2008-12-22,5.32
2008-12-23,5.22
2008-12-24,5.14
2008-12-25,5.14
2008-12-26,5.1
2008-12-27,5.04
2008-12-28,5.1
2008-12-29,5.18
2008-12-30,5.22
2008-12-31,5.12
2009-01-01,3.9
2009-01-02,3.68
2009-01-03,3.67
2009-01-04,3.67
2009-01-05,3.66
2009-01-06,3.64
2009-01-07,3.62
2009-01-08,3.6
2009-01-09,3.58
2009-01-10,3.58
2009-01-11,3.64
2009-01-12,3.67
2009-01-13,3.66
2009-01-14,3.58
2009-01-15,3.7
2009-01-16,3.93
2009-01-17,4.11
2009-01-18,3.95
2009-01-19,3.9
2009-01-20,3.93
2009-01-21,4.24
2009-01-22,4.26
2009-01-23,4.37
2009-01-24,4.32
2009-01-25,4.1
2009-01-26,4.13
2009-01-27,4.15
2009-01-28,3.92
2009-01-29,3.89
2009-01-30,3.84
2009-01-31,3.78
2009-02-01,3.67
2009-02-02,3.67
2009-02-03,3.65
2009-02-04,3.6
2009-02-05,3.51
2009-02-06,3.42
2009-02-07,3.34
2009-02-08,3.13
2009-02-09,3.08
2009-02-10,3.06
2009-02-11,3.03
2009-02-12,2.98
2009-02-13,2.7
2009-02-14,2.74
2009-02-15,2.74
2009-02-16,2.65
2009-02-17,2.63
2009-02-18,2.63
2009-02-19,2.6
2009-02-20,2.6
2009-02-21,2.62
2009-02-22,2.62
2009-02-23,2.59
2009-02-24,2.55
2009-02-25,2.53
2009-02-26,2.53
2009-02-27,2.53
2009-02-28,2.48
2009-03-01,2.47
2009-03-02,2.6
2009-03-03,2.6
2009-03-04,2.58
2009-03-05,2.64
2009-03-06,2.65
2009-03-07,2.67
2009-03-08,2.68
2009-03-09,2.86
2009-03-10,2.9
2009-03-11,2.91
2009-03-12,2.91
2009-03-13,2.92
2009-03-14,3.03
2009-03-15,3.32
2009-03-16,3.18
2009-03-17,3.08
2009-03-18,3.11
2009-03-19,3.09
2009-03-20,3.11
2009-03-21,3.02
2009-03-22,3.05
2009-03-23,3.13
2009-03-24,3.11
2009-03-25,2.88
2009-03-26,2.86
2009-03-27,2.89
2009-03-28,2.89
2009-03-29,2.71
2009-03-30,2.58
2009-03-31,2.63
2009-04-01,2.97
2009-04-02,3.16
2009-04-03,3.32
2009-04-04,3.25
2009-04-05,3.28
2009-04-06,3.39
2009-04-07,3.42
2009-04-08,3.41
2009-04-09,3.39
2009-04-10,3.35
2009-04-11,3.32
2009-04-12,3.35
2009-04-13,3.41
2009-04-14,3.42
2009-04-15,3.41
2009-04-16,3.43
2009-04-17,3.52
2009-04-18,3.59
2009-04-19,3.54
2009-04-20,3.45
2009-04-21,3.52
2009-04-22,3.59
2009-04-23,3.67
2009-04-24,3.68
2009-04-25,3.7
2009-04-26,3.89
2009-04-27,3.97
2009-04-28,4.18
2009-04-29,4.26
2009-04-30,4.24
2009-05-01,4.31
2009-05-02,4.27
2009-05-03,4.03
2009-05-04,3.92
2009-05-05,3.96
2009-05-06,3.87
2009-05-07,3.77
2009-05-08,3.68
2009-05-09,3.62
2009-05-10,3.61
2009-05-11,3.66
2009-05-12,3.79
2009-05-13,3.96
2009-05-14,4.0
2009-05-15,3.95
2009-05-16,3.84
2009-05-17,3.86
2009-05-18,4.04
2009-05-19,4.15
2009-05-20,4.12
2009-05-21,3.99
2009-05-22,3.85
2009-05-23,3.81
2009-05-24,3.75
2009-05-25,3.8
2009-05-26,3.95
2009-05-27,4.14
2009-05-28,4.2
2009-05-29,4.34
2009-05-30,4.62
2009-05-31,4.96
2009-06-01,4.97
2009-06-02,4.54
2009-06-03,4.5
2009-06-04,4.78
2009-06-05,5.04
2009-06-06,5.06
2009-06-07,5.14
2009-06-08,5.54
2009-06-09,5.63
2009-06-10,5.43
2009-06-11,5.24
2009-06-12,5.12
2009-06-13,4.82
2009-06-14,4.7
2009-06-15,4.56
2009-06-16,4.39
2009-06-17,4.26
2009-06-18,4.27
2009-06-19,4.4
2009-06-20,4.48
2009-06-21,4.46
2009-06-22,4.62
2009-06-23,4.89
2009-06-24,5.17
2009-06-25,5.44
2009-06-26,5.7
2009-06-27,5.7
2009-06-28,5.64
2009-06-29,5.56
2009-06-30,5.6
2009-07-01,5.64
2009-07-02,5.72
2009-07-03,5.86
2009-07-04,5.89
2009-07-05,5.88
2009-07-06,5.92
2009-07-07,5.8
2009-07-08,5.54
2009-07-09,5.52
2009-07-10,6.14
2009-07-11,6.36
2009-07-12,6.34
2009-07-13,6.15
2009-07-14,5.94
2009-07-15,6.0
2009-07-16,6.02
2009-07-17,6.26
2009-07-18,6.62
2009-07-19,7.9
2009-07-20,8.3
2009-07-21,7.88
2009-07-22,7.88
2009-07-23,8.39
2009-07-24,8.9
2009-07-25,9.6
2009-07-26,10.6
2009-07-27,11.32
2009-07-28,10.96
2009-07-29,10.48
2009-07-30,9.94
2009-07-31,9.48
2009-08-01,9.5
2009-08-02,9.63
2009-08-03,9.95
2009-08-04,10.05
2009-08-05,9.91
2009-08-06,9.93
2009-08-07,10.4
2009-08-08,10.18
2009-08-09,10.08
2009-08-10,9.96
2009-08-11,9.94
2009-08-12,9.98
2009-08-13,10.12
2009-08-14,10.36
2009-08-15,10.32
2009-08-16,10.06
2009-08-17,10.08
2009-08-18,10.94
2009-08-19,11.43
2009-08-20,11.36
2009-08-21,11.69
2009-08-22,11.62
2009-08-23,11.57
2009-08-24,11.3
2009-08-25,10.7
2009-08-26,10.23
2009-08-27,10.73
2009-08-28,11.1
2009-08-29,12.2
2009-08-30,12.72
2009-08-31,12.34
2009-09-01,12.14
2009-09-02,11.66
2009-09-03,11.2
2009-09-04,10.88
2009-09-05,10.54
2009-09-06,9.93
2009-09-07,9.5
2009-09-08,9.14
2009-09-09,8.91
2009-09-10,8.98
2009-09-11,9.34
2009-09-12,9.53
2009-09-13,9.9
2009-09-14,10.32
2009-09-15,10.65
2009-09-16,11.45
2009-09-17,12.34
2009-09-18,12.46
2009-09-19,12.24
2009-09-20,12.0
2009-09-21,11.58
2009-09-22,11.15
2009-09-23,10.83
2009-09-24,10.5
2009-09-25,10.32
2009-09-26,10.02
2009-09-27,10.28
2009-09-28,10.47
2009-09-29,10.74
2009-09-30,10.93
2009-10-01,10.95
2009-10-02,10.92
2009-10-03,10.5
2009-10-04,10.26
2009-10-05,9.9
2009-10-06,9.26
2009-10-07,8.9
2009-10-08,8.68
2009-10-09,8.55
2009-10-10,8.4
2009-10-11,8.34
2009-10-12,8.54
2009-10-13,8.9
2009-10-14,9.65
2009-10-15,9.74
2009-10-16,9.41
2009-10-17,9.12
2009-10-18,8.9
2009-10-19,8.66
2009-10-20,8.52
2009-10-21,8.32
2009-10-22,8.14
2009-10-23,8.28
2009-10-24,8.44
2009-10-25,8.46
2009-10-26,8.38
2009-10-27,8.36
2009-10-28,8.44
2009-10-29,8.3
2009-10-30,8.34
2009-10-31,8.52
2009-11-01,6.1
2009-11-02,6.13
2009-11-03,6.23
2009-11-04,6.34
2009-11-05,6.52
2009-11-06,6.52
2009-11-07,6.32
2009-11-08,6.07
2009-11-09,6.73
2009-11-10,5.5
2009-11-11,5.32
2009-11-12,5.3
2009-11-13,5.28
2009-11-14,5.38
2009-11-15,5.63
2009-11-16,5.5
2009-11-17,5.27
2009-11-18,5.08
2009-11-19,5.12
2009-11-20,5.05
2009-11-21,4.98
2009-11-22,4.92
2009-11-23,4.86
2009-11-24,4.85
2009-11-25,4.86
2009-11-26,4.92
2009-11-27,4.9
2009-11-28,4.9
2009-11-29,4.98
2009-11-30,4.92
2009-12-01,4.84
2009-12-02,4.77
2009-12-03,4.71
2009-12-04,4.58
2009-12-05,4.67
2009-12-06,4.76
2009-12-07,4.86
2009-12-08,5.02
2009-12-09,4.96
2009-12-10,4.85
2009-12-11,4.86
2009-12-12,5.02
2009-12-13,4.98
2009-12-14,4.67
2009-12-15,4.44
2009-12-16,4.38
2009-12-17,4.36
2009-12-18,4.32
2009-12-19,4.45
2009-12-20,4.53
2009-12-21,4.51
2009-12-22,4.38
2009-12-23,4.28
2009-12-24,4.24
2009-12-25,4.26
2009-12-26,4.31
2009-12-27,4.36
2009-12-28,4.33
2009-12-29,4.25
2009-12-30,4.15
2009-12-31,4.02
2010-01-01,4.62
2010-01-02,4.48
2010-01-03,4.41
2010-01-04,4.38
2010-01-05,4.42
2010-01-06,4.4
2010-01-07,4.35
2010-01-08,4.18
2010-01-09,4.17
2010-01-10,4.2
2010-01-11,4.16
2010-01-12,4.12
2010-01-13,4.15
2010-01-14,4.24
2010-01-15,4.44
2010-01-16,4.8
2010-01-17,4.83
2010-01-18,4.56
2010-01-19,4.4
2010-01-20,4.43
2010-01-21,4.4
2010-01-22,4.32
2010-01-23,4.28
2010-01-24,4.26
2010-01-25,4.18
2010-01-26,4.03
2010-01-27,3.99
2010-01-28,3.97
2010-01-29,4.01
2010-01-30,4.1
2010-01-31,3.99
2010-02-01,3.83
2010-02-02,3.74
2010-02-03,3.73
2010-02-04,3.75
2010-02-05,3.77
2010-02-06,3.74
2010-02-07,3.68
2010-02-08,3.64
2010-02-09,3.63
2010-02-10,3.62
2010-02-11,3.6
2010-02-12,3.61
2010-02-13,3.61
2010-02-14,3.59
2010-02-15,3.55
2010-02-16,3.46
2010-02-17,3.43
2010-02-18,3.45
2010-02-19,3.46
2010-02-20,3.41
2010-02-21,3.36
2010-02-22,3.34
2010-02-23,3.33
2010-02-24,3.33
2010-02-25,3.33
2010-02-26,3.44
2010-02-27,3.49
2010-02-28,3.5
2010-03-01,3.53
2010-03-02,3.59
2010-03-03,3.59
2010-03-04,3.6
2010-03-05,3.6
2010-03-06,3.63
2010-03-07,3.65
2010-03-08,3.7
2010-03-09,3.7
2010-03-10,3.66
2010-03-11,3.64
2010-03-12,3.66
2010-03-13,3.67
2010-03-14,3.68
2010-03-15,3.71
2010-03-16,3.74
2010-03-17,3.8
2010-03-18,4.04
2010-03-19,4.59
2010-03-20,4.94
2010-03-21,4.88
2010-03-22,4.8
2010-03-23,4.58
2010-03-24,4.32
2010-03-25,4.07
2010-03-26,3.97
2010-03-27,3.91
2010-03-28,3.9
2010-03-29,3.95
2010-03-30,4.01
2010-03-31,4.04
2010-04-01,4.12
2010-04-02,4.25
2010-04-03,4.12
2010-04-04,4.06
2010-04-05,3.98
2010-04-06,3.98
2010-04-07,3.97
2010-04-08,3.99
2010-04-09,4.18
2010-04-10,4.1
2010-04-11,4.05
2010-04-12,4.09
2010-04-13,3.93
2010-04-14,3.81
2010-04-15,3.77
2010-04-16,3.79
2010-04-17,3.77
2010-04-18,3.75
2010-04-19,3.67
2010-04-20,3.67
2010-04-21,3.75
2010-04-22,3.79
2010-04-23,3.8
2010-04-24,3.82
2010-04-25,4.0
2010-04-26,4.17
2010-04-27,4.4
2010-04-28,4.55
2010-04-29,4.66
2010-04-30,4.78
2010-05-01,4.84
2010-05-02,4.85
2010-05-03,4.76
2010-05-04,4.72
2010-05-05,4.79
2010-05-06,5.03
2010-05-07,5.48
2010-05-08,5.69
2010-05-09,5.6
2010-05-10,5.66
2010-05-11,5.94
2010-05-12,6.11
2010-05-13,6.04
2010-05-14,6.08
2010-05-15,6.09
2010-05-16,6.05
2010-05-17,6.02
2010-05-18,6.05
2010-05-19,6.48
2010-05-20,6.42
2010-05-21,6.36
2010-05-22,6.29
2010-05-23,6.21
2010-05-24,6.06
2010-05-25,5.86
2010-05-26,5.76
2010-05-27,5.76
2010-05-28,5.65
2010-05-29,5.52
2010-05-30,5.62
2010-05-31,5.87
2010-06-01,6.1
2010-06-02,6.29
2010-06-03,6.73
2010-06-04,6.7
2010-06-05,6.58
2010-06-06,6.65
2010-06-07,6.79
2010-06-08,6.81
2010-06-09,6.95
2010-06-10,7.04
2010-06-11,6.93
2010-06-12,6.86
2010-06-13,6.38
2010-06-14,5.99
2010-06-15,6.18
2010-06-16,6.52
2010-06-17,6.85
2010-06-18,6.84
2010-06-19,6.72
2010-06-20,6.6
2010-06-21,6.76
2010-06-22,6.99
2010-06-23,6.69
2010-06-24,6.48
2010-06-25,7.34
2010-06-26,9.06
2010-06-27,9.32
2010-06-28,9.64
2010-06-29,9.84
2010-06-30,10.62
2010-07-01,10.24
2010-07-02,10.16
2010-07-03,11.28
2010-07-04,10.86
2010-07-05,10.58
2010-07-06,10.45
2010-07-07,10.06
2010-07-08,9.42
2010-07-09,8.9
2010-07-10,8.84
2010-07-11,8.88
2010-07-12,8.84
2010-07-13,8.52
2010-07-14,8.48
2010-07-15,8.72
2010-07-16,9.32
2010-07-17,9.48
2010-07-18,9.73
2010-07-19,10.38
2010-07-20,10.72
2010-07-21,11.24
2010-07-22,11.91
2010-07-23,11.94
2010-07-24,12.5
2010-07-25,13.26
2010-07-26,12.28
2010-07-27,11.64
2010-07-28,11.1
2010-07-29,10.6
2010-07-30,10.16
2010-07-31,10.3
2010-08-01,10.04
2010-08-02,9.82
2010-08-03,10.0
2010-08-04,10.28
2010-08-05,10.5
2010-08-06,10.32
2010-08-07,10.38
2010-08-08,11.12
2010-08-09,11.18
2010-08-10,11.0
2010-08-11,11.36
2010-08-12,11.1
2010-08-13,11.32
2010-08-14,11.64
2010-08-15,11.72
2010-08-16,11.68
2010-08-17,11.92
2010-08-18,12.04
2010-08-19,11.98
2010-08-20,12.35
2010-08-21,12.84
2010-08-22,13.04
2010-08-23,12.8
2010-08-24,12.46
2010-08-25,12.42
2010-08-26,13.05
2010-08-27,13.4
2010-08-28,13.3
2010-08-29,13.0
2010-08-30,12.5
2010-08-31,12.1
2010-09-01,11.74
2010-09-02,11.46
2010-09-03,11.25
2010-09-04,11.06
2010-09-05,10.92
2010-09-06,11.04
2010-09-07,11.4
2010-09-08,11.51
2010-09-09,11.86
2010-09-10,12.18
2010-09-11,11.8
2010-09-12,11.42
2010-09-13,11.04
2010-09-14,10.9
2010-09-15,10.66
2010-09-16,11.08
2010-09-17,12.34
2010-09-18,12.64
2010-09-19,13.0
2010-09-20,13.54
2010-09-21,13.62
2010-09-22,14.06
2010-09-23,13.9
2010-09-24,13.56
2010-09-25,13.28
2010-09-26,12.84
2010-09-27,12.52
2010-09-28,12.56
2010-09-29,12.58
2010-09-30,12.02
2010-10-01,11.56
2010-10-02,11.65
2010-10-03,11.5
2010-10-04,11.0
2010-10-05,10.34
2010-10-06,9.78
2010-10-07,9.34
2010-10-08,8.98
2010-10-09,8.76
2010-10-10,8.62
2010-10-11,8.56
2010-10-12,8.64
2010-10-13,8.6
2010-10-14,8.48
2010-10-15,8.32
2010-10-16,8.18
2010-10-17,8.17
2010-10-18,8.06
2010-10-19,8.06
2010-10-20,7.91
2010-10-21,7.75
2010-10-22,7.69
2010-10-23,7.72
2010-10-24,7.8
2010-10-25,7.72
2010-10-26,7.44
2010-10-27,7.01
2010-10-28,6.98
2010-10-29,6.94
2010-10-30,7.54
2010-10-31,8.04
2010-11-01,8.52
2010-11-02,8.38
2010-11-03,7.84
2010-11-04,7.39
2010-11-05,7.33
2010-11-06,7.28
2010-11-07,7.1
2010-11-08,6.84
2010-11-09,6.78
2010-11-10,6.63
2010-11-11,6.48
2010-11-12,6.4
2010-11-13,6.28
2010-11-14,6.18
2010-11-15,6.1
2010-11-16,6.18
2010-11-17,6.16
2010-11-18,6.09
2010-11-19,6.02
2010-11-20,6.0
2010-11-21,5.88
2010-11-22,5.76
2010-11-23,5.68
2010-11-24,5.65
2010-11-25,5.59
2010-11-26,5.52
2010-11-27,5.36
2010-11-28,5.22
2010-11-29,5.16
2010-11-30,5.1
2010-12-01,5.08
2010-12-02,5.14
2010-12-03,5.24
2010-12-04,5.16
2010-12-05,5.22
2010-12-06,5.15
2010-12-07,5.07
2010-12-08,5.16
2010-12-09,5.07
2010-12-10,4.85
2010-12-11,4.82
2010-12-12,4.76
2010-12-13,4.72
2010-12-14,4.69
2010-12-15,4.86
2010-12-16,5.08
2010-12-17,5.49
2010-12-18,5.49
2010-12-19,5.31
2010-12-20,5.06
2010-12-21,4.67
2010-12-22,4.53
2010-12-23,4.56
2010-12-24,4.54
2010-12-25,4.47
2010-12-26,4.48
2010-12-27,4.44
2010-12-28,4.43
2010-12-29,4.47
2010-12-30,4.48
2010-12-31,4.56
2011-01-01,4.64
2011-01-02,4.48
2011-01-03,4.02
2011-01-04,4.0
2011-01-05,4.4
2011-01-06,4.42
2011-01-07,4.44
2011-01-08,4.35
2011-01-09,4.26
2011-01-10,4.16
2011-01-11,4.08
2011-01-12,4.3
2011-01-13,4.84
2011-01-14,5.1
2011-01-15,5.18
2011-01-16,5.22
2011-01-17,5.34
2011-01-18,5.1
2011-01-19,4.5
2011-01-20,4.2
2011-01-21,4.07
2011-01-22,3.96
2011-01-23,3.88
2011-01-24,3.94
2011-01-25,4.08
2011-01-26,4.02
2011-01-27,3.82
2011-01-28,3.7
2011-01-29,3.68
2011-01-30,3.62
2011-01-31,3.61
2011-02-01,3.56
2011-02-02,3.56
2011-02-03,3.56
2011-02-04,3.57
2011-02-05,3.58
2011-02-06,3.57
2011-02-07,3.52
2011-02-08,3.5
2011-02-09,3.46
2011-02-10,3.42
2011-02-11,3.39
2011-02-12,3.37
2011-02-13,3.36
2011-02-14,3.35
2011-02-15,3.35
2011-02-16,3.33
2011-02-17,3.29
2011-02-18,3.27
2011-02-19,3.27
2011-02-20,3.26
2011-02-21,3.24
2011-02-22,3.23
2011-02-23,3.21
2011-02-24,3.23
2011-02-25,3.21
2011-02-26,3.19
2011-02-27,3.17
2011-02-28,3.17
2011-03-01,3.12
2011-03-02,3.11
2011-03-03,3.1
2011-03-04,3.09
2011-03-05,3.08
2011-03-06,3.06
2011-03-07,3.05
2011-03-08,3.08
2011-03-09,3.26
2011-03-10,3.18
2011-03-11,3.05
2011-03-12,3.03
2011-03-13,3.03
2011-03-14,3.05
2011-03-15,3.08
2011-03-16,3.15
2011-03-17,3.17
2011-03-18,3.11
2011-03-19,3.08
2011-03-20,3.04
2011-03-21,3.0
2011-03-22,2.98
2011-03-23,2.96
2011-03-24,2.97
2011-03-25,2.97
2011-03-26,2.95
2011-03-27,2.96
2011-03-28,2.98
2011-03-29,2.99
2011-03-30,2.99
2011-03-31,2.99
2011-04-01,2.99
2011-04-02,3.0
2011-04-03,2.98
2011-04-04,2.93
2011-04-05,3.04
2011-04-06,3.12
2011-04-07,3.17
2011-04-08,3.22
2011-04-09,3.34
2011-04-10,3.44
2011-04-11,3.36
2011-04-12,3.33
2011-04-13,3.29
2011-04-14,3.25
2011-04-15,3.21
2011-04-16,3.17
2011-04-17,3.13
2011-04-18,3.1
2011-04-19,3.07
2011-04-20,3.06
2011-04-21,3.05
2011-04-22,3.05
2011-04-23,3.04
2011-04-24,3.04
2011-04-25,3.04
2011-04-26,3.04
2011-04-27,3.04
2011-04-28,3.05
2011-04-29,3.1
2011-04-30,3.1
2011-05-01,3.07
2011-05-02,3.05
2011-05-03,3.04
2011-05-04,2.92
2011-05-05,2.92
2011-05-06,2.92
2011-05-07,2.99
2011-05-08,3.2
2011-05-09,3.54
2011-05-10,4.56
2011-05-11,5.18
2011-05-12,5.31
2011-05-13,5.22
2011-05-14,5.08
2011-05-15,4.54
2011-05-16,3.9
2011-05-17,3.66
2011-05-18,3.6
2011-05-19,3.49
2011-05-20,3.36
2011-05-21,3.34
2011-05-22,3.36
2011-05-23,3.33
2011-05-24,3.4
2011-05-25,3.69
2011-05-26,3.59
2011-05-27,3.73
2011-05-28,3.82
2011-05-29,4.02
2011-05-30,4.32
2011-05-31,4.52
2011-06-01,4.62
2011-06-02,5.24
2011-06-03,5.79
2011-06-04,6.15
2011-06-05,6.16
2011-06-06,5.72
2011-06-07,5.37
2011-06-08,5.0
2011-06-09,4.69
2011-06-10,4.46
2011-06-11,4.22
2011-06-12,4.19
2011-06-13,4.24
2011-06-14,4.22
2011-06-15,4.11
2011-06-16,4.0
2011-06-17,5.66
2011-06-18,5.9
2011-06-19,5.44
2011-06-20,5.62
2011-06-21,5.29
2011-06-22,4.83
2011-06-23,4.46
2011-06-24,4.38
2011-06-25,4.68
2011-06-26,4.79
2011-06-27,4.74
2011-06-28,4.66
2011-06-29,4.62
2011-06-30,4.24
2011-07-01,3.82
2011-07-02,3.7
2011-07-03,4.41
2011-07-04,5.15
2011-07-05,5.49
2011-07-06,5.84
2011-07-07,6.58
2011-07-08,6.71
2011-07-09,7.04
2011-07-10,6.67
2011-07-11,6.49
2011-07-12,6.61
2011-07-13,6.58
2011-07-14,6.65
2011-07-15,6.67
2011-07-16,6.52
2011-07-17,6.59
2011-07-18,6.17
2011-07-19,6.27
2011-07-20,7.47
2011-07-21,7.98
2011-07-22,8.63
2011-07-23,8.87
2011-07-24,8.65
2011-07-25,9.08
2011-07-26,9.23
2011-07-27,11.39
2011-07-28,11.72
2011-07-29,12.58
2011-07-30,13.85
2011-07-31,14.61
2011-08-01,15.22
2011-08-02,14.47
2011-08-03,13.36
2011-08-04,12.67
2011-08-05,11.74
2011-08-06,12.27
2011-08-07,12.38
2011-08-08,14.19
2011-08-09,13.86
2011-08-10,12.75
2011-08-11,12.56
2011-08-12,12.14
2011-08-13,11.72
2011-08-14,11.15
2011-08-15,11.35
2011-08-16,11.88
2011-08-17,11.91
2011-08-18,11.96
2011-08-19,13.16
2011-08-20,13.6
2011-08-21,13.89
2011-08-22,14.34
2011-08-23,15.25
2011-08-24,14.58
2011-08-25,13.81
2011-08-26,13.09
2011-08-27,12.58
2011-08-28,12.16
2011-08-29,11.79
2011-08-30,11.53
2011-08-31,11.39
2011-09-01,11.12
2011-09-02,10.92
2011-09-03,10.92
2011-09-04,10.71
2011-09-05,10.46
2011-09-06,10.26
2011-09-07,10.13
2011-09-08,10.03
2011-09-09,9.92
2011-09-10,10.08
2011-09-11,10.4
2011-09-12,10.42
2011-09-13,10.41
2011-09-14,10.65
2011-09-15,11.32
2011-09-16,11.36
2011-09-17,11.2
2011-09-18,10.9
2011-09-19,10.46
2011-09-20,10.12
2011-09-21,9.89
2011-09-22,9.79
2011-09-23,9.64
2011-09-24,9.34
2011-09-25,9.07
2011-09-26,9.07
2011-09-27,9.15
2011-09-28,9.11
2011-09-29,9.08
2011-09-30,8.92
2011-10-01,8.66
2011-10-02,8.59
2011-10-03,8.34
2011-10-04,7.91
2011-10-05,7.69
2011-10-06,7.87
2011-10-07,8.08
2011-10-08,8.52
2011-10-09,8.72
2011-10-10,8.79
2011-10-11,8.66
2011-10-12,8.44
2011-10-13,8.24
2011-10-14,8.11
2011-10-15,7.96
2011-10-16,7.96
2011-10-17,7.99
2011-10-18,8.07
2011-10-19,8.11
2011-10-20,8.12
2011-10-21,8.09
2011-10-22,7.98
2011-10-23,7.85
2011-10-24,7.68
2011-10-25,7.54
2011-10-26,7.46
2011-10-27,7.46
2011-10-28,7.75
2011-10-29,7.76
2011-10-30,7.74
2011-10-31,7.69
2011-11-01,8.32
2011-11-02,7.98
2011-11-03,7.52
2011-11-04,7.2
2011-11-05,7.08
2011-11-06,7.32
2011-11-07,7.4
2011-11-08,7.34
2011-11-09,7.3
2011-11-10,7.15
2011-11-11,7.09
2011-11-12,7.24
2011-11-13,7.07
2011-11-14,6.86
2011-11-15,6.47
2011-11-16,6.27
2011-11-17,6.13
2011-11-18,6.02
2011-11-19,5.94
2011-11-20,5.88
2011-11-21,5.85
2011-11-22,6.03
2011-11-23,6.17
2011-11-24,5.92
2011-11-25,5.74
2011-11-26,5.74
2011-11-27,5.72
2011-11-28,5.68
2011-11-29,5.64
2011-11-30,5.56
2011-12-01,5.56
2011-12-02,5.62
2011-12-03,5.5
2011-12-04,5.3
2011-12-05,5.2
2011-12-06,5.12
2011-12-07,5.07
2011-12-08,5.04
2011-12-09,5.0
2011-12-10,4.94
2011-12-11,4.9
2011-12-12,4.9
2011-12-13,4.86
2011-12-14,4.88
2011-12-15,4.94
2011-12-16,4.9
2011-12-17,4.84
2011-12-18,4.76
2011-12-19,4.74
2011-12-20,4.74
2011-12-21,4.8
2011-12-22,4.76
2011-12-23,4.72
2011-12-24,4.71
2011-12-25,4.74
2011-12-26,4.78
2011-12-27,4.96
2011-12-28,5.52
2011-12-29,5.54
2011-12-30,5.56
2011-12-31,5.0
2012-01-01,4.9
2012-01-02,4.89
2012-01-03,4.88
2012-01-04,4.87
2012-01-05,4.85
2012-01-06,4.75
2012-01-07,4.81
2012-01-08,4.94
2012-01-09,4.89
2012-01-10,4.84
2012-01-11,4.79
2012-01-12,4.82
2012-01-13,4.9
2012-01-14,4.99
2012-01-15,5.01
2012-01-16,4.97
2012-01-17,4.78
2012-01-18,4.53
2012-01-19,4.41
2012-01-20,4.34
2012-01-21,4.3
2012-01-22,4.28
2012-01-23,4.26
2012-01-24,4.21
2012-01-25,4.19
2012-01-26,4.25
2012-01-27,4.37
2012-01-28,4.18
2012-01-29,4.48
2012-01-30,4.46
2012-01-31,4.48
2012-02-01,4.59
2012-02-02,4.71
2012-02-03,4.86
2012-02-04,4.87
2012-02-05,4.86
2012-02-06,4.85
2012-02-07,4.83
2012-02-08,4.78
2012-02-09,4.68
2012-02-10,4.52
2012-02-11,4.33
2012-02-12,4.35
2012-02-13,4.2
2012-02-14,4.14
2012-02-15,4.13
2012-02-16,4.11
2012-02-17,4.12
2012-02-18,4.14
2012-02-19,4.12
2012-02-20,4.1
2012-02-21,4.07
2012-02-22,4.14
2012-02-23,4.25
2012-02-24,4.27
2012-02-25,4.27
2012-02-26,4.26
2012-02-27,4.24
2012-02-28,4.22
2012-03-01,4.2
2012-03-02,4.19
2012-03-03,4.17
2012-03-04,4.17
2012-03-05,4.22
2012-03-06,4.3
2012-03-07,4.39
2012-03-08,4.45
2012-03-09,4.53
2012-03-10,4.56
2012-03-11,4.54
2012-03-12,4.51
2012-03-13,4.52
2012-03-14,4.46
2012-03-15,4.38
2012-03-16,4.3
2012-03-17,4.24
2012-03-18,4.24
2012-03-19,4.29
2012-03-20,4.1
2012-03-21,3.89
2012-03-22,3.8
2012-03-23,3.65
2012-03-24,3.37
2012-03-25,3.15
2012-03-26,3.09
2012-03-27,3.06
2012-03-28,3.04
2012-03-29,3.03
2012-03-30,3.02
2012-03-31,3.01
2012-04-01,3.12
2012-04-02,3.11
2012-04-03,3.12
2012-04-04,3.09
2012-04-05,3.31
2012-04-06,3.61
2012-04-07,3.63
2012-04-08,3.55
2012-04-09,3.55
2012-04-10,3.58
2012-04-11,3.78
2012-04-12,3.9
2012-04-13,4.5
2012-04-14,4.82
2012-04-15,4.62
2012-04-16,4.2
2012-04-17,3.88
2012-04-18,3.84
2012-04-19,4.0
2012-04-20,4.16
2012-04-21,4.16
2012-04-22,4.1
2012-04-23,4.03
2012-04-24,3.99
2012-04-25,4.0
2012-04-26,4.18
2012-04-27,4.29
2012-04-28,4.5
2012-04-29,4.62
2012-04-30,4.5
2012-05-01,4.5
2012-05-02,4.58
2012-05-03,4.71
2012-05-04,4.79
2012-05-05,4.75
2012-05-06,4.71
2012-05-07,4.69
2012-05-08,4.85
2012-05-09,4.99
2012-05-10,4.83
2012-05-11,4.73
2012-05-12,4.82
2012-05-13,4.87
2012-05-14,4.91
2012-05-15,4.87
2012-05-16,4.66
2012-05-17,4.57
2012-05-18,4.49
2012-05-19,4.51
2012-05-20,4.55
2012-05-21,4.57
2012-05-22,4.52
2012-05-23,4.42
2012-05-24,4.41
2012-05-25,4.49
2012-05-26,4.86
2012-05-27,5.11
2012-05-28,5.21
2012-05-29,5.08
2012-05-30,4.76
2012-05-31,4.44
2012-06-01,4.57
2012-06-02,4.51
2012-06-03,4.25
2012-06-04,4.18
2012-06-05,4.29
2012-06-06,4.68
2012-06-07,4.88
2012-06-08,5.16
2012-06-09,5.27
2012-06-10,5.29
2012-06-11,5.31
2012-06-12,5.3
2012-06-13,5.26
2012-06-14,5.3
2012-06-15,5.24
2012-06-16,4.97
2012-06-17,4.43
2012-06-18,4.18
2012-06-19,4.36
2012-06-20,4.4
2012-06-21,4.42
2012-06-22,4.45
2012-06-23,5.04
2012-06-24,6.11
2012-06-25,7.51
2012-06-26,7.2
2012-06-27,6.92
2012-06-28,6.38
2012-06-29,6.06
2012-06-30,5.76
2012-07-01,5.54
2012-07-02,5.46
2012-07-03,5.44
2012-07-04,5.32
2012-07-05,5.3
2012-07-06,5.54
2012-07-07,5.81
2012-07-08,5.82
2012-07-09,5.74
2012-07-10,5.8
2012-07-11,5.94
2012-07-12,6.64
2012-07-13,7.66
2012-07-14,8.22
2012-07-15,8.38
2012-07-16,8.64
2012-07-17,8.16
2012-07-18,8.26
2012-07-19,8.3
2012-07-20,8.32
2012-07-21,8.6
2012-07-22,9.1
2012-07-23,9.08
2012-07-24,9.02
2012-07-25,9.02
2012-07-26,9.12
2012-07-27,9.08
2012-07-28,9.44
2012-07-29,10.12
2012-07-30,11.48
2012-07-31,11.76
2012-08-01,12.0
2012-08-02,12.69
2012-08-03,12.26
2012-08-04,11.62
2012-08-05,11.99
2012-08-06,12.26
2012-08-07,11.72
2012-08-08,12.08
2012-08-09,12.24
2012-08-10,12.46
2012-08-11,12.5
2012-08-12,12.84
2012-08-13,13.03
2012-08-14,12.74
2012-08-15,12.15
2012-08-16,11.47
2012-08-17,10.74
2012-08-18,10.29
2012-08-19,10.03
2012-08-20,10.27
2012-08-21,12.54
2012-08-22,11.47
2012-08-23,11.5
2012-08-24,11.28
2012-08-25,11.12
2012-08-26,11.27
2012-08-27,11.83
2012-08-28,11.9
2012-08-29,12.83
2012-08-30,12.48
2012-08-31,11.81
2012-09-01,11.55
2012-09-02,11.1
2012-09-03,10.87
2012-09-04,10.72
2012-09-05,10.65
2012-09-06,11.47
2012-09-07,13.49
2012-09-08,13.5
2012-09-09,13.6
2012-09-10,13.45
2012-09-11,12.95
2012-09-12,12.34
2012-09-13,11.76
2012-09-14,11.21
2012-09-15,10.73
2012-09-16,10.41
2012-09-17,10.45
2012-09-18,10.43
2012-09-19,10.14
2012-09-20,10.02
2012-09-21,9.81
2012-09-22,9.49
2012-09-23,9.12
2012-09-24,8.8
2012-09-25,8.76
2012-09-26,8.86
2012-09-27,9.03
2012-09-28,9.13
2012-09-29,9.11
2012-09-30,9.1
2012-10-01,9.15
2012-10-02,8.95
2012-10-03,8.63
2012-10-04,8.24
2012-10-05,7.9
2012-10-06,7.72
2012-10-07,7.6
2012-10-08,7.54
2012-10-09,7.45
2012-10-10,7.46
2012-10-11,7.32
2012-10-12,7.16
2012-10-13,7.0
2012-10-14,6.92
2012-10-15,6.79
2012-10-16,6.76
2012-10-17,6.8
2012-10-18,6.72
2012-10-19,6.66
2012-10-20,6.8
2012-10-21,7.0
2012-10-22,7.34
2012-10-23,7.8
2012-10-24,8.59
2012-10-25,9.54
2012-10-26,9.97
2012-10-27,9.94
2012-10-28,9.56
2012-10-29,9.02
2012-10-30,8.68
2012-10-31,8.54
2012-11-01,7.55
2012-11-02,7.48
2012-11-03,7.52
2012-11-04,7.26
2012-11-05,6.76
2012-11-06,6.39
2012-11-07,6.45
2012-11-08,6.5
2012-11-09,6.49
2012-11-10,6.48
2012-11-11,6.42
2012-11-12,6.22
2012-11-13,6.05
2012-11-14,5.91
2012-11-15,5.87
2012-11-16,5.9
2012-11-17,5.93
2012-11-18,6.0
2012-11-19,6.0
2012-11-20,6.01
2012-11-21,5.93
2012-11-22,5.84
2012-11-23,5.74
2012-11-24,5.64
2012-11-25,5.57
2012-11-26,5.55
2012-11-27,5.59
2012-11-28,5.7
2012-11-29,5.82
2012-11-30,5.69
2012-12-01,5.57
2012-12-02,5.59
2012-12-03,5.64
2012-12-04,5.91
2012-12-05,5.93
2012-12-06,5.86
2012-12-07,5.64
2012-12-08,5.46
2012-12-09,5.46
2012-12-10,5.58
2012-12-11,5.58
2012-12-12,5.44
2012-12-13,5.35
2012-12-14,5.24
2012-12-15,5.21
2012-12-16,5.14
2012-12-17,4.96
2012-12-18,5.01
2012-12-19,4.99
2012-12-20,4.99
2012-12-21,4.92
2012-12-22,4.9
2012-12-23,4.98
2012-12-24,5.05
2012-12-25,5.06
2012-12-26,5.03
2012-12-27,4.99
2012-12-28,4.97
2012-12-29,4.95
2012-12-30,4.93
2012-12-31,4.93
2013-01-01,6.24
2013-01-02,6.23
2013-01-03,6.18
2013-01-04,6.12
2013-01-05,5.98
2013-01-06,5.84
2013-01-07,5.89
2013-01-08,5.86
2013-01-09,6.0
2013-01-10,5.96
2013-01-11,5.94
2013-01-12,6.02
2013-01-13,6.22
2013-01-14,6.18
2013-01-15,6.14
2013-01-16,5.85
2013-01-17,5.72
2013-01-18,5.86
2013-01-19,5.86
2013-01-20,5.84
2013-01-21,5.82
2013-01-22,5.8
2013-01-23,5.82
2013-01-24,5.81
2013-01-25,5.8
2013-01-26,5.72
2013-01-27,5.56
2013-01-28,5.47
2013-01-29,5.5
2013-01-30,5.49
2013-01-31,5.44
2013-02-01,5.24
2013-02-02,5.0
2013-02-03,4.66
2013-02-04,4.6
2013-02-05,4.5
2013-02-06,4.48
2013-02-07,4.45
2013-02-08,4.44
2013-02-09,4.42
2013-02-10,4.39
2013-02-11,4.37
2013-02-12,4.36
2013-02-13,4.32
2013-02-14,4.38
2013-02-15,4.43
2013-02-16,4.7
2013-02-17,4.94
2013-02-18,5.08
2013-02-19,5.48
2013-02-20,5.2
2013-02-21,5.28
2013-02-22,5.28
2013-02-23,5.32
2013-02-24,5.34
2013-02-25,5.36
2013-02-26,5.47
2013-02-27,5.7
2013-02-28,5.69
2013-03-01,5.56
2013-03-02,5.75
2013-03-03,5.8
2013-03-04,5.82
2013-03-05,5.76
2013-03-06,5.7
2013-03-07,5.66
2013-03-08,5.62
2013-03-09,5.81
2013-03-10,5.9
2013-03-11,5.9
2013-03-12,5.74
2013-03-13,5.74
2013-03-14,5.69
2013-03-15,5.66
2013-03-16,5.58
2013-03-17,5.52
2013-03-18,5.55
2013-03-19,5.55
2013-03-20,5.54
2013-03-21,5.5
2013-03-22,5.48
2013-03-23,5.5
2013-03-24,5.46
2013-03-25,5.42
2013-03-26,5.36
2013-03-27,5.34
2013-03-28,5.34
2013-03-29,5.3
2013-03-30,5.28
2013-03-31,5.2
2013-04-01,5.21
2013-04-02,5.18
2013-04-03,5.22
2013-04-04,5.26
2013-04-05,5.31
2013-04-06,5.37
2013-04-07,5.5
2013-04-08,5.52
2013-04-09,5.56
2013-04-10,5.62
2013-04-11,5.53
2013-04-12,5.45
2013-04-13,5.31
2013-04-14,5.3
2013-04-15,5.28
2013-04-16,5.25
2013-04-17,5.18
2013-04-18,4.32
2013-04-19,4.59
2013-04-20,4.85
2013-04-21,5.1
2013-04-22,5.18
2013-04-23,5.16
2013-04-24,5.12
2013-04-25,5.12
2013-04-26,5.1
2013-04-27,5.1
2013-04-28,5.14
2013-04-29,5.17
2013-04-30,5.06
2013-05-01,5.16
2013-05-02,5.3
2013-05-03,5.2
2013-05-04,4.87
2013-05-05,4.71
2013-05-06,4.78
2013-05-07,5.14
2013-05-08,5.54
2013-05-09,5.78
2013-05-10,5.67
2013-05-11,5.51
2013-05-12,5.3
2013-05-13,5.26
2013-05-14,5.54
2013-05-15,5.58
2013-05-16,5.52
2013-05-17,5.54
2013-05-18,5.55
2013-05-19,5.68
2013-05-20,5.92
2013-05-21,6.02
2013-05-22,6.02
2013-05-23,6.06
2013-05-24,6.19
2013-05-25,6.17
2013-05-26,6.15
2013-05-27,6.16
2013-05-28,6.21
2013-05-29,6.14
2013-05-30,6.06
2013-05-31,6.04
2013-06-01,0.0
2013-06-02,0.0
2013-06-03,0.0
2013-06-04,0.0
2013-06-05,0.0
2013-06-06,0.0
2013-06-07,0.0
2013-06-08,0.0
2013-06-09,0.0
2013-06-10,0.0
2013-06-11,0.0
2013-06-12,0.0
2013-06-13,0.0
2013-06-14,0.0
2013-06-15,0.0
2013-06-16,0.0
2013-06-17,0.0
2013-06-18,0.0
2013-06-19,0.0
2013-06-20,0.0
2013-06-21,0.0
2013-06-22,0.0
2013-06-23,0.0
2013-06-24,0.0
2013-06-25,0.0
2013-06-26,0.0
2013-06-27,0.0
2013-06-28,0.0
2013-06-29,0.0
2013-06-30,0.0
2013-07-01,0.0
2013-07-02,0.0
2013-07-03,0.0
2013-07-04,0.0
2013-07-05,0.0
2013-07-06,0.0
2013-07-07,0.0
2013-07-08,0.0
2013-07-09,0.0
2013-07-10,0.0
2013-07-11,0.0
2013-07-12,0.0
2013-07-13,0.0
2013-07-14,0.0
2013-07-15,0.0
2013-07-16,0.0
2013-07-17,0.0
2013-07-18,0.0
2013-07-19,0.0
2013-07-20,0.0
2013-07-21,0.0
2013-07-22,0.0
2013-07-23,0.0
2013-07-24,0.0
2013-07-25,0.0
2013-07-26,0.0
2013-07-27,0.0
2013-07-28,0.0
2013-07-29,0.0
2013-07-30,0.0
2013-07-31,0.0
2013-08-01,0.0
2013-08-02,0.0
2013-08-03,0.0
2013-08-04,0.0
2013-08-05,0.0
2013-08-06,0.0
2013-08-07,0.0
2013-08-08,0.0
2013-08-09,0.0
2013-08-10,0.0
2013-08-11,0.0
2013-08-12,0.0
2013-08-13,0.0
2013-08-14,0.0
2013-08-15,0.0
2013-08-16,0.0
2013-08-17,0.0
2013-08-18,0.0
2013-08-19,0.0
2013-08-20,0.0
2013-08-21,0.0
2013-08-22,0.0
2013-08-23,0.0
2013-08-24,0.0
2013-08-25,0.0
2013-08-26,0.0
2013-08-27,0.0
2013-08-28,0.0
2013-08-29,0.0
2013-08-30,0.0
2013-08-31,0.0
2013-09-01,0.0
2013-09-02,0.0
2013-09-03,0.0
2013-09-04,0.0
2013-09-05,0.0
2013-09-06,0.0
2013-09-07,0.0
2013-09-08,0.0
2013-09-09,0.0
2013-09-10,0.0
2013-09-11,0.0
2013-09-12,0.0
2013-09-13,0.0
2013-09-14,0.0
2013-09-15,0.0
2013-09-16,0.0
2013-09-17,0.0
2013-09-18,0.0
2013-09-19,0.0
2013-09-20,0.0
2013-09-21,0.0
2013-09-22,0.0
2013-09-23,0.0
2013-09-24,0.0
2013-09-25,0.0
2013-09-26,0.0
2013-09-27,0.0
2013-09-28,0.0
2013-09-29,0.0
2013-09-30,0.0
2013-10-01,0.0
2013-10-02,0.0
2013-10-03,0.0
2013-10-04,0.0
2013-10-05,0.0
2013-10-06,0.0
2013-10-07,0.0
2013-10-08,0.0
2013-10-09,0.0
2013-10-10,0.0
2013-10-11,0.0
2013-10-12,0.0
2013-10-13,0.0
2013-10-14,0.0
2013-10-15,0.0
2013-10-16,0.0
2013-10-17,0.0
2013-10-18,0.0
2013-10-19,0.0
2013-10-20,0.0
2013-10-21,0.0
2013-10-22,0.0
2013-10-23,0.0
2013-10-24,0.0
2013-10-25,0.0
2013-10-26,0.0
2013-10-27,0.0
2013-10-28,0.0
2013-10-29,0.0
2013-10-30,0.0
2013-10-31,0.0
2013-11-01,8.56
2013-11-02,8.84
2013-11-03,8.99
2013-11-04,8.82
2013-11-05,8.6
2013-11-06,8.48
2013-11-07,8.3
2013-11-08,8.1
2013-11-09,7.93
2013-11-10,7.86
2013-11-11,7.76
2013-11-12,7.71
2013-11-13,7.6
2013-11-14,7.6
2013-11-15,7.49
2013-11-16,7.46
2013-11-17,7.39
2013-11-18,7.39
2013-11-19,7.38
2013-11-20,7.4
2013-11-21,7.52
2013-11-22,7.64
2013-11-23,7.7
2013-11-24,7.61
2013-11-25,7.5
2013-11-26,7.4
2013-11-27,7.33
2013-11-28,7.24
2013-11-29,7.14
2013-11-30,7.09
2013-12-01,7.12
2013-12-02,7.2
2013-12-03,7.16
2013-12-04,7.1
2013-12-05,6.8
2013-12-06,6.68
2013-12-07,6.56
2013-12-08,6.48
2013-12-09,6.4
2013-12-10,6.8
2013-12-11,6.78
2013-12-12,6.78
2013-12-13,6.76
2013-12-14,6.73
2013-12-15,6.66
2013-12-16,7.51
2013-12-17,10.96
2013-12-18,11.72
2013-12-19,11.36
2013-12-20,9.92
2013-12-21,8.56
2013-12-22,8.05
2013-12-23,7.28
2013-12-24,7.0
2013-12-25,6.73
2013-12-26,6.6
2013-12-27,6.5
2013-12-28,6.58
2013-12-29,6.44
2013-12-30,6.37
2013-12-31,6.25
2014-01-01,0.0
2014-01-02,0.0
2014-01-03,0.0
2014-01-04,0.0
2014-01-05,0.0
2014-01-06,0.0
2014-01-07,0.0
2014-01-08,0.0
2014-01-09,0.0
2014-01-10,0.0
2014-01-11,0.0
2014-01-12,0.0
2014-01-13,0.0
2014-01-14,0.0
2014-01-15,0.0
2014-01-16,0.0
2014-01-17,0.0
2014-01-18,0.0
2014-01-19,0.0
2014-01-20,0.0
2014-01-21,0.0
2014-01-22,0.0
2014-01-23,0.0
2014-01-24,0.0
2014-01-25,0.0
2014-01-26,0.0
2014-01-27,0.0
2014-01-28,0.0
2014-01-29,0.0
2014-01-30,0.0
2014-01-31,0.0
2014-02-01,4.68
2014-02-02,4.67
2014-02-03,4.65
2014-02-04,4.48
2014-02-05,4.3
2014-02-06,4.26
2014-02-07,4.23
2014-02-08,4.18
2014-02-09,4.1
2014-02-10,4.06
2014-02-11,4.02
2014-02-12,4.25
2014-02-13,4.5
2014-02-14,4.64
2014-02-15,4.59
2014-02-16,4.26
2014-02-17,4.06
2014-02-18,3.96
2014-02-19,3.9
2014-02-20,3.94
2014-02-21,3.92
2014-02-22,3.85
2014-02-23,3.84
2014-02-24,3.84
2014-02-25,3.83
2014-02-26,3.83
2014-02-27,3.8
2014-02-28,3.76
2014-03-01,3.74
2014-03-02,3.71
2014-03-03,3.7
2014-03-04,3.68
2014-03-05,3.66
2014-03-06,3.89
2014-03-07,4.6
2014-03-08,5.41
2014-03-09,5.73
2014-03-10,5.85
2014-03-11,5.7
2014-03-12,5.82
2014-03-13,5.76
2014-03-14,5.59
2014-03-15,5.53
2014-03-16,5.52
2014-03-17,5.53
2014-03-18,5.6
2014-03-19,5.59
2014-03-20,5.5
2014-03-21,5.54
2014-03-22,5.62
2014-03-23,5.62
2014-03-24,5.93
2014-03-25,6.06
2014-03-26,5.86
2014-03-27,5.9
2014-03-28,6.02
2014-03-29,6.16
2014-03-30,5.88
2014-03-31,5.34
2014-04-01,5.24
2014-04-02,5.38
2014-04-03,5.46
2014-04-04,5.88
2014-04-05,6.04
2014-04-06,6.1
2014-04-07,6.09
2014-04-08,6.0
2014-04-09,5.72
2014-04-10,5.69
2014-04-11,5.76
2014-04-12,5.9
2014-04-13,6.28
2014-04-14,6.39
2014-04-15,6.14
2014-04-16,5.58
2014-04-17,4.48
2014-04-18,4.47
2014-04-19,4.42
2014-04-20,4.33
2014-04-21,4.76
2014-04-22,5.5
2014-04-23,5.72
2014-04-24,5.76
2014-04-25,5.76
2014-04-26,5.82
2014-04-27,5.86
2014-04-28,6.0
2014-04-29,6.16
2014-04-30,6.36
2014-05-01,6.48
2014-05-02,6.42
2014-05-03,6.22
2014-05-04,5.64
2014-05-05,4.82
2014-05-06,4.48
2014-05-07,4.36
2014-05-08,4.28
2014-05-09,4.46
2014-05-10,4.59
2014-05-11,4.62
2014-05-12,4.8
2014-05-13,4.79
2014-05-14,4.56
2014-05-15,4.6
2014-05-16,4.74
2014-05-17,4.79
2014-05-18,4.79
2014-05-19,4.8
2014-05-20,4.69
2014-05-21,4.66
2014-05-22,4.86
2014-05-23,4.99
2014-05-24,5.56
2014-05-25,5.3
2014-05-26,5.44
2014-05-27,5.38
2014-05-28,5.18
2014-05-29,4.88
2014-05-30,4.6
2014-05-31,3.39
2014-06-01,3.8
2014-06-02,4.7
2014-06-03,5.74
2014-06-04,5.96
2014-06-05,5.88
2014-06-06,5.97
2014-06-07,6.12
2014-06-08,6.7
2014-06-09,7.08
2014-06-10,7.26
2014-06-11,7.32
2014-06-12,7.4
2014-06-13,7.46
2014-06-14,7.34
2014-06-15,7.14
2014-06-16,6.91
2014-06-17,7.02
2014-06-18,7.3
2014-06-19,6.96
2014-06-20,6.62
2014-06-21,6.46
2014-06-22,6.34
2014-06-23,6.08
2014-06-24,5.5
2014-06-25,5.04
2014-06-26,5.04
2014-06-27,5.01
2014-06-28,5.0
2014-06-29,5.1
2014-06-30,5.34
2014-07-01,5.43
2014-07-02,5.32
2014-07-03,5.1
2014-07-04,5.06
2014-07-05,5.38
2014-07-06,5.58
2014-07-07,5.74
2014-07-08,6.14
2014-07-09,6.22
2014-07-10,6.1
2014-07-11,6.3
2014-07-12,6.22
2014-07-13,5.68
2014-07-14,4.98
2014-07-15,4.74
2014-07-16,4.71
2014-07-17,5.38
2014-07-18,6.2
2014-07-19,7.06
2014-07-20,7.82
2014-07-21,8.49
2014-07-22,8.58
2014-07-23,8.48
2014-07-24,8.49
2014-07-25,8.5
2014-07-26,9.55
2014-07-27,10.74
2014-07-28,11.36
2014-07-29,11.62
2014-07-30,11.26
2014-07-31,10.86
2014-08-01,10.37
2014-08-02,10.12
2014-08-03,11.52
2014-08-04,13.56
2014-08-05,14.77
2014-08-06,14.84
2014-08-07,14.25
2014-08-08,14.06
2014-08-09,13.48
2014-08-10,12.72
2014-08-11,11.76
2014-08-12,11.16
2014-08-13,10.58
2014-08-14,10.38
2014-08-15,10.48
2014-08-16,10.24
2014-08-17,10.16
2014-08-18,10.28
2014-08-19,10.07
2014-08-20,9.8
2014-08-21,9.52
2014-08-22,9.54
2014-08-23,9.56
2014-08-24,9.83
2014-08-25,9.48
2014-08-26,9.24
2014-08-27,9.34
2014-08-28,9.42
2014-08-29,9.08
2014-08-30,9.04
2014-08-31,10.44
2014-09-01,11.51
2014-09-02,11.04
2014-09-03,11.52
2014-09-04,11.85
2014-09-05,12.22
2014-09-06,12.31
2014-09-07,11.8
2014-09-08,11.44
2014-09-09,11.06
2014-09-10,10.82
2014-09-11,11.0
2014-09-12,10.68
2014-09-13,10.54
2014-09-14,10.33
2014-09-15,10.04
2014-09-16,9.64
2014-09-17,9.16
2014-09-18,8.8
2014-09-19,8.54
2014-09-20,8.28
2014-09-21,8.04
2014-09-22,7.91
2014-09-23,7.78
2014-09-24,8.3
2014-09-25,8.46
2014-09-26,8.16
2014-09-27,7.86
2014-09-28,7.83
2014-09-29,7.66
2014-09-30,7.5
2014-10-01,7.3
2014-10-02,7.35
2014-10-03,7.06
2014-10-04,6.96
2014-10-05,6.95
2014-10-06,6.96
2014-10-07,6.87
2014-10-08,6.82
2014-10-09,6.75
2014-10-10,6.15
2014-10-11,7.48
2014-10-12,8.62
2014-10-13,8.68
2014-10-14,8.74
2014-10-15,8.68
2014-10-16,8.0
2014-10-17,7.87
2014-10-18,7.37
2014-10-19,7.29
2014-10-20,6.78
2014-10-21,6.62
2014-10-22,6.42
2014-10-23,6.28
2014-10-24,6.13
2014-10-25,6.5
2014-10-26,6.61
2014-10-27,6.73
2014-10-28,6.7
2014-10-29,6.61
2014-10-30,6.53
2014-10-31,6.43
2014-11-01,0.0
2014-11-02,0.0
2014-11-03,0.0
2014-11-04,0.0
2014-11-05,0.0
2014-11-06,0.0
2014-11-07,0.0
2014-11-08,0.0
2014-11-09,0.0
2014-11-10,0.0
2014-11-11,0.0
2014-11-12,0.0
2014-11-13,0.0
2014-11-14,0.0
2014-11-15,0.0
2014-11-16,0.0
2014-11-17,0.0
2014-11-18,0.0
2014-11-19,0.0
2014-11-20,0.0
2014-11-21,0.0
2014-11-22,0.0
2014-11-23,0.0
2014-11-24,0.0
2014-11-25,0.0
2014-11-26,0.0
2014-11-27,0.0
2014-11-28,0.0
2014-11-29,0.0
2014-11-30,0.0
2014-12-01,0.0
2014-12-02,0.0
2014-12-03,0.0
2014-12-04,0.0
2014-12-05,0.0
2014-12-06,0.0
2014-12-07,0.0
2014-12-08,0.0
2014-12-09,0.0
2014-12-10,0.0
2014-12-11,0.0
2014-12-12,0.0
2014-12-13,0.0
2014-12-14,0.0
2014-12-15,0.0
2014-12-16,0.0
2014-12-17,0.0
2014-12-18,0.0
2014-12-19,0.0
2014-12-20,0.0
2014-12-21,0.0
2014-12-22,0.0
2014-12-23,0.0
2014-12-24,0.0
2014-12-25,0.0
2014-12-26,0.0
2014-12-27,0.0
2014-12-28,0.0
2014-12-29,0.0
2014-12-30,0.0
2014-12-31,0.0
2015-01-01,4.55
2015-01-02,4.48
2015-01-03,4.32
2015-01-04,4.28
2015-01-05,4.26
2015-01-06,4.26
2015-01-07,4.31
2015-01-08,4.28
2015-01-09,4.25
2015-01-10,4.16
2015-01-11,4.1
2015-01-12,3.98
2015-01-13,3.82
2015-01-14,3.9
2015-01-15,4.01
2015-01-16,4.02
2015-01-17,4.03
2015-01-18,3.98
2015-01-19,3.94
2015-01-20,4.08
2015-01-21,4.28
2015-01-22,4.46
2015-01-23,4.98
2015-01-24,5.42
2015-01-25,5.42
2015-01-26,5.36
2015-01-27,5.68
2015-01-28,6.12
2015-01-29,6.52
2015-01-30,5.26
2015-01-31,5.68
2015-02-01,5.27
2015-02-02,5.1
2015-02-03,5.02
2015-02-04,4.9
2015-02-05,4.34
2015-02-06,3.98
2015-02-07,3.9
2015-02-08,3.99
2015-02-09,4.0
2015-02-10,4.06
2015-02-11,4.1
2015-02-12,4.0
2015-02-13,4.02
2015-02-14,4.0
2015-02-15,3.86
2015-02-16,3.78
2015-02-17,3.7
2015-02-18,3.68
2015-02-19,3.67
2015-02-20,3.67
2015-02-21,3.66
2015-02-22,3.66
2015-02-23,3.68
2015-02-24,3.72
2015-02-25,4.4
2015-02-26,4.5
2015-02-27,4.71
2015-02-28,4.94
2015-03-01,4.98
2015-03-02,4.7
2015-03-03,4.3
2015-03-04,4.02
2015-03-05,4.06
2015-03-06,4.04
2015-03-07,4.05
2015-03-08,3.94
2015-03-09,4.14
2015-03-10,4.16
2015-03-11,4.2
2015-03-12,4.1
2015-03-13,4.0
2015-03-14,4.28
2015-03-15,4.88
2015-03-16,5.36
2015-03-17,5.49
2015-03-18,5.5
2015-03-19,5.51
2015-03-20,5.5
2015-03-21,5.52
2015-03-22,5.56
2015-03-23,5.54
2015-03-24,5.48
2015-03-25,5.46
2015-03-26,5.52
2015-03-27,5.54
2015-03-28,5.48
2015-03-29,5.42
2015-03-30,5.4
2015-03-31,5.44
2015-04-01,5.38
2015-04-02,5.38
2015-04-03,5.43
2015-04-04,5.48
2015-04-05,5.57
2015-04-06,5.5
2015-04-07,5.5
2015-04-08,5.48
2015-04-09,5.44
2015-04-10,5.41
2015-04-11,5.41
2015-04-12,5.38
2015-04-13,5.36
2015-04-14,5.26
2015-04-15,5.08
2015-04-16,4.42
2015-04-17,4.06
2015-04-18,3.98
2015-04-19,3.86
2015-04-20,3.84
2015-04-21,4.14
2015-04-22,3.98
2015-04-23,3.99
2015-04-24,4.02
2015-04-25,4.37
2015-04-26,4.78
2015-04-27,4.76
2015-04-28,4.75
2015-04-29,4.67
2015-04-30,4.68
2015-05-01,4.73
2015-05-02,4.84
2015-05-03,4.89
2015-05-04,4.9
2015-05-05,4.92
2015-05-06,4.82
2015-05-07,4.85
2015-05-08,4.82
2015-05-09,4.77
2015-05-10,4.71
2015-05-11,4.62
2015-05-12,4.57
2015-05-13,4.78
2015-05-14,4.84
2015-05-15,5.16
2015-05-16,5.18
2015-05-17,5.01
2015-05-18,5.0
2015-05-19,5.08
2015-05-20,5.32
2015-05-21,5.34
2015-05-22,5.06
2015-05-23,4.98
2015-05-24,4.9
2015-05-25,4.88
2015-05-26,4.91
2015-05-27,5.03
2015-05-28,5.31
2015-05-29,5.28
2015-05-30,5.22
2015-05-31,5.14
2015-06-01,5.38
2015-06-02,5.41
2015-06-03,5.56
2015-06-04,5.78
2015-06-05,5.8
2015-06-06,5.63
2015-06-07,5.02
2015-06-08,4.98
2015-06-09,4.98
2015-06-10,5.1
2015-06-11,5.58
2015-06-12,5.8
2015-06-13,5.6
2015-06-14,5.08
2015-06-15,4.85
2015-06-16,4.78
2015-06-17,4.77
2015-06-18,4.78
2015-06-19,4.98
2015-06-20,5.16
2015-06-21,5.14
2015-06-22,5.34
2015-06-23,5.56
2015-06-24,5.58
2015-06-25,5.49
2015-06-26,5.57
2015-06-27,5.62
2015-06-28,5.42
2015-06-29,5.1
2015-06-30,5.01
2015-07-01,5.06
2015-07-02,5.26
2015-07-03,5.2
2015-07-04,5.26
2015-07-05,5.64
2015-07-06,6.06
2015-07-07,6.3
2015-07-08,7.59
2015-07-09,7.56
2015-07-10,7.4
2015-07-11,7.26
2015-07-12,6.93
2015-07-13,6.72
2015-07-14,6.4
2015-07-15,6.22
2015-07-16,6.9
2015-07-17,7.16
2015-07-18,7.47
2015-07-19,7.34
2015-07-20,7.06
2015-07-21,6.94
2015-07-22,6.82
2015-07-23,7.06
2015-07-24,7.48
2015-07-25,8.02
2015-07-26,8.32
2015-07-27,8.09
2015-07-28,7.68
2015-07-29,7.56
2015-07-30,7.48
2015-07-31,7.68
2015-08-01,7.92
2015-08-02,7.93
2015-08-03,7.64
2015-08-04,7.41
2015-08-05,7.65
2015-08-06,8.1
2015-08-07,8.68
2015-08-08,9.08
2015-08-09,9.66
2015-08-10,10.28
2015-08-11,10.32
2015-08-12,10.4
2015-08-13,11.6
2015-08-14,11.26
2015-08-15,13.4
2015-08-16,14.32
2015-08-17,13.08
2015-08-18,12.78
2015-08-19,11.86
2015-08-20,15.76
2015-08-21,14.8
2015-08-22,13.36
2015-08-23,12.92
2015-08-24,12.64
2015-08-25,12.2
2015-08-26,12.28
2015-08-27,11.66
2015-08-28,11.44
2015-08-29,10.9
2015-08-30,10.74
2015-08-31,10.81
2015-09-01,10.45
2015-09-02,10.22
2015-09-03,9.98
2015-09-04,9.73
2015-09-05,10.06
2015-09-06,11.6
2015-09-07,11.8
2015-09-08,11.08
2015-09-09,10.94
2015-09-10,11.0
2015-09-11,11.66
2015-09-12,13.0
2015-09-13,12.29
2015-09-14,11.5
2015-09-15,10.74
2015-09-16,10.64
2015-09-17,10.68
2015-09-18,10.16
2015-09-19,9.5
2015-09-20,9.28
2015-09-21,9.44
2015-09-22,9.28
2015-09-23,9.08
2015-09-24,8.72
2015-09-25,8.54
2015-09-26,8.3
2015-09-27,8.23
2015-09-28,8.46
2015-09-29,8.58
2015-09-30,8.28
2015-10-01,8.7
2015-10-02,8.36
2015-10-03,8.86
2015-10-04,7.96
2015-10-05,7.68
2015-10-06,7.63
2015-10-07,7.76
2015-10-08,7.65
2015-10-09,7.4
2015-10-10,7.26
2015-10-11,7.52
2015-10-12,7.48
2015-10-13,7.5
2015-10-14,7.42
2015-10-15,7.41
2015-10-16,7.62
2015-10-17,7.46
2015-10-18,7.14
2015-10-19,6.8
2015-10-20,6.45
2015-10-21,6.42
2015-10-22,6.47
2015-10-23,6.6
2015-10-24,6.56
2015-10-25,6.8
2015-10-26,6.96
2015-10-27,6.8
2015-10-28,6.82
2015-10-29,6.84
2015-10-30,6.78
2015-10-31,6.86
2015-11-01,6.33
2015-11-02,6.28
2015-11-03,6.36
2015-11-04,6.2
2015-11-05,6.1
2015-11-06,6.0
2015-11-07,5.86
2015-11-08,5.82
2015-11-09,5.77
2015-11-10,5.63
2015-11-11,5.59
2015-11-12,5.5
2015-11-13,5.53
2015-11-14,5.69
2015-11-15,5.93
2015-11-16,6.24
2015-11-17,6.55
2015-11-18,6.48
2015-11-19,5.6
2015-11-20,5.82
2015-11-21,5.76
2015-11-22,5.74
2015-11-23,5.72
2015-11-24,5.66
2015-11-25,5.6
2015-11-26,5.3
2015-11-27,5.08
2015-11-28,4.8
2015-11-29,4.73
2015-11-30,4.7
2015-12-01,4.86
2015-12-02,4.9
2015-12-03,4.97
2015-12-04,5.02
2015-12-05,5.37
2015-12-06,5.5
2015-12-07,5.37
2015-12-08,5.2
2015-12-09,5.28
2015-12-10,5.02
2015-12-11,5.06
2015-12-12,4.78
2015-12-13,4.75
2015-12-14,4.9
2015-12-15,5.02
2015-12-16,4.94
2015-12-17,4.64
2015-12-18,4.62
2015-12-19,4.58
2015-12-20,4.56
2015-12-21,4.53
2015-12-22,4.7
2015-12-23,4.98
2015-12-24,5.14
2015-12-25,5.22
2015-12-26,5.26
2015-12-27,5.3
2015-12-28,5.3
2015-12-29,5.3
2015-12-30,4.98
2015-12-31,4.62
2016-01-01,6.0
2016-01-02,6.04
2016-01-03,5.87
2016-01-04,5.78
2016-01-05,5.9
2016-01-06,6.02
2016-01-07,6.2
2016-01-08,6.34
2016-01-09,6.4
2016-01-10,6.2
2016-01-11,5.9
2016-01-12,6.02
2016-01-13,5.56
2016-01-14,5.32
2016-01-15,5.64
2016-01-16,5.12
2016-01-17,5.18
2016-01-18,4.86
2016-01-19,4.74
2016-01-20,4.6
2016-01-21,4.67
2016-01-22,4.76
2016-01-23,5.01
2016-01-24,5.14
2016-01-25,5.18
2016-01-26,5.38
2016-01-27,5.72
2016-01-28,5.27
2016-01-29,4.58
2016-01-30,4.36
2016-01-31,4.3
2016-02-01,4.33
2016-02-02,4.29
2016-02-03,4.34
2016-02-04,4.36
2016-02-05,4.38
2016-02-06,4.35
2016-02-07,4.33
2016-02-08,4.27
2016-02-09,4.23
2016-02-10,4.2
2016-02-11,4.18
2016-02-12,4.49
2016-02-13,4.85
2016-02-14,5.1
2016-02-15,5.28
2016-02-16,5.45
2016-02-17,5.6
2016-02-18,5.79
2016-02-19,5.9
2016-02-20,6.08
2016-02-21,6.22
2016-02-22,6.52
2016-02-23,6.2
2016-02-24,6.1
2016-02-25,5.78
2016-02-26,5.9
2016-02-27,6.08
2016-02-28,6.32
2016-03-01,6.38
2016-03-02,6.36
2016-03-03,6.37
2016-03-04,6.36
2016-03-05,6.35
2016-03-06,6.37
2016-03-07,6.34
2016-03-08,5.9
2016-03-09,5.52
2016-03-10,5.54
2016-03-11,5.92
2016-03-12,6.21
2016-03-13,6.26
2016-03-14,6.16
2016-03-15,6.03
2016-03-16,5.98
2016-03-17,5.92
2016-03-18,6.06
2016-03-19,6.07
2016-03-20,6.08
2016-03-21,6.04
2016-03-22,5.89
2016-03-23,5.98
2016-03-24,6.02
2016-03-25,6.08
2016-03-26,5.96
2016-03-27,5.72
2016-03-28,5.58
2016-03-29,5.58
2016-03-30,6.12
2016-03-31,6.42
2016-04-01,6.37
2016-04-02,6.3
2016-04-03,6.25
2016-04-04,6.2
2016-04-05,6.24
2016-04-06,6.26
2016-04-07,6.18
2016-04-08,6.1
2016-04-09,6.07
2016-04-10,5.9
2016-04-11,6.0
2016-04-12,6.12
2016-04-13,6.19
2016-04-14,6.22
2016-04-15,5.85
2016-04-16,5.22
2016-04-17,5.15
2016-04-18,5.08
2016-04-19,5.0
2016-04-20,5.0
2016-04-21,4.7
2016-04-22,4.8
2016-04-23,5.5
2016-04-24,6.1
2016-04-25,6.18
2016-04-26,6.5
2016-04-27,6.7
2016-04-28,6.5
2016-04-29,6.75
2016-04-30,6.8
2016-05-01,6.24
2016-05-02,5.82
2016-05-03,5.7
2016-05-04,4.82
2016-05-05,4.68
2016-05-06,4.5
2016-05-07,5.55
2016-05-08,6.16
2016-05-09,6.25
2016-05-10,6.22
2016-05-11,6.23
2016-05-12,6.22
2016-05-13,6.34
2016-05-14,6.35
2016-05-15,6.38
2016-05-16,6.39
2016-05-17,6.48
2016-05-18,6.8
2016-05-19,7.04
2016-05-20,7.4
2016-05-21,7.6
2016-05-22,7.54
2016-05-23,7.34
2016-05-24,7.1
2016-05-25,6.84
2016-05-26,6.54
2016-05-27,6.42
2016-05-28,6.56
2016-05-29,6.7
2016-05-30,6.78
2016-05-31,6.76
2016-06-01,6.33
2016-06-02,6.27
2016-06-03,4.87
2016-06-04,4.7
2016-06-05,4.5
2016-06-06,4.3
2016-06-07,4.78
2016-06-08,4.9
2016-06-09,5.33
2016-06-10,5.7
2016-06-11,6.58
2016-06-12,6.77
2016-06-13,6.85
2016-06-14,6.78
2016-06-15,6.92
2016-06-16,6.88
2016-06-17,6.7
2016-06-18,6.62
2016-06-19,6.57
2016-06-20,6.31
2016-06-21,6.18
2016-06-22,5.84
2016-06-23,5.63
2016-06-24,5.43
2016-06-25,5.13
2016-06-26,4.97
2016-06-27,4.73
2016-06-28,4.68
2016-06-29,4.42
2016-06-30,4.57
2016-07-01,5.44
2016-07-02,5.84
2016-07-03,6.25
2016-07-04,6.28
2016-07-05,6.32
2016-07-06,6.34
2016-07-07,6.48
2016-07-08,6.18
2016-07-09,6.29
2016-07-10,6.34
2016-07-11,6.32
2016-07-12,7.23
2016-07-13,7.66
2016-07-14,8.25
2016-07-15,8.8
2016-07-16,9.1
2016-07-17,9.34
2016-07-18,9.42
2016-07-19,9.6
2016-07-20,9.1
2016-07-21,8.88
2016-07-22,9.52
2016-07-23,10.26
2016-07-24,10.78
2016-07-25,11.36
2016-07-26,11.62
2016-07-27,11.68
2016-07-28,11.16
2016-07-29,10.28
2016-07-30,9.97
2016-07-31,9.4
2016-08-01,8.96
2016-08-02,8.68
2016-08-03,8.54
2016-08-04,8.9
2016-08-05,8.99
2016-08-06,9.19
2016-08-07,11.36
2016-08-08,11.2
2016-08-09,11.58
2016-08-10,11.19
2016-08-11,10.82
2016-08-12,10.7
2016-08-13,10.87
2016-08-14,11.04
2016-08-15,10.7
2016-08-16,11.26
2016-08-17,12.2
2016-08-18,12.67
2016-08-19,12.98
2016-08-20,12.71
2016-08-21,12.22
2016-08-22,11.5
2016-08-23,11.09
2016-08-24,10.48
2016-08-25,10.18
2016-08-26,9.89
2016-08-27,10.5
2016-08-28,10.72
2016-08-29,11.2
2016-08-30,11.53
2016-08-31,11.26
2016-09-01,11.46
2016-09-02,11.33
2016-09-03,11.16
2016-09-04,11.27
2016-09-05,11.59
2016-09-06,11.47
2016-09-07,11.0
2016-09-08,10.85
2016-09-09,11.05
2016-09-10,11.02
2016-09-11,11.32
2016-09-12,11.7
2016-09-13,11.96
2016-09-14,12.3
2016-09-15,12.74
2016-09-16,12.72
2016-09-17,12.45
2016-09-18,11.96
2016-09-19,11.48
2016-09-20,11.03
2016-09-21,10.87
2016-09-22,10.7
2016-09-23,10.19
2016-09-24,9.8
2016-09-25,9.14
2016-09-26,9.0
2016-09-27,9.11
2016-09-28,9.09
2016-09-29,9.26
2016-09-30,9.45
2016-10-01,9.53
2016-10-02,9.44
2016-10-03,9.0
2016-10-04,8.72
2016-10-05,8.42
2016-10-06,8.15
2016-10-07,7.86
2016-10-08,7.8
2016-10-09,7.7
2016-10-10,7.75
2016-10-11,8.19
2016-10-12,8.33
2016-10-13,8.58
2016-10-14,8.22
2016-10-15,8.18
2016-10-16,8.43
2016-10-17,8.7
2016-10-18,8.91
2016-10-19,9.13
2016-10-20,8.79
2016-10-21,8.46
2016-10-22,7.78
2016-10-23,7.53
2016-10-24,7.31
2016-10-25,7.72
2016-10-26,8.05
2016-10-27,8.25
2016-10-28,8.97
2016-10-29,9.96
2016-10-30,9.9
2016-10-31,9.72
2016-11-01,6.96
2016-11-02,6.7
2016-11-03,6.3
2016-11-04,6.18
2016-11-05,6.46
2016-11-06,7.04
2016-11-07,7.72
2016-11-08,7.6
2016-11-09,7.42
2016-11-10,7.06
2016-11-11,8.08
2016-11-12,9.2
2016-11-13,9.96
2016-11-14,9.1
2016-11-15,9.12
2016-11-16,8.86
2016-11-17,8.54
2016-11-18,8.16
2016-11-19,7.7
2016-11-20,7.18
2016-11-21,6.91
2016-11-22,6.9
2016-11-23,6.78
2016-11-24,6.6
2016-11-25,6.82
2016-11-26,6.62
2016-11-27,6.3
2016-11-28,6.7
2016-11-29,6.82
2016-11-30,6.8
2016-12-01,6.42
2016-12-02,6.42
2016-12-03,6.6
2016-12-04,6.86
2016-12-05,7.1
2016-12-06,6.68
2016-12-07,5.92
2016-12-08,5.45
2016-12-09,5.3
2016-12-10,5.22
2016-12-11,5.02
2016-12-12,4.94
2016-12-13,4.92
2016-12-14,5.2
2016-12-15,5.53
2016-12-16,5.56
2016-12-17,5.56
2016-12-18,5.62
2016-12-19,5.68
2016-12-20,5.8
2016-12-21,6.02
2016-12-22,5.94
2016-12-23,5.96
2016-12-24,6.0
2016-12-25,5.92
2016-12-26,6.09
2016-12-27,6.3
2016-12-28,5.75
2016-12-29,6.2
2016-12-30,6.12
2016-12-31,6.04
2017-01-01,6.23
2017-01-02,6.27
2017-01-03,6.23
2017-01-04,6.26
2017-01-05,6.34
2017-01-06,6.36
2017-01-07,6.46
2017-01-08,6.58
2017-01-09,6.78
2017-01-10,6.83
2017-01-11,6.68
2017-01-12,6.72
2017-01-13,6.85
2017-01-14,6.1
2017-01-15,6.03
2017-01-16,6.06
2017-01-17,6.1
2017-01-18,6.05
2017-01-19,6.08
2017-01-20,6.08
2017-01-21,6.14
2017-01-22,6.18
2017-01-23,6.02
2017-01-24,5.91
2017-01-25,6.0
2017-01-26,6.09
2017-01-27,6.02
2017-01-28,5.97
2017-01-29,5.74
2017-01-30,5.62
2017-01-31,5.58
2017-02-01,5.36
2017-02-02,5.3
2017-02-03,5.22
2017-02-04,5.18
2017-02-05,5.13
2017-02-06,5.26
2017-02-07,5.31
2017-02-08,5.34
2017-02-09,5.4
2017-02-10,5.31
2017-02-11,5.25
2017-02-12,5.17
2017-02-13,5.05
2017-02-14,5.05
2017-02-15,4.88
2017-02-16,4.76
2017-02-17,4.67
2017-02-18,4.59
2017-02-19,4.36
2017-02-20,4.25
2017-02-21,4.15
2017-02-22,4.1
2017-02-23,4.3
2017-02-24,4.39
2017-02-25,4.32
2017-02-26,4.28
2017-02-27,4.22
2017-02-28,4.18
2017-03-01,4.18
2017-03-02,4.23
2017-03-03,4.24
2017-03-04,4.33
2017-03-05,4.28
2017-03-06,4.58
2017-03-07,4.7
2017-03-08,4.8
2017-03-09,4.87
2017-03-10,4.77
2017-03-11,4.67
2017-03-12,4.24
2017-03-13,4.29
2017-03-14,4.3
2017-03-15,4.24
2017-03-16,4.29
2017-03-17,4.2
2017-03-18,4.27
2017-03-19,4.3
2017-03-20,4.24
2017-03-21,4.2
2017-03-22,4.27
2017-03-23,4.34
2017-03-24,4.39
2017-03-25,4.4
2017-03-26,4.78
2017-03-27,4.98
2017-03-28,5.3
2017-03-29,5.17
2017-03-30,4.76
2017-03-31,4.97
2017-04-01,5.15
2017-04-02,5.7
2017-04-03,6.3
2017-04-04,6.63
2017-04-05,6.6
2017-04-06,6.68
2017-04-07,6.5
2017-04-08,6.58
2017-04-09,6.62
2017-04-10,6.62
2017-04-11,6.57
2017-04-12,6.42
2017-04-13,6.23
2017-04-14,5.78
2017-04-15,5.35
2017-04-16,5.27
2017-04-17,5.34
2017-04-18,4.73
2017-04-19,4.48
2017-04-20,4.3
2017-04-21,4.79
2017-04-22,4.92
2017-04-23,5.64
2017-04-24,6.28
2017-04-25,6.4
2017-04-26,6.58
2017-04-27,6.46
2017-04-28,6.55
2017-04-29,6.63
2017-04-30,6.56
2017-05-01,6.67
2017-05-02,6.62
2017-05-03,6.64
2017-05-04,6.82
2017-05-05,6.72
2017-05-06,6.74
2017-05-07,6.82
2017-05-08,7.26
2017-05-09,7.52
2017-05-10,7.35
2017-05-11,7.1
2017-05-12,6.92
2017-05-13,6.86
2017-05-14,6.84
2017-05-15,6.75
2017-05-16,6.68
2017-05-17,6.62
2017-05-18,6.92
2017-05-19,7.02
2017-05-20,7.0
2017-05-21,6.93
2017-05-22,6.78
2017-05-23,6.7
2017-05-24,6.36
2017-05-25,6.22
2017-05-26,6.5
2017-05-27,6.43
2017-05-28,7.1
2017-05-29,7.24
2017-05-30,7.35
2017-05-31,7.42
2017-06-01,7.47
2017-06-02,7.54
2017-06-03,7.42
2017-06-04,6.77
2017-06-05,6.98
2017-06-06,7.19
2017-06-07,7.5
2017-06-08,7.62
2017-06-09,7.72
2017-06-10,7.6
2017-06-11,7.17
2017-06-12,7.02
2017-06-13,6.57
2017-06-14,5.87
2017-06-15,6.23
2017-06-16,5.92
2017-06-17,5.76
2017-06-18,5.42
2017-06-19,5.76
2017-06-20,5.86
2017-06-21,6.68
2017-06-22,6.84
2017-06-23,6.92
2017-06-24,7.28
2017-06-25,7.45
2017-06-26,7.68
2017-06-27,8.07
2017-06-28,10.22
2017-06-29,10.48
2017-06-30,10.87
2017-07-01,10.75
2017-07-02,10.08
2017-07-03,9.28
2017-07-04,9.03
2017-07-05,8.28
2017-07-06,7.92
2017-07-07,7.0
2017-07-08,6.82
2017-07-09,6.49
2017-07-10,7.0
2017-07-11,7.52
2017-07-12,7.98
2017-07-13,8.37
2017-07-14,8.27
2017-07-15,8.35
2017-07-16,8.53
2017-07-17,8.89
2017-07-18,8.97
2017-07-19,9.1
2017-07-20,9.49
2017-07-21,10.85
2017-07-22,13.28
2017-07-23,13.32
2017-07-24,11.86
2017-07-25,11.42
2017-07-26,12.14
2017-07-27,12.8
2017-07-28,12.55
2017-07-29,13.99
2017-07-30,14.86
2017-07-31,15.2
2017-08-01,15.77
2017-08-02,14.97
2017-08-03,14.37
2017-08-04,13.72
2017-08-05,13.08
2017-08-06,12.94
2017-08-07,13.17
2017-08-08,13.78
2017-08-09,13.64
2017-08-10,13.15
2017-08-11,12.76
2017-08-12,0.0
2017-08-13,12.42
2017-08-14,12.74
2017-08-15,13.47
2017-08-16,14.09
2017-08-17,15.12
2017-08-18,16.88
2017-08-19,16.42
2017-08-20,16.37
2017-08-21,15.47
2017-08-22,14.47
2017-08-23,14.28
2017-08-24,14.06
2017-08-25,14.69
2017-08-26,14.97
2017-08-27,14.8
2017-08-28,14.27
2017-08-29,14.69
2017-08-30,14.75
2017-08-31,15.76
2017-09-01,17.26
2017-09-02,16.65
2017-09-03,15.67
2017-09-04,15.96
2017-09-05,16.39
2017-09-06,15.9
2017-09-07,16.14
2017-09-08,14.9
2017-09-09,14.2
2017-09-10,13.6
2017-09-11,13.36
2017-09-12,12.75
2017-09-13,12.96
2017-09-14,13.46
2017-09-15,13.0
2017-09-16,12.6
2017-09-17,12.49
2017-09-18,12.36
2017-09-19,12.46
2017-09-20,11.96
2017-09-21,11.59
2017-09-22,11.32
2017-09-23,11.12
2017-09-24,11.67
2017-09-25,11.0
2017-09-26,10.23
2017-09-27,10.12
2017-09-28,10.11
2017-09-29,10.0
2017-09-30,10.14
2017-10-01,9.88
2017-10-02,9.69
2017-10-03,9.6
2017-10-04,9.76
2017-10-05,9.86
2017-10-06,9.24
2017-10-07,9.02
2017-10-08,8.76
2017-10-09,8.92
2017-10-10,8.69
2017-10-11,8.55
2017-10-12,9.22
2017-10-13,9.54
2017-10-14,9.74
2017-10-15,10.02
2017-10-16,9.74
2017-10-17,9.86
2017-10-18,9.66
2017-10-19,9.54
2017-10-20,9.72
2017-10-21,9.58
2017-10-22,9.52
2017-10-23,9.49
2017-10-24,9.59
2017-10-25,9.74
2017-10-26,9.52
2017-10-27,10.3
2017-10-28,10.69
2017-10-29,10.89
2017-10-30,10.95
2017-10-31,10.76
2017-11-01,9.57
2017-11-02,9.34
2017-11-03,9.16
2017-11-04,8.67
2017-11-05,7.9
2017-11-06,7.63
2017-11-07,7.81
2017-11-08,7.84
2017-11-09,7.76
2017-11-10,7.8
2017-11-11,7.7
2017-11-12,7.62
2017-11-13,7.79
2017-11-14,7.62
2017-11-15,7.6
2017-11-16,7.7
2017-11-17,7.37
2017-11-18,7.42
2017-11-19,7.18
2017-11-20,6.94
2017-11-21,7.33
2017-11-22,7.44
2017-11-23,7.3
2017-11-24,7.27
2017-11-25,7.23
2017-11-26,7.67
2017-11-27,7.98
2017-11-28,9.0
2017-11-29,9.09
2017-11-30,8.73
2017-12-01,8.2
2017-12-02,7.93
2017-12-03,7.6
2017-12-04,7.45
2017-12-05,7.28
2017-12-06,7.2
2017-12-07,7.32
2017-12-08,7.22
2017-12-09,7.2
2017-12-10,7.32
2017-12-11,7.53
2017-12-12,7.63
2017-12-13,7.5
2017-12-14,7.18
2017-12-15,7.0
2017-12-16,6.58
2017-12-17,6.44
2017-12-18,6.36
2017-12-19,6.3
2017-12-20,6.34
2017-12-21,6.18
2017-12-22,6.09
2017-12-23,6.19
2017-12-24,6.23
2017-12-25,6.21
2017-12-26,6.18
2017-12-27,6.13
2017-12-28,6.1
2017-12-29,6.08
2017-12-30,6.13
2017-12-31,6.18
2018-01-01,8.78
2018-01-02,8.78
2018-01-03,8.92
2018-01-04,9.17
2018-01-05,9.24
2018-01-06,9.09
2018-01-07,8.49
2018-01-08,9.01
2018-01-09,9.18
2018-01-10,9.64
2018-01-11,10.75
2018-01-12,10.94
2018-01-13,11.09
2018-01-14,10.94
2018-01-15,10.18
2018-01-16,9.44
2018-01-17,9.04
2018-01-18,9.21
2018-01-19,9.29
2018-01-20,8.92
2018-01-21,8.64
2018-01-22,8.75
2018-01-23,8.74
2018-01-24,8.56
2018-01-25,8.37
2018-01-26,8.47
2018-01-27,8.76
2018-01-28,8.86
2018-01-29,8.47
2018-01-30,8.32
2018-01-31,8.64
2018-02-01,8.79
2018-02-02,8.64
2018-02-03,8.84
2018-02-04,8.92
2018-02-05,8.6
2018-02-06,8.47
2018-02-07,8.67
2018-02-08,8.46
2018-02-09,8.58
2018-02-10,8.67
2018-02-11,8.73
2018-02-12,8.51
2018-02-13,8.44
2018-02-14,8.32
2018-02-15,8.26
2018-02-16,8.55
2018-02-17,8.69
2018-02-18,8.92
2018-02-19,8.99
2018-02-20,9.45
2018-02-21,9.52
2018-02-22,9.4
2018-02-23,9.32
2018-02-24,9.22
2018-02-25,9.3
2018-02-26,9.18
2018-02-27,9.26
2018-02-28,9.38
2018-03-01,9.32
2018-03-02,9.44
2018-03-03,9.22
2018-03-04,9.15
2018-03-05,8.98
2018-03-06,8.84
2018-03-07,8.94
2018-03-08,9.05
2018-03-09,9.14
2018-03-10,9.08
2018-03-11,8.92
2018-03-12,9.15
2018-03-13,9.1
2018-03-14,9.22
2018-03-15,9.21
2018-03-16,9.05
2018-03-17,8.92
2018-03-18,9.13
2018-03-19,9.24
2018-03-20,9.13
2018-03-21,9.02
2018-03-22,9.06
2018-03-23,9.05
2018-03-24,8.9
2018-03-25,8.75
2018-03-26,8.8
2018-03-27,8.72
2018-03-28,8.67
2018-03-29,8.86
2018-03-30,8.9
2018-03-31,9.1
2018-04-01,9.1
2018-04-02,9.1
2018-04-03,9.1
2018-04-04,9.44
2018-04-05,9.39
2018-04-06,9.57
2018-04-07,9.47
2018-04-08,9.63
2018-04-09,9.38
2018-04-10,9.24
2018-04-11,9.17
2018-04-12,9.19
2018-04-13,9.35
2018-04-14,9.12
2018-04-15,8.92
2018-04-16,8.22
2018-04-17,7.84
2018-04-18,7.4
2018-04-19,7.2
2018-04-20,7.03
2018-04-21,6.8
2018-04-22,6.68
2018-04-23,7.89
2018-04-24,8.36
2018-04-25,9.42
2018-04-26,9.58
2018-04-27,9.78
2018-04-28,9.89
2018-04-29,9.29
2018-04-30,9.13
2018-05-01,9.37
2018-05-02,9.5
2018-05-03,9.36
2018-05-04,9.24
2018-05-05,9.07
2018-05-06,8.72
2018-05-07,8.84
2018-05-08,8.4
2018-05-09,8.09
2018-05-10,8.0
2018-05-11,7.82
2018-05-12,8.93
2018-05-13,8.66
2018-05-14,8.8
2018-05-15,8.92
2018-05-16,9.08
2018-05-17,8.72
2018-05-18,8.84
2018-05-19,8.94
2018-05-20,8.82
2018-05-21,9.12
2018-05-22,9.48
2018-05-23,9.57
2018-05-24,9.68
2018-05-25,9.3
2018-05-26,9.17
2018-05-27,9.06
2018-05-28,9.34
2018-05-29,9.5
2018-05-30,9.64
2018-05-31,9.6
2018-06-01,9.48
2018-06-02,9.32
2018-06-03,9.66
2018-06-04,9.76
2018-06-05,9.66
2018-06-06,9.54
2018-06-07,9.46
2018-06-08,9.46
2018-06-09,9.66
2018-06-10,9.52
2018-06-11,9.64
2018-06-12,9.32
2018-06-13,9.38
2018-06-14,9.47
2018-06-15,9.17
2018-06-16,8.9
2018-06-17,8.74
2018-06-18,8.3
2018-06-19,8.1
2018-06-20,8.03
2018-06-21,8.08
2018-06-22,8.15
2018-06-23,8.22
2018-06-24,8.06
2018-06-25,7.82
2018-06-26,7.7
2018-06-27,7.82
2018-06-28,7.65
2018-06-29,7.32
2018-06-30,7.16
2018-07-01,7.1
2018-07-02,7.24
2018-07-03,6.82
2018-07-04,6.68
2018-07-05,7.34
2018-07-06,7.08
2018-07-07,7.91
2018-07-08,7.5
2018-07-09,7.26
2018-07-10,7.0
2018-07-11,6.68
2018-07-12,6.34
2018-07-13,6.23
2018-07-14,6.44
2018-07-15,6.49
2018-07-16,6.86
2018-07-17,7.09
2018-07-18,6.88
2018-07-19,6.68
2018-07-20,6.42
2018-07-21,6.22
2018-07-22,6.0
2018-07-23,6.0
2018-07-24,5.8
2018-07-25,5.66
2018-07-26,5.82
2018-07-27,7.55
2018-07-28,8.72
2018-07-29,9.02
2018-07-30,9.28
2018-07-31,9.55
2018-08-01,9.4
2018-08-02,9.3
2018-08-03,9.18
2018-08-04,9.58
2018-08-05,11.0
2018-08-06,9.64
2018-08-07,9.32
2018-08-08,9.46
2018-08-09,9.72
2018-08-10,9.81
2018-08-11,9.58
2018-08-12,9.48
2018-08-13,9.27
2018-08-14,9.65
2018-08-15,9.54
2018-08-16,9.62
2018-08-17,9.75
2018-08-18,10.15
2018-08-19,9.92
2018-08-20,9.62
2018-08-21,9.5
2018-08-22,9.42
2018-08-23,9.56
2018-08-24,9.96
2018-08-25,9.67
2018-08-26,9.82
2018-08-27,9.94
2018-08-28,9.74
2018-08-29,9.65
2018-08-30,9.44
2018-08-31,9.3
2018-09-01,9.22
2018-09-02,8.82
2018-09-03,8.95
2018-09-04,9.18
2018-09-05,9.4
2018-09-06,9.32
2018-09-07,9.08
2018-09-08,9.0
2018-09-09,8.98
2018-09-10,9.05
2018-09-11,9.13
2018-09-12,8.89
2018-09-13,9.03
2018-09-14,9.12
2018-09-15,9.25
2018-09-16,9.1
2018-09-17,9.17
2018-09-18,9.32
2018-09-19,9.4
2018-09-20,9.33
2018-09-21,8.89
2018-09-22,8.0
2018-09-23,7.42
2018-09-24,7.37
2018-09-25,7.33
2018-09-26,7.45
2018-09-27,7.6
2018-09-28,7.52
2018-09-29,7.44
2018-09-30,7.62
2018-10-01,7.52
2018-10-02,7.43
2018-10-03,7.35
2018-10-04,7.26
2018-10-05,7.15
2018-10-06,7.09
2018-10-07,6.62
2018-10-08,6.52
2018-10-09,6.4
2018-10-10,7.0
2018-10-11,7.22
2018-10-12,8.02
2018-10-13,8.52
2018-10-14,8.69
2018-10-15,8.47
2018-10-16,8.49
2018-10-17,8.5
2018-10-18,8.26
2018-10-19,8.16
2018-10-20,7.0
2018-10-21,7.06
2018-10-22,6.22
2018-10-23,6.09
2018-10-24,6.22
2018-10-25,6.52
2018-10-26,7.18
2018-10-27,7.55
2018-10-28,8.18
2018-10-29,8.36
2018-10-30,8.52
2018-10-31,8.64
2018-11-01,10.62
2018-11-02,10.53
2018-11-03,10.72
2018-11-04,10.92
2018-11-05,10.97
2018-11-06,10.92
2018-11-07,10.49
2018-11-08,10.28
2018-11-09,10.02
2018-11-10,10.11
2018-11-11,10.35
2018-11-12,10.2
2018-11-13,9.65
2018-11-14,9.26
2018-11-15,9.24
2018-11-16,9.32
2018-11-17,9.18
2018-11-18,9.04
2018-11-19,9.35
2018-11-20,9.15
2018-11-21,9.07
2018-11-22,9.22
2018-11-23,9.48
2018-11-24,9.57
2018-11-25,9.52
2018-11-26,9.27
2018-11-27,9.34
2018-11-28,9.15
2018-11-29,9.04
2018-11-30,8.86
2018-12-01,8.72
2018-12-02,8.63
2018-12-03,8.85
2018-12-04,8.96
2018-12-05,8.78
2018-12-06,8.72
2018-12-07,8.92
2018-12-08,8.79
2018-12-09,8.66
2018-12-10,8.65
2018-12-11,8.66
2018-12-12,8.95
2018-12-13,8.82
2018-12-14,8.84
2018-12-15,8.74
2018-12-16,8.8
2018-12-17,8.84
2018-12-18,8.8
2018-12-19,8.75
2018-12-20,8.84
2018-12-21,9.05
2018-12-22,9.2
2018-12-23,9.28
2018-12-24,8.95
2018-12-25,8.78
2018-12-26,8.95
2018-12-27,8.84
2018-12-28,8.75
2018-12-29,8.69
2018-12-30,8.66
2018-12-31,8.6
2019-01-01,8.12
2019-01-02,8.07
2019-01-03,8.13
2019-01-04,8.19
2019-01-05,8.24
2019-01-06,8.29
2019-01-07,8.24
2019-01-08,8.19
2019-01-09,8.25
2019-01-10,8.14
2019-01-11,8.02
2019-01-12,7.95
2019-01-13,7.84
2019-01-14,7.98
2019-01-15,8.09
2019-01-16,8.16
2019-01-17,8.23
2019-01-18,8.27
2019-01-19,8.33
2019-01-20,8.27
2019-01-21,8.23
2019-01-22,8.17
2019-01-23,8.12
2019-01-24,8.07
2019-01-25,8.15
2019-01-26,8.56
2019-01-27,8.47
2019-01-28,8.42
2019-01-29,8.35
2019-01-30,8.27
2019-01-31,8.31
2019-02-01,0.0
2019-02-02,8.47
2019-02-03,8.53
2019-02-04,8.44
2019-02-05,8.36
2019-02-06,8.27
2019-02-07,8.17
2019-02-08,8.1
2019-02-09,8.15
2019-02-10,8.23
2019-02-11,8.28
2019-02-12,8.33
2019-02-13,8.37
2019-02-14,8.32
2019-02-15,8.25
2019-02-16,8.17
2019-02-17,8.04
2019-02-18,8.13
2019-02-19,8.19
2019-02-20,8.24
2019-02-21,8.17
2019-02-22,8.13
2019-02-23,8.07
2019-02-24,8.03
2019-02-25,8.02
2019-02-26,7.97
2019-02-27,7.94
2019-02-28,8.0
2019-03-01,8.11
2019-03-02,8.16
2019-03-03,8.21
2019-03-04,8.26
2019-03-05,8.33
2019-03-06,8.39
2019-03-07,8.47
2019-03-08,8.42
2019-03-09,8.49
2019-03-10,8.53
2019-03-11,8.47
2019-03-12,8.53
2019-03-13,8.37
2019-03-14,8.24
2019-03-15,8.16
2019-03-16,8.08
2019-03-17,8.02
2019-03-18,7.95
2019-03-19,8.03
2019-03-20,8.09
2019-03-21,8.16
2019-03-22,8.21
2019-03-23,8.29
2019-03-24,8.24
2019-03-25,8.17
2019-03-26,8.12
2019-03-27,8.07
2019-03-28,8.13
2019-03-29,8.19
2019-03-30,8.35
2019-03-31,8.45
2019-04-01,8.53
2019-04-02,8.59
2019-04-03,8.66
2019-04-04,8.55
2019-04-05,8.49
2019-04-06,8.45
2019-04-07,8.52
2019-04-08,8.57
2019-04-09,8.62
2019-04-10,8.52
2019-04-11,8.46
2019-04-12,8.41
2019-04-13,8.49
2019-04-14,8.56
2019-04-15,8.59
2019-04-16,8.64
2019-04-17,8.57
2019-04-18,8.52
2019-04-19,8.47
2019-04-20,8.42
2019-04-21,8.42
2019-04-22,8.33
2019-04-23,8.28
2019-04-24,8.38
2019-04-25,8.64
2019-04-26,8.75
2019-04-27,8.79
2019-04-28,8.89
2019-04-29,8.82
2019-04-30,8.75
2019-05-01,8.66
2019-05-02,8.6
2019-05-03,8.52
2019-05-04,8.46
2019-05-05,0.0
2019-05-06,8.32
2019-05-07,8.27
2019-05-08,8.22
2019-05-09,8.16
2019-05-10,8.11
2019-05-11,8.07
2019-05-12,8.02
2019-05-13,7.95
2019-05-14,7.92
2019-05-15,7.87
2019-05-16,7.82
2019-05-17,7.78
2019-05-18,7.72
2019-05-19,7.96
2019-05-20,8.05
2019-05-21,8.09
2019-05-22,8.12
2019-05-23,7.78
2019-05-24,8.22
2019-05-25,8.24
2019-05-26,8.27
2019-05-27,8.3
2019-05-28,8.25
2019-05-29,8.21
2019-05-30,8.18
2019-05-31,8.15
2019-06-01,8.12
2019-06-02,8.18
2019-06-03,8.23
2019-06-04,8.26
2019-06-05,8.29
2019-06-06,8.24
2019-06-07,8.17
2019-06-08,8.24
2019-06-09,8.3
2019-06-10,8.35
2019-06-11,8.39
2019-06-12,8.43
2019-06-13,8.38
2019-06-14,8.34
2019-06-15,8.42
2019-06-16,8.47
2019-06-17,8.51
2019-06-18,8.46
2019-06-19,8.52
2019-06-20,8.55
2019-06-21,8.57
2019-06-22,8.53
2019-06-23,8.5
2019-06-24,8.45
2019-06-25,8.41
2019-06-26,8.44
2019-06-27,8.52
2019-06-28,8.54
2019-06-29,8.47
2019-06-30,8.51
2019-07-01,8.47
2019-07-02,8.5
2019-07-03,8.53
2019-07-04,8.55
2019-07-05,8.59
2019-07-06,8.62
2019-07-07,8.57
2019-07-08,8.54
2019-07-09,8.5
2019-07-10,8.46
2019-07-11,8.43
2019-07-12,8.46
2019-07-13,8.45
2019-07-14,9.55
2019-07-15,9.36
2019-07-16,9.15
2019-07-17,9.07
2019-07-18,9.04
2019-07-19,9.54
2019-07-20,9.33
2019-07-21,9.23
2019-07-22,9.18
2019-07-23,9.35
2019-07-24,9.45
2019-07-25,9.15
2019-07-26,8.85
2019-07-27,8.7
2019-07-28,8.75
2019-07-29,8.3
2019-07-30,8.76
2019-07-31,8.94
2019-08-01,8.85
2019-08-02,8.93
2019-08-03,9.8
2019-08-04,9.3
2019-08-05,9.37
2019-08-06,9.47
2019-08-07,9.4
2019-08-08,9.35
2019-08-09,9.78
2019-08-10,10.08
2019-08-11,10.32
2019-08-12,10.53
2019-08-13,10.35
2019-08-14,10.9
2019-08-15,9.95
2019-08-16,9.87
2019-08-17,10.59
2019-08-18,11.0
2019-08-19,11.18
2019-08-20,11.28
2019-08-21,11.9
2019-08-22,11.65
2019-08-23,11.5
2019-08-24,11.36
2019-08-25,11.74
2019-08-26,11.87
2019-08-27,11.35
2019-08-28,10.94
2019-08-29,10.56
2019-08-30,10.28
2019-08-31,10.09
2019-09-01,10.05
2019-09-02,9.98
2019-09-03,10.05
2019-09-04,10.09
2019-09-05,10.12
2019-09-06,10.17
2019-09-07,10.13
2019-09-08,10.18
2019-09-09,9.56
2019-09-10,9.31
2019-09-11,9.42
2019-09-12,9.76
2019-09-13,9.85
2019-09-14,9.94
2019-09-15,10.25
2019-09-16,10.32
2019-09-17,10.16
2019-09-18,10.1
2019-09-19,10.05
2019-09-20,10.0
2019-09-21,9.92
2019-09-22,9.75
2019-09-23,9.54
2019-09-24,9.44
2019-09-25,10.5
2019-09-26,10.22
2019-09-27,10.17
2019-09-28,10.38
2019-09-29,10.44
2019-09-30,10.25
2019-10-01,10.0
2019-10-02,9.85
2019-10-03,9.76
2019-10-04,9.83
2019-10-05,9.73
2019-10-06,9.44
2019-10-07,9.36
2019-10-08,9.24
2019-10-09,9.72
2019-10-10,9.82
2019-10-11,9.6
2019-10-12,9.26
2019-10-13,9.18
2019-10-14,9.0
2019-10-15,8.89
2019-10-16,8.95
2019-10-17,9.0
2019-10-18,8.92
2019-10-19,8.88
2019-10-20,8.83
2019-10-21,8.75
2019-10-22,8.7
2019-10-23,8.75
2019-10-24,9.0
2019-10-25,9.1
2019-10-26,0.0
2019-10-27,8.72
2019-10-28,8.8
2019-10-29,8.88
2019-10-30,8.79
2019-10-31,8.62
2019-11-01,8.24
2019-11-02,8.16
2019-11-03,8.52
2019-11-04,8.6
2019-11-05,8.55
2019-11-06,8.63
2019-11-07,8.65
2019-11-08,8.58
2019-11-09,8.64
2019-11-10,8.55
2019-11-11,8.66
2019-11-12,8.62
2019-11-13,8.52
2019-11-14,8.47
2019-11-15,8.53
2019-11-16,8.57
2019-11-17,8.52
2019-11-18,8.47
2019-11-19,8.43
2019-11-20,8.47
2019-11-21,8.54
2019-11-22,8.47
2019-11-23,8.6
2019-11-24,8.55
2019-11-25,8.46
2019-11-26,8.58
2019-11-27,8.52
2019-11-28,8.46
2019-11-29,8.52
2019-11-30,8.62
2019-12-01,8.57
2019-12-02,8.52
2019-12-03,8.69
2019-12-04,8.79
2019-12-05,8.66
2019-12-06,8.58
2019-12-07,8.68
2019-12-08,8.7
2019-12-09,8.77
2019-12-10,8.69
2019-12-11,8.62
2019-12-12,8.8
2019-12-13,8.78
2019-12-14,8.7
2019-12-15,8.68
2019-12-16,8.62
2019-12-17,8.75
2019-12-18,8.82
2019-12-19,8.72
2019-12-20,8.77
2019-12-21,8.72
2019-12-22,8.68
2019-12-23,8.62
2019-12-24,8.66
2019-12-25,8.61
2019-12-26,8.56
2019-12-27,8.51
2019-12-28,8.59
2019-12-29,8.55
2019-12-30,8.22
2019-12-31,8.17
2020-01-01,8.8
2020-01-02,9.08
2020-01-03,9.2
2020-01-04,9.22
2020-01-05,8.94
2020-01-06,8.4
2020-01-07,8.5
2020-01-08,8.24
2020-01-09,8.28
2020-01-10,8.4
2020-01-11,8.52
2020-01-12,8.54
2020-01-13,8.54
2020-01-14,8.7
2020-01-15,8.79
2020-01-16,8.82
2020-01-17,8.75
2020-01-18,8.88
2020-01-19,8.88
2020-01-20,8.86
2020-01-21,8.89
2020-01-22,8.84
2020-01-23,8.9
2020-01-24,8.87
2020-01-25,8.88
2020-01-26,8.9
2020-01-27,8.88
2020-01-28,8.87
2020-01-29,8.75
2020-01-30,8.68
2020-01-31,8.66
2020-02-01,8.68
2020-02-02,8.68
2020-02-03,8.75
2020-02-04,8.76
2020-02-05,8.74
2020-02-06,8.75
2020-02-07,8.78
2020-02-08,8.6
2020-02-09,7.8
2020-02-10,7.62
2020-02-11,7.58
2020-02-12,7.54
2020-02-13,7.58
2020-02-14,7.94
2020-02-15,8.0
2020-02-16,8.7
2020-02-17,8.12
2020-02-18,8.64
2020-02-19,8.6
2020-02-20,8.5
2020-02-21,8.16
2020-02-22,8.18
2020-02-23,8.48
2020-02-24,8.72
2020-02-25,8.76
2020-02-26,8.86
2020-02-27,8.82
2020-02-28,8.77
2020-03-01,8.8
2020-03-02,8.75
2020-03-03,8.78
2020-03-04,8.82
2020-03-05,8.78
2020-03-06,8.8
2020-03-07,8.78
2020-03-08,8.86
2020-03-09,8.87
2020-03-10,8.79
2020-03-11,8.87
2020-03-12,8.94
2020-03-13,8.95
2020-03-14,8.76
2020-03-15,8.84
2020-03-16,8.71
2020-03-17,8.78
2020-03-18,8.76
2020-03-19,8.81
2020-03-20,8.84
2020-03-21,8.85
2020-03-22,8.65
2020-03-23,8.56
2020-03-24,8.68
2020-03-25,8.67
2020-03-26,8.66
2020-03-27,8.67
2020-03-28,8.88
2020-03-29,8.77
2020-03-30,9.2
2020-03-31,9.02
2020-04-01,9.04
2020-04-02,9.02
2020-04-03,9.02
2020-04-04,9.2
2020-04-05,9.29
2020-04-06,9.11
2020-04-07,9.18
2020-04-08,9.1
2020-04-09,9.19
2020-04-10,9.17
2020-04-11,8.78
2020-04-12,8.86
2020-04-13,9.12
2020-04-14,9.14
2020-04-15,8.92
2020-04-16,8.9
2020-04-17,8.93
2020-04-18,9.14
2020-04-19,9.28
2020-04-20,9.23
2020-04-21,9.26
2020-04-22,9.36
2020-04-23,9.46
2020-04-24,9.45
2020-04-25,9.33
2020-04-26,9.36
2020-04-27,9.28
2020-04-28,9.15
2020-04-29,9.16
2020-04-30,9.2
2020-05-01,9.27
2020-05-02,9.37
2020-05-03,9.35
2020-05-04,9.3
2020-05-05,9.5
2020-05-06,9.47
2020-05-07,9.4
2020-05-08,9.48
2020-05-09,9.47
2020-05-10,9.68
2020-05-11,9.67
2020-05-12,9.66
2020-05-13,9.64
2020-05-14,9.6
2020-05-15,9.44
2020-05-16,9.3
2020-05-17,9.32
2020-05-18,9.56
2020-05-19,9.5
2020-05-20,9.48
2020-05-21,9.34
2020-05-22,9.48
2020-05-23,9.76
2020-05-24,9.75
2020-05-25,9.8
2020-05-26,9.15
2020-05-27,9.0
2020-05-28,9.48
2020-05-29,9.7
2020-05-30,9.57
2020-05-31,9.66
2020-06-01,9.65
2020-06-02,9.36
2020-06-03,9.06
2020-06-04,9.0
2020-06-05,8.82
2020-06-06,8.8
2020-06-07,8.9
2020-06-08,8.99
2020-06-09,9.22
2020-06-10,9.38
2020-06-11,9.42
2020-06-12,9.71
2020-06-13,10.08
2020-06-14,10.22
2020-06-15,10.14
2020-06-16,10.78
2020-06-17,10.7
2020-06-18,10.6
2020-06-19,10.59
2020-06-20,10.34
2020-06-21,10.06
2020-06-22,9.94
2020-06-23,9.96
2020-06-24,9.98
2020-06-25,9.66
2020-06-26,9.64
2020-06-27,9.56
2020-06-28,9.48
2020-06-29,9.36
2020-06-30,9.4
2020-07-01,9.52
2020-07-02,9.56
2020-07-03,9.62
2020-07-04,9.76
2020-07-05,9.84
2020-07-06,9.62
2020-07-07,9.42
2020-07-08,9.3
2020-07-09,9.24
2020-07-10,9.32
2020-07-11,9.22
2020-07-12,9.28
2020-07-13,9.39
2020-07-14,9.44
2020-07-15,9.32
2020-07-16,9.12
2020-07-17,8.82
2020-07-18,9.1
2020-07-19,9.54
2020-07-20,9.36
2020-07-21,9.48
2020-07-22,9.72
2020-07-23,10.44
2020-07-24,12.07
2020-07-25,12.28
2020-07-26,12.26
2020-07-27,11.66
2020-07-28,11.32
2020-07-29,11.04
2020-07-30,11.6
2020-07-31,11.4
2020-08-01,10.74
2020-08-02,10.78
2020-08-03,11.94
2020-08-04,10.74
2020-08-05,10.54
2020-08-06,10.48
2020-08-07,10.5
2020-08-08,10.36
2020-08-09,10.22
2020-08-10,9.94
2020-08-11,9.98
2020-08-12,10.24
2020-08-13,10.34
2020-08-14,9.94
2020-08-15,10.04
2020-08-16,10.64
2020-08-17,11.18
2020-08-18,10.94
2020-08-19,11.08
2020-08-20,11.52
2020-08-21,11.6
2020-08-22,11.44
2020-08-23,11.22
2020-08-24,11.0
2020-08-25,10.84
2020-08-26,10.5
2020-08-27,10.46
2020-08-28,10.48
2020-08-29,10.58
2020-08-30,10.68
2020-08-31,10.52
2020-09-01,10.38
2020-09-02,10.22
2020-09-03,10.26
2020-09-04,10.06
2020-09-05,10.16
2020-09-06,10.24
2020-09-07,10.28
2020-09-08,9.94
2020-09-09,10.04
2020-09-10,9.98
2020-09-11,9.74
2020-09-12,9.58
2020-09-13,9.7
2020-09-14,9.84
2020-09-15,9.94
2020-09-16,9.74
2020-09-17,9.58
2020-09-18,9.6
2020-09-19,9.3
2020-09-20,9.44
2020-09-21,9.54
2020-09-22,9.76
2020-09-23,9.78
2020-09-24,9.68
2020-09-25,9.68
2020-09-26,9.58
2020-09-27,9.5
2020-09-28,9.4
2020-09-29,9.34
2020-09-30,9.24
2020-10-01,9.16
2020-10-02,9.18
2020-10-03,9.24
2020-10-04,9.34
2020-10-05,9.28
2020-10-06,9.3
2020-10-07,9.34
2020-10-08,9.4
2020-10-09,9.37
2020-10-10,9.23
2020-10-11,9.21
2020-10-12,8.95
2020-10-13,9.16
2020-10-14,9.22
2020-10-15,9.32
2020-10-16,9.32
2020-10-17,9.18
2020-10-18,8.97
2020-10-19,8.83
2020-10-20,8.78
2020-10-21,8.86
2020-10-22,8.95
2020-10-23,8.97
2020-10-24,9.04
2020-10-25,9.29
2020-10-26,9.34
2020-10-27,9.37
2020-10-28,9.36
2020-10-29,9.33
2020-10-30,9.38
2020-10-31,9.22
2020-11-01,8.57
2020-11-02,8.52
2020-11-03,8.71
2020-11-04,8.76
2020-11-05,8.82
2020-11-06,8.77
2020-11-07,8.72
2020-11-08,8.67
2020-11-09,8.62
2020-11-10,8.7
2020-11-11,8.72
2020-11-12,8.44
2020-11-13,8.36
2020-11-14,8.79
2020-11-15,8.84
2020-11-16,8.92
2020-11-17,8.97
2020-11-18,8.84
2020-11-19,8.79
2020-11-20,8.56
2020-11-21,8.54
2020-11-22,8.5
2020-11-23,8.45
2020-11-24,8.51
2020-11-25,8.45
2020-11-26,8.4
2020-11-27,8.35
2020-11-28,8.55
2020-11-29,8.42
2020-11-30,8.3
2020-12-01,8.25
2020-12-02,8.57
2020-12-03,8.7
2020-12-04,8.6
2020-12-05,8.55
2020-12-06,8.5
2020-12-07,8.62
2020-12-08,8.7
2020-12-09,8.65
2020-12-10,8.8
2020-12-11,9.06
2020-12-12,9.17
2020-12-13,9.0
2020-12-14,9.06
2020-12-15,8.97
2020-12-16,8.85
2020-12-17,9.04
2020-12-18,9.0
2020-12-19,8.95
2020-12-20,8.95
2020-12-21,9.28
2020-12-22,9.18
2020-12-23,9.22
2020-12-24,9.26
2020-12-25,9.32
2020-12-26,9.2
2020-12-27,8.72
2020-12-28,8.68
2020-12-29,8.66
2020-12-30,8.6
2020-12-31,8.57
2021-01-01,8.88
2021-01-02,8.76
2021-01-03,8.68
2021-01-04,8.7
2021-01-05,8.75
2021-01-06,8.74
2021-01-07,8.76
2021-01-08,8.8
2021-01-09,8.77
2021-01-10,8.78
2021-01-11,8.8
2021-01-12,8.84
2021-01-13,8.87
2021-01-14,8.7
2021-01-15,8.72
2021-01-16,8.77
2021-01-17,8.8
2021-01-18,8.92
2021-01-19,8.88
2021-01-20,8.84
2021-01-21,9.0
2021-01-22,9.17
2021-01-23,8.98
2021-01-24,8.93
2021-01-25,8.88
2021-01-26,8.83
2021-01-27,8.82
2021-01-28,8.72
2021-01-29,8.76
2021-01-30,8.4
2021-01-31,8.54
2021-02-01,8.64
2021-02-02,8.68
2021-02-03,8.72
2021-02-04,8.77
2021-02-05,8.79
2021-02-06,8.58
2021-02-07,8.72
2021-02-08,8.77
2021-02-09,8.74
2021-02-10,8.79
2021-02-11,8.84
2021-02-12,8.88
2021-02-13,8.83
2021-02-14,8.78
2021-02-15,0.0
2021-02-16,8.53
2021-02-17,8.36
2021-02-18,8.44
2021-02-19,8.43
2021-02-20,8.54
2021-02-21,8.88
2021-02-22,8.94
2021-02-23,8.98
2021-02-24,8.46
2021-02-25,8.75
2021-02-26,8.93
2021-02-27,8.92
2021-02-28,8.92
2021-03-01,8.87
2021-03-02,8.84
2021-03-03,8.8
2021-03-04,8.77
2021-03-05,8.86
2021-03-06,8.81
2021-03-07,8.75
2021-03-08,8.89
2021-03-09,9.18
2021-03-10,9.18
2021-03-11,8.94
2021-03-12,8.98
2021-03-13,9.27
2021-03-14,9.4
2021-03-15,9.42
2021-03-16,9.4
2021-03-17,9.46
2021-03-18,9.46
2021-03-19,9.65
2021-03-20,9.73
2021-03-21,9.64
2021-03-22,9.72
2021-03-23,9.58
2021-03-24,9.22
2021-03-25,8.86
2021-03-26,8.76
2021-03-27,8.71
2021-03-28,8.98
2021-03-29,8.94
2021-03-30,9.0
2021-03-31,9.14
2021-04-01,9.19
2021-04-02,9.12
2021-04-03,9.06
2021-04-04,9.2
2021-04-05,9.16
2021-04-06,9.1
2021-04-07,9.16
2021-04-08,8.86
2021-04-09,8.8
2021-04-10,8.76
2021-04-11,8.84
2021-04-12,9.34
2021-04-13,9.33
2021-04-14,9.02
2021-04-15,8.78
2021-04-16,8.85
2021-04-17,9.2
2021-04-18,9.23
2021-04-19,8.68
2021-04-20,8.58
2021-04-21,8.28
2021-04-22,8.34
2021-04-23,8.55
2021-04-24,8.93
2021-04-25,9.51
2021-04-26,9.83
2021-04-27,9.85
2021-04-28,9.72
2021-04-29,9.58
2021-04-30,9.5
2021-05-01,9.52
2021-05-02,9.57
2021-05-03,9.9
2021-05-04,9.86
2021-05-05,9.68
2021-05-06,9.44
2021-05-07,8.94
2021-05-08,8.76
2021-05-09,8.9
2021-05-10,9.2
2021-05-11,9.33
2021-05-12,9.36
2021-05-13,9.44
2021-05-14,9.8
2021-05-15,10.0
2021-05-16,10.11
2021-05-17,10.03
2021-05-18,10.13
2021-05-19,9.86
2021-05-20,9.52
2021-05-21,9.56
2021-05-22,9.64
2021-05-23,9.94
2021-05-24,10.51
2021-05-25,10.43
2021-05-26,10.12
2021-05-27,10.98
2021-05-28,10.58
2021-05-29,10.3
2021-05-30,10.02
2021-05-31,9.64
2021-06-01,9.62
2021-06-02,9.88
2021-06-03,9.9
2021-06-04,10.24
2021-06-05,10.46
2021-06-06,10.5
2021-06-07,10.22
2021-06-08,9.98
2021-06-09,9.9
2021-06-10,10.02
2021-06-11,10.54
2021-06-12,10.84
2021-06-13,10.9
2021-06-14,10.8
2021-06-15,10.51
2021-06-16,10.64
2021-06-17,10.66
2021-06-18,10.44
2021-06-19,10.53
2021-06-20,10.52
2021-06-21,10.18
2021-06-22,10.08
2021-06-23,9.7
2021-06-24,9.66
2021-06-25,9.42
2021-06-26,9.66
2021-06-27,10.3
2021-06-28,10.42
2021-06-29,10.19
2021-06-30,9.85
2021-07-01,9.46
2021-07-02,9.88
2021-07-03,9.44
2021-07-04,9.68
2021-07-05,10.08
2021-07-06,10.16
2021-07-07,10.1
2021-07-08,10.16
2021-07-09,10.44
2021-07-10,10.78
2021-07-11,10.82
2021-07-12,11.1
2021-07-13,11.25
2021-07-14,11.1
2021-07-15,11.27
2021-07-16,11.2
2021-07-17,10.9
2021-07-18,10.9
2021-07-19,10.7
2021-07-20,10.64
2021-07-21,10.86
2021-07-22,10.58
2021-07-23,10.46
2021-07-24,10.5
2021-07-25,10.64
2021-07-26,10.7
2021-07-27,10.62
2021-07-28,10.48
2021-07-29,10.26
2021-07-30,10.0
2021-07-31,9.7
2021-08-01,9.86
2021-08-02,9.98
2021-08-03,10.34
2021-08-04,10.46
2021-08-05,10.6
2021-08-06,10.7
2021-08-07,10.32
2021-08-08,10.18
2021-08-09,10.44
2021-08-10,10.42
2021-08-11,10.68
2021-08-12,11.56
2021-08-13,12.86
2021-08-14,12.62
2021-08-15,12.78
2021-08-16,13.28
2021-08-17,12.9
2021-08-18,12.36
2021-08-19,11.92
2021-08-20,11.72
2021-08-21,11.36
2021-08-22,11.82
2021-08-23,11.66
2021-08-24,11.5
2021-08-25,11.48
2021-08-26,11.6
2021-08-27,13.3
2021-08-28,13.35
2021-08-29,12.78
2021-08-30,12.92
2021-08-31,12.42
2021-09-01,11.74
2021-09-02,11.62
2021-09-03,11.48
2021-09-04,11.5
2021-09-05,11.46
2021-09-06,11.3
2021-09-07,11.42
2021-09-08,11.34
2021-09-09,11.66
2021-09-10,11.44
2021-09-11,11.02
2021-09-12,11.04
2021-09-13,11.42
2021-09-14,11.46
2021-09-15,11.72
2021-09-16,11.74
2021-09-17,11.66
2021-09-18,12.3
2021-09-19,12.3
2021-09-20,11.94
2021-09-21,12.82
2021-09-22,12.06
2021-09-23,11.86
2021-09-24,11.8
2021-09-25,11.88
2021-09-26,11.58
2021-09-27,11.48
2021-09-28,11.52
2021-09-29,10.84
2021-09-30,10.84
2021-10-01,10.6
2021-10-02,10.38
2021-10-03,10.3
2021-10-04,10.24
2021-10-05,10.32
2021-10-06,10.44
2021-10-07,11.1
2021-10-08,10.58
2021-10-09,10.4
2021-10-10,10.18
2021-10-11,10.16
2021-10-12,10.14
2021-10-13,10.08
2021-10-14,10.16
2021-10-15,10.14
2021-10-16,9.84
2021-10-17,9.62
2021-10-18,9.66
2021-10-19,9.62
2021-10-20,9.6
2021-10-21,9.58
2021-10-22,9.32
2021-10-23,9.06
2021-10-24,9.22
2021-10-25,9.2
2021-10-26,9.16
2021-10-27,9.2
2021-10-28,9.28
2021-10-29,9.24
2021-10-30,9.38
2021-10-31,9.26
2021-11-01,9.48
2021-11-02,9.56
2021-11-03,9.6
2021-11-04,9.66
2021-11-05,9.72
2021-11-06,9.81
2021-11-07,9.65
2021-11-08,9.55
2021-11-09,9.34
2021-11-10,9.44
2021-11-11,9.27
2021-11-12,9.2
2021-11-13,9.26
2021-11-14,9.34
2021-11-15,9.26
2021-11-16,8.9
2021-11-17,8.8
2021-11-18,8.72
2021-11-19,8.66
2021-11-20,8.7
2021-11-21,8.82
2021-11-22,9.32
2021-11-23,9.38
2021-11-24,9.24
2021-11-25,9.08
2021-11-26,8.72
2021-11-27,8.59
2021-11-28,8.84
2021-11-29,9.25
2021-11-30,9.2
2021-12-01,8.86
2021-12-02,8.76
2021-12-03,8.74
2021-12-04,8.8
2021-12-05,8.56
2021-12-06,8.72
2021-12-07,8.8
2021-12-08,8.78
2021-12-09,8.86
2021-12-10,8.7
2021-12-11,8.68
2021-12-12,8.68
2021-12-13,8.82
2021-12-14,8.88
2021-12-15,8.87
2021-12-16,8.94
2021-12-17,8.98
2021-12-18,9.05
2021-12-19,8.84
2021-12-20,8.87
2021-12-21,8.8
2021-12-22,8.78
2021-12-23,8.84
2021-12-24,8.86
2021-12-25,8.9
2021-12-26,8.84
2021-12-27,8.82
2021-12-28,8.87
2021-12-29,8.78
2021-12-30,8.78
2021-12-31,8.84
2022-01-01,8.62
2022-01-02,8.68
2022-01-03,9.21
2022-01-04,9.18
2022-01-05,9.14
2022-01-06,8.96
2022-01-07,9.0
2022-01-08,8.8
2022-01-09,8.88
2022-01-10,8.82
2022-01-11,8.84
2022-01-12,8.74
2022-01-13,8.68
2022-01-14,8.68
2022-01-15,8.72
2022-01-16,8.77
2022-01-17,8.74
2022-01-18,8.68
2022-01-19,8.74
2022-01-20,8.8
2022-01-21,8.86
2022-01-22,8.8
2022-01-23,8.75
2022-01-24,8.77
2022-01-25,8.84
2022-01-26,8.8
2022-01-27,8.48
2022-01-28,8.53
2022-01-29,8.62
2022-01-30,8.7
2022-01-31,8.66
2022-02-01,8.68
2022-02-02,8.68
2022-02-03,8.72
2022-02-04,8.88
2022-02-05,8.78
2022-02-06,8.78
2022-02-07,8.78
2022-02-08,8.7
2022-02-09,8.68
2022-02-10,8.92
2022-02-11,8.84
2022-02-12,8.64
2022-02-13,8.62
2022-02-14,8.66
2022-02-15,8.8
2022-02-16,8.4
2022-02-17,8.86
2022-02-18,8.84
2022-02-19,8.82
2022-02-20,8.88
2022-02-21,8.94
2022-02-22,8.86
2022-02-23,8.76
2022-02-24,8.82
2022-02-25,8.88
2022-02-26,8.92
2022-02-27,9.12
2022-02-28,9.08
2022-03-01,8.94
2022-03-02,8.82
2022-03-03,8.88
2022-03-04,8.86
2022-03-05,8.64
2022-03-06,8.6
2022-03-07,8.56
2022-03-08,8.66
2022-03-09,8.72
2022-03-10,8.72
2022-03-11,8.7
2022-03-12,8.66
2022-03-13,8.78
2022-03-14,8.82
2022-03-15,8.8
2022-03-16,8.62
2022-03-17,8.6
2022-03-18,8.62
2022-03-19,8.74
2022-03-20,9.06
2022-03-21,9.08
2022-03-22,9.08
2022-03-23,9.0
2022-03-24,8.82
2022-03-25,8.74
2022-03-26,8.72
2022-03-27,8.78
2022-03-28,8.78
2022-03-29,8.8
2022-03-30,8.7
2022-03-31,8.58
2022-04-01,8.52
2022-04-02,8.48
2022-04-03,8.46
2022-04-04,8.4
2022-04-05,8.38
2022-04-06,8.34
2022-04-07,8.4
2022-04-08,8.32
2022-04-09,8.3
2022-04-10,8.44
2022-04-11,8.48
2022-04-12,8.44
2022-04-13,8.46
2022-04-14,8.5
2022-04-15,8.68
2022-04-16,8.74
2022-04-17,8.82
2022-04-18,8.78
2022-04-19,8.68
2022-04-20,8.72
2022-04-21,8.62
2022-04-22,8.62
2022-04-23,8.3
2022-04-24,8.34
2022-04-25,8.32
2022-04-26,8.22
2022-04-27,8.26
2022-04-28,8.38
2022-04-29,8.68
2022-04-30,8.86
2022-05-01,9.1
2022-05-02,9.08
2022-05-03,9.04
2022-05-04,8.74
2022-05-05,8.76
2022-05-06,8.76
2022-05-07,8.72
2022-05-08,8.76
2022-05-09,8.72
2022-05-10,8.7
2022-05-11,8.72
2022-05-12,8.74
2022-05-13,8.62
2022-05-14,8.66
2022-05-15,9.02
2022-05-16,9.2
2022-05-17,9.16
2022-05-18,9.02
2022-05-19,8.8
2022-05-20,8.76
2022-05-21,8.96
2022-05-22,9.0
2022-05-23,8.76
2022-05-24,8.7
2022-05-25,8.7
2022-05-26,8.78
2022-05-27,9.02
2022-05-28,9.11
2022-05-29,9.16
2022-05-30,9.14
2022-05-31,9.1
2022-06-01,8.92
2022-06-02,8.7
2022-06-03,8.76
2022-06-04,8.6
2022-06-05,8.7
2022-06-06,8.96
2022-06-07,8.98
2022-06-08,8.94
2022-06-09,8.94
2022-06-10,9.12
2022-06-11,9.4
2022-06-12,9.36
2022-06-13,9.04
2022-06-14,9.02
2022-06-15,8.96
2022-06-16,8.98
2022-06-17,9.06
2022-06-18,9.1
2022-06-19,9.16
2022-06-20,9.26
2022-06-21,9.24
2022-06-22,8.84
2022-06-23,8.52
2022-06-24,8.74
2022-06-25,9.68
2022-06-26,9.78
2022-06-27,9.8
2022-06-28,9.6
2022-06-29,9.42
2022-06-30,9.46
2022-07-01,9.34
2022-07-02,9.3
2022-07-03,9.24
2022-07-04,9.44
2022-07-05,9.86
2022-07-06,10.16
2022-07-07,10.14
2022-07-08,9.92
2022-07-09,9.78
2022-07-10,9.42
2022-07-11,9.44
2022-07-12,9.48
2022-07-13,9.56
2022-07-14,9.7
2022-07-15,9.78
2022-07-16,9.82
2022-07-17,10.08
2022-07-18,10.0
2022-07-19,10.74
2022-07-20,9.53
2022-07-21,9.2
2022-07-22,8.78
2022-07-23,8.69
2022-07-24,9.24
2022-07-25,9.74
2022-07-26,9.86
2022-07-27,9.82
2022-07-28,9.78
2022-07-29,9.58
2022-07-30,9.89
2022-07-31,10.26
2022-08-01,10.5
2022-08-02,10.64
2022-08-03,10.58
2022-08-04,10.82
2022-08-05,12.44
2022-08-06,12.48
2022-08-07,13.68
2022-08-08,15.18
2022-08-09,14.38
2022-08-10,14.38
2022-08-11,13.5
2022-08-12,13.02
2022-08-13,12.02
2022-08-14,11.38
2022-08-15,11.5
2022-08-16,10.94
2022-08-17,10.74
2022-08-18,10.68
2022-08-19,10.6
2022-08-20,0.0
2022-08-21,10.4
2022-08-22,10.86
2022-08-23,10.38
2022-08-24,10.1
2022-08-25,10.52
2022-08-26,10.68
2022-08-27,10.66
2022-08-28,10.8
2022-08-29,10.8
2022-08-30,10.44
2022-08-31,10.42
2022-09-01,9.96
2022-09-02,9.78
2022-09-03,9.74
2022-09-04,9.78
2022-09-05,9.82
2022-09-06,9.7
2022-09-07,9.48
2022-09-08,9.26
2022-09-09,9.3
2022-09-10,9.74
2022-09-11,9.82
2022-09-12,9.88
2022-09-13,9.98
2022-09-14,10.46
2022-09-15,10.46
2022-09-16,10.24
2022-09-17,10.54
2022-09-18,10.96
2022-09-19,10.9
2022-09-20,11.04
2022-09-21,11.1
2022-09-22,11.46
2022-09-23,11.62
2022-09-24,11.52
2022-09-25,11.46
2022-09-26,11.12
2022-09-27,10.62
2022-09-28,10.3
2022-09-29,10.1
2022-09-30,10.48
2022-10-01,10.8
2022-10-02,10.82
2022-10-03,10.78
2022-10-04,10.9
2022-10-05,10.7
2022-10-06,10.4
2022-10-07,10.16
2022-10-08,9.96
2022-10-09,10.3
2022-10-10,10.7
2022-10-11,10.82
2022-10-12,10.8
2022-10-13,10.84
2022-10-14,10.78
2022-10-15,10.76
2022-10-16,10.71
2022-10-17,10.56
2022-10-18,10.58
2022-10-19,10.56
2022-10-20,10.28
2022-10-21,9.98
2022-10-22,9.64
2022-10-23,9.65
2022-10-24,9.46
2022-10-25,9.42
2022-10-26,9.6
2022-10-27,9.74
2022-10-28,9.72
2022-10-29,9.76
2022-10-30,9.88
2022-10-31,10.1
2022-11-01,9.46
2022-11-02,9.74
2022-11-03,9.82
2022-11-04,9.72
2022-11-05,9.4
2022-11-06,8.98
2022-11-07,8.8
2022-11-08,8.7
2022-11-09,8.77
2022-11-10,8.78
2022-11-11,8.74
2022-11-12,8.68
2022-11-13,8.88
2022-11-14,8.98
2022-11-15,9.22
2022-11-16,9.3
2022-11-17,8.94
2022-11-18,8.86
2022-11-19,8.94
2022-11-20,8.95
2022-11-21,8.98
2022-11-22,8.14
2022-11-23,8.5
2022-11-24,8.78
2022-11-25,8.82
2022-11-26,8.79
2022-11-27,9.22
2022-11-28,9.18
2022-11-29,9.24
2022-11-30,9.32
2022-12-01,9.2
2022-12-02,9.2
2022-12-03,8.6
2022-12-04,8.7
2022-12-05,8.78
2022-12-06,8.98
2022-12-07,8.84
2022-12-08,8.8
2022-12-09,8.8
2022-12-10,8.75
2022-12-11,8.48
2022-12-12,8.58
2022-12-13,8.65
2022-12-14,8.72
2022-12-15,8.7
2022-12-16,8.76
2022-12-17,9.06
2022-12-18,9.0
2022-12-19,9.08
2022-12-20,8.8
2022-12-21,8.85
2022-12-22,8.9
2022-12-23,9.13
2022-12-24,9.17
2022-12-25,9.1
2022-12-26,9.17
2022-12-27,9.12
2022-12-28,8.7
2022-12-29,8.58
2022-12-30,8.5
2022-12-31,8.57
2023-01-01,8.82
2023-01-02,8.76
2023-01-03,8.72
2023-01-04,8.74
2023-01-05,8.74
2023-01-06,8.68
2023-01-07,8.58
2023-01-08,8.72
2023-01-09,8.68
2023-01-10,8.62
2023-01-11,8.54
2023-01-12,8.52
2023-01-13,8.48
2023-01-14,8.44
2023-01-15,8.64
2023-01-16,8.66
2023-01-17,8.6
2023-01-18,8.66
2023-01-19,8.74
2023-01-20,8.68
2023-01-21,8.62
2023-01-22,8.68
2023-01-23,8.6
2023-01-24,8.52
2023-01-25,8.56
2023-01-26,8.7
2023-01-27,8.92
2023-01-28,8.98
2023-01-29,9.06
2023-01-30,9.1
2023-01-31,9.14
2023-02-01,8.88
2023-02-02,8.66
2023-02-03,8.46
2023-02-04,8.32
2023-02-05,8.68
2023-02-06,8.6
2023-02-07,8.66
2023-02-08,8.7
2023-02-09,8.56
2023-02-10,8.56
2023-02-11,8.52
2023-02-12,8.66
2023-02-13,8.6
2023-02-14,8.52
2023-02-15,8.5
2023-02-16,8.52
2023-02-17,8.44
2023-02-18,8.5
2023-02-19,8.58
2023-02-20,8.62
2023-02-21,8.52
2023-02-22,8.56
2023-02-23,8.46
2023-02-24,8.44
2023-02-25,8.36
2023-02-26,8.44
2023-02-27,0.0
2023-02-28,8.4
2023-03-01,8.52
2023-03-02,8.88
2023-03-03,9.02
2023-03-04,9.06
2023-03-05,8.98
2023-03-06,8.88
2023-03-07,8.74
2023-03-08,8.66
2023-03-09,8.48
2023-03-10,8.24
2023-03-11,8.38
2023-03-12,8.4
2023-03-13,8.32
2023-03-14,8.3
2023-03-15,8.36
2023-03-16,8.4
2023-03-17,8.42
2023-03-18,8.52
2023-03-19,0.0
2023-03-20,8.44
2023-03-21,8.58
2023-03-22,8.6
2023-03-23,8.48
2023-03-24,8.34
2023-03-25,8.48
2023-03-26,8.46
2023-03-27,8.5
2023-03-28,8.54
2023-03-29,8.8
2023-03-30,8.8
2023-03-31,8.82
2023-04-01,8.8
2023-04-02,8.66
2023-04-03,8.64
2023-04-04,8.8
2023-04-05,8.68
2023-04-06,8.68
2023-04-07,8.7
2023-04-08,8.6
2023-04-09,8.56
2023-04-10,8.72
2023-04-11,8.78
2023-04-12,8.8
2023-04-13,8.86
2023-04-14,8.84
2023-04-15,8.7
2023-04-16,8.72
2023-04-17,8.7
2023-04-18,8.78
2023-04-19,8.82
2023-04-20,8.92
2023-04-21,8.72
2023-04-22,8.74
2023-04-23,8.62
2023-04-24,8.52
2023-04-25,8.5
2023-04-26,8.56
2023-04-27,8.74
2023-04-28,9.14
2023-04-29,8.96
2023-04-30,8.9
2023-05-01,8.88
2023-05-02,8.54
2023-05-03,8.46
2023-05-04,8.38
2023-05-05,8.42
2023-05-06,8.36
2023-05-07,8.4
2023-05-08,8.5
2023-05-09,8.54
2023-05-10,8.56
2023-05-11,8.72
2023-05-12,8.78
2023-05-13,9.0
2023-05-14,8.84
2023-05-15,8.88
2023-05-16,9.08
2023-05-17,9.06
2023-05-18,9.1
2023-05-19,8.6
2023-05-20,8.7
2023-05-21,0.0
2023-05-22,0.0
2023-05-23,0.0
2023-05-24,0.0
2023-05-25,0.0
2023-05-26,0.0
2023-05-27,0.0
2023-05-28,0.0
2023-05-29,0.0
2023-05-30,0.0
2023-05-31,0.0
2023-06-01,8.72
2023-06-02,8.6
2023-06-03,8.56
2023-06-04,9.08
2023-06-05,9.14
2023-06-06,8.98
2023-06-07,9.06
2023-06-08,9.12
2023-06-09,9.08
2023-06-10,9.25
2023-06-11,9.53
2023-06-12,9.78
2023-06-13,9.7
2023-06-14,9.58
2023-06-15,9.5
2023-06-16,9.52
2023-06-17,9.56
2023-06-18,9.5
2023-06-19,9.3
2023-06-20,9.62
2023-06-21,9.68
2023-06-22,9.64
2023-06-23,9.48
2023-06-24,9.46
2023-06-25,9.44
2023-06-26,9.78
2023-06-27,10.18
2023-06-28,10.28
2023-06-29,10.22
2023-06-30,10.34
2023-07-01,10.08
2023-07-02,10.9
2023-07-03,10.76
2023-07-04,10.28
2023-07-05,10.36
2023-07-06,9.58
2023-07-07,9.44
2023-07-08,0.0
2023-07-09,9.7
2023-07-10,9.66
2023-07-11,9.56
2023-07-12,9.4
2023-07-13,9.28
2023-07-14,9.46
2023-07-15,9.9
2023-07-16,10.12
2023-07-17,10.08
2023-07-18,9.9
2023-07-19,9.7
2023-07-20,9.9
2023-07-21,9.78
2023-07-22,10.14
2023-07-23,10.66
2023-07-24,0.0
2023-07-25,10.84
2023-07-26,11.24
2023-07-27,10.66
2023-07-28,10.4
2023-07-29,10.28
2023-07-30,10.48
2023-07-31,10.98
2023-08-01,11.26
2023-08-02,11.54
2023-08-03,13.52
2023-08-04,14.24
2023-08-05,14.28
2023-08-06,13.92
2023-08-07,14.0
2023-08-08,13.78
2023-08-09,13.34
2023-08-10,12.82
2023-08-11,12.38
2023-08-12,11.94
2023-08-13,12.08
2023-08-14,12.48
2023-08-15,12.98
2023-08-16,13.36
2023-08-17,14.0
2023-08-18,14.24
2023-08-19,14.12
2023-08-20,14.12
2023-08-21,14.52
2023-08-22,14.98
2023-08-23,15.56
2023-08-24,15.48
2023-08-25,0.0
2023-08-26,15.98
2023-08-27,16.32
2023-08-28,16.34
2023-08-29,15.36
2023-08-30,14.58
2023-08-31,14.12
2023-09-01,13.96
2023-09-02,13.94
2023-09-03,13.42
2023-09-04,13.38
2023-09-05,12.96
2023-09-06,12.92
2023-09-07,13.0
2023-09-08,13.38
2023-09-09,14.66
2023-09-10,15.72
2023-09-11,17.5
2023-09-12,18.91
2023-09-13,19.07
2023-09-14,18.27
2023-09-15,17.41
2023-09-16,16.12
2023-09-17,14.94
2023-09-18,14.36
2023-09-19,13.91
2023-09-20,13.52
2023-09-21,13.36
2023-09-22,12.8
2023-09-23,12.66
2023-09-24,12.34
2023-09-25,12.14
2023-09-26,12.04
2023-09-27,12.06
2023-09-28,11.95
2023-09-29,11.82
2023-09-30,11.76
2023-10-01,11.74
2023-10-02,12.08
2023-10-03,12.6
2023-10-04,12.3
2023-10-05,12.62
2023-10-06,12.62
2023-10-07,12.3
2023-10-08,12.06
2023-10-09,11.88
2023-10-10,11.6
2023-10-11,11.34
2023-10-12,11.26
2023-10-13,11.16
2023-10-14,10.98
2023-10-15,10.94
2023-10-16,10.94
2023-10-17,10.78
2023-10-18,10.8
2023-10-19,10.66
2023-10-20,10.48
2023-10-21,10.34
2023-10-22,10.26
2023-10-23,10.12
2023-10-24,10.14
2023-10-25,9.96
2023-10-26,10.08
2023-10-27,10.02
2023-10-28,10.2
2023-10-29,10.14
2023-10-30,10.1
2023-10-31,9.6
2023-11-01,9.92
2023-11-02,9.96
2023-11-03,9.82
2023-11-04,9.74
2023-11-05,9.66
2023-11-06,9.8
2023-11-07,9.72
2023-11-08,9.54
2023-11-09,9.12
2023-11-10,8.8
2023-11-11,8.8
2023-11-12,8.92
2023-11-13,9.06
2023-11-14,9.18
2023-11-15,9.22
2023-11-16,9.16
2023-11-17,9.04
2023-11-18,8.9
2023-11-19,8.74
2023-11-20,9.0
2023-11-21,9.1
2023-11-22,9.04
2023-11-23,8.86
2023-11-24,8.98
2023-11-25,9.06
2023-11-26,9.06
2023-11-27,9.1
2023-11-28,9.14
2023-11-29,9.16
2023-11-30,8.8
2023-12-01,8.78
2023-12-02,8.66
2023-12-03,8.72
2023-12-04,8.94
2023-12-05,9.02
2023-12-06,9.16
2023-12-07,9.12
2023-12-08,9.02
2023-12-09,8.74
2023-12-10,8.64
2023-12-11,8.64
2023-12-12,8.66
2023-12-13,8.6
2023-12-14,8.64
2023-12-15,8.58
2023-12-16,8.72
2023-12-17,8.64
2023-12-18,8.86
2023-12-19,8.78
2023-12-20,8.68
2023-12-21,8.58
2023-12-22,8.64
2023-12-23,8.82
2023-12-24,9.0
2023-12-25,9.14
2023-12-26,9.08
2023-12-27,9.06
2023-12-28,9.0
2023-12-29,8.64
2023-12-30,8.68
2023-12-31,8.7
2024-01-01,9.54
2024-01-02,9.46
2024-01-03,9.42
2024-01-04,9.4
2024-01-05,9.4
2024-01-06,9.44
2024-01-07,9.46
2024-01-08,9.46
2024-01-09,9.42
2024-01-10,9.4
2024-01-11,9.4
2024-01-12,9.42
2024-01-13,9.38
2024-01-14,9.38
2024-01-15,9.36
2024-01-16,9.4
2024-01-17,9.4
2024-01-18,9.44
2024-01-19,9.42
2024-01-20,9.38
2024-01-21,9.36
2024-01-22,9.4
2024-01-23,9.38
2024-01-24,9.36
2024-01-25,9.34
2024-01-26,9.42
2024-01-27,9.36
2024-01-28,9.38
2024-01-29,9.34
2024-01-30,9.38
2024-01-31,9.36
2024-02-01,9.32
2024-02-02,9.36
2024-02-03,0.0
2024-02-04,9.38
2024-02-05,9.36
2024-02-06,9.34
2024-02-07,9.38
2024-02-08,9.34
2024-02-09,9.34
2024-02-10,9.38
2024-02-11,9.36
2024-02-12,9.32
2024-02-13,9.34
2024-02-14,0.0
2024-02-15,0.0
2024-02-16,0.0
2024-02-17,0.0
2024-02-18,9.38
2024-02-19,9.36
2024-02-20,9.34
2024-02-21,9.36
2024-02-22,9.36
2024-02-23,9.36
2024-02-24,9.34
2024-02-25,9.36
2024-02-26,9.38
2024-02-27,9.38
2024-02-28,9.3
2024-03-01,9.28
2024-03-02,9.26
2024-03-03,9.28
2024-03-04,0.0
2024-03-05,0.0
2024-03-06,0.0
2024-03-07,0.0
2024-03-08,0.0
2024-03-09,0.0
2024-03-10,0.0
2024-03-11,9.24
2024-03-12,9.26
2024-03-13,9.28
2024-03-14,9.24
2024-03-15,9.26
2024-03-16,9.26
2024-03-17,9.28
2024-03-18,9.26
2024-03-19,9.28
2024-03-20,9.26
2024-03-21,9.24
2024-03-22,9.28
2024-03-23,9.26
2024-03-24,9.28
2024-03-25,0.0
2024-03-26,0.0
2024-03-27,0.0
2024-03-28,0.0
2024-03-29,0.0
2024-03-30,0.0
2024-03-31,0.0
2024-04-01,9.24
2024-04-02,9.28
2024-04-03,9.26
2024-04-04,9.26
2024-04-05,9.26
2024-04-06,9.26
2024-04-07,9.28
2024-04-08,0.0
2024-04-09,0.0
2024-04-10,0.0
2024-04-11,0.0
2024-04-12,0.0
2024-04-13,0.0
2024-04-14,0.0
2024-04-15,9.28
2024-04-16,9.26
2024-04-17,9.26
2024-04-18,9.26
2024-04-19,9.26
2024-04-20,9.22
2024-04-21,9.24
2024-04-22,9.26
2024-04-23,9.28
2024-04-24,9.26
2024-04-25,9.26
2024-04-26,9.26
2024-04-27,9.28
2024-04-28,9.26
2024-04-29,9.3
2024-04-30,9.28
2024-05-01,9.26
2024-05-02,9.26
2024-05-03,9.24
2024-05-04,9.26
2024-05-05,9.28
2024-05-06,9.26
2024-05-07,9.24
2024-05-08,9.28
2024-05-09,9.26
2024-05-10,9.24
2024-05-11,9.26
2024-05-12,9.3
2024-05-13,0.0
2024-05-14,0.0
2024-05-15,0.0
2024-05-16,0.0
2024-05-17,0.0
2024-05-18,0.0
2024-05-19,0.0
2024-05-20,9.19
2024-05-21,9.1
2024-05-22,9.28
2024-05-23,9.29
2024-05-24,9.19
2024-05-25,9.45
2024-05-26,9.43
2024-05-27,9.22
2024-05-28,9.51
2024-05-29,9.61
2024-05-30,9.6
2024-05-31,9.5
2024-06-01,18.0
2024-06-02,18.0
2024-06-03,18.0
2024-06-04,18.0
2024-06-05,18.0
2024-06-06,18.0
2024-06-07,18.0
2024-06-08,18.0
2024-06-09,18.0
2024-06-10,18.0
2024-06-11,18.0
2024-06-12,18.0
2024-06-13,18.0
2024-06-14,18.0
2024-06-15,18.0
2024-06-16,18.0
2024-06-17,18.0
2024-06-18,18.0
2024-06-19,18.0
2024-06-20,18.0
2024-06-21,18.0
2024-06-22,18.0
2024-06-23,18.0
2024-06-24,18.0
2024-06-25,18.0
2024-06-26,18.0
2024-06-27,18.0
2024-06-28,18.0
2024-06-29,18.0
2024-06-30,18.0
2024-07-01,18.0
2024-07-02,18.0
2024-07-03,18.0
2024-07-04,18.0
2024-07-05,18.0
2024-07-06,18.0
2024-07-07,18.0
2024-07-08,18.0
2024-07-09,18.0
2024-07-10,18.0
2024-07-11,18.0
2024-07-12,18.0
2024-07-13,18.0
2024-07-14,18.0
2024-07-15,18.0
2024-07-16,18.0
2024-07-17,18.0
2024-07-18,18.0
2024-07-19,18.0
2024-07-20,18.0
2024-07-21,18.0
2024-07-22,18.0
2024-07-23,18.0
2024-07-24,18.0
2024-07-25,18.0
2024-07-26,18.0
2024-07-27,18.0
2024-07-28,18.0
2024-07-29,18.0
2024-07-30,18.0
2024-07-31,18.0
2024-08-01,18.0
2024-08-02,18.0
2024-08-03,18.0
2024-08-04,18.0
2024-08-05,18.0
2024-08-06,18.0
2024-08-07,18.0
2024-08-08,18.0
2024-08-09,18.0
2024-08-10,18.0
2024-08-11,18.0
2024-08-12,18.0
2024-08-13,18.0
2024-08-14,18.0
2024-08-15,18.0
2024-08-16,18.0
2024-08-17,18.0
2024-08-18,18.0
2024-08-19,18.0
2024-08-20,18.0
2024-08-21,18.0
2024-08-22,18.0
2024-08-23,18.0
2024-08-24,18.0
2024-08-25,18.0
2024-08-26,18.0
2024-08-27,18.0
2024-08-28,18.0
2024-08-29,18.0
2024-08-30,18.0
2024-08-31,18.0
2024-09-01,18.0
2024-09-02,18.0
2024-09-03,18.0
2024-09-04,18.0
2024-09-05,18.0
2024-09-06,18.0
2024-09-07,18.0
2024-09-08,18.0
2024-09-09,18.0
2024-09-10,18.0
2024-09-11,18.0
2024-09-12,18.0
2024-09-13,18.0
2024-09-14,18.0
2024-09-15,18.0
2024-09-16,18.0
2024-09-17,18.0
2024-09-18,18.0
2024-09-19,18.0
2024-09-20,18.0
2024-09-21,18.0
2024-09-22,18.0
2024-09-23,18.0
2024-09-24,18.0
2024-09-25,18.0
2024-09-26,18.0
2024-09-27,18.0
2024-09-28,18.0
2024-09-29,18.0
2024-09-30,18.0
2024-10-01,18.0
2024-10-02,18.0
2024-10-03,18.0
2024-10-04,18.0
2024-10-05,18.0
2024-10-06,18.0
2024-10-07,18.0
2024-10-08,18.0
2024-10-09,18.0
2024-10-10,18.0
2024-10-11,18.0
2024-10-12,18.0
2024-10-13,18.0
2024-10-14,18.0
2024-10-15,18.0
2024-10-16,18.0
2024-10-17,18.0
2024-10-18,18.0
2024-10-19,18.0
2024-10-20,18.0
2024-10-21,18.0
2024-10-22,18.0
2024-10-23,18.0
2024-10-24,18.0
2024-10-25,18.0
2024-10-26,18.0
2024-10-27,18.0
2024-10-28,18.0
2024-10-29,18.0
2024-10-30,18.0
2024-10-31,18.0
2024-11-01,9.54
2024-11-02,9.68
2024-11-03,9.7
2024-11-04,9.78
2024-11-05,9.7
2024-11-06,9.74
2024-11-07,9.68
2024-11-08,9.74
2024-11-09,9.64
2024-11-10,9.7
2024-11-11,9.64
2024-11-12,9.68
2024-11-13,9.66
2024-11-14,9.64
2024-11-15,0.0
2024-11-16,0.0
2024-11-17,0.0
2024-11-18,0.0
2024-11-19,9.7
2024-11-20,9.66
2024-11-21,9.74
2024-11-22,9.7
2024-11-23,9.5
2024-11-24,9.54
2024-11-25,9.56
2024-11-26,9.52
2024-11-27,9.56
2024-11-28,9.5
2024-11-29,9.54
2024-11-30,9.58
2024-12-01,9.54
2024-12-02,9.58
2024-12-03,9.54
2024-12-04,9.58
2024-12-05,9.54
2024-12-06,9.58
2024-12-07,9.6
2024-12-08,9.56
2024-12-09,9.58
2024-12-10,9.62
2024-12-11,9.66
2024-12-12,9.62
2024-12-13,9.6
2024-12-14,9.52
2024-12-15,9.5
2024-12-16,9.56
2024-12-17,9.56
2024-12-18,9.64
2024-12-19,9.54
2024-12-20,9.4
2024-12-21,9.44
2024-12-22,9.46
2024-12-23,9.46
2024-12-24,9.5
2024-12-25,9.54
2024-12-26,9.5
2024-12-27,9.56
2024-12-28,0.0
2024-12-29,0.0
2024-12-30,0.0
2024-12-31,9.56
