fold,station_set,seed,model,horizon_days,threshold_name,threshold_m,hits,misses,false_alarms,POD_recall,FAR,CSI,F1,event_count,mean_peak_magnitude_error_m,mean_absolute_peak_timing_error_days,evidence_class
A,S0,42,tcn_gru,1,official_alarm,11.4,0,0,0,,,,,0,,,exploratory
A,S0,42,tcn_gru,1,train_q90,8.84,0,0,0,,,,,0,,,exploratory
A,S0,42,tcn_gru,1,train_q95,10.08,0,0,0,,,,,0,,,exploratory
A,S0,42,tcn_gru,2,official_alarm,11.4,0,0,0,,,,,0,,,exploratory
A,S0,42,tcn_gru,2,train_q90,8.84,0,0,0,,,,,0,,,exploratory
A,S0,42,tcn_gru,2,train_q95,10.08,0,0,0,,,,,0,,,exploratory
A,S0,42,tcn_gru,3,official_alarm,11.4,0,0,0,,,,,0,,,exploratory
A,S0,42,tcn_gru,3,train_q90,8.84,0,0,0,,,,,0,,,exploratory
A,S0,42,tcn_gru,3,train_q95,10.08,0,0,0,,,,,0,,,exploratory
A,S0,42,tcn_gru,4,official_alarm,11.4,0,0,0,,,,,0,,,exploratory
A,S0,42,tcn_gru,4,train_q90,8.84,0,0,0,,,,,0,,,exploratory
A,S0,42,tcn_gru,4,train_q95,10.08,0,0,0,,,,,0,,,exploratory
A,S0,42,tcn_gru,5,official_alarm,11.4,0,0,0,,,,,0,,,exploratory
A,S0,42,tcn_gru,5,train_q90,8.84,0,0,0,,,,,0,,,exploratory
A,S0,42,tcn_gru,5,train_q95,10.08,0,0,0,,,,,0,,,exploratory
A,S0,42,tcn_gru,6,official_alarm,11.4,0,0,0,,,,,0,,,exploratory
A,S0,42,tcn_gru,6,train_q90,8.84,0,0,0,,,,,0,,,exploratory
A,S0,42,tcn_gru,6,train_q95,10.08,0,0,0,,,,,0,,,exploratory
A,S0,42,tcn_gru,7,official_alarm,11.4,0,0,0,,,,,0,,,exploratory
A,S0,42,tcn_gru,7,train_q90,8.84,0,0,0,,,,,0,,,exploratory
A,S0,42,tcn_gru,7,train_q95,10.08,0,0,0,,,,,0,,,exploratory
A,S0,42,tcn_gru,8,official_alarm,11.4,0,0,0,,,,,0,,,exploratory
A,S0,42,tcn_gru,8,train_q90,8.84,0,0,0,,,,,0,,,exploratory
A,S0,42,tcn_gru,8,train_q95,10.08,0,0,0,,,,,0,,,exploratory
A,S0,42,tcn_gru,9,official_alarm,11.4,0,0,0,,,,,0,,,exploratory
A,S0,42,tcn_gru,9,train_q90,8.84,0,0,0,,,,,0,,,exploratory
A,S0,42,tcn_gru,9,train_q95,10.08,0,0,0,,,,,0,,,exploratory
A,S0,42,tcn_gru,10,official_alarm,11.4,0,0,0,,,,,0,,,exploratory
A,S0,42,tcn_gru,10,train_q90,8.84,0,0,0,,,,,0,,,exploratory
A,S0,42,tcn_gru,10,train_q95,10.08,0,0,0,,,,,0,,,exploratory
A,S0,42,tcn_gru,11,official_alarm,11.4,0,0,0,,,,,0,,,exploratory
A,S0,42,tcn_gru,11,train_q90,8.84,0,0,0,,,,,0,,,exploratory
A,S0,42,tcn_gru,11,train_q95,10.08,0,0,0,,,,,0,,,exploratory
A,S0,42,tcn_gru,12,official_alarm,11.4,0,0,0,,,,,0,,,exploratory
A,S0,42,tcn_gru,12,train_q90,8.84,0,0,0,,,,,0,,,exploratory
A,S0,42,tcn_gru,12,train_q95,10.08,0,0,0,,,,,0,,,exploratory
A,S0,42,tcn_gru,13,official_alarm,11.4,0,0,0,,,,,0,,,exploratory
A,S0,42,tcn_gru,13,train_q90,8.84,0,0,0,,,,,0,,,exploratory
A,S0,42,tcn_gru,13,train_q95,10.08,0,0,0,,,,,0,,,exploratory
A,S0,42,tcn_gru,14,official_alarm,11.4,0,0,0,,,,,0,,,exploratory
A,S0,42,tcn_gru,14,train_q90,8.84,0,0,0,,,,,0,,,exploratory
A,S0,42,tcn_gru,14,train_q95,10.08,0,0,0,,,,,0,,,exploratory
A,S0,52,tcn_gru,1,official_alarm,11.4,0,0,0,,,,,0,,,exploratory
A,S0,52,tcn_gru,1,train_q90,8.84,0,0,0,,,,,0,,,exploratory
A,S0,52,tcn_gru,1,train_q95,10.08,0,0,0,,,,,0,,,exploratory
A,S0,52,tcn_gru,2,official_alarm,11.4,0,0,0,,,,,0,,,exploratory
A,S0,52,tcn_gru,2,train_q90,8.84,0,0,0,,,,,0,,,exploratory
A,S0,52,tcn_gru,2,train_q95,10.08,0,0,0,,,,,0,,,exploratory
A,S0,52,tcn_gru,3,official_alarm,11.4,0,0,0,,,,,0,,,exploratory
A,S0,52,tcn_gru,3,train_q90,8.84,0,0,0,,,,,0,,,exploratory
A,S0,52,tcn_gru,3,train_q95,10.08,0,0,0,,,,,0,,,exploratory
A,S0,52,tcn_gru,4,official_alarm,11.4,0,0,0,,,,,0,,,exploratory
A,S0,52,tcn_gru,4,train_q90,8.84,0,0,0,,,,,0,,,exploratory
A,S0,52,tcn_gru,4,train_q95,10.08,0,0,0,,,,,0,,,exploratory
A,S0,52,tcn_gru,5,official_alarm,11.4,0,0,0,,,,,0,,,exploratory
A,S0,52,tcn_gru,5,train_q90,8.84,0,0,0,,,,,0,,,exploratory
A,S0,52,tcn_gru,5,train_q95,10.08,0,0,0,,,,,0,,,exploratory
A,S0,52,tcn_gru,6,official_alarm,11.4,0,0,0,,,,,0,,,exploratory
A,S0,52,tcn_gru,6,train_q90,8.84,0,0,0,,,,,0,,,exploratory
A,S0,52,tcn_gru,6,train_q95,10.08,0,0,0,,,,,0,,,exploratory
A,S0,52,tcn_gru,7,official_alarm,11.4,0,0,0,,,,,0,,,exploratory
A,S0,52,tcn_gru,7,train_q90,8.84,0,0,0,,,,,0,,,exploratory
A,S0,52,tcn_gru,7,train_q95,10.08,0,0,0,,,,,0,,,exploratory
A,S0,52,tcn_gru,8,official_alarm,11.4,0,0,0,,,,,0,,,exploratory
A,S0,52,tcn_gru,8,train_q90,8.84,0,0,0,,,,,0,,,exploratory
A,S0,52,tcn_gru,8,train_q95,10.08,0,0,0,,,,,0,,,exploratory
A,S0,52,tcn_gru,9,official_alarm,11.4,0,0,0,,,,,0,,,exploratory
A,S0,52,tcn_gru,9,train_q90,8.84,0,0,0,,,,,0,,,exploratory
A,S0,52,tcn_gru,9,train_q95,10.08,0,0,0,,,,,0,,,exploratory
A,S0,52,tcn_gru,10,official_alarm,11.4,0,0,0,,,,,0,,,exploratory
A,S0,52,tcn_gru,10,train_q90,8.84,0,0,0,,,,,0,,,exploratory
A,S0,52,tcn_gru,10,train_q95,10.08,0,0,0,,,,,0,,,exploratory
A,S0,52,tcn_gru,11,official_alarm,11.4,0,0,0,,,,,0,,,exploratory
A,S0,52,tcn_gru,11,train_q90,8.84,0,0,0,,,,,0,,,exploratory
A,S0,52,tcn_gru,11,train_q95,10.08,0,0,0,,,,,0,,,exploratory
A,S0,52,tcn_gru,12,official_alarm,11.4,0,0,0,,,,,0,,,exploratory
A,S0,52,tcn_gru,12,train_q90,8.84,0,0,0,,,,,0,,,exploratory
A,S0,52,tcn_gru,12,train_q95,10.08,0,0,0,,,,,0,,,exploratory
A,S0,52,tcn_gru,13,official_alarm,11.4,0,0,0,,,,,0,,,exploratory
A,S0,52,tcn_gru,13,train_q90,8.84,0,0,0,,,,,0,,,exploratory
A,S0,52,tcn_gru,13,train_q95,10.08,0,0,0,,,,,0,,,exploratory
A,S0,52,tcn_gru,14,official_alarm,11.4,0,0,0,,,,,0,,,exploratory
A,S0,52,tcn_gru,14,train_q90,8.84,0,0,0,,,,,0,,,exploratory
A,S0,52,tcn_gru,14,train_q95,10.08,0,0,0,,,,,0,,,exploratory
A,S0,62,tcn_gru,1,official_alarm,11.4,0,0,0,,,,,0,,,exploratory
A,S0,62,tcn_gru,1,train_q90,8.84,0,0,0,,,,,0,,,exploratory
A,S0,62,tcn_gru,1,train_q95,10.08,0,0,0,,,,,0,,,exploratory
A,S0,62,tcn_gru,2,official_alarm,11.4,0,0,0,,,,,0,,,exploratory
A,S0,62,tcn_gru,2,train_q90,8.84,0,0,0,,,,,0,,,exploratory
A,S0,62,tcn_gru,2,train_q95,10.08,0,0,0,,,,,0,,,exploratory
A,S0,62,tcn_gru,3,official_alarm,11.4,0,0,0,,,,,0,,,exploratory
A,S0,62,tcn_gru,3,train_q90,8.84,0,0,0,,,,,0,,,exploratory
A,S0,62,tcn_gru,3,train_q95,10.08,0,0,0,,,,,0,,,exploratory
A,S0,62,tcn_gru,4,official_alarm,11.4,0,0,0,,,,,0,,,exploratory
A,S0,62,tcn_gru,4,train_q90,8.84,0,0,0,,,,,0,,,exploratory
A,S0,62,tcn_gru,4,train_q95,10.08,0,0,0,,,,,0,,,exploratory
A,S0,62,tcn_gru,5,official_alarm,11.4,0,0,0,,,,,0,,,exploratory
A,S0,62,tcn_gru,5,train_q90,8.84,0,0,0,,,,,0,,,exploratory
A,S0,62,tcn_gru,5,train_q95,10.08,0,0,0,,,,,0,,,exploratory
A,S0,62,tcn_gru,6,official_alarm,11.4,0,0,0,,,,,0,,,exploratory
A,S0,62,tcn_gru,6,train_q90,8.84,0,0,0,,,,,0,,,exploratory
A,S0,62,tcn_gru,6,train_q95,10.08,0,0,0,,,,,0,,,exploratory
A,S0,62,tcn_gru,7,official_alarm,11.4,0,0,0,,,,,0,,,exploratory
A,S0,62,tcn_gru,7,train_q90,8.84,0,0,0,,,,,0,,,exploratory
A,S0,62,tcn_gru,7,train_q95,10.08,0,0,0,,,,,0,,,exploratory
A,S0,62,tcn_gru,8,official_alarm,11.4,0,0,0,,,,,0,,,exploratory
A,S0,62,tcn_gru,8,train_q90,8.84,0,0,0,,,,,0,,,exploratory
A,S0,62,tcn_gru,8,train_q95,10.08,0,0,0,,,,,0,,,exploratory
A,S0,62,tcn_gru,9,official_alarm,11.4,0,0,0,,,,,0,,,exploratory
A,S0,62,tcn_gru,9,train_q90,8.84,0,0,0,,,,,0,,,exploratory
A,S0,62,tcn_gru,9,train_q95,10.08,0,0,0,,,,,0,,,exploratory
A,S0,62,tcn_gru,10,official_alarm,11.4,0,0,0,,,,,0,,,exploratory
A,S0,62,tcn_gru,10,train_q90,8.84,0,0,0,,,,,0,,,exploratory
A,S0,62,tcn_gru,10,train_q95,10.08,0,0,0,,,,,0,,,exploratory
A,S0,62,tcn_gru,11,official_alarm,11.4,0,0,0,,,,,0,,,exploratory
A,S0,62,tcn_gru,11,train_q90,8.84,0,0,0,,,,,0,,,exploratory
A,S0,62,tcn_gru,11,train_q95,10.08,0,0,0,,,,,0,,,exploratory
A,S0,62,tcn_gru,12,official_alarm,11.4,0,0,0,,,,,0,,,exploratory
A,S0,62,tcn_gru,12,train_q90,8.84,0,0,0,,,,,0,,,exploratory
A,S0,62,tcn_gru,12,train_q95,10.08,0,0,0,,,,,0,,,exploratory
A,S0,62,tcn_gru,13,official_alarm,11.4,0,0,0,,,,,0,,,exploratory
A,S0,62,tcn_gru,13,train_q90,8.84,0,0,0,,,,,0,,,exploratory
A,S0,62,tcn_gru,13,train_q95,10.08,0,0,0,,,,,0,,,exploratory
A,S0,62,tcn_gru,14,official_alarm,11.4,0,0,0,,,,,0,,,exploratory
A,S0,62,tcn_gru,14,train_q90,8.84,0,0,0,,,,,0,,,exploratory
A,S0,62,tcn_gru,14,train_q95,10.08,0,0,0,,,,,0,,,exploratory
A,S0,72,tcn_gru,1,official_alarm,11.4,0,0,0,,,,,0,,,exploratory
A,S0,72,tcn_gru,1,train_q90,8.84,0,0,0,,,,,0,,,exploratory
A,S0,72,tcn_gru,1,train_q95,10.08,0,0,0,,,,,0,,,exploratory
A,S0,72,tcn_gru,2,official_alarm,11.4,0,0,0,,,,,0,,,exploratory
A,S0,72,tcn_gru,2,train_q90,8.84,0,0,0,,,,,0,,,exploratory
A,S0,72,tcn_gru,2,train_q95,10.08,0,0,0,,,,,0,,,exploratory
A,S0,72,tcn_gru,3,official_alarm,11.4,0,0,0,,,,,0,,,exploratory
A,S0,72,tcn_gru,3,train_q90,8.84,0,0,0,,,,,0,,,exploratory
A,S0,72,tcn_gru,3,train_q95,10.08,0,0,0,,,,,0,,,exploratory
A,S0,72,tcn_gru,4,official_alarm,11.4,0,0,0,,,,,0,,,exploratory
A,S0,72,tcn_gru,4,train_q90,8.84,0,0,0,,,,,0,,,exploratory
A,S0,72,tcn_gru,4,train_q95,10.08,0,0,0,,,,,0,,,exploratory
A,S0,72,tcn_gru,5,official_alarm,11.4,0,0,0,,,,,0,,,exploratory
A,S0,72,tcn_gru,5,train_q90,8.84,0,0,0,,,,,0,,,exploratory
A,S0,72,tcn_gru,5,train_q95,10.08,0,0,0,,,,,0,,,exploratory
A,S0,72,tcn_gru,6,official_alarm,11.4,0,0,0,,,,,0,,,exploratory
A,S0,72,tcn_gru,6,train_q90,8.84,0,0,0,,,,,0,,,exploratory
A,S0,72,tcn_gru,6,train_q95,10.08,0,0,0,,,,,0,,,exploratory
A,S0,72,tcn_gru,7,official_alarm,11.4,0,0,0,,,,,0,,,exploratory
A,S0,72,tcn_gru,7,train_q90,8.84,0,0,0,,,,,0,,,exploratory
A,S0,72,tcn_gru,7,train_q95,10.08,0,0,0,,,,,0,,,exploratory
A,S0,72,tcn_gru,8,official_alarm,11.4,0,0,0,,,,,0,,,exploratory
A,S0,72,tcn_gru,8,train_q90,8.84,0,0,0,,,,,0,,,exploratory
A,S0,72,tcn_gru,8,train_q95,10.08,0,0,0,,,,,0,,,exploratory
A,S0,72,tcn_gru,9,official_alarm,11.4,0,0,0,,,,,0,,,exploratory
A,S0,72,tcn_gru,9,train_q90,8.84,0,0,0,,,,,0,,,exploratory
A,S0,72,tcn_gru,9,train_q95,10.08,0,0,0,,,,,0,,,exploratory
A,S0,72,tcn_gru,10,official_alarm,11.4,0,0,0,,,,,0,,,exploratory
A,S0,72,tcn_gru,10,train_q90,8.84,0,0,0,,,,,0,,,exploratory
A,S0,72,tcn_gru,10,train_q95,10.08,0,0,0,,,,,0,,,exploratory
A,S0,72,tcn_gru,11,official_alarm,11.4,0,0,0,,,,,0,,,exploratory
A,S0,72,tcn_gru,11,train_q90,8.84,0,0,0,,,,,0,,,exploratory
A,S0,72,tcn_gru,11,train_q95,10.08,0,0,0,,,,,0,,,exploratory
A,S0,72,tcn_gru,12,official_alarm,11.4,0,0,0,,,,,0,,,exploratory
A,S0,72,tcn_gru,12,train_q90,8.84,0,0,0,,,,,0,,,exploratory
A,S0,72,tcn_gru,12,train_q95,10.08,0,0,0,,,,,0,,,exploratory
A,S0,72,tcn_gru,13,official_alarm,11.4,0,0,0,,,,,0,,,exploratory
A,S0,72,tcn_gru,13,train_q90,8.84,0,0,0,,,,,0,,,exploratory
A,S0,72,tcn_gru,13,train_q95,10.08,0,0,0,,,,,0,,,exploratory
A,S0,72,tcn_gru,14,official_alarm,11.4,0,0,0,,,,,0,,,exploratory
A,S0,72,tcn_gru,14,train_q90,8.84,0,0,0,,,,,0,,,exploratory
A,S0,72,tcn_gru,14,train_q95,10.08,0,0,0,,,,,0,,,exploratory
A,S0,82,tcn_gru,1,official_alarm,11.4,0,0,0,,,,,0,,,exploratory
A,S0,82,tcn_gru,1,train_q90,8.84,0,0,0,,,,,0,,,exploratory
A,S0,82,tcn_gru,1,train_q95,10.08,0,0,0,,,,,0,,,exploratory
A,S0,82,tcn_gru,2,official_alarm,11.4,0,0,0,,,,,0,,,exploratory
A,S0,82,tcn_gru,2,train_q90,8.84,0,0,0,,,,,0,,,exploratory
A,S0,82,tcn_gru,2,train_q95,10.08,0,0,0,,,,,0,,,exploratory
A,S0,82,tcn_gru,3,official_alarm,11.4,0,0,0,,,,,0,,,exploratory
A,S0,82,tcn_gru,3,train_q90,8.84,0,0,0,,,,,0,,,exploratory
A,S0,82,tcn_gru,3,train_q95,10.08,0,0,0,,,,,0,,,exploratory
A,S0,82,tcn_gru,4,official_alarm,11.4,0,0,0,,,,,0,,,exploratory
A,S0,82,tcn_gru,4,train_q90,8.84,0,0,0,,,,,0,,,exploratory
A,S0,82,tcn_gru,4,train_q95,10.08,0,0,0,,,,,0,,,exploratory
A,S0,82,tcn_gru,5,official_alarm,11.4,0,0,0,,,,,0,,,exploratory
A,S0,82,tcn_gru,5,train_q90,8.84,0,0,0,,,,,0,,,exploratory
A,S0,82,tcn_gru,5,train_q95,10.08,0,0,0,,,,,0,,,exploratory
A,S0,82,tcn_gru,6,official_alarm,11.4,0,0,0,,,,,0,,,exploratory
A,S0,82,tcn_gru,6,train_q90,8.84,0,0,0,,,,,0,,,exploratory
A,S0,82,tcn_gru,6,train_q95,10.08,0,0,0,,,,,0,,,exploratory
A,S0,82,tcn_gru,7,official_alarm,11.4,0,0,0,,,,,0,,,exploratory
A,S0,82,tcn_gru,7,train_q90,8.84,0,0,0,,,,,0,,,exploratory
A,S0,82,tcn_gru,7,train_q95,10.08,0,0,0,,,,,0,,,exploratory
A,S0,82,tcn_gru,8,official_alarm,11.4,0,0,0,,,,,0,,,exploratory
A,S0,82,tcn_gru,8,train_q90,8.84,0,0,0,,,,,0,,,exploratory
A,S0,82,tcn_gru,8,train_q95,10.08,0,0,0,,,,,0,,,exploratory
A,S0,82,tcn_gru,9,official_alarm,11.4,0,0,0,,,,,0,,,exploratory
A,S0,82,tcn_gru,9,train_q90,8.84,0,0,0,,,,,0,,,exploratory
A,S0,82,tcn_gru,9,train_q95,10.08,0,0,0,,,,,0,,,exploratory
A,S0,82,tcn_gru,10,official_alarm,11.4,0,0,0,,,,,0,,,exploratory
A,S0,82,tcn_gru,10,train_q90,8.84,0,0,0,,,,,0,,,exploratory
A,S0,82,tcn_gru,10,train_q95,10.08,0,0,0,,,,,0,,,exploratory
A,S0,82,tcn_gru,11,official_alarm,11.4,0,0,0,,,,,0,,,exploratory
A,S0,82,tcn_gru,11,train_q90,8.84,0,0,0,,,,,0,,,exploratory
A,S0,82,tcn_gru,11,train_q95,10.08,0,0,0,,,,,0,,,exploratory
A,S0,82,tcn_gru,12,official_alarm,11.4,0,0,0,,,,,0,,,exploratory
A,S0,82,tcn_gru,12,train_q90,8.84,0,0,0,,,,,0,,,exploratory
A,S0,82,tcn_gru,12,train_q95,10.08,0,0,0,,,,,0,,,exploratory
A,S0,82,tcn_gru,13,official_alarm,11.4,0,0,0,,,,,0,,,exploratory
A,S0,82,tcn_gru,13,train_q90,8.84,0,0,0,,,,,0,,,exploratory
A,S0,82,tcn_gru,13,train_q95,10.08,0,0,0,,,,,0,,,exploratory
A,S0,82,tcn_gru,14,official_alarm,11.4,0,0,0,,,,,0,,,exploratory
A,S0,82,tcn_gru,14,train_q90,8.84,0,0,0,,,,,0,,,exploratory
A,S0,82,tcn_gru,14,train_q95,10.08,0,0,0,,,,,0,,,exploratory
A,S4,42,tcn_gru,1,official_alarm,11.4,0,0,0,,,,,0,,,exploratory
A,S4,42,tcn_gru,1,train_q90,8.84,0,0,0,,,,,0,,,exploratory
A,S4,42,tcn_gru,1,train_q95,10.08,0,0,0,,,,,0,,,exploratory
A,S4,42,tcn_gru,2,official_alarm,11.4,0,0,0,,,,,0,,,exploratory
A,S4,42,tcn_gru,2,train_q90,8.84,0,0,0,,,,,0,,,exploratory
A,S4,42,tcn_gru,2,train_q95,10.08,0,0,0,,,,,0,,,exploratory
A,S4,42,tcn_gru,3,official_alarm,11.4,0,0,0,,,,,0,,,exploratory
A,S4,42,tcn_gru,3,train_q90,8.84,0,0,0,,,,,0,,,exploratory
A,S4,42,tcn_gru,3,train_q95,10.08,0,0,0,,,,,0,,,exploratory
A,S4,42,tcn_gru,4,official_alarm,11.4,0,0,0,,,,,0,,,exploratory
A,S4,42,tcn_gru,4,train_q90,8.84,0,0,0,,,,,0,,,exploratory
A,S4,42,tcn_gru,4,train_q95,10.08,0,0,0,,,,,0,,,exploratory
A,S4,42,tcn_gru,5,official_alarm,11.4,0,0,0,,,,,0,,,exploratory
A,S4,42,tcn_gru,5,train_q90,8.84,0,0,0,,,,,0,,,exploratory
A,S4,42,tcn_gru,5,train_q95,10.08,0,0,0,,,,,0,,,exploratory
A,S4,42,tcn_gru,6,official_alarm,11.4,0,0,0,,,,,0,,,exploratory
A,S4,42,tcn_gru,6,train_q90,8.84,0,0,0,,,,,0,,,exploratory
A,S4,42,tcn_gru,6,train_q95,10.08,0,0,0,,,,,0,,,exploratory
A,S4,42,tcn_gru,7,official_alarm,11.4,0,0,0,,,,,0,,,exploratory
A,S4,42,tcn_gru,7,train_q90,8.84,0,0,0,,,,,0,,,exploratory
A,S4,42,tcn_gru,7,train_q95,10.08,0,0,0,,,,,0,,,exploratory
A,S4,42,tcn_gru,8,official_alarm,11.4,0,0,0,,,,,0,,,exploratory
A,S4,42,tcn_gru,8,train_q90,8.84,0,0,0,,,,,0,,,exploratory
A,S4,42,tcn_gru,8,train_q95,10.08,0,0,0,,,,,0,,,exploratory
A,S4,42,tcn_gru,9,official_alarm,11.4,0,0,0,,,,,0,,,exploratory
A,S4,42,tcn_gru,9,train_q90,8.84,0,0,0,,,,,0,,,exploratory
A,S4,42,tcn_gru,9,train_q95,10.08,0,0,0,,,,,0,,,exploratory
A,S4,42,tcn_gru,10,official_alarm,11.4,0,0,0,,,,,0,,,exploratory
A,S4,42,tcn_gru,10,train_q90,8.84,0,0,0,,,,,0,,,exploratory
A,S4,42,tcn_gru,10,train_q95,10.08,0,0,0,,,,,0,,,exploratory
A,S4,42,tcn_gru,11,official_alarm,11.4,0,0,0,,,,,0,,,exploratory
A,S4,42,tcn_gru,11,train_q90,8.84,0,0,0,,,,,0,,,exploratory
A,S4,42,tcn_gru,11,train_q95,10.08,0,0,0,,,,,0,,,exploratory
A,S4,42,tcn_gru,12,official_alarm,11.4,0,0,0,,,,,0,,,exploratory
A,S4,42,tcn_gru,12,train_q90,8.84,0,0,0,,,,,0,,,exploratory
A,S4,42,tcn_gru,12,train_q95,10.08,0,0,0,,,,,0,,,exploratory
A,S4,42,tcn_gru,13,official_alarm,11.4,0,0,0,,,,,0,,,exploratory
A,S4,42,tcn_gru,13,train_q90,8.84,0,0,0,,,,,0,,,exploratory
A,S4,42,tcn_gru,13,train_q95,10.08,0,0,0,,,,,0,,,exploratory
A,S4,42,tcn_gru,14,official_alarm,11.4,0,0,0,,,,,0,,,exploratory
A,S4,42,tcn_gru,14,train_q90,8.84,0,0,0,,,,,0,,,exploratory
A,S4,42,tcn_gru,14,train_q95,10.08,0,0,0,,,,,0,,,exploratory
A,S4,52,tcn_gru,1,official_alarm,11.4,0,0,0,,,,,0,,,exploratory
A,S4,52,tcn_gru,1,train_q90,8.84,0,0,0,,,,,0,,,exploratory
A,S4,52,tcn_gru,1,train_q95,10.08,0,0,0,,,,,0,,,exploratory
A,S4,52,tcn_gru,2,official_alarm,11.4,0,0,0,,,,,0,,,exploratory
A,S4,52,tcn_gru,2,train_q90,8.84,0,0,0,,,,,0,,,exploratory
A,S4,52,tcn_gru,2,train_q95,10.08,0,0,0,,,,,0,,,exploratory
A,S4,52,tcn_gru,3,official_alarm,11.4,0,0,0,,,,,0,,,exploratory
A,S4,52,tcn_gru,3,train_q90,8.84,0,0,0,,,,,0,,,exploratory
A,S4,52,tcn_gru,3,train_q95,10.08,0,0,0,,,,,0,,,exploratory
A,S4,52,tcn_gru,4,official_alarm,11.4,0,0,0,,,,,0,,,exploratory
A,S4,52,tcn_gru,4,train_q90,8.84,0,0,0,,,,,0,,,exploratory
A,S4,52,tcn_gru,4,train_q95,10.08,0,0,0,,,,,0,,,exploratory
A,S4,52,tcn_gru,5,official_alarm,11.4,0,0,0,,,,,0,,,exploratory
A,S4,52,tcn_gru,5,train_q90,8.84,0,0,0,,,,,0,,,exploratory
A,S4,52,tcn_gru,5,train_q95,10.08,0,0,0,,,,,0,,,exploratory
A,S4,52,tcn_gru,6,official_alarm,11.4,0,0,0,,,,,0,,,exploratory
A,S4,52,tcn_gru,6,train_q90,8.84,0,0,0,,,,,0,,,exploratory
A,S4,52,tcn_gru,6,train_q95,10.08,0,0,0,,,,,0,,,exploratory
A,S4,52,tcn_gru,7,official_alarm,11.4,0,0,0,,,,,0,,,exploratory
A,S4,52,tcn_gru,7,train_q90,8.84,0,0,0,,,,,0,,,exploratory
A,S4,52,tcn_gru,7,train_q95,10.08,0,0,0,,,,,0,,,exploratory
A,S4,52,tcn_gru,8,official_alarm,11.4,0,0,0,,,,,0,,,exploratory
A,S4,52,tcn_gru,8,train_q90,8.84,0,0,0,,,,,0,,,exploratory
A,S4,52,tcn_gru,8,train_q95,10.08,0,0,0,,,,,0,,,exploratory
A,S4,52,tcn_gru,9,official_alarm,11.4,0,0,0,,,,,0,,,exploratory
A,S4,52,tcn_gru,9,train_q90,8.84,0,0,0,,,,,0,,,exploratory
A,S4,52,tcn_gru,9,train_q95,10.08,0,0,0,,,,,0,,,exploratory
A,S4,52,tcn_gru,10,official_alarm,11.4,0,0,0,,,,,0,,,exploratory
A,S4,52,tcn_gru,10,train_q90,8.84,0,0,0,,,,,0,,,exploratory
A,S4,52,tcn_gru,10,train_q95,10.08,0,0,0,,,,,0,,,exploratory
A,S4,52,tcn_gru,11,official_alarm,11.4,0,0,0,,,,,0,,,exploratory
A,S4,52,tcn_gru,11,train_q90,8.84,0,0,0,,,,,0,,,exploratory
A,S4,52,tcn_gru,11,train_q95,10.08,0,0,0,,,,,0,,,exploratory
A,S4,52,tcn_gru,12,official_alarm,11.4,0,0,0,,,,,0,,,exploratory
A,S4,52,tcn_gru,12,train_q90,8.84,0,0,0,,,,,0,,,exploratory
A,S4,52,tcn_gru,12,train_q95,10.08,0,0,0,,,,,0,,,exploratory
A,S4,52,tcn_gru,13,official_alarm,11.4,0,0,0,,,,,0,,,exploratory
A,S4,52,tcn_gru,13,train_q90,8.84,0,0,0,,,,,0,,,exploratory
A,S4,52,tcn_gru,13,train_q95,10.08,0,0,0,,,,,0,,,exploratory
A,S4,52,tcn_gru,14,official_alarm,11.4,0,0,0,,,,,0,,,exploratory
A,S4,52,tcn_gru,14,train_q90,8.84,0,0,0,,,,,0,,,exploratory
A,S4,52,tcn_gru,14,train_q95,10.08,0,0,0,,,,,0,,,exploratory
A,S4,62,tcn_gru,1,official_alarm,11.4,0,0,0,,,,,0,,,exploratory
A,S4,62,tcn_gru,1,train_q90,8.84,0,0,0,,,,,0,,,exploratory
A,S4,62,tcn_gru,1,train_q95,10.08,0,0,0,,,,,0,,,exploratory
A,S4,62,tcn_gru,2,official_alarm,11.4,0,0,0,,,,,0,,,exploratory
A,S4,62,tcn_gru,2,train_q90,8.84,0,0,0,,,,,0,,,exploratory
A,S4,62,tcn_gru,2,train_q95,10.08,0,0,0,,,,,0,,,exploratory
A,S4,62,tcn_gru,3,official_alarm,11.4,0,0,0,,,,,0,,,exploratory
A,S4,62,tcn_gru,3,train_q90,8.84,0,0,0,,,,,0,,,exploratory
A,S4,62,tcn_gru,3,train_q95,10.08,0,0,0,,,,,0,,,exploratory
A,S4,62,tcn_gru,4,official_alarm,11.4,0,0,0,,,,,0,,,exploratory
A,S4,62,tcn_gru,4,train_q90,8.84,0,0,0,,,,,0,,,exploratory
A,S4,62,tcn_gru,4,train_q95,10.08,0,0,0,,,,,0,,,exploratory
A,S4,62,tcn_gru,5,official_alarm,11.4,0,0,0,,,,,0,,,exploratory
A,S4,62,tcn_gru,5,train_q90,8.84,0,0,0,,,,,0,,,exploratory
A,S4,62,tcn_gru,5,train_q95,10.08,0,0,0,,,,,0,,,exploratory
A,S4,62,tcn_gru,6,official_alarm,11.4,0,0,0,,,,,0,,,exploratory
A,S4,62,tcn_gru,6,train_q90,8.84,0,0,0,,,,,0,,,exploratory
A,S4,62,tcn_gru,6,train_q95,10.08,0,0,0,,,,,0,,,exploratory
A,S4,62,tcn_gru,7,official_alarm,11.4,0,0,0,,,,,0,,,exploratory
A,S4,62,tcn_gru,7,train_q90,8.84,0,0,0,,,,,0,,,exploratory
A,S4,62,tcn_gru,7,train_q95,10.08,0,0,0,,,,,0,,,exploratory
A,S4,62,tcn_gru,8,official_alarm,11.4,0,0,0,,,,,0,,,exploratory
A,S4,62,tcn_gru,8,train_q90,8.84,0,0,0,,,,,0,,,exploratory
A,S4,62,tcn_gru,8,train_q95,10.08,0,0,0,,,,,0,,,exploratory
A,S4,62,tcn_gru,9,official_alarm,11.4,0,0,0,,,,,0,,,exploratory
A,S4,62,tcn_gru,9,train_q90,8.84,0,0,0,,,,,0,,,exploratory
A,S4,62,tcn_gru,9,train_q95,10.08,0,0,0,,,,,0,,,exploratory
A,S4,62,tcn_gru,10,official_alarm,11.4,0,0,0,,,,,0,,,exploratory
A,S4,62,tcn_gru,10,train_q90,8.84,0,0,0,,,,,0,,,exploratory
A,S4,62,tcn_gru,10,train_q95,10.08,0,0,0,,,,,0,,,exploratory
A,S4,62,tcn_gru,11,official_alarm,11.4,0,0,0,,,,,0,,,exploratory
A,S4,62,tcn_gru,11,train_q90,8.84,0,0,0,,,,,0,,,exploratory
A,S4,62,tcn_gru,11,train_q95,10.08,0,0,0,,,,,0,,,exploratory
A,S4,62,tcn_gru,12,official_alarm,11.4,0,0,0,,,,,0,,,exploratory
A,S4,62,tcn_gru,12,train_q90,8.84,0,0,0,,,,,0,,,exploratory
A,S4,62,tcn_gru,12,train_q95,10.08,0,0,0,,,,,0,,,exploratory
A,S4,62,tcn_gru,13,official_alarm,11.4,0,0,0,,,,,0,,,exploratory
A,S4,62,tcn_gru,13,train_q90,8.84,0,0,0,,,,,0,,,exploratory
A,S4,62,tcn_gru,13,train_q95,10.08,0,0,0,,,,,0,,,exploratory
A,S4,62,tcn_gru,14,official_alarm,11.4,0,0,0,,,,,0,,,exploratory
A,S4,62,tcn_gru,14,train_q90,8.84,0,0,0,,,,,0,,,exploratory
A,S4,62,tcn_gru,14,train_q95,10.08,0,0,0,,,,,0,,,exploratory
A,S4,72,tcn_gru,1,official_alarm,11.4,0,0,0,,,,,0,,,exploratory
A,S4,72,tcn_gru,1,train_q90,8.84,0,0,0,,,,,0,,,exploratory
A,S4,72,tcn_gru,1,train_q95,10.08,0,0,0,,,,,0,,,exploratory
A,S4,72,tcn_gru,2,official_alarm,11.4,0,0,0,,,,,0,,,exploratory
A,S4,72,tcn_gru,2,train_q90,8.84,0,0,0,,,,,0,,,exploratory
A,S4,72,tcn_gru,2,train_q95,10.08,0,0,0,,,,,0,,,exploratory
A,S4,72,tcn_gru,3,official_alarm,11.4,0,0,0,,,,,0,,,exploratory
A,S4,72,tcn_gru,3,train_q90,8.84,0,0,0,,,,,0,,,exploratory
A,S4,72,tcn_gru,3,train_q95,10.08,0,0,0,,,,,0,,,exploratory
A,S4,72,tcn_gru,4,official_alarm,11.4,0,0,0,,,,,0,,,exploratory
A,S4,72,tcn_gru,4,train_q90,8.84,0,0,0,,,,,0,,,exploratory
A,S4,72,tcn_gru,4,train_q95,10.08,0,0,0,,,,,0,,,exploratory
A,S4,72,tcn_gru,5,official_alarm,11.4,0,0,0,,,,,0,,,exploratory
A,S4,72,tcn_gru,5,train_q90,8.84,0,0,0,,,,,0,,,exploratory
A,S4,72,tcn_gru,5,train_q95,10.08,0,0,0,,,,,0,,,exploratory
A,S4,72,tcn_gru,6,official_alarm,11.4,0,0,0,,,,,0,,,exploratory
A,S4,72,tcn_gru,6,train_q90,8.84,0,0,0,,,,,0,,,exploratory
A,S4,72,tcn_gru,6,train_q95,10.08,0,0,0,,,,,0,,,exploratory
A,S4,72,tcn_gru,7,official_alarm,11.4,0,0,0,,,,,0,,,exploratory
A,S4,72,tcn_gru,7,train_q90,8.84,0,0,0,,,,,0,,,exploratory
A,S4,72,tcn_gru,7,train_q95,10.08,0,0,0,,,,,0,,,exploratory
A,S4,72,tcn_gru,8,official_alarm,11.4,0,0,0,,,,,0,,,exploratory
A,S4,72,tcn_gru,8,train_q90,8.84,0,0,0,,,,,0,,,exploratory
A,S4,72,tcn_gru,8,train_q95,10.08,0,0,0,,,,,0,,,exploratory
A,S4,72,tcn_gru,9,official_alarm,11.4,0,0,0,,,,,0,,,exploratory
A,S4,72,tcn_gru,9,train_q90,8.84,0,0,0,,,,,0,,,exploratory
A,S4,72,tcn_gru,9,train_q95,10.08,0,0,0,,,,,0,,,exploratory
A,S4,72,tcn_gru,10,official_alarm,11.4,0,0,0,,,,,0,,,exploratory
A,S4,72,tcn_gru,10,train_q90,8.84,0,0,0,,,,,0,,,exploratory
A,S4,72,tcn_gru,10,train_q95,10.08,0,0,0,,,,,0,,,exploratory
A,S4,72,tcn_gru,11,official_alarm,11.4,0,0,0,,,,,0,,,exploratory
A,S4,72,tcn_gru,11,train_q90,8.84,0,0,0,,,,,0,,,exploratory
A,S4,72,tcn_gru,11,train_q95,10.08,0,0,0,,,,,0,,,exploratory
A,S4,72,tcn_gru,12,official_alarm,11.4,0,0,0,,,,,0,,,exploratory
A,S4,72,tcn_gru,12,train_q90,8.84,0,0,0,,,,,0,,,exploratory
A,S4,72,tcn_gru,12,train_q95,10.08,0,0,0,,,,,0,,,exploratory
A,S4,72,tcn_gru,13,official_alarm,11.4,0,0,0,,,,,0,,,exploratory
A,S4,72,tcn_gru,13,train_q90,8.84,0,0,0,,,,,0,,,exploratory
A,S4,72,tcn_gru,13,train_q95,10.08,0,0,0,,,,,0,,,exploratory
A,S4,72,tcn_gru,14,official_alarm,11.4,0,0,0,,,,,0,,,exploratory
A,S4,72,tcn_gru,14,train_q90,8.84,0,0,0,,,,,0,,,exploratory
A,S4,72,tcn_gru,14,train_q95,10.08,0,0,0,,,,,0,,,exploratory
A,S4,82,tcn_gru,1,official_alarm,11.4,0,0,0,,,,,0,,,exploratory
A,S4,82,tcn_gru,1,train_q90,8.84,0,0,0,,,,,0,,,exploratory
A,S4,82,tcn_gru,1,train_q95,10.08,0,0,0,,,,,0,,,exploratory
A,S4,82,tcn_gru,2,official_alarm,11.4,0,0,0,,,,,0,,,exploratory
A,S4,82,tcn_gru,2,train_q90,8.84,0,0,0,,,,,0,,,exploratory
A,S4,82,tcn_gru,2,train_q95,10.08,0,0,0,,,,,0,,,exploratory
A,S4,82,tcn_gru,3,official_alarm,11.4,0,0,0,,,,,0,,,exploratory
A,S4,82,tcn_gru,3,train_q90,8.84,0,0,0,,,,,0,,,exploratory
A,S4,82,tcn_gru,3,train_q95,10.08,0,0,0,,,,,0,,,exploratory
A,S4,82,tcn_gru,4,official_alarm,11.4,0,0,0,,,,,0,,,exploratory
A,S4,82,tcn_gru,4,train_q90,8.84,0,0,0,,,,,0,,,exploratory
A,S4,82,tcn_gru,4,train_q95,10.08,0,0,0,,,,,0,,,exploratory
A,S4,82,tcn_gru,5,official_alarm,11.4,0,0,0,,,,,0,,,exploratory
A,S4,82,tcn_gru,5,train_q90,8.84,0,0,0,,,,,0,,,exploratory
A,S4,82,tcn_gru,5,train_q95,10.08,0,0,0,,,,,0,,,exploratory
A,S4,82,tcn_gru,6,official_alarm,11.4,0,0,0,,,,,0,,,exploratory
A,S4,82,tcn_gru,6,train_q90,8.84,0,0,0,,,,,0,,,exploratory
A,S4,82,tcn_gru,6,train_q95,10.08,0,0,0,,,,,0,,,exploratory
A,S4,82,tcn_gru,7,official_alarm,11.4,0,0,0,,,,,0,,,exploratory
A,S4,82,tcn_gru,7,train_q90,8.84,0,0,0,,,,,0,,,exploratory
A,S4,82,tcn_gru,7,train_q95,10.08,0,0,0,,,,,0,,,exploratory
A,S4,82,tcn_gru,8,official_alarm,11.4,0,0,0,,,,,0,,,exploratory
A,S4,82,tcn_gru,8,train_q90,8.84,0,0,0,,,,,0,,,exploratory
A,S4,82,tcn_gru,8,train_q95,10.08,0,0,0,,,,,0,,,exploratory
A,S4,82,tcn_gru,9,official_alarm,11.4,0,0,0,,,,,0,,,exploratory
A,S4,82,tcn_gru,9,train_q90,8.84,0,0,0,,,,,0,,,exploratory
A,S4,82,tcn_gru,9,train_q95,10.08,0,0,0,,,,,0,,,exploratory
A,S4,82,tcn_gru,10,official_alarm,11.4,0,0,0,,,,,0,,,exploratory
A,S4,82,tcn_gru,10,train_q90,8.84,0,0,0,,,,,0,,,exploratory
A,S4,82,tcn_gru,10,train_q95,10.08,0,0,0,,,,,0,,,exploratory
A,S4,82,tcn_gru,11,official_alarm,11.4,0,0,0,,,,,0,,,exploratory
A,S4,82,tcn_gru,11,train_q90,8.84,0,0,0,,,,,0,,,exploratory
A,S4,82,tcn_gru,11,train_q95,10.08,0,0,0,,,,,0,,,exploratory
A,S4,82,tcn_gru,12,official_alarm,11.4,0,0,0,,,,,0,,,exploratory
A,S4,82,tcn_gru,12,train_q90,8.84,0,0,0,,,,,0,,,exploratory
A,S4,82,tcn_gru,12,train_q95,10.08,0,0,0,,,,,0,,,exploratory
A,S4,82,tcn_gru,13,official_alarm,11.4,0,0,0,,,,,0,,,exploratory
A,S4,82,tcn_gru,13,train_q90,8.84,0,0,0,,,,,0,,,exploratory
A,S4,82,tcn_gru,13,train_q95,10.08,0,0,0,,,,,0,,,exploratory
A,S4,82,tcn_gru,14,official_alarm,11.4,0,0,0,,,,,0,,,exploratory
A,S4,82,tcn_gru,14,train_q90,8.84,0,0,0,,,,,0,,,exploratory
A,S4,82,tcn_gru,14,train_q95,10.08,0,0,0,,,,,0,,,exploratory
B,S0,42,tcn_gru,1,official_alarm,11.4,0,0,0,,,,,0,,,exploratory
B,S0,42,tcn_gru,1,train_q90,8.88,1,0,2,1.0,0.6666666666666666,0.3333333333333333,0.5,1,0.15081407546997028,1.0,exploratory
B,S0,42,tcn_gru,1,train_q95,10.105,0,0,0,,,,,0,,,exploratory
B,S0,42,tcn_gru,2,official_alarm,11.4,0,0,0,,,,,0,,,exploratory
B,S0,42,tcn_gru,2,train_q90,8.88,0,1,3,0.0,1.0,0.0,0.0,1,0.3943865776062001,2.0,exploratory
B,S0,42,tcn_gru,2,train_q95,10.105,0,0,0,,,,,0,,,exploratory
B,S0,42,tcn_gru,3,official_alarm,11.4,0,0,0,,,,,0,,,exploratory
B,S0,42,tcn_gru,3,train_q90,8.88,0,1,3,0.0,1.0,0.0,0.0,1,-0.14620386123657347,2.0,exploratory
B,S0,42,tcn_gru,3,train_q95,10.105,0,0,0,,,,,0,,,exploratory
B,S0,42,tcn_gru,4,official_alarm,11.4,0,0,0,,,,,0,,,exploratory
B,S0,42,tcn_gru,4,train_q90,8.88,0,1,3,0.0,1.0,0.0,0.0,1,-0.746817512512207,2.0,exploratory
B,S0,42,tcn_gru,4,train_q95,10.105,0,0,0,,,,,0,,,exploratory
B,S0,42,tcn_gru,5,official_alarm,11.4,0,0,0,,,,,0,,,exploratory
B,S0,42,tcn_gru,5,train_q90,8.88,0,1,2,0.0,1.0,0.0,0.0,1,-1.2507797813415529,2.0,exploratory
B,S0,42,tcn_gru,5,train_q95,10.105,0,0,0,,,,,0,,,exploratory
B,S0,42,tcn_gru,6,official_alarm,11.4,0,0,0,,,,,0,,,exploratory
B,S0,42,tcn_gru,6,train_q90,8.88,0,1,3,0.0,1.0,0.0,0.0,1,-1.6878901386260994,2.0,exploratory
B,S0,42,tcn_gru,6,train_q95,10.105,0,0,0,,,,,0,,,exploratory
B,S0,42,tcn_gru,7,official_alarm,11.4,0,0,0,,,,,0,,,exploratory
B,S0,42,tcn_gru,7,train_q90,8.88,0,1,2,0.0,1.0,0.0,0.0,1,-1.9312196350097661,2.0,exploratory
B,S0,42,tcn_gru,7,train_q95,10.105,0,0,0,,,,,0,,,exploratory
B,S0,42,tcn_gru,8,official_alarm,11.4,0,0,0,,,,,0,,,exploratory
B,S0,42,tcn_gru,8,train_q90,8.88,0,1,2,0.0,1.0,0.0,0.0,1,-2.1728061389923097,2.0,exploratory
B,S0,42,tcn_gru,8,train_q95,10.105,0,0,0,,,,,0,,,exploratory
B,S0,42,tcn_gru,9,official_alarm,11.4,0,0,0,,,,,0,,,exploratory
B,S0,42,tcn_gru,9,train_q90,8.88,0,1,3,0.0,1.0,0.0,0.0,1,-2.1528282165527344,2.0,exploratory
B,S0,42,tcn_gru,9,train_q95,10.105,0,0,0,,,,,0,,,exploratory
B,S0,42,tcn_gru,10,official_alarm,11.4,0,0,0,,,,,0,,,exploratory
B,S0,42,tcn_gru,10,train_q90,8.88,0,1,2,0.0,1.0,0.0,0.0,1,-2.3440705776214603,2.0,exploratory
B,S0,42,tcn_gru,10,train_q95,10.105,0,0,0,,,,,0,,,exploratory
B,S0,42,tcn_gru,11,official_alarm,11.4,0,0,0,,,,,0,,,exploratory
B,S0,42,tcn_gru,11,train_q90,8.88,0,1,3,0.0,1.0,0.0,0.0,1,-2.781410484313964,2.0,exploratory
B,S0,42,tcn_gru,11,train_q95,10.105,0,0,0,,,,,0,,,exploratory
B,S0,42,tcn_gru,12,official_alarm,11.4,0,0,0,,,,,0,,,exploratory
B,S0,42,tcn_gru,12,train_q90,8.88,0,1,2,0.0,1.0,0.0,0.0,1,-2.790780453681945,1.0,exploratory
B,S0,42,tcn_gru,12,train_q95,10.105,0,0,0,,,,,0,,,exploratory
B,S0,42,tcn_gru,13,official_alarm,11.4,0,0,0,,,,,0,,,exploratory
B,S0,42,tcn_gru,13,train_q90,8.88,0,1,3,0.0,1.0,0.0,0.0,1,-2.6703374624252314,2.0,exploratory
B,S0,42,tcn_gru,13,train_q95,10.105,0,0,0,,,,,0,,,exploratory
B,S0,42,tcn_gru,14,official_alarm,11.4,0,0,0,,,,,0,,,exploratory
B,S0,42,tcn_gru,14,train_q90,8.88,0,1,3,0.0,1.0,0.0,0.0,1,-2.909409213066101,2.0,exploratory
B,S0,42,tcn_gru,14,train_q95,10.105,0,0,0,,,,,0,,,exploratory
B,S0,52,tcn_gru,1,official_alarm,11.4,0,0,0,,,,,0,,,exploratory
B,S0,52,tcn_gru,1,train_q90,8.88,1,0,2,1.0,0.6666666666666666,0.3333333333333333,0.5,1,0.14506505012512072,1.0,exploratory
B,S0,52,tcn_gru,1,train_q95,10.105,0,0,0,,,,,0,,,exploratory
B,S0,52,tcn_gru,2,official_alarm,11.4,0,0,0,,,,,0,,,exploratory
B,S0,52,tcn_gru,2,train_q90,8.88,0,1,3,0.0,1.0,0.0,0.0,1,0.29705446243286104,2.0,exploratory
B,S0,52,tcn_gru,2,train_q95,10.105,0,0,0,,,,,0,,,exploratory
B,S0,52,tcn_gru,3,official_alarm,11.4,0,0,0,,,,,0,,,exploratory
B,S0,52,tcn_gru,3,train_q90,8.88,0,1,1,0.0,1.0,0.0,0.0,1,-0.5830078887939454,2.0,exploratory
B,S0,52,tcn_gru,3,train_q95,10.105,0,0,0,,,,,0,,,exploratory
B,S0,52,tcn_gru,4,official_alarm,11.4,0,0,0,,,,,0,,,exploratory
B,S0,52,tcn_gru,4,train_q90,8.88,0,1,1,0.0,1.0,0.0,0.0,1,-1.0425523471832285,2.0,exploratory
B,S0,52,tcn_gru,4,train_q95,10.105,0,0,0,,,,,0,,,exploratory
B,S0,52,tcn_gru,5,official_alarm,11.4,0,0,0,,,,,0,,,exploratory
B,S0,52,tcn_gru,5,train_q90,8.88,0,1,1,0.0,1.0,0.0,0.0,1,-1.671812973022461,2.0,exploratory
B,S0,52,tcn_gru,5,train_q95,10.105,0,0,0,,,,,0,,,exploratory
B,S0,52,tcn_gru,6,official_alarm,11.4,0,0,0,,,,,0,,,exploratory
B,S0,52,tcn_gru,6,train_q90,8.88,0,1,2,0.0,1.0,0.0,0.0,1,-1.9471962738037112,2.0,exploratory
B,S0,52,tcn_gru,6,train_q95,10.105,0,0,0,,,,,0,,,exploratory
B,S0,52,tcn_gru,7,official_alarm,11.4,0,0,0,,,,,0,,,exploratory
B,S0,52,tcn_gru,7,train_q90,8.88,0,1,0,0.0,,0.0,0.0,1,-2.639141302108764,2.0,exploratory
B,S0,52,tcn_gru,7,train_q95,10.105,0,0,0,,,,,0,,,exploratory
B,S0,52,tcn_gru,8,official_alarm,11.4,0,0,0,,,,,0,,,exploratory
B,S0,52,tcn_gru,8,train_q90,8.88,0,1,0,0.0,,0.0,0.0,1,-2.8381835937499993,2.0,exploratory
B,S0,52,tcn_gru,8,train_q95,10.105,0,0,0,,,,,0,,,exploratory
B,S0,52,tcn_gru,9,official_alarm,11.4,0,0,0,,,,,0,,,exploratory
B,S0,52,tcn_gru,9,train_q90,8.88,0,1,0,0.0,,0.0,0.0,1,-2.943638591766357,2.0,exploratory
B,S0,52,tcn_gru,9,train_q95,10.105,0,0,0,,,,,0,,,exploratory
B,S0,52,tcn_gru,10,official_alarm,11.4,0,0,0,,,,,0,,,exploratory
B,S0,52,tcn_gru,10,train_q90,8.88,0,1,1,0.0,1.0,0.0,0.0,1,-2.8110354185104365,2.0,exploratory
B,S0,52,tcn_gru,10,train_q95,10.105,0,0,0,,,,,0,,,exploratory
B,S0,52,tcn_gru,11,official_alarm,11.4,0,0,0,,,,,0,,,exploratory
B,S0,52,tcn_gru,11,train_q90,8.88,0,1,1,0.0,1.0,0.0,0.0,1,-3.293218989372253,2.0,exploratory
B,S0,52,tcn_gru,11,train_q95,10.105,0,0,0,,,,,0,,,exploratory
B,S0,52,tcn_gru,12,official_alarm,11.4,0,0,0,,,,,0,,,exploratory
B,S0,52,tcn_gru,12,train_q90,8.88,0,1,1,0.0,1.0,0.0,0.0,1,-3.232874407768249,1.0,exploratory
B,S0,52,tcn_gru,12,train_q95,10.105,0,0,0,,,,,0,,,exploratory
B,S0,52,tcn_gru,13,official_alarm,11.4,0,0,0,,,,,0,,,exploratory
B,S0,52,tcn_gru,13,train_q90,8.88,0,1,5,0.0,1.0,0.0,0.0,1,-2.8272594165801994,2.0,exploratory
B,S0,52,tcn_gru,13,train_q95,10.105,0,0,0,,,,,0,,,exploratory
B,S0,52,tcn_gru,14,official_alarm,11.4,0,0,0,,,,,0,,,exploratory
B,S0,52,tcn_gru,14,train_q90,8.88,0,1,0,0.0,,0.0,0.0,1,-3.758310232162475,2.0,exploratory
B,S0,52,tcn_gru,14,train_q95,10.105,0,0,0,,,,,0,,,exploratory
B,S0,62,tcn_gru,1,official_alarm,11.4,0,0,0,,,,,0,,,exploratory
B,S0,62,tcn_gru,1,train_q90,8.88,0,1,1,0.0,1.0,0.0,0.0,1,0.092115125656127,1.0,exploratory
B,S0,62,tcn_gru,1,train_q95,10.105,0,0,0,,,,,0,,,exploratory
B,S0,62,tcn_gru,2,official_alarm,11.4,0,0,0,,,,,0,,,exploratory
B,S0,62,tcn_gru,2,train_q90,8.88,0,1,2,0.0,1.0,0.0,0.0,1,0.2196416950225828,2.0,exploratory
B,S0,62,tcn_gru,2,train_q95,10.105,0,0,0,,,,,0,,,exploratory
B,S0,62,tcn_gru,3,official_alarm,11.4,0,0,0,,,,,0,,,exploratory
B,S0,62,tcn_gru,3,train_q90,8.88,0,1,2,0.0,1.0,0.0,0.0,1,-0.2455512619018556,2.0,exploratory
B,S0,62,tcn_gru,3,train_q95,10.105,0,0,0,,,,,0,,,exploratory
B,S0,62,tcn_gru,4,official_alarm,11.4,0,0,0,,,,,0,,,exploratory
B,S0,62,tcn_gru,4,train_q90,8.88,0,1,3,0.0,1.0,0.0,0.0,1,-0.6911399078369147,2.0,exploratory
B,S0,62,tcn_gru,4,train_q95,10.105,0,0,0,,,,,0,,,exploratory
B,S0,62,tcn_gru,5,official_alarm,11.4,0,0,0,,,,,0,,,exploratory
B,S0,62,tcn_gru,5,train_q90,8.88,0,1,4,0.0,1.0,0.0,0.0,1,-1.238577251434327,2.0,exploratory
B,S0,62,tcn_gru,5,train_q95,10.105,0,0,0,,,,,0,,,exploratory
B,S0,62,tcn_gru,6,official_alarm,11.4,0,0,0,,,,,0,,,exploratory
B,S0,62,tcn_gru,6,train_q90,8.88,0,1,4,0.0,1.0,0.0,0.0,1,-1.7054878711700443,2.0,exploratory
B,S0,62,tcn_gru,6,train_q95,10.105,0,0,0,,,,,0,,,exploratory
B,S0,62,tcn_gru,7,official_alarm,11.4,0,0,0,,,,,0,,,exploratory
B,S0,62,tcn_gru,7,train_q90,8.88,0,1,4,0.0,1.0,0.0,0.0,1,-1.5326609134674074,2.0,exploratory
B,S0,62,tcn_gru,7,train_q95,10.105,0,0,0,,,,,0,,,exploratory
B,S0,62,tcn_gru,8,official_alarm,11.4,0,0,0,,,,,0,,,exploratory
B,S0,62,tcn_gru,8,train_q90,8.88,0,1,4,0.0,1.0,0.0,0.0,1,-1.9366821193695074,2.0,exploratory
B,S0,62,tcn_gru,8,train_q95,10.105,0,0,0,,,,,0,,,exploratory
B,S0,62,tcn_gru,9,official_alarm,11.4,0,0,0,,,,,0,,,exploratory
B,S0,62,tcn_gru,9,train_q90,8.88,0,1,3,0.0,1.0,0.0,0.0,1,-2.1623006916046146,2.0,exploratory
B,S0,62,tcn_gru,9,train_q95,10.105,0,0,0,,,,,0,,,exploratory
B,S0,62,tcn_gru,10,official_alarm,11.4,0,0,0,,,,,0,,,exploratory
B,S0,62,tcn_gru,10,train_q90,8.88,0,1,4,0.0,1.0,0.0,0.0,1,-2.20816466331482,2.0,exploratory
B,S0,62,tcn_gru,10,train_q95,10.105,0,0,0,,,,,0,,,exploratory
B,S0,62,tcn_gru,11,official_alarm,11.4,0,0,0,,,,,0,,,exploratory
B,S0,62,tcn_gru,11,train_q90,8.88,0,1,5,0.0,1.0,0.0,0.0,1,-2.3406431674957275,0.0,exploratory
B,S0,62,tcn_gru,11,train_q95,10.105,0,0,0,,,,,0,,,exploratory
B,S0,62,tcn_gru,12,official_alarm,11.4,0,0,0,,,,,0,,,exploratory
B,S0,62,tcn_gru,12,train_q90,8.88,0,1,1,0.0,1.0,0.0,0.0,1,-2.4905428886413574,1.0,exploratory
B,S0,62,tcn_gru,12,train_q95,10.105,0,0,0,,,,,0,,,exploratory
B,S0,62,tcn_gru,13,official_alarm,11.4,0,0,0,,,,,0,,,exploratory
B,S0,62,tcn_gru,13,train_q90,8.88,0,1,1,0.0,1.0,0.0,0.0,1,-2.440636076927185,2.0,exploratory
B,S0,62,tcn_gru,13,train_q95,10.105,0,0,0,,,,,0,,,exploratory
B,S0,62,tcn_gru,14,official_alarm,11.4,0,0,0,,,,,0,,,exploratory
B,S0,62,tcn_gru,14,train_q90,8.88,0,1,1,0.0,1.0,0.0,0.0,1,-2.579353971481323,2.0,exploratory
B,S0,62,tcn_gru,14,train_q95,10.105,0,0,0,,,,,0,,,exploratory
B,S0,72,tcn_gru,1,official_alarm,11.4,0,0,0,,,,,0,,,exploratory
B,S0,72,tcn_gru,1,train_q90,8.88,1,0,3,1.0,0.75,0.25,0.4,1,0.4901482582092296,1.0,exploratory
B,S0,72,tcn_gru,1,train_q95,10.105,0,0,0,,,,,0,,,exploratory
B,S0,72,tcn_gru,2,official_alarm,11.4,0,0,0,,,,,0,,,exploratory
B,S0,72,tcn_gru,2,train_q90,8.88,0,1,4,0.0,1.0,0.0,0.0,1,0.3606238174438463,2.0,exploratory
B,S0,72,tcn_gru,2,train_q95,10.105,0,0,0,,,,,0,,,exploratory
B,S0,72,tcn_gru,3,official_alarm,11.4,0,0,0,,,,,0,,,exploratory
B,S0,72,tcn_gru,3,train_q90,8.88,0,1,2,0.0,1.0,0.0,0.0,1,-0.32622125625610465,2.0,exploratory
B,S0,72,tcn_gru,3,train_q95,10.105,0,0,0,,,,,0,,,exploratory
B,S0,72,tcn_gru,4,official_alarm,11.4,0,0,0,,,,,0,,,exploratory
B,S0,72,tcn_gru,4,train_q90,8.88,0,1,2,0.0,1.0,0.0,0.0,1,-0.9811019706726078,2.0,exploratory
B,S0,72,tcn_gru,4,train_q95,10.105,0,0,0,,,,,0,,,exploratory
B,S0,72,tcn_gru,5,official_alarm,11.4,0,0,0,,,,,0,,,exploratory
B,S0,72,tcn_gru,5,train_q90,8.88,0,1,2,0.0,1.0,0.0,0.0,1,-1.6230582618713383,2.0,exploratory
B,S0,72,tcn_gru,5,train_q95,10.105,0,0,0,,,,,0,,,exploratory
B,S0,72,tcn_gru,6,official_alarm,11.4,0,0,0,,,,,0,,,exploratory
B,S0,72,tcn_gru,6,train_q90,8.88,0,1,3,0.0,1.0,0.0,0.0,1,-1.912765445709229,2.0,exploratory
B,S0,72,tcn_gru,6,train_q95,10.105,0,0,0,,,,,0,,,exploratory
B,S0,72,tcn_gru,7,official_alarm,11.4,0,0,0,,,,,0,,,exploratory
B,S0,72,tcn_gru,7,train_q90,8.88,0,1,1,0.0,1.0,0.0,0.0,1,-2.281123380661011,2.0,exploratory
B,S0,72,tcn_gru,7,train_q95,10.105,0,0,0,,,,,0,,,exploratory
B,S0,72,tcn_gru,8,official_alarm,11.4,0,0,0,,,,,0,,,exploratory
B,S0,72,tcn_gru,8,train_q90,8.88,0,1,2,0.0,1.0,0.0,0.0,1,-2.508022284507752,2.0,exploratory
B,S0,72,tcn_gru,8,train_q95,10.105,0,0,0,,,,,0,,,exploratory
B,S0,72,tcn_gru,9,official_alarm,11.4,0,0,0,,,,,0,,,exploratory
B,S0,72,tcn_gru,9,train_q90,8.88,0,1,2,0.0,1.0,0.0,0.0,1,-2.701997075080871,2.0,exploratory
B,S0,72,tcn_gru,9,train_q95,10.105,0,0,0,,,,,0,,,exploratory
B,S0,72,tcn_gru,10,official_alarm,11.4,0,0,0,,,,,0,,,exploratory
B,S0,72,tcn_gru,10,train_q90,8.88,0,1,1,0.0,1.0,0.0,0.0,1,-3.033595838546752,2.0,exploratory
B,S0,72,tcn_gru,10,train_q95,10.105,0,0,0,,,,,0,,,exploratory
B,S0,72,tcn_gru,11,official_alarm,11.4,0,0,0,,,,,0,,,exploratory
B,S0,72,tcn_gru,11,train_q90,8.88,0,1,0,0.0,,0.0,0.0,1,-3.40102686882019,2.0,exploratory
B,S0,72,tcn_gru,11,train_q95,10.105,0,0,0,,,,,0,,,exploratory
B,S0,72,tcn_gru,12,official_alarm,11.4,0,0,0,,,,,0,,,exploratory
B,S0,72,tcn_gru,12,train_q90,8.88,0,1,0,0.0,,0.0,0.0,1,-3.743934502601623,2.0,exploratory
B,S0,72,tcn_gru,12,train_q95,10.105,0,0,0,,,,,0,,,exploratory
B,S0,72,tcn_gru,13,official_alarm,11.4,0,0,0,,,,,0,,,exploratory
B,S0,72,tcn_gru,13,train_q90,8.88,0,1,1,0.0,1.0,0.0,0.0,1,-3.6264095592498773,2.0,exploratory
B,S0,72,tcn_gru,13,train_q95,10.105,0,0,0,,,,,0,,,exploratory
B,S0,72,tcn_gru,14,official_alarm,11.4,0,0,0,,,,,0,,,exploratory
B,S0,72,tcn_gru,14,train_q90,8.88,0,1,0,0.0,,0.0,0.0,1,-3.9106214094161986,2.0,exploratory
B,S0,72,tcn_gru,14,train_q95,10.105,0,0,0,,,,,0,,,exploratory
B,S0,82,tcn_gru,1,official_alarm,11.4,0,0,0,,,,,0,,,exploratory
B,S0,82,tcn_gru,1,train_q90,8.88,1,0,3,1.0,0.75,0.25,0.4,1,0.5026911544799813,1.0,exploratory
B,S0,82,tcn_gru,1,train_q95,10.105,0,0,0,,,,,0,,,exploratory
B,S0,82,tcn_gru,2,official_alarm,11.4,0,0,0,,,,,0,,,exploratory
B,S0,82,tcn_gru,2,train_q90,8.88,0,1,3,0.0,1.0,0.0,0.0,1,0.048618679046629865,2.0,exploratory
B,S0,82,tcn_gru,2,train_q95,10.105,0,0,0,,,,,0,,,exploratory
B,S0,82,tcn_gru,3,official_alarm,11.4,0,0,0,,,,,0,,,exploratory
B,S0,82,tcn_gru,3,train_q90,8.88,0,1,3,0.0,1.0,0.0,0.0,1,-0.16735960960388319,2.0,exploratory
B,S0,82,tcn_gru,3,train_q95,10.105,0,0,0,,,,,0,,,exploratory
B,S0,82,tcn_gru,4,official_alarm,11.4,0,0,0,,,,,0,,,exploratory
B,S0,82,tcn_gru,4,train_q90,8.88,0,1,2,0.0,1.0,0.0,0.0,1,-0.907301044464111,2.0,exploratory
B,S0,82,tcn_gru,4,train_q95,10.105,0,0,0,,,,,0,,,exploratory
B,S0,82,tcn_gru,5,official_alarm,11.4,0,0,0,,,,,0,,,exploratory
B,S0,82,tcn_gru,5,train_q90,8.88,0,1,1,0.0,1.0,0.0,0.0,1,-1.809125471115113,2.0,exploratory
B,S0,82,tcn_gru,5,train_q95,10.105,0,0,0,,,,,0,,,exploratory
B,S0,82,tcn_gru,6,official_alarm,11.4,0,0,0,,,,,0,,,exploratory
B,S0,82,tcn_gru,6,train_q90,8.88,0,1,3,0.0,1.0,0.0,0.0,1,-1.9957372665405275,2.0,exploratory
B,S0,82,tcn_gru,6,train_q95,10.105,0,0,0,,,,,0,,,exploratory
B,S0,82,tcn_gru,7,official_alarm,11.4,0,0,0,,,,,0,,,exploratory
B,S0,82,tcn_gru,7,train_q90,8.88,0,1,2,0.0,1.0,0.0,0.0,1,-2.2539890575408936,2.0,exploratory
B,S0,82,tcn_gru,7,train_q95,10.105,0,0,0,,,,,0,,,exploratory
B,S0,82,tcn_gru,8,official_alarm,11.4,0,0,0,,,,,0,,,exploratory
B,S0,82,tcn_gru,8,train_q90,8.88,0,1,2,0.0,1.0,0.0,0.0,1,-2.4560554647445683,2.0,exploratory
B,S0,82,tcn_gru,8,train_q95,10.105,0,0,0,,,,,0,,,exploratory
B,S0,82,tcn_gru,9,official_alarm,11.4,0,0,0,,,,,0,,,exploratory
B,S0,82,tcn_gru,9,train_q90,8.88,0,1,2,0.0,1.0,0.0,0.0,1,-2.736485686302185,2.0,exploratory
B,S0,82,tcn_gru,9,train_q95,10.105,0,0,0,,,,,0,,,exploratory
B,S0,82,tcn_gru,10,official_alarm,11.4,0,0,0,,,,,0,,,exploratory
B,S0,82,tcn_gru,10,train_q90,8.88,0,1,1,0.0,1.0,0.0,0.0,1,-2.9472496414184564,2.0,exploratory
B,S0,82,tcn_gru,10,train_q95,10.105,0,0,0,,,,,0,,,exploratory
B,S0,82,tcn_gru,11,official_alarm,11.4,0,0,0,,,,,0,,,exploratory
B,S0,82,tcn_gru,11,train_q90,8.88,0,1,0,0.0,,0.0,0.0,1,-3.4776544189453116,2.0,exploratory
B,S0,82,tcn_gru,11,train_q95,10.105,0,0,0,,,,,0,,,exploratory
B,S0,82,tcn_gru,12,official_alarm,11.4,0,0,0,,,,,0,,,exploratory
B,S0,82,tcn_gru,12,train_q90,8.88,0,1,1,0.0,1.0,0.0,0.0,1,-3.698930945396423,2.0,exploratory
B,S0,82,tcn_gru,12,train_q95,10.105,0,0,0,,,,,0,,,exploratory
B,S0,82,tcn_gru,13,official_alarm,11.4,0,0,0,,,,,0,,,exploratory
B,S0,82,tcn_gru,13,train_q90,8.88,0,1,1,0.0,1.0,0.0,0.0,1,-3.717288169860839,2.0,exploratory
B,S0,82,tcn_gru,13,train_q95,10.105,0,0,0,,,,,0,,,exploratory
B,S0,82,tcn_gru,14,official_alarm,11.4,0,0,0,,,,,0,,,exploratory
B,S0,82,tcn_gru,14,train_q90,8.88,0,1,0,0.0,,0.0,0.0,1,-3.8875235939025874,2.0,exploratory
B,S0,82,tcn_gru,14,train_q95,10.105,0,0,0,,,,,0,,,exploratory
B,S4,42,tcn_gru,1,official_alarm,11.4,0,0,0,,,,,0,,,exploratory
B,S4,42,tcn_gru,1,train_q90,8.88,0,1,0,0.0,,0.0,0.0,1,-0.5632167720794676,1.0,exploratory
B,S4,42,tcn_gru,1,train_q95,10.105,0,0,0,,,,,0,,,exploratory
B,S4,42,tcn_gru,2,official_alarm,11.4,0,0,0,,,,,0,,,exploratory
B,S4,42,tcn_gru,2,train_q90,8.88,0,1,2,0.0,1.0,0.0,0.0,1,-0.09246871948242408,2.0,exploratory
B,S4,42,tcn_gru,2,train_q95,10.105,0,0,0,,,,,0,,,exploratory
B,S4,42,tcn_gru,3,official_alarm,11.4,0,0,0,,,,,0,,,exploratory
B,S4,42,tcn_gru,3,train_q90,8.88,0,1,2,0.0,1.0,0.0,0.0,1,-0.30229112625122134,2.0,exploratory
B,S4,42,tcn_gru,3,train_q95,10.105,0,0,0,,,,,0,,,exploratory
B,S4,42,tcn_gru,4,official_alarm,11.4,0,0,0,,,,,0,,,exploratory
B,S4,42,tcn_gru,4,train_q90,8.88,0,1,0,0.0,,0.0,0.0,1,-0.7196277809143066,2.0,exploratory
B,S4,42,tcn_gru,4,train_q95,10.105,0,0,0,,,,,0,,,exploratory
B,S4,42,tcn_gru,5,official_alarm,11.4,0,0,0,,,,,0,,,exploratory
B,S4,42,tcn_gru,5,train_q90,8.88,0,1,1,0.0,1.0,0.0,0.0,1,-1.377215595245362,2.0,exploratory
B,S4,42,tcn_gru,5,train_q95,10.105,0,0,0,,,,,0,,,exploratory
B,S4,42,tcn_gru,6,official_alarm,11.4,0,0,0,,,,,0,,,exploratory
B,S4,42,tcn_gru,6,train_q90,8.88,0,1,0,0.0,,0.0,0.0,1,-2.0606585884094244,2.0,exploratory
B,S4,42,tcn_gru,6,train_q95,10.105,0,0,0,,,,,0,,,exploratory
B,S4,42,tcn_gru,7,official_alarm,11.4,0,0,0,,,,,0,,,exploratory
B,S4,42,tcn_gru,7,train_q90,8.88,0,1,2,0.0,1.0,0.0,0.0,1,-2.323616933822632,2.0,exploratory
B,S4,42,tcn_gru,7,train_q95,10.105,0,0,0,,,,,0,,,exploratory
B,S4,42,tcn_gru,8,official_alarm,11.4,0,0,0,,,,,0,,,exploratory
B,S4,42,tcn_gru,8,train_q90,8.88,0,1,0,0.0,,0.0,0.0,1,-2.7289101600646966,0.0,exploratory
B,S4,42,tcn_gru,8,train_q95,10.105,0,0,0,,,,,0,,,exploratory
B,S4,42,tcn_gru,9,official_alarm,11.4,0,0,0,,,,,0,,,exploratory
B,S4,42,tcn_gru,9,train_q90,8.88,0,1,0,0.0,,0.0,0.0,1,-2.743615570068359,1.0,exploratory
B,S4,42,tcn_gru,9,train_q95,10.105,0,0,0,,,,,0,,,exploratory
B,S4,42,tcn_gru,10,official_alarm,11.4,0,0,0,,,,,0,,,exploratory
B,S4,42,tcn_gru,10,train_q90,8.88,0,1,0,0.0,,0.0,0.0,1,-2.8776087045669554,1.0,exploratory
B,S4,42,tcn_gru,10,train_q95,10.105,0,0,0,,,,,0,,,exploratory
B,S4,42,tcn_gru,11,official_alarm,11.4,0,0,0,,,,,0,,,exploratory
B,S4,42,tcn_gru,11,train_q90,8.88,0,1,0,0.0,,0.0,0.0,1,-2.6271786117553706,0.0,exploratory
B,S4,42,tcn_gru,11,train_q95,10.105,0,0,0,,,,,0,,,exploratory
B,S4,42,tcn_gru,12,official_alarm,11.4,0,0,0,,,,,0,,,exploratory
B,S4,42,tcn_gru,12,train_q90,8.88,0,1,0,0.0,,0.0,0.0,1,-2.39724292755127,0.0,exploratory
B,S4,42,tcn_gru,12,train_q95,10.105,0,0,0,,,,,0,,,exploratory
B,S4,42,tcn_gru,13,official_alarm,11.4,0,0,0,,,,,0,,,exploratory
B,S4,42,tcn_gru,13,train_q90,8.88,0,1,0,0.0,,0.0,0.0,1,-2.2271729373931892,1.0,exploratory
B,S4,42,tcn_gru,13,train_q95,10.105,0,0,0,,,,,0,,,exploratory
B,S4,42,tcn_gru,14,official_alarm,11.4,0,0,0,,,,,0,,,exploratory
B,S4,42,tcn_gru,14,train_q90,8.88,0,1,0,0.0,,0.0,0.0,1,-2.1595088958740236,2.0,exploratory
B,S4,42,tcn_gru,14,train_q95,10.105,0,0,0,,,,,0,,,exploratory
B,S4,52,tcn_gru,1,official_alarm,11.4,0,0,0,,,,,0,,,exploratory
B,S4,52,tcn_gru,1,train_q90,8.88,0,1,0,0.0,,0.0,0.0,1,-0.3668396282196049,0.0,exploratory
B,S4,52,tcn_gru,1,train_q95,10.105,0,0,0,,,,,0,,,exploratory
B,S4,52,tcn_gru,2,official_alarm,11.4,0,0,0,,,,,0,,,exploratory
B,S4,52,tcn_gru,2,train_q90,8.88,0,1,5,0.0,1.0,0.0,0.0,1,0.12485757827758803,1.0,exploratory
B,S4,52,tcn_gru,2,train_q95,10.105,0,0,0,,,,,0,,,exploratory
B,S4,52,tcn_gru,3,official_alarm,11.4,0,0,0,,,,,0,,,exploratory
B,S4,52,tcn_gru,3,train_q90,8.88,0,1,2,0.0,1.0,0.0,0.0,1,-0.1593427944183361,2.0,exploratory
B,S4,52,tcn_gru,3,train_q95,10.105,0,0,0,,,,,0,,,exploratory
B,S4,52,tcn_gru,4,official_alarm,11.4,0,0,0,,,,,0,,,exploratory
B,S4,52,tcn_gru,4,train_q90,8.88,0,1,2,0.0,1.0,0.0,0.0,1,-0.36776099205017054,2.0,exploratory
B,S4,52,tcn_gru,4,train_q95,10.105,0,0,0,,,,,0,,,exploratory
B,S4,52,tcn_gru,5,official_alarm,11.4,0,0,0,,,,,0,,,exploratory
B,S4,52,tcn_gru,5,train_q90,8.88,0,1,3,0.0,1.0,0.0,0.0,1,-0.7908173847198494,2.0,exploratory
B,S4,52,tcn_gru,5,train_q95,10.105,0,0,0,,,,,0,,,exploratory
B,S4,52,tcn_gru,6,official_alarm,11.4,0,0,0,,,,,0,,,exploratory
B,S4,52,tcn_gru,6,train_q90,8.88,0,1,1,0.0,1.0,0.0,0.0,1,-1.8670890712738037,2.0,exploratory
B,S4,52,tcn_gru,6,train_q95,10.105,0,0,0,,,,,0,,,exploratory
B,S4,52,tcn_gru,7,official_alarm,11.4,0,0,0,,,,,0,,,exploratory
B,S4,52,tcn_gru,7,train_q90,8.88,0,1,5,0.0,1.0,0.0,0.0,1,-1.7461664009094244,2.0,exploratory
B,S4,52,tcn_gru,7,train_q95,10.105,0,0,0,,,,,0,,,exploratory
B,S4,52,tcn_gru,8,official_alarm,11.4,0,0,0,,,,,0,,,exploratory
B,S4,52,tcn_gru,8,train_q90,8.88,0,1,2,0.0,1.0,0.0,0.0,1,-2.7017956256866453,2.0,exploratory
B,S4,52,tcn_gru,8,train_q95,10.105,0,0,0,,,,,0,,,exploratory
B,S4,52,tcn_gru,9,official_alarm,11.4,0,0,0,,,,,0,,,exploratory
B,S4,52,tcn_gru,9,train_q90,8.88,0,1,2,0.0,1.0,0.0,0.0,1,-2.6612603664398193,0.0,exploratory
B,S4,52,tcn_gru,9,train_q95,10.105,0,0,0,,,,,0,,,exploratory
B,S4,52,tcn_gru,10,official_alarm,11.4,0,0,0,,,,,0,,,exploratory
B,S4,52,tcn_gru,10,train_q90,8.88,0,1,2,0.0,1.0,0.0,0.0,1,-2.817353963851927,1.0,exploratory
B,S4,52,tcn_gru,10,train_q95,10.105,0,0,0,,,,,0,,,exploratory
B,S4,52,tcn_gru,11,official_alarm,11.4,0,0,0,,,,,0,,,exploratory
B,S4,52,tcn_gru,11,train_q90,8.88,0,1,2,0.0,1.0,0.0,0.0,1,-2.7523752546310423,2.0,exploratory
B,S4,52,tcn_gru,11,train_q95,10.105,0,0,0,,,,,0,,,exploratory
B,S4,52,tcn_gru,12,official_alarm,11.4,0,0,0,,,,,0,,,exploratory
B,S4,52,tcn_gru,12,train_q90,8.88,0,1,5,0.0,1.0,0.0,0.0,1,-2.8189544773101805,0.0,exploratory
B,S4,52,tcn_gru,12,train_q95,10.105,0,0,0,,,,,0,,,exploratory
B,S4,52,tcn_gru,13,official_alarm,11.4,0,0,0,,,,,0,,,exploratory
B,S4,52,tcn_gru,13,train_q90,8.88,0,1,1,0.0,1.0,0.0,0.0,1,-2.6074516105651853,0.0,exploratory
B,S4,52,tcn_gru,13,train_q95,10.105,0,0,0,,,,,0,,,exploratory
B,S4,52,tcn_gru,14,official_alarm,11.4,0,0,0,,,,,0,,,exploratory
B,S4,52,tcn_gru,14,train_q90,8.88,0,1,2,0.0,1.0,0.0,0.0,1,-2.5835855960845944,1.0,exploratory
B,S4,52,tcn_gru,14,train_q95,10.105,0,0,0,,,,,0,,,exploratory
B,S4,62,tcn_gru,1,official_alarm,11.4,0,0,0,,,,,0,,,exploratory
B,S4,62,tcn_gru,1,train_q90,8.88,1,0,2,1.0,0.6666666666666666,0.3333333333333333,0.5,1,0.034323291778564524,1.0,exploratory
B,S4,62,tcn_gru,1,train_q95,10.105,0,0,0,,,,,0,,,exploratory
B,S4,62,tcn_gru,2,official_alarm,11.4,0,0,0,,,,,0,,,exploratory
B,S4,62,tcn_gru,2,train_q90,8.88,0,1,3,0.0,1.0,0.0,0.0,1,0.03967100143432489,2.0,exploratory
B,S4,62,tcn_gru,2,train_q95,10.105,0,0,0,,,,,0,,,exploratory
B,S4,62,tcn_gru,3,official_alarm,11.4,0,0,0,,,,,0,,,exploratory
B,S4,62,tcn_gru,3,train_q90,8.88,0,1,6,0.0,1.0,0.0,0.0,1,0.3257544708251974,2.0,exploratory
B,S4,62,tcn_gru,3,train_q95,10.105,0,0,0,,,,,0,,,exploratory
B,S4,62,tcn_gru,4,official_alarm,11.4,0,0,0,,,,,0,,,exploratory
B,S4,62,tcn_gru,4,train_q90,8.88,0,1,6,0.0,1.0,0.0,0.0,1,0.01648730278015087,2.0,exploratory
B,S4,62,tcn_gru,4,train_q95,10.105,0,0,0,,,,,0,,,exploratory
B,S4,62,tcn_gru,5,official_alarm,11.4,0,0,0,,,,,0,,,exploratory
B,S4,62,tcn_gru,5,train_q90,8.88,0,1,5,0.0,1.0,0.0,0.0,1,-0.8075562858581549,2.0,exploratory
B,S4,62,tcn_gru,5,train_q95,10.105,0,0,0,,,,,0,,,exploratory
B,S4,62,tcn_gru,6,official_alarm,11.4,0,0,0,,,,,0,,,exploratory
B,S4,62,tcn_gru,6,train_q90,8.88,0,1,6,0.0,1.0,0.0,0.0,1,-1.3039291763305672,2.0,exploratory
B,S4,62,tcn_gru,6,train_q95,10.105,0,0,0,,,,,0,,,exploratory
B,S4,62,tcn_gru,7,official_alarm,11.4,0,0,0,,,,,0,,,exploratory
B,S4,62,tcn_gru,7,train_q90,8.88,0,1,4,0.0,1.0,0.0,0.0,1,-1.9396583461761479,2.0,exploratory
B,S4,62,tcn_gru,7,train_q95,10.105,0,0,0,,,,,0,,,exploratory
B,S4,62,tcn_gru,8,official_alarm,11.4,0,0,0,,,,,0,,,exploratory
B,S4,62,tcn_gru,8,train_q90,8.88,0,1,6,0.0,1.0,0.0,0.0,1,-2.2828402519226074,2.0,exploratory
B,S4,62,tcn_gru,8,train_q95,10.105,0,0,0,,,,,0,,,exploratory
B,S4,62,tcn_gru,9,official_alarm,11.4,0,0,0,,,,,0,,,exploratory
B,S4,62,tcn_gru,9,train_q90,8.88,0,1,7,0.0,1.0,0.0,0.0,1,-2.182051439285279,0.0,exploratory
B,S4,62,tcn_gru,9,train_q95,10.105,0,0,0,,,,,0,,,exploratory
B,S4,62,tcn_gru,10,official_alarm,11.4,0,0,0,,,,,0,,,exploratory
B,S4,62,tcn_gru,10,train_q90,8.88,0,1,2,0.0,1.0,0.0,0.0,1,-2.6807724618911735,2.0,exploratory
B,S4,62,tcn_gru,10,train_q95,10.105,0,0,0,,,,,0,,,exploratory
B,S4,62,tcn_gru,11,official_alarm,11.4,0,0,0,,,,,0,,,exploratory
B,S4,62,tcn_gru,11,train_q90,8.88,0,1,7,0.0,1.0,0.0,0.0,1,-2.343970446586609,2.0,exploratory
B,S4,62,tcn_gru,11,train_q95,10.105,0,0,0,,,,,0,,,exploratory
B,S4,62,tcn_gru,12,official_alarm,11.4,0,0,0,,,,,0,,,exploratory
B,S4,62,tcn_gru,12,train_q90,8.88,0,1,2,0.0,1.0,0.0,0.0,1,-2.5418416404724127,0.0,exploratory
B,S4,62,tcn_gru,12,train_q95,10.105,0,0,0,,,,,0,,,exploratory
B,S4,62,tcn_gru,13,official_alarm,11.4,0,0,0,,,,,0,,,exploratory
B,S4,62,tcn_gru,13,train_q90,8.88,0,1,7,0.0,1.0,0.0,0.0,1,-2.046782722473144,1.0,exploratory
B,S4,62,tcn_gru,13,train_q95,10.105,0,0,0,,,,,0,,,exploratory
B,S4,62,tcn_gru,14,official_alarm,11.4,0,0,0,,,,,0,,,exploratory
B,S4,62,tcn_gru,14,train_q90,8.88,0,1,7,0.0,1.0,0.0,0.0,1,-1.8905688095092774,1.0,exploratory
B,S4,62,tcn_gru,14,train_q95,10.105,0,0,0,,,,,0,,,exploratory
B,S4,72,tcn_gru,1,official_alarm,11.4,0,0,0,,,,,0,,,exploratory
B,S4,72,tcn_gru,1,train_q90,8.88,1,0,1,1.0,0.5,0.5,0.6666666666666666,1,-0.0709536075592041,1.0,exploratory
B,S4,72,tcn_gru,1,train_q95,10.105,0,0,0,,,,,0,,,exploratory
B,S4,72,tcn_gru,2,official_alarm,11.4,0,0,0,,,,,0,,,exploratory
B,S4,72,tcn_gru,2,train_q90,8.88,0,1,2,0.0,1.0,0.0,0.0,1,-0.10569234848022546,2.0,exploratory
B,S4,72,tcn_gru,2,train_q95,10.105,0,0,0,,,,,0,,,exploratory
B,S4,72,tcn_gru,3,official_alarm,11.4,0,0,0,,,,,0,,,exploratory
B,S4,72,tcn_gru,3,train_q90,8.88,0,1,2,0.0,1.0,0.0,0.0,1,-0.12912934303283485,2.0,exploratory
B,S4,72,tcn_gru,3,train_q95,10.105,0,0,0,,,,,0,,,exploratory
B,S4,72,tcn_gru,4,official_alarm,11.4,0,0,0,,,,,0,,,exploratory
B,S4,72,tcn_gru,4,train_q90,8.88,0,1,2,0.0,1.0,0.0,0.0,1,-0.7578145122528088,2.0,exploratory
B,S4,72,tcn_gru,4,train_q95,10.105,0,0,0,,,,,0,,,exploratory
B,S4,72,tcn_gru,5,official_alarm,11.4,0,0,0,,,,,0,,,exploratory
B,S4,72,tcn_gru,5,train_q90,8.88,0,1,2,0.0,1.0,0.0,0.0,1,-1.4094245433807373,2.0,exploratory
B,S4,72,tcn_gru,5,train_q95,10.105,0,0,0,,,,,0,,,exploratory
B,S4,72,tcn_gru,6,official_alarm,11.4,0,0,0,,,,,0,,,exploratory
B,S4,72,tcn_gru,6,train_q90,8.88,0,1,0,0.0,,0.0,0.0,1,-2.148511104583741,2.0,exploratory
B,S4,72,tcn_gru,6,train_q95,10.105,0,0,0,,,,,0,,,exploratory
B,S4,72,tcn_gru,7,official_alarm,11.4,0,0,0,,,,,0,,,exploratory
B,S4,72,tcn_gru,7,train_q90,8.88,0,1,1,0.0,1.0,0.0,0.0,1,-2.538637051582337,2.0,exploratory
B,S4,72,tcn_gru,7,train_q95,10.105,0,0,0,,,,,0,,,exploratory
B,S4,72,tcn_gru,8,official_alarm,11.4,0,0,0,,,,,0,,,exploratory
B,S4,72,tcn_gru,8,train_q90,8.88,0,1,1,0.0,1.0,0.0,0.0,1,-3.119402990341186,2.0,exploratory
B,S4,72,tcn_gru,8,train_q95,10.105,0,0,0,,,,,0,,,exploratory
B,S4,72,tcn_gru,9,official_alarm,11.4,0,0,0,,,,,0,,,exploratory
B,S4,72,tcn_gru,9,train_q90,8.88,0,1,1,0.0,1.0,0.0,0.0,1,-3.2494118595123282,0.0,exploratory
B,S4,72,tcn_gru,9,train_q95,10.105,0,0,0,,,,,0,,,exploratory
B,S4,72,tcn_gru,10,official_alarm,11.4,0,0,0,,,,,0,,,exploratory
B,S4,72,tcn_gru,10,train_q90,8.88,0,1,0,0.0,,0.0,0.0,1,-3.3696874380111685,1.0,exploratory
B,S4,72,tcn_gru,10,train_q95,10.105,0,0,0,,,,,0,,,exploratory
B,S4,72,tcn_gru,11,official_alarm,11.4,0,0,0,,,,,0,,,exploratory
B,S4,72,tcn_gru,11,train_q90,8.88,0,1,0,0.0,,0.0,0.0,1,-3.234109621047973,2.0,exploratory
B,S4,72,tcn_gru,11,train_q95,10.105,0,0,0,,,,,0,,,exploratory
B,S4,72,tcn_gru,12,official_alarm,11.4,0,0,0,,,,,0,,,exploratory
B,S4,72,tcn_gru,12,train_q90,8.88,0,1,0,0.0,,0.0,0.0,1,-3.3091861295700067,0.0,exploratory
B,S4,72,tcn_gru,12,train_q95,10.105,0,0,0,,,,,0,,,exploratory
B,S4,72,tcn_gru,13,official_alarm,11.4,0,0,0,,,,,0,,,exploratory
B,S4,72,tcn_gru,13,train_q90,8.88,0,1,0,0.0,,0.0,0.0,1,-3.5114900016784665,1.0,exploratory
B,S4,72,tcn_gru,13,train_q95,10.105,0,0,0,,,,,0,,,exploratory
B,S4,72,tcn_gru,14,official_alarm,11.4,0,0,0,,,,,0,,,exploratory
B,S4,72,tcn_gru,14,train_q90,8.88,0,1,0,0.0,,0.0,0.0,1,-3.3372833728790274,1.0,exploratory
B,S4,72,tcn_gru,14,train_q95,10.105,0,0,0,,,,,0,,,exploratory
B,S4,82,tcn_gru,1,official_alarm,11.4,0,0,0,,,,,0,,,exploratory
B,S4,82,tcn_gru,1,train_q90,8.88,1,0,6,1.0,0.8571428571428571,0.14285714285714285,0.25,1,0.45673219680786126,1.0,exploratory
B,S4,82,tcn_gru,1,train_q95,10.105,0,0,0,,,,,0,,,exploratory
B,S4,82,tcn_gru,2,official_alarm,11.4,0,0,0,,,,,0,,,exploratory
B,S4,82,tcn_gru,2,train_q90,8.88,1,0,6,1.0,0.8571428571428571,0.14285714285714285,0.25,1,0.7329450416564942,1.0,exploratory
B,S4,82,tcn_gru,2,train_q95,10.105,0,0,0,,,,,0,,,exploratory
B,S4,82,tcn_gru,3,official_alarm,11.4,0,0,0,,,,,0,,,exploratory
B,S4,82,tcn_gru,3,train_q90,8.88,0,1,7,0.0,1.0,0.0,0.0,1,0.5818912410736079,2.0,exploratory
B,S4,82,tcn_gru,3,train_q95,10.105,0,0,0,,,,,0,,,exploratory
B,S4,82,tcn_gru,4,official_alarm,11.4,0,0,0,,,,,0,,,exploratory
B,S4,82,tcn_gru,4,train_q90,8.88,0,1,6,0.0,1.0,0.0,0.0,1,0.23448641777038404,2.0,exploratory
B,S4,82,tcn_gru,4,train_q95,10.105,0,0,0,,,,,0,,,exploratory
B,S4,82,tcn_gru,5,official_alarm,11.4,0,0,0,,,,,0,,,exploratory
B,S4,82,tcn_gru,5,train_q90,8.88,0,1,4,0.0,1.0,0.0,0.0,1,-0.8724752330780028,2.0,exploratory
B,S4,82,tcn_gru,5,train_q95,10.105,0,0,0,,,,,0,,,exploratory
B,S4,82,tcn_gru,6,official_alarm,11.4,0,0,0,,,,,0,,,exploratory
B,S4,82,tcn_gru,6,train_q90,8.88,0,1,6,0.0,1.0,0.0,0.0,1,-1.3030141448974613,2.0,exploratory
B,S4,82,tcn_gru,6,train_q95,10.105,0,0,0,,,,,0,,,exploratory
B,S4,82,tcn_gru,7,official_alarm,11.4,0,0,0,,,,,0,,,exploratory
B,S4,82,tcn_gru,7,train_q90,8.88,0,1,2,0.0,1.0,0.0,0.0,1,-2.1939975070953377,2.0,exploratory
B,S4,82,tcn_gru,7,train_q95,10.105,0,0,0,,,,,0,,,exploratory
B,S4,82,tcn_gru,8,official_alarm,11.4,0,0,0,,,,,0,,,exploratory
B,S4,82,tcn_gru,8,train_q90,8.88,0,1,6,0.0,1.0,0.0,0.0,1,-2.1939254760742193,2.0,exploratory
B,S4,82,tcn_gru,8,train_q95,10.105,0,0,0,,,,,0,,,exploratory
B,S4,82,tcn_gru,9,official_alarm,11.4,0,0,0,,,,,0,,,exploratory
B,S4,82,tcn_gru,9,train_q90,8.88,0,1,4,0.0,1.0,0.0,0.0,1,-2.692039380073547,0.0,exploratory
B,S4,82,tcn_gru,9,train_q95,10.105,0,0,0,,,,,0,,,exploratory
B,S4,82,tcn_gru,10,official_alarm,11.4,0,0,0,,,,,0,,,exploratory
B,S4,82,tcn_gru,10,train_q90,8.88,0,1,5,0.0,1.0,0.0,0.0,1,-2.5157351446151734,1.0,exploratory
B,S4,82,tcn_gru,10,train_q95,10.105,0,0,0,,,,,0,,,exploratory
B,S4,82,tcn_gru,11,official_alarm,11.4,0,0,0,,,,,0,,,exploratory
B,S4,82,tcn_gru,11,train_q90,8.88,0,1,4,0.0,1.0,0.0,0.0,1,-2.6434789943695067,2.0,exploratory
B,S4,82,tcn_gru,11,train_q95,10.105,0,0,0,,,,,0,,,exploratory
B,S4,82,tcn_gru,12,official_alarm,11.4,0,0,0,,,,,0,,,exploratory
B,S4,82,tcn_gru,12,train_q90,8.88,0,1,6,0.0,1.0,0.0,0.0,1,-2.357974543571472,0.0,exploratory
B,S4,82,tcn_gru,12,train_q95,10.105,0,0,0,,,,,0,,,exploratory
B,S4,82,tcn_gru,13,official_alarm,11.4,0,0,0,,,,,0,,,exploratory
B,S4,82,tcn_gru,13,train_q90,8.88,0,1,3,0.0,1.0,0.0,0.0,1,-2.805464887619018,0.0,exploratory
B,S4,82,tcn_gru,13,train_q95,10.105,0,0,0,,,,,0,,,exploratory
B,S4,82,tcn_gru,14,official_alarm,11.4,0,0,0,,,,,0,,,exploratory
B,S4,82,tcn_gru,14,train_q90,8.88,0,1,2,0.0,1.0,0.0,0.0,1,-2.8838829231262206,1.0,exploratory
B,S4,82,tcn_gru,14,train_q95,10.105,0,0,0,,,,,0,,,exploratory
C,S0,42,tcn_gru,1,official_alarm,11.4,0,0,0,,,,,0,,,exploratory
C,S0,42,tcn_gru,1,train_q90,8.636000000000005,2,2,1,0.5,0.3333333333333333,0.4,0.5714285714285714,1,-0.21587775230407757,1.0,exploratory
C,S0,42,tcn_gru,1,train_q95,9.8,0,0,0,,,,,0,,,exploratory
C,S0,42,tcn_gru,2,official_alarm,11.4,0,0,0,,,,,0,,,exploratory
C,S0,42,tcn_gru,2,train_q90,8.636000000000005,1,3,2,0.25,0.6666666666666666,0.16666666666666666,0.2857142857142857,1,-0.4061053466796878,2.0,exploratory
C,S0,42,tcn_gru,2,train_q95,9.8,0,0,0,,,,,0,,,exploratory
C,S0,42,tcn_gru,3,official_alarm,11.4,0,0,0,,,,,0,,,exploratory
C,S0,42,tcn_gru,3,train_q90,8.636000000000005,0,4,3,0.0,1.0,0.0,0.0,1,-0.4133496093750004,4.0,exploratory
C,S0,42,tcn_gru,3,train_q95,9.8,0,0,0,,,,,0,,,exploratory
C,S0,42,tcn_gru,4,official_alarm,11.4,0,0,0,,,,,0,,,exploratory
C,S0,42,tcn_gru,4,train_q90,8.636000000000005,0,4,3,0.0,1.0,0.0,0.0,1,-0.47194328308105504,4.0,exploratory
C,S0,42,tcn_gru,4,train_q95,9.8,0,0,0,,,,,0,,,exploratory
C,S0,42,tcn_gru,5,official_alarm,11.4,0,0,0,,,,,0,,,exploratory
C,S0,42,tcn_gru,5,train_q90,8.636000000000005,0,4,2,0.0,1.0,0.0,0.0,1,-0.9627381229400633,4.0,exploratory
C,S0,42,tcn_gru,5,train_q95,9.8,0,0,0,,,,,0,,,exploratory
C,S0,42,tcn_gru,6,official_alarm,11.4,0,0,0,,,,,0,,,exploratory
C,S0,42,tcn_gru,6,train_q90,8.636000000000005,0,4,1,0.0,1.0,0.0,0.0,1,-1.7705137825012214,1.0,exploratory
C,S0,42,tcn_gru,6,train_q95,9.8,0,0,0,,,,,0,,,exploratory
C,S0,42,tcn_gru,7,official_alarm,11.4,0,0,0,,,,,0,,,exploratory
C,S0,42,tcn_gru,7,train_q90,8.636000000000005,0,3,0,0.0,,0.0,0.0,1,-1.7996341037750252,2.0,exploratory
C,S0,42,tcn_gru,7,train_q95,9.8,0,0,0,,,,,0,,,exploratory
C,S0,42,tcn_gru,8,official_alarm,11.4,0,0,0,,,,,0,,,exploratory
C,S0,42,tcn_gru,8,train_q90,8.636000000000005,0,2,1,0.0,1.0,0.0,0.0,1,-1.335388765335085,2.0,exploratory
C,S0,42,tcn_gru,8,train_q95,9.8,0,0,0,,,,,0,,,exploratory
C,S0,42,tcn_gru,9,official_alarm,11.4,0,0,0,,,,,0,,,exploratory
C,S0,42,tcn_gru,9,train_q90,8.636000000000005,0,1,0,0.0,,0.0,0.0,1,-1.4693478965759281,2.0,exploratory
C,S0,42,tcn_gru,9,train_q95,9.8,0,0,0,,,,,0,,,exploratory
C,S0,42,tcn_gru,10,official_alarm,11.4,0,0,0,,,,,0,,,exploratory
C,S0,42,tcn_gru,10,train_q90,8.636000000000005,0,0,0,,,,,0,,,exploratory
C,S0,42,tcn_gru,10,train_q95,9.8,0,0,0,,,,,0,,,exploratory
C,S0,42,tcn_gru,11,official_alarm,11.4,0,0,0,,,,,0,,,exploratory
C,S0,42,tcn_gru,11,train_q90,8.636000000000005,0,0,0,,,,,0,,,exploratory
C,S0,42,tcn_gru,11,train_q95,9.8,0,0,0,,,,,0,,,exploratory
C,S0,42,tcn_gru,12,official_alarm,11.4,0,0,0,,,,,0,,,exploratory
C,S0,42,tcn_gru,12,train_q90,8.636000000000005,0,0,0,,,,,0,,,exploratory
C,S0,42,tcn_gru,12,train_q95,9.8,0,0,0,,,,,0,,,exploratory
C,S0,42,tcn_gru,13,official_alarm,11.4,0,0,0,,,,,0,,,exploratory
C,S0,42,tcn_gru,13,train_q90,8.636000000000005,0,0,0,,,,,0,,,exploratory
C,S0,42,tcn_gru,13,train_q95,9.8,0,0,0,,,,,0,,,exploratory
C,S0,42,tcn_gru,14,official_alarm,11.4,0,0,0,,,,,0,,,exploratory
C,S0,42,tcn_gru,14,train_q90,8.636000000000005,0,0,0,,,,,0,,,exploratory
C,S0,42,tcn_gru,14,train_q95,9.8,0,0,0,,,,,0,,,exploratory
C,S0,52,tcn_gru,1,official_alarm,11.4,0,0,0,,,,,0,,,exploratory
C,S0,52,tcn_gru,1,train_q90,8.636000000000005,2,2,0,0.5,0.0,0.5,0.6666666666666666,1,-0.0281490802764921,1.0,exploratory
C,S0,52,tcn_gru,1,train_q95,9.8,0,0,0,,,,,0,,,exploratory
C,S0,52,tcn_gru,2,official_alarm,11.4,0,0,0,,,,,0,,,exploratory
C,S0,52,tcn_gru,2,train_q90,8.636000000000005,1,3,0,0.25,0.0,0.25,0.4,1,-0.2820544719696052,2.0,exploratory
C,S0,52,tcn_gru,2,train_q95,9.8,0,0,0,,,,,0,,,exploratory
C,S0,52,tcn_gru,3,official_alarm,11.4,0,0,0,,,,,0,,,exploratory
C,S0,52,tcn_gru,3,train_q90,8.636000000000005,1,3,1,0.25,0.5,0.2,0.3333333333333333,1,-0.20185861587524556,3.0,exploratory
C,S0,52,tcn_gru,3,train_q95,9.8,0,0,0,,,,,0,,,exploratory
C,S0,52,tcn_gru,4,official_alarm,11.4,0,0,0,,,,,0,,,exploratory
C,S0,52,tcn_gru,4,train_q90,8.636000000000005,0,4,1,0.0,1.0,0.0,0.0,1,-0.328327674865724,4.0,exploratory
C,S0,52,tcn_gru,4,train_q95,9.8,0,0,0,,,,,0,,,exploratory
C,S0,52,tcn_gru,5,official_alarm,11.4,0,0,0,,,,,0,,,exploratory
C,S0,52,tcn_gru,5,train_q90,8.636000000000005,0,4,1,0.0,1.0,0.0,0.0,1,-0.8963556003570563,4.0,exploratory
C,S0,52,tcn_gru,5,train_q95,9.8,0,0,0,,,,,0,,,exploratory
C,S0,52,tcn_gru,6,official_alarm,11.4,0,0,0,,,,,0,,,exploratory
C,S0,52,tcn_gru,6,train_q90,8.636000000000005,0,4,1,0.0,1.0,0.0,0.0,1,-1.7553445243835455,1.0,exploratory
C,S0,52,tcn_gru,6,train_q95,9.8,0,0,0,,,,,0,,,exploratory
C,S0,52,tcn_gru,7,official_alarm,11.4,0,0,0,,,,,0,,,exploratory
C,S0,52,tcn_gru,7,train_q90,8.636000000000005,0,3,1,0.0,1.0,0.0,0.0,1,-1.7320230960845953,2.0,exploratory
C,S0,52,tcn_gru,7,train_q95,9.8,0,0,0,,,,,0,,,exploratory
C,S0,52,tcn_gru,8,official_alarm,11.4,0,0,0,,,,,0,,,exploratory
C,S0,52,tcn_gru,8,train_q90,8.636000000000005,0,2,1,0.0,1.0,0.0,0.0,1,-1.467142210006716,2.0,exploratory
C,S0,52,tcn_gru,8,train_q95,9.8,0,0,0,,,,,0,,,exploratory
C,S0,52,tcn_gru,9,official_alarm,11.4,0,0,0,,,,,0,,,exploratory
C,S0,52,tcn_gru,9,train_q90,8.636000000000005,0,1,1,0.0,1.0,0.0,0.0,1,-1.302282629013062,2.0,exploratory
C,S0,52,tcn_gru,9,train_q95,9.8,0,0,0,,,,,0,,,exploratory
C,S0,52,tcn_gru,10,official_alarm,11.4,0,0,0,,,,,0,,,exploratory
C,S0,52,tcn_gru,10,train_q90,8.636000000000005,0,0,1,,1.0,0.0,0.0,0,,,exploratory
C,S0,52,tcn_gru,10,train_q95,9.8,0,0,0,,,,,0,,,exploratory
C,S0,52,tcn_gru,11,official_alarm,11.4,0,0,0,,,,,0,,,exploratory
C,S0,52,tcn_gru,11,train_q90,8.636000000000005,0,0,1,,1.0,0.0,0.0,0,,,exploratory
C,S0,52,tcn_gru,11,train_q95,9.8,0,0,0,,,,,0,,,exploratory
C,S0,52,tcn_gru,12,official_alarm,11.4,0,0,0,,,,,0,,,exploratory
C,S0,52,tcn_gru,12,train_q90,8.636000000000005,0,0,0,,,,,0,,,exploratory
C,S0,52,tcn_gru,12,train_q95,9.8,0,0,0,,,,,0,,,exploratory
C,S0,52,tcn_gru,13,official_alarm,11.4,0,0,0,,,,,0,,,exploratory
C,S0,52,tcn_gru,13,train_q90,8.636000000000005,0,0,0,,,,,0,,,exploratory
C,S0,52,tcn_gru,13,train_q95,9.8,0,0,0,,,,,0,,,exploratory
C,S0,52,tcn_gru,14,official_alarm,11.4,0,0,0,,,,,0,,,exploratory
C,S0,52,tcn_gru,14,train_q90,8.636000000000005,0,0,0,,,,,0,,,exploratory
C,S0,52,tcn_gru,14,train_q95,9.8,0,0,0,,,,,0,,,exploratory
C,S0,62,tcn_gru,1,official_alarm,11.4,0,0,0,,,,,0,,,exploratory
C,S0,62,tcn_gru,1,train_q90,8.636000000000005,2,2,2,0.5,0.5,0.3333333333333333,0.5,1,-0.15328437805175987,2.0,exploratory
C,S0,62,tcn_gru,1,train_q95,9.8,0,0,0,,,,,0,,,exploratory
C,S0,62,tcn_gru,2,official_alarm,11.4,0,0,0,,,,,0,,,exploratory
C,S0,62,tcn_gru,2,train_q90,8.636000000000005,0,4,2,0.0,1.0,0.0,0.0,1,-0.4895156860351566,4.0,exploratory
C,S0,62,tcn_gru,2,train_q95,9.8,0,0,0,,,,,0,,,exploratory
C,S0,62,tcn_gru,3,official_alarm,11.4,0,0,0,,,,,0,,,exploratory
C,S0,62,tcn_gru,3,train_q90,8.636000000000005,0,4,4,0.0,1.0,0.0,0.0,1,-0.1298735046386721,4.0,exploratory
C,S0,62,tcn_gru,3,train_q95,9.8,0,0,0,,,,,0,,,exploratory
C,S0,62,tcn_gru,4,official_alarm,11.4,0,0,0,,,,,0,,,exploratory
C,S0,62,tcn_gru,4,train_q90,8.636000000000005,0,4,3,0.0,1.0,0.0,0.0,1,-0.734600048065186,4.0,exploratory
C,S0,62,tcn_gru,4,train_q95,9.8,0,0,0,,,,,0,,,exploratory
C,S0,62,tcn_gru,5,official_alarm,11.4,0,0,0,,,,,0,,,exploratory
C,S0,62,tcn_gru,5,train_q90,8.636000000000005,0,4,2,0.0,1.0,0.0,0.0,1,-1.1787710285186765,4.0,exploratory
C,S0,62,tcn_gru,5,train_q95,9.8,0,0,0,,,,,0,,,exploratory
C,S0,62,tcn_gru,6,official_alarm,11.4,0,0,0,,,,,0,,,exploratory
C,S0,62,tcn_gru,6,train_q90,8.636000000000005,0,4,2,0.0,1.0,0.0,0.0,1,-1.6536786746978764,1.0,exploratory
C,S0,62,tcn_gru,6,train_q95,9.8,0,0,0,,,,,0,,,exploratory
C,S0,62,tcn_gru,7,official_alarm,11.4,0,0,0,,,,,0,,,exploratory
C,S0,62,tcn_gru,7,train_q90,8.636000000000005,0,3,0,0.0,,0.0,0.0,1,-1.705849714279175,2.0,exploratory
C,S0,62,tcn_gru,7,train_q95,9.8,0,0,0,,,,,0,,,exploratory
C,S0,62,tcn_gru,8,official_alarm,11.4,0,0,0,,,,,0,,,exploratory
C,S0,62,tcn_gru,8,train_q90,8.636000000000005,0,2,0,0.0,,0.0,0.0,1,-1.3927705764770533,2.0,exploratory
C,S0,62,tcn_gru,8,train_q95,9.8,0,0,0,,,,,0,,,exploratory
C,S0,62,tcn_gru,9,official_alarm,11.4,0,0,0,,,,,0,,,exploratory
C,S0,62,tcn_gru,9,train_q90,8.636000000000005,0,1,3,0.0,1.0,0.0,0.0,1,-0.8289343357086185,0.0,exploratory
C,S0,62,tcn_gru,9,train_q95,9.8,0,0,0,,,,,0,,,exploratory
C,S0,62,tcn_gru,10,official_alarm,11.4,0,0,0,,,,,0,,,exploratory
C,S0,62,tcn_gru,10,train_q90,8.636000000000005,0,0,1,,1.0,0.0,0.0,0,,,exploratory
C,S0,62,tcn_gru,10,train_q95,9.8,0,0,0,,,,,0,,,exploratory
C,S0,62,tcn_gru,11,official_alarm,11.4,0,0,0,,,,,0,,,exploratory
C,S0,62,tcn_gru,11,train_q90,8.636000000000005,0,0,0,,,,,0,,,exploratory
C,S0,62,tcn_gru,11,train_q95,9.8,0,0,0,,,,,0,,,exploratory
C,S0,62,tcn_gru,12,official_alarm,11.4,0,0,0,,,,,0,,,exploratory
C,S0,62,tcn_gru,12,train_q90,8.636000000000005,0,0,0,,,,,0,,,exploratory
C,S0,62,tcn_gru,12,train_q95,9.8,0,0,0,,,,,0,,,exploratory
C,S0,62,tcn_gru,13,official_alarm,11.4,0,0,0,,,,,0,,,exploratory
C,S0,62,tcn_gru,13,train_q90,8.636000000000005,0,0,0,,,,,0,,,exploratory
C,S0,62,tcn_gru,13,train_q95,9.8,0,0,0,,,,,0,,,exploratory
C,S0,62,tcn_gru,14,official_alarm,11.4,0,0,0,,,,,0,,,exploratory
C,S0,62,tcn_gru,14,train_q90,8.636000000000005,0,0,0,,,,,0,,,exploratory
C,S0,62,tcn_gru,14,train_q95,9.8,0,0,0,,,,,0,,,exploratory
C,S0,72,tcn_gru,1,official_alarm,11.4,0,0,0,,,,,0,,,exploratory
C,S0,72,tcn_gru,1,train_q90,8.636000000000005,2,2,2,0.5,0.5,0.3333333333333333,0.5,1,-0.16764863014221199,2.0,exploratory
C,S0,72,tcn_gru,1,train_q95,9.8,0,0,0,,,,,0,,,exploratory
C,S0,72,tcn_gru,2,official_alarm,11.4,0,0,0,,,,,0,,,exploratory
C,S0,72,tcn_gru,2,train_q90,8.636000000000005,1,3,3,0.25,0.75,0.14285714285714285,0.25,1,-0.2757291984558119,4.0,exploratory
C,S0,72,tcn_gru,2,train_q95,9.8,0,0,0,,,,,0,,,exploratory
C,S0,72,tcn_gru,3,official_alarm,11.4,0,0,0,,,,,0,,,exploratory
C,S0,72,tcn_gru,3,train_q90,8.636000000000005,0,4,4,0.0,1.0,0.0,0.0,1,-0.420635824203492,4.0,exploratory
C,S0,72,tcn_gru,3,train_q95,9.8,0,0,0,,,,,0,,,exploratory
C,S0,72,tcn_gru,4,official_alarm,11.4,0,0,0,,,,,0,,,exploratory
C,S0,72,tcn_gru,4,train_q90,8.636000000000005,0,4,2,0.0,1.0,0.0,0.0,1,-0.8642321395874024,4.0,exploratory
C,S0,72,tcn_gru,4,train_q95,9.8,0,0,0,,,,,0,,,exploratory
C,S0,72,tcn_gru,5,official_alarm,11.4,0,0,0,,,,,0,,,exploratory
C,S0,72,tcn_gru,5,train_q90,8.636000000000005,0,4,2,0.0,1.0,0.0,0.0,1,-1.1967977809906003,4.0,exploratory
C,S0,72,tcn_gru,5,train_q95,9.8,0,0,0,,,,,0,,,exploratory
C,S0,72,tcn_gru,6,official_alarm,11.4,0,0,0,,,,,0,,,exploratory
C,S0,72,tcn_gru,6,train_q90,8.636000000000005,0,4,1,0.0,1.0,0.0,0.0,1,-1.432450037002564,1.0,exploratory
C,S0,72,tcn_gru,6,train_q95,9.8,0,0,0,,,,,0,,,exploratory
C,S0,72,tcn_gru,7,official_alarm,11.4,0,0,0,,,,,0,,,exploratory
C,S0,72,tcn_gru,7,train_q90,8.636000000000005,0,3,0,0.0,,0.0,0.0,1,-1.6113465976715098,2.0,exploratory
C,S0,72,tcn_gru,7,train_q95,9.8,0,0,0,,,,,0,,,exploratory
C,S0,72,tcn_gru,8,official_alarm,11.4,0,0,0,,,,,0,,,exploratory
C,S0,72,tcn_gru,8,train_q90,8.636000000000005,0,2,0,0.0,,0.0,0.0,1,-1.1068129634857193,0.0,exploratory
C,S0,72,tcn_gru,8,train_q95,9.8,0,0,0,,,,,0,,,exploratory
C,S0,72,tcn_gru,9,official_alarm,11.4,0,0,0,,,,,0,,,exploratory
C,S0,72,tcn_gru,9,train_q90,8.636000000000005,0,1,0,0.0,,0.0,0.0,1,-1.1406814289093026,0.0,exploratory
C,S0,72,tcn_gru,9,train_q95,9.8,0,0,0,,,,,0,,,exploratory
C,S0,72,tcn_gru,10,official_alarm,11.4,0,0,0,,,,,0,,,exploratory
C,S0,72,tcn_gru,10,train_q90,8.636000000000005,0,0,0,,,,,0,,,exploratory
C,S0,72,tcn_gru,10,train_q95,9.8,0,0,0,,,,,0,,,exploratory
C,S0,72,tcn_gru,11,official_alarm,11.4,0,0,0,,,,,0,,,exploratory
C,S0,72,tcn_gru,11,train_q90,8.636000000000005,0,0,0,,,,,0,,,exploratory
C,S0,72,tcn_gru,11,train_q95,9.8,0,0,0,,,,,0,,,exploratory
C,S0,72,tcn_gru,12,official_alarm,11.4,0,0,0,,,,,0,,,exploratory
C,S0,72,tcn_gru,12,train_q90,8.636000000000005,0,0,0,,,,,0,,,exploratory
C,S0,72,tcn_gru,12,train_q95,9.8,0,0,0,,,,,0,,,exploratory
C,S0,72,tcn_gru,13,official_alarm,11.4,0,0,0,,,,,0,,,exploratory
C,S0,72,tcn_gru,13,train_q90,8.636000000000005,0,0,0,,,,,0,,,exploratory
C,S0,72,tcn_gru,13,train_q95,9.8,0,0,0,,,,,0,,,exploratory
C,S0,72,tcn_gru,14,official_alarm,11.4,0,0,0,,,,,0,,,exploratory
C,S0,72,tcn_gru,14,train_q90,8.636000000000005,0,0,0,,,,,0,,,exploratory
C,S0,72,tcn_gru,14,train_q95,9.8,0,0,0,,,,,0,,,exploratory
C,S0,82,tcn_gru,1,official_alarm,11.4,0,0,0,,,,,0,,,exploratory
C,S0,82,tcn_gru,1,train_q90,8.636000000000005,3,1,1,0.75,0.25,0.6,0.75,1,0.13068090438842894,1.0,exploratory
C,S0,82,tcn_gru,1,train_q95,9.8,0,0,0,,,,,0,,,exploratory
C,S0,82,tcn_gru,2,official_alarm,11.4,0,0,0,,,,,0,,,exploratory
C,S0,82,tcn_gru,2,train_q90,8.636000000000005,2,2,2,0.5,0.5,0.3333333333333333,0.5,1,-0.06642921447753913,2.0,exploratory
C,S0,82,tcn_gru,2,train_q95,9.8,0,0,0,,,,,0,,,exploratory
C,S0,82,tcn_gru,3,official_alarm,11.4,0,0,0,,,,,0,,,exploratory
C,S0,82,tcn_gru,3,train_q90,8.636000000000005,1,3,3,0.25,0.75,0.14285714285714285,0.25,1,-0.055319023132325285,3.0,exploratory
C,S0,82,tcn_gru,3,train_q95,9.8,0,0,0,,,,,0,,,exploratory
C,S0,82,tcn_gru,4,official_alarm,11.4,0,0,0,,,,,0,,,exploratory
C,S0,82,tcn_gru,4,train_q90,8.636000000000005,0,4,3,0.0,1.0,0.0,0.0,1,-0.1572658729553229,4.0,exploratory
C,S0,82,tcn_gru,4,train_q95,9.8,0,0,0,,,,,0,,,exploratory
C,S0,82,tcn_gru,5,official_alarm,11.4,0,0,0,,,,,0,,,exploratory
C,S0,82,tcn_gru,5,train_q90,8.636000000000005,0,4,3,0.0,1.0,0.0,0.0,1,-0.6923027992248549,4.0,exploratory
C,S0,82,tcn_gru,5,train_q95,9.8,0,0,0,,,,,0,,,exploratory
C,S0,82,tcn_gru,6,official_alarm,11.4,0,0,0,,,,,0,,,exploratory
C,S0,82,tcn_gru,6,train_q90,8.636000000000005,0,4,3,0.0,1.0,0.0,0.0,1,-1.5599639415740976,1.0,exploratory
C,S0,82,tcn_gru,6,train_q95,9.8,0,0,0,,,,,0,,,exploratory
C,S0,82,tcn_gru,7,official_alarm,11.4,0,0,0,,,,,0,,,exploratory
C,S0,82,tcn_gru,7,train_q90,8.636000000000005,0,3,2,0.0,1.0,0.0,0.0,1,-1.609229202270508,2.0,exploratory
C,S0,82,tcn_gru,7,train_q95,9.8,0,0,0,,,,,0,,,exploratory
C,S0,82,tcn_gru,8,official_alarm,11.4,0,0,0,,,,,0,,,exploratory
C,S0,82,tcn_gru,8,train_q90,8.636000000000005,0,2,3,0.0,1.0,0.0,0.0,1,-1.1688641262054462,2.0,exploratory
C,S0,82,tcn_gru,8,train_q95,9.8,0,0,0,,,,,0,,,exploratory
C,S0,82,tcn_gru,9,official_alarm,11.4,0,0,0,,,,,0,,,exploratory
C,S0,82,tcn_gru,9,train_q90,8.636000000000005,0,1,2,0.0,1.0,0.0,0.0,1,-1.1259926414489758,2.0,exploratory
C,S0,82,tcn_gru,9,train_q95,9.8,0,0,0,,,,,0,,,exploratory
C,S0,82,tcn_gru,10,official_alarm,11.4,0,0,0,,,,,0,,,exploratory
C,S0,82,tcn_gru,10,train_q90,8.636000000000005,0,0,1,,1.0,0.0,0.0,0,,,exploratory
C,S0,82,tcn_gru,10,train_q95,9.8,0,0,0,,,,,0,,,exploratory
C,S0,82,tcn_gru,11,official_alarm,11.4,0,0,0,,,,,0,,,exploratory
C,S0,82,tcn_gru,11,train_q90,8.636000000000005,0,0,1,,1.0,0.0,0.0,0,,,exploratory
C,S0,82,tcn_gru,11,train_q95,9.8,0,0,0,,,,,0,,,exploratory
C,S0,82,tcn_gru,12,official_alarm,11.4,0,0,0,,,,,0,,,exploratory
C,S0,82,tcn_gru,12,train_q90,8.636000000000005,0,0,0,,,,,0,,,exploratory
C,S0,82,tcn_gru,12,train_q95,9.8,0,0,0,,,,,0,,,exploratory
C,S0,82,tcn_gru,13,official_alarm,11.4,0,0,0,,,,,0,,,exploratory
C,S0,82,tcn_gru,13,train_q90,8.636000000000005,0,0,1,,1.0,0.0,0.0,0,,,exploratory
C,S0,82,tcn_gru,13,train_q95,9.8,0,0,0,,,,,0,,,exploratory
C,S0,82,tcn_gru,14,official_alarm,11.4,0,0,0,,,,,0,,,exploratory
C,S0,82,tcn_gru,14,train_q90,8.636000000000005,0,0,0,,,,,0,,,exploratory
C,S0,82,tcn_gru,14,train_q95,9.8,0,0,0,,,,,0,,,exploratory
C,S4,42,tcn_gru,1,official_alarm,11.4,0,0,0,,,,,0,,,exploratory
C,S4,42,tcn_gru,1,train_q90,8.636000000000005,4,0,3,1.0,0.42857142857142855,0.5714285714285714,0.7272727272727273,1,0.4594423580169664,0.0,exploratory
C,S4,42,tcn_gru,1,train_q95,9.8,0,0,1,,1.0,0.0,0.0,0,,,exploratory
C,S4,42,tcn_gru,2,official_alarm,11.4,0,0,0,,,,,0,,,exploratory
C,S4,42,tcn_gru,2,train_q90,8.636000000000005,4,0,3,1.0,0.42857142857142855,0.5714285714285714,0.7272727272727273,1,0.8448542308807365,1.0,exploratory
C,S4,42,tcn_gru,2,train_q95,9.8,0,0,1,,1.0,0.0,0.0,0,,,exploratory
C,S4,42,tcn_gru,3,official_alarm,11.4,0,0,0,,,,,0,,,exploratory
C,S4,42,tcn_gru,3,train_q90,8.636000000000005,2,2,1,0.5,0.3333333333333333,0.4,0.5714285714285714,1,0.31852672576903984,2.0,exploratory
C,S4,42,tcn_gru,3,train_q95,9.8,0,0,0,,,,,0,,,exploratory
C,S4,42,tcn_gru,4,official_alarm,11.4,0,0,0,,,,,0,,,exploratory
C,S4,42,tcn_gru,4,train_q90,8.636000000000005,1,3,1,0.25,0.5,0.2,0.3333333333333333,1,-0.048093757629395384,3.0,exploratory
C,S4,42,tcn_gru,4,train_q95,9.8,0,0,0,,,,,0,,,exploratory
C,S4,42,tcn_gru,5,official_alarm,11.4,0,0,0,,,,,0,,,exploratory
C,S4,42,tcn_gru,5,train_q90,8.636000000000005,0,4,2,0.0,1.0,0.0,0.0,1,-0.1399752616882335,4.0,exploratory
C,S4,42,tcn_gru,5,train_q95,9.8,0,0,0,,,,,0,,,exploratory
C,S4,42,tcn_gru,6,official_alarm,11.4,0,0,0,,,,,0,,,exploratory
C,S4,42,tcn_gru,6,train_q90,8.636000000000005,0,4,2,0.0,1.0,0.0,0.0,1,-0.42148199081420934,4.0,exploratory
C,S4,42,tcn_gru,6,train_q95,9.8,0,0,0,,,,,0,,,exploratory
C,S4,42,tcn_gru,7,official_alarm,11.4,0,0,0,,,,,0,,,exploratory
C,S4,42,tcn_gru,7,train_q90,8.636000000000005,0,3,2,0.0,1.0,0.0,0.0,1,-1.1288677787780763,4.0,exploratory
C,S4,42,tcn_gru,7,train_q95,9.8,0,0,0,,,,,0,,,exploratory
C,S4,42,tcn_gru,8,official_alarm,11.4,0,0,0,,,,,0,,,exploratory
C,S4,42,tcn_gru,8,train_q90,8.636000000000005,0,2,1,0.0,1.0,0.0,0.0,1,-1.4558847904205345,0.0,exploratory
C,S4,42,tcn_gru,8,train_q95,9.8,0,0,0,,,,,0,,,exploratory
C,S4,42,tcn_gru,9,official_alarm,11.4,0,0,0,,,,,0,,,exploratory
C,S4,42,tcn_gru,9,train_q90,8.636000000000005,0,1,0,0.0,,0.0,0.0,1,-1.6024453926086428,0.0,exploratory
C,S4,42,tcn_gru,9,train_q95,9.8,0,0,0,,,,,0,,,exploratory
C,S4,42,tcn_gru,10,official_alarm,11.4,0,0,0,,,,,0,,,exploratory
C,S4,42,tcn_gru,10,train_q90,8.636000000000005,0,0,0,,,,,0,,,exploratory
C,S4,42,tcn_gru,10,train_q95,9.8,0,0,0,,,,,0,,,exploratory
C,S4,42,tcn_gru,11,official_alarm,11.4,0,0,0,,,,,0,,,exploratory
C,S4,42,tcn_gru,11,train_q90,8.636000000000005,0,0,0,,,,,0,,,exploratory
C,S4,42,tcn_gru,11,train_q95,9.8,0,0,0,,,,,0,,,exploratory
C,S4,42,tcn_gru,12,official_alarm,11.4,0,0,0,,,,,0,,,exploratory
C,S4,42,tcn_gru,12,train_q90,8.636000000000005,0,0,0,,,,,0,,,exploratory
C,S4,42,tcn_gru,12,train_q95,9.8,0,0,0,,,,,0,,,exploratory
C,S4,42,tcn_gru,13,official_alarm,11.4,0,0,0,,,,,0,,,exploratory
C,S4,42,tcn_gru,13,train_q90,8.636000000000005,0,0,0,,,,,0,,,exploratory
C,S4,42,tcn_gru,13,train_q95,9.8,0,0,0,,,,,0,,,exploratory
C,S4,42,tcn_gru,14,official_alarm,11.4,0,0,0,,,,,0,,,exploratory
C,S4,42,tcn_gru,14,train_q90,8.636000000000005,0,0,0,,,,,0,,,exploratory
C,S4,42,tcn_gru,14,train_q95,9.8,0,0,0,,,,,0,,,exploratory
C,S4,52,tcn_gru,1,official_alarm,11.4,0,0,0,,,,,0,,,exploratory
C,S4,52,tcn_gru,1,train_q90,8.636000000000005,3,1,0,0.75,0.0,0.75,0.8571428571428571,1,-0.10232836723327488,0.0,exploratory
C,S4,52,tcn_gru,1,train_q95,9.8,0,0,0,,,,,0,,,exploratory
C,S4,52,tcn_gru,2,official_alarm,11.4,0,0,0,,,,,0,,,exploratory
C,S4,52,tcn_gru,2,train_q90,8.636000000000005,4,0,0,1.0,0.0,1.0,1.0,1,0.13567479133606142,1.0,exploratory
C,S4,52,tcn_gru,2,train_q95,9.8,0,0,0,,,,,0,,,exploratory
C,S4,52,tcn_gru,3,official_alarm,11.4,0,0,0,,,,,0,,,exploratory
C,S4,52,tcn_gru,3,train_q90,8.636000000000005,3,1,1,0.75,0.25,0.6,0.75,1,0.26352272987365666,2.0,exploratory
C,S4,52,tcn_gru,3,train_q95,9.8,0,0,0,,,,,0,,,exploratory
C,S4,52,tcn_gru,4,official_alarm,11.4,0,0,0,,,,,0,,,exploratory
C,S4,52,tcn_gru,4,train_q90,8.636000000000005,2,2,1,0.5,0.3333333333333333,0.4,0.5714285714285714,1,0.1542920398712173,3.0,exploratory
C,S4,52,tcn_gru,4,train_q95,9.8,0,0,0,,,,,0,,,exploratory
C,S4,52,tcn_gru,5,official_alarm,11.4,0,0,0,,,,,0,,,exploratory
C,S4,52,tcn_gru,5,train_q90,8.636000000000005,1,3,2,0.25,0.6666666666666666,0.16666666666666666,0.2857142857142857,1,-0.1982831859588643,3.0,exploratory
C,S4,52,tcn_gru,5,train_q95,9.8,0,0,0,,,,,0,,,exploratory
C,S4,52,tcn_gru,6,official_alarm,11.4,0,0,0,,,,,0,,,exploratory
C,S4,52,tcn_gru,6,train_q90,8.636000000000005,0,4,2,0.0,1.0,0.0,0.0,1,-0.41476173400879013,4.0,exploratory
C,S4,52,tcn_gru,6,train_q95,9.8,0,0,0,,,,,0,,,exploratory
C,S4,52,tcn_gru,7,official_alarm,11.4,0,0,0,,,,,0,,,exploratory
C,S4,52,tcn_gru,7,train_q90,8.636000000000005,0,3,1,0.0,1.0,0.0,0.0,1,-0.7679155826568618,4.0,exploratory
C,S4,52,tcn_gru,7,train_q95,9.8,0,0,0,,,,,0,,,exploratory
C,S4,52,tcn_gru,8,official_alarm,11.4,0,0,0,,,,,0,,,exploratory
C,S4,52,tcn_gru,8,train_q90,8.636000000000005,0,2,0,0.0,,0.0,0.0,1,-0.8812015151977555,0.0,exploratory
C,S4,52,tcn_gru,8,train_q95,9.8,0,0,0,,,,,0,,,exploratory
C,S4,52,tcn_gru,9,official_alarm,11.4,0,0,0,,,,,0,,,exploratory
C,S4,52,tcn_gru,9,train_q90,8.636000000000005,0,1,0,0.0,,0.0,0.0,1,-0.9193815517425543,0.0,exploratory
C,S4,52,tcn_gru,9,train_q95,9.8,0,0,0,,,,,0,,,exploratory
C,S4,52,tcn_gru,10,official_alarm,11.4,0,0,0,,,,,0,,,exploratory
C,S4,52,tcn_gru,10,train_q90,8.636000000000005,0,0,0,,,,,0,,,exploratory
C,S4,52,tcn_gru,10,train_q95,9.8,0,0,0,,,,,0,,,exploratory
C,S4,52,tcn_gru,11,official_alarm,11.4,0,0,0,,,,,0,,,exploratory
C,S4,52,tcn_gru,11,train_q90,8.636000000000005,0,0,0,,,,,0,,,exploratory
C,S4,52,tcn_gru,11,train_q95,9.8,0,0,0,,,,,0,,,exploratory
C,S4,52,tcn_gru,12,official_alarm,11.4,0,0,0,,,,,0,,,exploratory
C,S4,52,tcn_gru,12,train_q90,8.636000000000005,0,0,0,,,,,0,,,exploratory
C,S4,52,tcn_gru,12,train_q95,9.8,0,0,0,,,,,0,,,exploratory
C,S4,52,tcn_gru,13,official_alarm,11.4,0,0,0,,,,,0,,,exploratory
C,S4,52,tcn_gru,13,train_q90,8.636000000000005,0,0,0,,,,,0,,,exploratory
C,S4,52,tcn_gru,13,train_q95,9.8,0,0,0,,,,,0,,,exploratory
C,S4,52,tcn_gru,14,official_alarm,11.4,0,0,0,,,,,0,,,exploratory
C,S4,52,tcn_gru,14,train_q90,8.636000000000005,0,0,0,,,,,0,,,exploratory
C,S4,52,tcn_gru,14,train_q95,9.8,0,0,0,,,,,0,,,exploratory
C,S4,62,tcn_gru,1,official_alarm,11.4,0,0,0,,,,,0,,,exploratory
C,S4,62,tcn_gru,1,train_q90,8.636000000000005,4,0,0,1.0,0.0,1.0,1.0,1,-0.0611242485046386,0.0,exploratory
C,S4,62,tcn_gru,1,train_q95,9.8,0,0,0,,,,,0,,,exploratory
C,S4,62,tcn_gru,2,official_alarm,11.4,0,0,0,,,,,0,,,exploratory
C,S4,62,tcn_gru,2,train_q90,8.636000000000005,3,1,2,0.75,0.4,0.5,0.6666666666666666,1,-0.06781600952148281,1.0,exploratory
C,S4,62,tcn_gru,2,train_q95,9.8,0,0,0,,,,,0,,,exploratory
C,S4,62,tcn_gru,3,official_alarm,11.4,0,0,0,,,,,0,,,exploratory
C,S4,62,tcn_gru,3,train_q90,8.636000000000005,3,1,1,0.75,0.25,0.6,0.75,1,-0.06092161178588995,2.0,exploratory
C,S4,62,tcn_gru,3,train_q95,9.8,0,0,0,,,,,0,,,exploratory
C,S4,62,tcn_gru,4,official_alarm,11.4,0,0,0,,,,,0,,,exploratory
C,S4,62,tcn_gru,4,train_q90,8.636000000000005,1,3,1,0.25,0.5,0.2,0.3333333333333333,1,-0.2832837486267099,2.0,exploratory
C,S4,62,tcn_gru,4,train_q95,9.8,0,0,0,,,,,0,,,exploratory
C,S4,62,tcn_gru,5,official_alarm,11.4,0,0,0,,,,,0,,,exploratory
C,S4,62,tcn_gru,5,train_q90,8.636000000000005,1,3,2,0.25,0.6666666666666666,0.16666666666666666,0.2857142857142857,1,0.00980889320373457,3.0,exploratory
C,S4,62,tcn_gru,5,train_q95,9.8,0,0,0,,,,,0,,,exploratory
C,S4,62,tcn_gru,6,official_alarm,11.4,0,0,0,,,,,0,,,exploratory
C,S4,62,tcn_gru,6,train_q90,8.636000000000005,0,4,2,0.0,1.0,0.0,0.0,1,-0.45336956977844345,4.0,exploratory
C,S4,62,tcn_gru,6,train_q95,9.8,0,0,0,,,,,0,,,exploratory
C,S4,62,tcn_gru,7,official_alarm,11.4,0,0,0,,,,,0,,,exploratory
C,S4,62,tcn_gru,7,train_q90,8.636000000000005,0,3,1,0.0,1.0,0.0,0.0,1,-0.8832079601287841,4.0,exploratory
C,S4,62,tcn_gru,7,train_q95,9.8,0,0,0,,,,,0,,,exploratory
C,S4,62,tcn_gru,8,official_alarm,11.4,0,0,0,,,,,0,,,exploratory
C,S4,62,tcn_gru,8,train_q90,8.636000000000005,0,2,0,0.0,,0.0,0.0,1,-1.0986924552917499,0.0,exploratory
C,S4,62,tcn_gru,8,train_q95,9.8,0,0,0,,,,,0,,,exploratory
C,S4,62,tcn_gru,9,official_alarm,11.4,0,0,0,,,,,0,,,exploratory
C,S4,62,tcn_gru,9,train_q90,8.636000000000005,0,1,0,0.0,,0.0,0.0,1,-0.8200697708129887,0.0,exploratory
C,S4,62,tcn_gru,9,train_q95,9.8,0,0,0,,,,,0,,,exploratory
C,S4,62,tcn_gru,10,official_alarm,11.4,0,0,0,,,,,0,,,exploratory
C,S4,62,tcn_gru,10,train_q90,8.636000000000005,0,0,0,,,,,0,,,exploratory
C,S4,62,tcn_gru,10,train_q95,9.8,0,0,0,,,,,0,,,exploratory
C,S4,62,tcn_gru,11,official_alarm,11.4,0,0,0,,,,,0,,,exploratory
C,S4,62,tcn_gru,11,train_q90,8.636000000000005,0,0,0,,,,,0,,,exploratory
C,S4,62,tcn_gru,11,train_q95,9.8,0,0,0,,,,,0,,,exploratory
C,S4,62,tcn_gru,12,official_alarm,11.4,0,0,0,,,,,0,,,exploratory
C,S4,62,tcn_gru,12,train_q90,8.636000000000005,0,0,0,,,,,0,,,exploratory
C,S4,62,tcn_gru,12,train_q95,9.8,0,0,0,,,,,0,,,exploratory
C,S4,62,tcn_gru,13,official_alarm,11.4,0,0,0,,,,,0,,,exploratory
C,S4,62,tcn_gru,13,train_q90,8.636000000000005,0,0,0,,,,,0,,,exploratory
C,S4,62,tcn_gru,13,train_q95,9.8,0,0,0,,,,,0,,,exploratory
C,S4,62,tcn_gru,14,official_alarm,11.4,0,0,0,,,,,0,,,exploratory
C,S4,62,tcn_gru,14,train_q90,8.636000000000005,0,0,0,,,,,0,,,exploratory
C,S4,62,tcn_gru,14,train_q95,9.8,0,0,0,,,,,0,,,exploratory
C,S4,72,tcn_gru,1,official_alarm,11.4,0,0,0,,,,,0,,,exploratory
C,S4,72,tcn_gru,1,train_q90,8.636000000000005,4,0,0,1.0,0.0,1.0,1.0,1,0.006318950653074751,0.0,exploratory
C,S4,72,tcn_gru,1,train_q95,9.8,0,0,0,,,,,0,,,exploratory
C,S4,72,tcn_gru,2,official_alarm,11.4,0,0,0,,,,,0,,,exploratory
C,S4,72,tcn_gru,2,train_q90,8.636000000000005,3,1,1,0.75,0.25,0.6,0.75,1,0.352143840789795,1.0,exploratory
C,S4,72,tcn_gru,2,train_q95,9.8,0,0,0,,,,,0,,,exploratory
C,S4,72,tcn_gru,3,official_alarm,11.4,0,0,0,,,,,0,,,exploratory
C,S4,72,tcn_gru,3,train_q90,8.636000000000005,2,2,1,0.5,0.3333333333333333,0.4,0.5714285714285714,1,0.26140691757202106,2.0,exploratory
C,S4,72,tcn_gru,3,train_q95,9.8,0,0,0,,,,,0,,,exploratory
C,S4,72,tcn_gru,4,official_alarm,11.4,0,0,0,,,,,0,,,exploratory
C,S4,72,tcn_gru,4,train_q90,8.636000000000005,1,3,2,0.25,0.6666666666666666,0.16666666666666666,0.2857142857142857,1,0.4041518211364732,3.0,exploratory
C,S4,72,tcn_gru,4,train_q95,9.8,0,0,0,,,,,0,,,exploratory
C,S4,72,tcn_gru,5,official_alarm,11.4,0,0,0,,,,,0,,,exploratory
C,S4,72,tcn_gru,5,train_q90,8.636000000000005,0,4,3,0.0,1.0,0.0,0.0,1,0.18252186775207413,4.0,exploratory
C,S4,72,tcn_gru,5,train_q95,9.8,0,0,0,,,,,0,,,exploratory
C,S4,72,tcn_gru,6,official_alarm,11.4,0,0,0,,,,,0,,,exploratory
C,S4,72,tcn_gru,6,train_q90,8.636000000000005,0,4,3,0.0,1.0,0.0,0.0,1,0.16354763031005604,4.0,exploratory
C,S4,72,tcn_gru,6,train_q95,9.8,0,0,0,,,,,0,,,exploratory
C,S4,72,tcn_gru,7,official_alarm,11.4,0,0,0,,,,,0,,,exploratory
C,S4,72,tcn_gru,7,train_q90,8.636000000000005,0,3,3,0.0,1.0,0.0,0.0,1,-0.5850588989257819,4.0,exploratory
C,S4,72,tcn_gru,7,train_q95,9.8,0,0,0,,,,,0,,,exploratory
C,S4,72,tcn_gru,8,official_alarm,11.4,0,0,0,,,,,0,,,exploratory
C,S4,72,tcn_gru,8,train_q90,8.636000000000005,0,2,3,0.0,1.0,0.0,0.0,1,-0.9062224006652855,0.0,exploratory
C,S4,72,tcn_gru,8,train_q95,9.8,0,0,0,,,,,0,,,exploratory
C,S4,72,tcn_gru,9,official_alarm,11.4,0,0,0,,,,,0,,,exploratory
C,S4,72,tcn_gru,9,train_q90,8.636000000000005,0,1,2,0.0,1.0,0.0,0.0,1,-0.843495683670044,0.0,exploratory
C,S4,72,tcn_gru,9,train_q95,9.8,0,0,0,,,,,0,,,exploratory
C,S4,72,tcn_gru,10,official_alarm,11.4,0,0,0,,,,,0,,,exploratory
C,S4,72,tcn_gru,10,train_q90,8.636000000000005,0,0,2,,1.0,0.0,0.0,0,,,exploratory
C,S4,72,tcn_gru,10,train_q95,9.8,0,0,0,,,,,0,,,exploratory
C,S4,72,tcn_gru,11,official_alarm,11.4,0,0,0,,,,,0,,,exploratory
C,S4,72,tcn_gru,11,train_q90,8.636000000000005,0,0,2,,1.0,0.0,0.0,0,,,exploratory
C,S4,72,tcn_gru,11,train_q95,9.8,0,0,0,,,,,0,,,exploratory
C,S4,72,tcn_gru,12,official_alarm,11.4,0,0,0,,,,,0,,,exploratory
C,S4,72,tcn_gru,12,train_q90,8.636000000000005,0,0,2,,1.0,0.0,0.0,0,,,exploratory
C,S4,72,tcn_gru,12,train_q95,9.8,0,0,0,,,,,0,,,exploratory
C,S4,72,tcn_gru,13,official_alarm,11.4,0,0,0,,,,,0,,,exploratory
C,S4,72,tcn_gru,13,train_q90,8.636000000000005,0,0,2,,1.0,0.0,0.0,0,,,exploratory
C,S4,72,tcn_gru,13,train_q95,9.8,0,0,0,,,,,0,,,exploratory
C,S4,72,tcn_gru,14,official_alarm,11.4,0,0,0,,,,,0,,,exploratory
C,S4,72,tcn_gru,14,train_q90,8.636000000000005,0,0,2,,1.0,0.0,0.0,0,,,exploratory
C,S4,72,tcn_gru,14,train_q95,9.8,0,0,0,,,,,0,,,exploratory
C,S4,82,tcn_gru,1,official_alarm,11.4,0,0,0,,,,,0,,,exploratory
C,S4,82,tcn_gru,1,train_q90,8.636000000000005,4,0,0,1.0,0.0,1.0,1.0,1,0.15801944732665874,0.0,exploratory
C,S4,82,tcn_gru,1,train_q95,9.8,0,0,0,,,,,0,,,exploratory
C,S4,82,tcn_gru,2,official_alarm,11.4,0,0,0,,,,,0,,,exploratory
C,S4,82,tcn_gru,2,train_q90,8.636000000000005,4,0,1,1.0,0.2,0.8,0.8888888888888888,1,0.34030858993530266,1.0,exploratory
C,S4,82,tcn_gru,2,train_q95,9.8,0,0,0,,,,,0,,,exploratory
C,S4,82,tcn_gru,3,official_alarm,11.4,0,0,0,,,,,0,,,exploratory
C,S4,82,tcn_gru,3,train_q90,8.636000000000005,3,1,1,0.75,0.25,0.6,0.75,1,0.3008632946014398,2.0,exploratory
C,S4,82,tcn_gru,3,train_q95,9.8,0,0,0,,,,,0,,,exploratory
C,S4,82,tcn_gru,4,official_alarm,11.4,0,0,0,,,,,0,,,exploratory
C,S4,82,tcn_gru,4,train_q90,8.636000000000005,2,2,2,0.5,0.5,0.3333333333333333,0.5,1,0.19422018051147205,3.0,exploratory
C,S4,82,tcn_gru,4,train_q95,9.8,0,0,0,,,,,0,,,exploratory
C,S4,82,tcn_gru,5,official_alarm,11.4,0,0,0,,,,,0,,,exploratory
C,S4,82,tcn_gru,5,train_q90,8.636000000000005,1,3,2,0.25,0.6666666666666666,0.16666666666666666,0.2857142857142857,1,0.2160083770751946,3.0,exploratory
C,S4,82,tcn_gru,5,train_q95,9.8,0,0,0,,,,,0,,,exploratory
C,S4,82,tcn_gru,6,official_alarm,11.4,0,0,0,,,,,0,,,exploratory
C,S4,82,tcn_gru,6,train_q90,8.636000000000005,0,4,3,0.0,1.0,0.0,0.0,1,0.24854423522949176,4.0,exploratory
C,S4,82,tcn_gru,6,train_q95,9.8,0,0,0,,,,,0,,,exploratory
C,S4,82,tcn_gru,7,official_alarm,11.4,0,0,0,,,,,0,,,exploratory
C,S4,82,tcn_gru,7,train_q90,8.636000000000005,0,3,3,0.0,1.0,0.0,0.0,1,-0.5688535022735604,4.0,exploratory
C,S4,82,tcn_gru,7,train_q95,9.8,0,0,0,,,,,0,,,exploratory
C,S4,82,tcn_gru,8,official_alarm,11.4,0,0,0,,,,,0,,,exploratory
C,S4,82,tcn_gru,8,train_q90,8.636000000000005,0,2,2,0.0,1.0,0.0,0.0,1,-0.7711856079101587,0.0,exploratory
C,S4,82,tcn_gru,8,train_q95,9.8,0,0,0,,,,,0,,,exploratory
C,S4,82,tcn_gru,9,official_alarm,11.4,0,0,0,,,,,0,,,exploratory
C,S4,82,tcn_gru,9,train_q90,8.636000000000005,0,1,2,0.0,1.0,0.0,0.0,1,-0.789503288269044,0.0,exploratory
C,S4,82,tcn_gru,9,train_q95,9.8,0,0,0,,,,,0,,,exploratory
C,S4,82,tcn_gru,10,official_alarm,11.4,0,0,0,,,,,0,,,exploratory
C,S4,82,tcn_gru,10,train_q90,8.636000000000005,0,0,2,,1.0,0.0,0.0,0,,,exploratory
C,S4,82,tcn_gru,10,train_q95,9.8,0,0,0,,,,,0,,,exploratory
C,S4,82,tcn_gru,11,official_alarm,11.4,0,0,0,,,,,0,,,exploratory
C,S4,82,tcn_gru,11,train_q90,8.636000000000005,0,0,2,,1.0,0.0,0.0,0,,,exploratory
C,S4,82,tcn_gru,11,train_q95,9.8,0,0,0,,,,,0,,,exploratory
C,S4,82,tcn_gru,12,official_alarm,11.4,0,0,0,,,,,0,,,exploratory
C,S4,82,tcn_gru,12,train_q90,8.636000000000005,0,0,2,,1.0,0.0,0.0,0,,,exploratory
C,S4,82,tcn_gru,12,train_q95,9.8,0,0,0,,,,,0,,,exploratory
C,S4,82,tcn_gru,13,official_alarm,11.4,0,0,0,,,,,0,,,exploratory
C,S4,82,tcn_gru,13,train_q90,8.636000000000005,0,0,1,,1.0,0.0,0.0,0,,,exploratory
C,S4,82,tcn_gru,13,train_q95,9.8,0,0,0,,,,,0,,,exploratory
C,S4,82,tcn_gru,14,official_alarm,11.4,0,0,0,,,,,0,,,exploratory
C,S4,82,tcn_gru,14,train_q90,8.636000000000005,0,0,0,,,,,0,,,exploratory
C,S4,82,tcn_gru,14,train_q95,9.8,0,0,0,,,,,0,,,exploratory
D,S0,42,tcn_gru,1,official_alarm,11.4,0,0,0,,,,,0,,,exploratory
D,S0,42,tcn_gru,1,train_q90,8.42,0,0,0,,,,,0,,,exploratory
D,S0,42,tcn_gru,1,train_q95,9.57,0,0,0,,,,,0,,,exploratory
D,S0,42,tcn_gru,2,official_alarm,11.4,0,0,0,,,,,0,,,exploratory
D,S0,42,tcn_gru,2,train_q90,8.42,0,0,0,,,,,0,,,exploratory
D,S0,42,tcn_gru,2,train_q95,9.57,0,0,0,,,,,0,,,exploratory
D,S0,42,tcn_gru,3,official_alarm,11.4,0,0,0,,,,,0,,,exploratory
D,S0,42,tcn_gru,3,train_q90,8.42,0,0,0,,,,,0,,,exploratory
D,S0,42,tcn_gru,3,train_q95,9.57,0,0,0,,,,,0,,,exploratory
D,S0,42,tcn_gru,4,official_alarm,11.4,0,0,0,,,,,0,,,exploratory
D,S0,42,tcn_gru,4,train_q90,8.42,0,0,0,,,,,0,,,exploratory
D,S0,42,tcn_gru,4,train_q95,9.57,0,0,0,,,,,0,,,exploratory
D,S0,42,tcn_gru,5,official_alarm,11.4,0,0,0,,,,,0,,,exploratory
D,S0,42,tcn_gru,5,train_q90,8.42,0,0,0,,,,,0,,,exploratory
D,S0,42,tcn_gru,5,train_q95,9.57,0,0,0,,,,,0,,,exploratory
D,S0,42,tcn_gru,6,official_alarm,11.4,0,0,0,,,,,0,,,exploratory
D,S0,42,tcn_gru,6,train_q90,8.42,0,0,0,,,,,0,,,exploratory
D,S0,42,tcn_gru,6,train_q95,9.57,0,0,0,,,,,0,,,exploratory
D,S0,42,tcn_gru,7,official_alarm,11.4,0,0,0,,,,,0,,,exploratory
D,S0,42,tcn_gru,7,train_q90,8.42,0,0,0,,,,,0,,,exploratory
D,S0,42,tcn_gru,7,train_q95,9.57,0,0,0,,,,,0,,,exploratory
D,S0,42,tcn_gru,8,official_alarm,11.4,0,0,0,,,,,0,,,exploratory
D,S0,42,tcn_gru,8,train_q90,8.42,0,0,0,,,,,0,,,exploratory
D,S0,42,tcn_gru,8,train_q95,9.57,0,0,0,,,,,0,,,exploratory
D,S0,42,tcn_gru,9,official_alarm,11.4,0,0,0,,,,,0,,,exploratory
D,S0,42,tcn_gru,9,train_q90,8.42,0,0,0,,,,,0,,,exploratory
D,S0,42,tcn_gru,9,train_q95,9.57,0,0,0,,,,,0,,,exploratory
D,S0,42,tcn_gru,10,official_alarm,11.4,0,0,0,,,,,0,,,exploratory
D,S0,42,tcn_gru,10,train_q90,8.42,0,0,0,,,,,0,,,exploratory
D,S0,42,tcn_gru,10,train_q95,9.57,0,0,0,,,,,0,,,exploratory
D,S0,42,tcn_gru,11,official_alarm,11.4,0,0,0,,,,,0,,,exploratory
D,S0,42,tcn_gru,11,train_q90,8.42,0,0,0,,,,,0,,,exploratory
D,S0,42,tcn_gru,11,train_q95,9.57,0,0,0,,,,,0,,,exploratory
D,S0,42,tcn_gru,12,official_alarm,11.4,0,0,0,,,,,0,,,exploratory
D,S0,42,tcn_gru,12,train_q90,8.42,0,0,0,,,,,0,,,exploratory
D,S0,42,tcn_gru,12,train_q95,9.57,0,0,0,,,,,0,,,exploratory
D,S0,42,tcn_gru,13,official_alarm,11.4,0,0,0,,,,,0,,,exploratory
D,S0,42,tcn_gru,13,train_q90,8.42,0,0,0,,,,,0,,,exploratory
D,S0,42,tcn_gru,13,train_q95,9.57,0,0,0,,,,,0,,,exploratory
D,S0,42,tcn_gru,14,official_alarm,11.4,0,0,0,,,,,0,,,exploratory
D,S0,42,tcn_gru,14,train_q90,8.42,0,0,0,,,,,0,,,exploratory
D,S0,42,tcn_gru,14,train_q95,9.57,0,0,0,,,,,0,,,exploratory
D,S0,52,tcn_gru,1,official_alarm,11.4,0,0,0,,,,,0,,,exploratory
D,S0,52,tcn_gru,1,train_q90,8.42,0,0,0,,,,,0,,,exploratory
D,S0,52,tcn_gru,1,train_q95,9.57,0,0,0,,,,,0,,,exploratory
D,S0,52,tcn_gru,2,official_alarm,11.4,0,0,0,,,,,0,,,exploratory
D,S0,52,tcn_gru,2,train_q90,8.42,0,0,0,,,,,0,,,exploratory
D,S0,52,tcn_gru,2,train_q95,9.57,0,0,0,,,,,0,,,exploratory
D,S0,52,tcn_gru,3,official_alarm,11.4,0,0,0,,,,,0,,,exploratory
D,S0,52,tcn_gru,3,train_q90,8.42,0,0,0,,,,,0,,,exploratory
D,S0,52,tcn_gru,3,train_q95,9.57,0,0,0,,,,,0,,,exploratory
D,S0,52,tcn_gru,4,official_alarm,11.4,0,0,0,,,,,0,,,exploratory
D,S0,52,tcn_gru,4,train_q90,8.42,0,0,0,,,,,0,,,exploratory
D,S0,52,tcn_gru,4,train_q95,9.57,0,0,0,,,,,0,,,exploratory
D,S0,52,tcn_gru,5,official_alarm,11.4,0,0,0,,,,,0,,,exploratory
D,S0,52,tcn_gru,5,train_q90,8.42,0,0,0,,,,,0,,,exploratory
D,S0,52,tcn_gru,5,train_q95,9.57,0,0,0,,,,,0,,,exploratory
D,S0,52,tcn_gru,6,official_alarm,11.4,0,0,0,,,,,0,,,exploratory
D,S0,52,tcn_gru,6,train_q90,8.42,0,0,0,,,,,0,,,exploratory
D,S0,52,tcn_gru,6,train_q95,9.57,0,0,0,,,,,0,,,exploratory
D,S0,52,tcn_gru,7,official_alarm,11.4,0,0,0,,,,,0,,,exploratory
D,S0,52,tcn_gru,7,train_q90,8.42,0,0,0,,,,,0,,,exploratory
D,S0,52,tcn_gru,7,train_q95,9.57,0,0,0,,,,,0,,,exploratory
D,S0,52,tcn_gru,8,official_alarm,11.4,0,0,0,,,,,0,,,exploratory
D,S0,52,tcn_gru,8,train_q90,8.42,0,0,0,,,,,0,,,exploratory
D,S0,52,tcn_gru,8,train_q95,9.57,0,0,0,,,,,0,,,exploratory
D,S0,52,tcn_gru,9,official_alarm,11.4,0,0,0,,,,,0,,,exploratory
D,S0,52,tcn_gru,9,train_q90,8.42,0,0,0,,,,,0,,,exploratory
D,S0,52,tcn_gru,9,train_q95,9.57,0,0,0,,,,,0,,,exploratory
D,S0,52,tcn_gru,10,official_alarm,11.4,0,0,0,,,,,0,,,exploratory
D,S0,52,tcn_gru,10,train_q90,8.42,0,0,0,,,,,0,,,exploratory
D,S0,52,tcn_gru,10,train_q95,9.57,0,0,0,,,,,0,,,exploratory
D,S0,52,tcn_gru,11,official_alarm,11.4,0,0,0,,,,,0,,,exploratory
D,S0,52,tcn_gru,11,train_q90,8.42,0,0,0,,,,,0,,,exploratory
D,S0,52,tcn_gru,11,train_q95,9.57,0,0,0,,,,,0,,,exploratory
D,S0,52,tcn_gru,12,official_alarm,11.4,0,0,0,,,,,0,,,exploratory
D,S0,52,tcn_gru,12,train_q90,8.42,0,0,0,,,,,0,,,exploratory
D,S0,52,tcn_gru,12,train_q95,9.57,0,0,0,,,,,0,,,exploratory
D,S0,52,tcn_gru,13,official_alarm,11.4,0,0,0,,,,,0,,,exploratory
D,S0,52,tcn_gru,13,train_q90,8.42,0,0,0,,,,,0,,,exploratory
D,S0,52,tcn_gru,13,train_q95,9.57,0,0,0,,,,,0,,,exploratory
D,S0,52,tcn_gru,14,official_alarm,11.4,0,0,0,,,,,0,,,exploratory
D,S0,52,tcn_gru,14,train_q90,8.42,0,0,0,,,,,0,,,exploratory
D,S0,52,tcn_gru,14,train_q95,9.57,0,0,0,,,,,0,,,exploratory
D,S0,62,tcn_gru,1,official_alarm,11.4,0,0,0,,,,,0,,,exploratory
D,S0,62,tcn_gru,1,train_q90,8.42,0,0,0,,,,,0,,,exploratory
D,S0,62,tcn_gru,1,train_q95,9.57,0,0,0,,,,,0,,,exploratory
D,S0,62,tcn_gru,2,official_alarm,11.4,0,0,0,,,,,0,,,exploratory
D,S0,62,tcn_gru,2,train_q90,8.42,0,0,0,,,,,0,,,exploratory
D,S0,62,tcn_gru,2,train_q95,9.57,0,0,0,,,,,0,,,exploratory
D,S0,62,tcn_gru,3,official_alarm,11.4,0,0,0,,,,,0,,,exploratory
D,S0,62,tcn_gru,3,train_q90,8.42,0,0,0,,,,,0,,,exploratory
D,S0,62,tcn_gru,3,train_q95,9.57,0,0,0,,,,,0,,,exploratory
D,S0,62,tcn_gru,4,official_alarm,11.4,0,0,0,,,,,0,,,exploratory
D,S0,62,tcn_gru,4,train_q90,8.42,0,0,0,,,,,0,,,exploratory
D,S0,62,tcn_gru,4,train_q95,9.57,0,0,0,,,,,0,,,exploratory
D,S0,62,tcn_gru,5,official_alarm,11.4,0,0,0,,,,,0,,,exploratory
D,S0,62,tcn_gru,5,train_q90,8.42,0,0,0,,,,,0,,,exploratory
D,S0,62,tcn_gru,5,train_q95,9.57,0,0,0,,,,,0,,,exploratory
D,S0,62,tcn_gru,6,official_alarm,11.4,0,0,0,,,,,0,,,exploratory
D,S0,62,tcn_gru,6,train_q90,8.42,0,0,0,,,,,0,,,exploratory
D,S0,62,tcn_gru,6,train_q95,9.57,0,0,0,,,,,0,,,exploratory
D,S0,62,tcn_gru,7,official_alarm,11.4,0,0,0,,,,,0,,,exploratory
D,S0,62,tcn_gru,7,train_q90,8.42,0,0,0,,,,,0,,,exploratory
D,S0,62,tcn_gru,7,train_q95,9.57,0,0,0,,,,,0,,,exploratory
D,S0,62,tcn_gru,8,official_alarm,11.4,0,0,0,,,,,0,,,exploratory
D,S0,62,tcn_gru,8,train_q90,8.42,0,0,0,,,,,0,,,exploratory
D,S0,62,tcn_gru,8,train_q95,9.57,0,0,0,,,,,0,,,exploratory
D,S0,62,tcn_gru,9,official_alarm,11.4,0,0,0,,,,,0,,,exploratory
D,S0,62,tcn_gru,9,train_q90,8.42,0,0,0,,,,,0,,,exploratory
D,S0,62,tcn_gru,9,train_q95,9.57,0,0,0,,,,,0,,,exploratory
D,S0,62,tcn_gru,10,official_alarm,11.4,0,0,0,,,,,0,,,exploratory
D,S0,62,tcn_gru,10,train_q90,8.42,0,0,0,,,,,0,,,exploratory
D,S0,62,tcn_gru,10,train_q95,9.57,0,0,0,,,,,0,,,exploratory
D,S0,62,tcn_gru,11,official_alarm,11.4,0,0,0,,,,,0,,,exploratory
D,S0,62,tcn_gru,11,train_q90,8.42,0,0,0,,,,,0,,,exploratory
D,S0,62,tcn_gru,11,train_q95,9.57,0,0,0,,,,,0,,,exploratory
D,S0,62,tcn_gru,12,official_alarm,11.4,0,0,0,,,,,0,,,exploratory
D,S0,62,tcn_gru,12,train_q90,8.42,0,0,0,,,,,0,,,exploratory
D,S0,62,tcn_gru,12,train_q95,9.57,0,0,0,,,,,0,,,exploratory
D,S0,62,tcn_gru,13,official_alarm,11.4,0,0,0,,,,,0,,,exploratory
D,S0,62,tcn_gru,13,train_q90,8.42,0,0,0,,,,,0,,,exploratory
D,S0,62,tcn_gru,13,train_q95,9.57,0,0,0,,,,,0,,,exploratory
D,S0,62,tcn_gru,14,official_alarm,11.4,0,0,0,,,,,0,,,exploratory
D,S0,62,tcn_gru,14,train_q90,8.42,0,0,0,,,,,0,,,exploratory
D,S0,62,tcn_gru,14,train_q95,9.57,0,0,0,,,,,0,,,exploratory
D,S0,72,tcn_gru,1,official_alarm,11.4,0,0,0,,,,,0,,,exploratory
D,S0,72,tcn_gru,1,train_q90,8.42,0,0,0,,,,,0,,,exploratory
D,S0,72,tcn_gru,1,train_q95,9.57,0,0,0,,,,,0,,,exploratory
D,S0,72,tcn_gru,2,official_alarm,11.4,0,0,0,,,,,0,,,exploratory
D,S0,72,tcn_gru,2,train_q90,8.42,0,0,0,,,,,0,,,exploratory
D,S0,72,tcn_gru,2,train_q95,9.57,0,0,0,,,,,0,,,exploratory
D,S0,72,tcn_gru,3,official_alarm,11.4,0,0,0,,,,,0,,,exploratory
D,S0,72,tcn_gru,3,train_q90,8.42,0,0,0,,,,,0,,,exploratory
D,S0,72,tcn_gru,3,train_q95,9.57,0,0,0,,,,,0,,,exploratory
D,S0,72,tcn_gru,4,official_alarm,11.4,0,0,0,,,,,0,,,exploratory
D,S0,72,tcn_gru,4,train_q90,8.42,0,0,0,,,,,0,,,exploratory
D,S0,72,tcn_gru,4,train_q95,9.57,0,0,0,,,,,0,,,exploratory
D,S0,72,tcn_gru,5,official_alarm,11.4,0,0,0,,,,,0,,,exploratory
D,S0,72,tcn_gru,5,train_q90,8.42,0,0,0,,,,,0,,,exploratory
D,S0,72,tcn_gru,5,train_q95,9.57,0,0,0,,,,,0,,,exploratory
D,S0,72,tcn_gru,6,official_alarm,11.4,0,0,0,,,,,0,,,exploratory
D,S0,72,tcn_gru,6,train_q90,8.42,0,0,0,,,,,0,,,exploratory
D,S0,72,tcn_gru,6,train_q95,9.57,0,0,0,,,,,0,,,exploratory
D,S0,72,tcn_gru,7,official_alarm,11.4,0,0,0,,,,,0,,,exploratory
D,S0,72,tcn_gru,7,train_q90,8.42,0,0,0,,,,,0,,,exploratory
D,S0,72,tcn_gru,7,train_q95,9.57,0,0,0,,,,,0,,,exploratory
D,S0,72,tcn_gru,8,official_alarm,11.4,0,0,0,,,,,0,,,exploratory
D,S0,72,tcn_gru,8,train_q90,8.42,0,0,0,,,,,0,,,exploratory
D,S0,72,tcn_gru,8,train_q95,9.57,0,0,0,,,,,0,,,exploratory
D,S0,72,tcn_gru,9,official_alarm,11.4,0,0,0,,,,,0,,,exploratory
D,S0,72,tcn_gru,9,train_q90,8.42,0,0,0,,,,,0,,,exploratory
D,S0,72,tcn_gru,9,train_q95,9.57,0,0,0,,,,,0,,,exploratory
D,S0,72,tcn_gru,10,official_alarm,11.4,0,0,0,,,,,0,,,exploratory
D,S0,72,tcn_gru,10,train_q90,8.42,0,0,0,,,,,0,,,exploratory
D,S0,72,tcn_gru,10,train_q95,9.57,0,0,0,,,,,0,,,exploratory
D,S0,72,tcn_gru,11,official_alarm,11.4,0,0,0,,,,,0,,,exploratory
D,S0,72,tcn_gru,11,train_q90,8.42,0,0,0,,,,,0,,,exploratory
D,S0,72,tcn_gru,11,train_q95,9.57,0,0,0,,,,,0,,,exploratory
D,S0,72,tcn_gru,12,official_alarm,11.4,0,0,0,,,,,0,,,exploratory
D,S0,72,tcn_gru,12,train_q90,8.42,0,0,0,,,,,0,,,exploratory
D,S0,72,tcn_gru,12,train_q95,9.57,0,0,0,,,,,0,,,exploratory
D,S0,72,tcn_gru,13,official_alarm,11.4,0,0,0,,,,,0,,,exploratory
D,S0,72,tcn_gru,13,train_q90,8.42,0,0,0,,,,,0,,,exploratory
D,S0,72,tcn_gru,13,train_q95,9.57,0,0,0,,,,,0,,,exploratory
D,S0,72,tcn_gru,14,official_alarm,11.4,0,0,0,,,,,0,,,exploratory
D,S0,72,tcn_gru,14,train_q90,8.42,0,0,0,,,,,0,,,exploratory
D,S0,72,tcn_gru,14,train_q95,9.57,0,0,0,,,,,0,,,exploratory
D,S0,82,tcn_gru,1,official_alarm,11.4,0,0,0,,,,,0,,,exploratory
D,S0,82,tcn_gru,1,train_q90,8.42,0,0,0,,,,,0,,,exploratory
D,S0,82,tcn_gru,1,train_q95,9.57,0,0,0,,,,,0,,,exploratory
D,S0,82,tcn_gru,2,official_alarm,11.4,0,0,0,,,,,0,,,exploratory
D,S0,82,tcn_gru,2,train_q90,8.42,0,0,0,,,,,0,,,exploratory
D,S0,82,tcn_gru,2,train_q95,9.57,0,0,0,,,,,0,,,exploratory
D,S0,82,tcn_gru,3,official_alarm,11.4,0,0,0,,,,,0,,,exploratory
D,S0,82,tcn_gru,3,train_q90,8.42,0,0,0,,,,,0,,,exploratory
D,S0,82,tcn_gru,3,train_q95,9.57,0,0,0,,,,,0,,,exploratory
D,S0,82,tcn_gru,4,official_alarm,11.4,0,0,0,,,,,0,,,exploratory
D,S0,82,tcn_gru,4,train_q90,8.42,0,0,0,,,,,0,,,exploratory
D,S0,82,tcn_gru,4,train_q95,9.57,0,0,0,,,,,0,,,exploratory
D,S0,82,tcn_gru,5,official_alarm,11.4,0,0,0,,,,,0,,,exploratory
D,S0,82,tcn_gru,5,train_q90,8.42,0,0,0,,,,,0,,,exploratory
D,S0,82,tcn_gru,5,train_q95,9.57,0,0,0,,,,,0,,,exploratory
D,S0,82,tcn_gru,6,official_alarm,11.4,0,0,0,,,,,0,,,exploratory
D,S0,82,tcn_gru,6,train_q90,8.42,0,0,0,,,,,0,,,exploratory
D,S0,82,tcn_gru,6,train_q95,9.57,0,0,0,,,,,0,,,exploratory
D,S0,82,tcn_gru,7,official_alarm,11.4,0,0,0,,,,,0,,,exploratory
D,S0,82,tcn_gru,7,train_q90,8.42,0,0,0,,,,,0,,,exploratory
D,S0,82,tcn_gru,7,train_q95,9.57,0,0,0,,,,,0,,,exploratory
D,S0,82,tcn_gru,8,official_alarm,11.4,0,0,0,,,,,0,,,exploratory
D,S0,82,tcn_gru,8,train_q90,8.42,0,0,0,,,,,0,,,exploratory
D,S0,82,tcn_gru,8,train_q95,9.57,0,0,0,,,,,0,,,exploratory
D,S0,82,tcn_gru,9,official_alarm,11.4,0,0,0,,,,,0,,,exploratory
D,S0,82,tcn_gru,9,train_q90,8.42,0,0,0,,,,,0,,,exploratory
D,S0,82,tcn_gru,9,train_q95,9.57,0,0,0,,,,,0,,,exploratory
D,S0,82,tcn_gru,10,official_alarm,11.4,0,0,0,,,,,0,,,exploratory
D,S0,82,tcn_gru,10,train_q90,8.42,0,0,0,,,,,0,,,exploratory
D,S0,82,tcn_gru,10,train_q95,9.57,0,0,0,,,,,0,,,exploratory
D,S0,82,tcn_gru,11,official_alarm,11.4,0,0,0,,,,,0,,,exploratory
D,S0,82,tcn_gru,11,train_q90,8.42,0,0,0,,,,,0,,,exploratory
D,S0,82,tcn_gru,11,train_q95,9.57,0,0,0,,,,,0,,,exploratory
D,S0,82,tcn_gru,12,official_alarm,11.4,0,0,0,,,,,0,,,exploratory
D,S0,82,tcn_gru,12,train_q90,8.42,0,0,0,,,,,0,,,exploratory
D,S0,82,tcn_gru,12,train_q95,9.57,0,0,0,,,,,0,,,exploratory
D,S0,82,tcn_gru,13,official_alarm,11.4,0,0,0,,,,,0,,,exploratory
D,S0,82,tcn_gru,13,train_q90,8.42,0,0,0,,,,,0,,,exploratory
D,S0,82,tcn_gru,13,train_q95,9.57,0,0,0,,,,,0,,,exploratory
D,S0,82,tcn_gru,14,official_alarm,11.4,0,0,0,,,,,0,,,exploratory
D,S0,82,tcn_gru,14,train_q90,8.42,0,0,0,,,,,0,,,exploratory
D,S0,82,tcn_gru,14,train_q95,9.57,0,0,0,,,,,0,,,exploratory
D,S4,42,tcn_gru,1,official_alarm,11.4,0,0,0,,,,,0,,,exploratory
D,S4,42,tcn_gru,1,train_q90,8.42,0,0,0,,,,,0,,,exploratory
D,S4,42,tcn_gru,1,train_q95,9.57,0,0,0,,,,,0,,,exploratory
D,S4,42,tcn_gru,2,official_alarm,11.4,0,0,0,,,,,0,,,exploratory
D,S4,42,tcn_gru,2,train_q90,8.42,0,0,0,,,,,0,,,exploratory
D,S4,42,tcn_gru,2,train_q95,9.57,0,0,0,,,,,0,,,exploratory
D,S4,42,tcn_gru,3,official_alarm,11.4,0,0,0,,,,,0,,,exploratory
D,S4,42,tcn_gru,3,train_q90,8.42,0,0,0,,,,,0,,,exploratory
D,S4,42,tcn_gru,3,train_q95,9.57,0,0,0,,,,,0,,,exploratory
D,S4,42,tcn_gru,4,official_alarm,11.4,0,0,0,,,,,0,,,exploratory
D,S4,42,tcn_gru,4,train_q90,8.42,0,0,0,,,,,0,,,exploratory
D,S4,42,tcn_gru,4,train_q95,9.57,0,0,0,,,,,0,,,exploratory
D,S4,42,tcn_gru,5,official_alarm,11.4,0,0,0,,,,,0,,,exploratory
D,S4,42,tcn_gru,5,train_q90,8.42,0,0,0,,,,,0,,,exploratory
D,S4,42,tcn_gru,5,train_q95,9.57,0,0,0,,,,,0,,,exploratory
D,S4,42,tcn_gru,6,official_alarm,11.4,0,0,0,,,,,0,,,exploratory
D,S4,42,tcn_gru,6,train_q90,8.42,0,0,0,,,,,0,,,exploratory
D,S4,42,tcn_gru,6,train_q95,9.57,0,0,0,,,,,0,,,exploratory
D,S4,42,tcn_gru,7,official_alarm,11.4,0,0,0,,,,,0,,,exploratory
D,S4,42,tcn_gru,7,train_q90,8.42,0,0,0,,,,,0,,,exploratory
D,S4,42,tcn_gru,7,train_q95,9.57,0,0,0,,,,,0,,,exploratory
D,S4,42,tcn_gru,8,official_alarm,11.4,0,0,0,,,,,0,,,exploratory
D,S4,42,tcn_gru,8,train_q90,8.42,0,0,0,,,,,0,,,exploratory
D,S4,42,tcn_gru,8,train_q95,9.57,0,0,0,,,,,0,,,exploratory
D,S4,42,tcn_gru,9,official_alarm,11.4,0,0,0,,,,,0,,,exploratory
D,S4,42,tcn_gru,9,train_q90,8.42,0,0,0,,,,,0,,,exploratory
D,S4,42,tcn_gru,9,train_q95,9.57,0,0,0,,,,,0,,,exploratory
D,S4,42,tcn_gru,10,official_alarm,11.4,0,0,0,,,,,0,,,exploratory
D,S4,42,tcn_gru,10,train_q90,8.42,0,0,0,,,,,0,,,exploratory
D,S4,42,tcn_gru,10,train_q95,9.57,0,0,0,,,,,0,,,exploratory
D,S4,42,tcn_gru,11,official_alarm,11.4,0,0,0,,,,,0,,,exploratory
D,S4,42,tcn_gru,11,train_q90,8.42,0,0,0,,,,,0,,,exploratory
D,S4,42,tcn_gru,11,train_q95,9.57,0,0,0,,,,,0,,,exploratory
D,S4,42,tcn_gru,12,official_alarm,11.4,0,0,0,,,,,0,,,exploratory
D,S4,42,tcn_gru,12,train_q90,8.42,0,0,0,,,,,0,,,exploratory
D,S4,42,tcn_gru,12,train_q95,9.57,0,0,0,,,,,0,,,exploratory
D,S4,42,tcn_gru,13,official_alarm,11.4,0,0,0,,,,,0,,,exploratory
D,S4,42,tcn_gru,13,train_q90,8.42,0,0,0,,,,,0,,,exploratory
D,S4,42,tcn_gru,13,train_q95,9.57,0,0,0,,,,,0,,,exploratory
D,S4,42,tcn_gru,14,official_alarm,11.4,0,0,0,,,,,0,,,exploratory
D,S4,42,tcn_gru,14,train_q90,8.42,0,0,0,,,,,0,,,exploratory
D,S4,42,tcn_gru,14,train_q95,9.57,0,0,0,,,,,0,,,exploratory
D,S4,52,tcn_gru,1,official_alarm,11.4,0,0,0,,,,,0,,,exploratory
D,S4,52,tcn_gru,1,train_q90,8.42,0,0,0,,,,,0,,,exploratory
D,S4,52,tcn_gru,1,train_q95,9.57,0,0,0,,,,,0,,,exploratory
D,S4,52,tcn_gru,2,official_alarm,11.4,0,0,0,,,,,0,,,exploratory
D,S4,52,tcn_gru,2,train_q90,8.42,0,0,0,,,,,0,,,exploratory
D,S4,52,tcn_gru,2,train_q95,9.57,0,0,0,,,,,0,,,exploratory
D,S4,52,tcn_gru,3,official_alarm,11.4,0,0,0,,,,,0,,,exploratory
D,S4,52,tcn_gru,3,train_q90,8.42,0,0,0,,,,,0,,,exploratory
D,S4,52,tcn_gru,3,train_q95,9.57,0,0,0,,,,,0,,,exploratory
D,S4,52,tcn_gru,4,official_alarm,11.4,0,0,0,,,,,0,,,exploratory
D,S4,52,tcn_gru,4,train_q90,8.42,0,0,0,,,,,0,,,exploratory
D,S4,52,tcn_gru,4,train_q95,9.57,0,0,0,,,,,0,,,exploratory
D,S4,52,tcn_gru,5,official_alarm,11.4,0,0,0,,,,,0,,,exploratory
D,S4,52,tcn_gru,5,train_q90,8.42,0,0,0,,,,,0,,,exploratory
D,S4,52,tcn_gru,5,train_q95,9.57,0,0,0,,,,,0,,,exploratory
D,S4,52,tcn_gru,6,official_alarm,11.4,0,0,0,,,,,0,,,exploratory
D,S4,52,tcn_gru,6,train_q90,8.42,0,0,0,,,,,0,,,exploratory
D,S4,52,tcn_gru,6,train_q95,9.57,0,0,0,,,,,0,,,exploratory
D,S4,52,tcn_gru,7,official_alarm,11.4,0,0,0,,,,,0,,,exploratory
D,S4,52,tcn_gru,7,train_q90,8.42,0,0,0,,,,,0,,,exploratory
D,S4,52,tcn_gru,7,train_q95,9.57,0,0,0,,,,,0,,,exploratory
D,S4,52,tcn_gru,8,official_alarm,11.4,0,0,0,,,,,0,,,exploratory
D,S4,52,tcn_gru,8,train_q90,8.42,0,0,0,,,,,0,,,exploratory
D,S4,52,tcn_gru,8,train_q95,9.57,0,0,0,,,,,0,,,exploratory
D,S4,52,tcn_gru,9,official_alarm,11.4,0,0,0,,,,,0,,,exploratory
D,S4,52,tcn_gru,9,train_q90,8.42,0,0,0,,,,,0,,,exploratory
D,S4,52,tcn_gru,9,train_q95,9.57,0,0,0,,,,,0,,,exploratory
D,S4,52,tcn_gru,10,official_alarm,11.4,0,0,0,,,,,0,,,exploratory
D,S4,52,tcn_gru,10,train_q90,8.42,0,0,0,,,,,0,,,exploratory
D,S4,52,tcn_gru,10,train_q95,9.57,0,0,0,,,,,0,,,exploratory
D,S4,52,tcn_gru,11,official_alarm,11.4,0,0,0,,,,,0,,,exploratory
D,S4,52,tcn_gru,11,train_q90,8.42,0,0,0,,,,,0,,,exploratory
D,S4,52,tcn_gru,11,train_q95,9.57,0,0,0,,,,,0,,,exploratory
D,S4,52,tcn_gru,12,official_alarm,11.4,0,0,0,,,,,0,,,exploratory
D,S4,52,tcn_gru,12,train_q90,8.42,0,0,0,,,,,0,,,exploratory
D,S4,52,tcn_gru,12,train_q95,9.57,0,0,0,,,,,0,,,exploratory
D,S4,52,tcn_gru,13,official_alarm,11.4,0,0,0,,,,,0,,,exploratory
D,S4,52,tcn_gru,13,train_q90,8.42,0,0,0,,,,,0,,,exploratory
D,S4,52,tcn_gru,13,train_q95,9.57,0,0,0,,,,,0,,,exploratory
D,S4,52,tcn_gru,14,official_alarm,11.4,0,0,0,,,,,0,,,exploratory
D,S4,52,tcn_gru,14,train_q90,8.42,0,0,0,,,,,0,,,exploratory
D,S4,52,tcn_gru,14,train_q95,9.57,0,0,0,,,,,0,,,exploratory
D,S4,62,tcn_gru,1,official_alarm,11.4,0,0,0,,,,,0,,,exploratory
D,S4,62,tcn_gru,1,train_q90,8.42,0,0,0,,,,,0,,,exploratory
D,S4,62,tcn_gru,1,train_q95,9.57,0,0,0,,,,,0,,,exploratory
D,S4,62,tcn_gru,2,official_alarm,11.4,0,0,0,,,,,0,,,exploratory
D,S4,62,tcn_gru,2,train_q90,8.42,0,0,0,,,,,0,,,exploratory
D,S4,62,tcn_gru,2,train_q95,9.57,0,0,0,,,,,0,,,exploratory
D,S4,62,tcn_gru,3,official_alarm,11.4,0,0,0,,,,,0,,,exploratory
D,S4,62,tcn_gru,3,train_q90,8.42,0,0,0,,,,,0,,,exploratory
D,S4,62,tcn_gru,3,train_q95,9.57,0,0,0,,,,,0,,,exploratory
D,S4,62,tcn_gru,4,official_alarm,11.4,0,0,0,,,,,0,,,exploratory
D,S4,62,tcn_gru,4,train_q90,8.42,0,0,0,,,,,0,,,exploratory
D,S4,62,tcn_gru,4,train_q95,9.57,0,0,0,,,,,0,,,exploratory
D,S4,62,tcn_gru,5,official_alarm,11.4,0,0,0,,,,,0,,,exploratory
D,S4,62,tcn_gru,5,train_q90,8.42,0,0,0,,,,,0,,,exploratory
D,S4,62,tcn_gru,5,train_q95,9.57,0,0,0,,,,,0,,,exploratory
D,S4,62,tcn_gru,6,official_alarm,11.4,0,0,0,,,,,0,,,exploratory
D,S4,62,tcn_gru,6,train_q90,8.42,0,0,0,,,,,0,,,exploratory
D,S4,62,tcn_gru,6,train_q95,9.57,0,0,0,,,,,0,,,exploratory
D,S4,62,tcn_gru,7,official_alarm,11.4,0,0,0,,,,,0,,,exploratory
D,S4,62,tcn_gru,7,train_q90,8.42,0,0,0,,,,,0,,,exploratory
D,S4,62,tcn_gru,7,train_q95,9.57,0,0,0,,,,,0,,,exploratory
D,S4,62,tcn_gru,8,official_alarm,11.4,0,0,0,,,,,0,,,exploratory
D,S4,62,tcn_gru,8,train_q90,8.42,0,0,0,,,,,0,,,exploratory
D,S4,62,tcn_gru,8,train_q95,9.57,0,0,0,,,,,0,,,exploratory
D,S4,62,tcn_gru,9,official_alarm,11.4,0,0,0,,,,,0,,,exploratory
D,S4,62,tcn_gru,9,train_q90,8.42,0,0,0,,,,,0,,,exploratory
D,S4,62,tcn_gru,9,train_q95,9.57,0,0,0,,,,,0,,,exploratory
D,S4,62,tcn_gru,10,official_alarm,11.4,0,0,0,,,,,0,,,exploratory
D,S4,62,tcn_gru,10,train_q90,8.42,0,0,0,,,,,0,,,exploratory
D,S4,62,tcn_gru,10,train_q95,9.57,0,0,0,,,,,0,,,exploratory
D,S4,62,tcn_gru,11,official_alarm,11.4,0,0,0,,,,,0,,,exploratory
D,S4,62,tcn_gru,11,train_q90,8.42,0,0,0,,,,,0,,,exploratory
D,S4,62,tcn_gru,11,train_q95,9.57,0,0,0,,,,,0,,,exploratory
D,S4,62,tcn_gru,12,official_alarm,11.4,0,0,0,,,,,0,,,exploratory
D,S4,62,tcn_gru,12,train_q90,8.42,0,0,0,,,,,0,,,exploratory
D,S4,62,tcn_gru,12,train_q95,9.57,0,0,0,,,,,0,,,exploratory
D,S4,62,tcn_gru,13,official_alarm,11.4,0,0,0,,,,,0,,,exploratory
D,S4,62,tcn_gru,13,train_q90,8.42,0,0,0,,,,,0,,,exploratory
D,S4,62,tcn_gru,13,train_q95,9.57,0,0,0,,,,,0,,,exploratory
D,S4,62,tcn_gru,14,official_alarm,11.4,0,0,0,,,,,0,,,exploratory
D,S4,62,tcn_gru,14,train_q90,8.42,0,0,0,,,,,0,,,exploratory
D,S4,62,tcn_gru,14,train_q95,9.57,0,0,0,,,,,0,,,exploratory
D,S4,72,tcn_gru,1,official_alarm,11.4,0,0,0,,,,,0,,,exploratory
D,S4,72,tcn_gru,1,train_q90,8.42,0,0,0,,,,,0,,,exploratory
D,S4,72,tcn_gru,1,train_q95,9.57,0,0,0,,,,,0,,,exploratory
D,S4,72,tcn_gru,2,official_alarm,11.4,0,0,0,,,,,0,,,exploratory
D,S4,72,tcn_gru,2,train_q90,8.42,0,0,0,,,,,0,,,exploratory
D,S4,72,tcn_gru,2,train_q95,9.57,0,0,0,,,,,0,,,exploratory
D,S4,72,tcn_gru,3,official_alarm,11.4,0,0,0,,,,,0,,,exploratory
D,S4,72,tcn_gru,3,train_q90,8.42,0,0,0,,,,,0,,,exploratory
D,S4,72,tcn_gru,3,train_q95,9.57,0,0,0,,,,,0,,,exploratory
D,S4,72,tcn_gru,4,official_alarm,11.4,0,0,0,,,,,0,,,exploratory
D,S4,72,tcn_gru,4,train_q90,8.42,0,0,0,,,,,0,,,exploratory
D,S4,72,tcn_gru,4,train_q95,9.57,0,0,0,,,,,0,,,exploratory
D,S4,72,tcn_gru,5,official_alarm,11.4,0,0,0,,,,,0,,,exploratory
D,S4,72,tcn_gru,5,train_q90,8.42,0,0,0,,,,,0,,,exploratory
D,S4,72,tcn_gru,5,train_q95,9.57,0,0,0,,,,,0,,,exploratory
D,S4,72,tcn_gru,6,official_alarm,11.4,0,0,0,,,,,0,,,exploratory
D,S4,72,tcn_gru,6,train_q90,8.42,0,0,0,,,,,0,,,exploratory
D,S4,72,tcn_gru,6,train_q95,9.57,0,0,0,,,,,0,,,exploratory
D,S4,72,tcn_gru,7,official_alarm,11.4,0,0,0,,,,,0,,,exploratory
D,S4,72,tcn_gru,7,train_q90,8.42,0,0,0,,,,,0,,,exploratory
D,S4,72,tcn_gru,7,train_q95,9.57,0,0,0,,,,,0,,,exploratory
D,S4,72,tcn_gru,8,official_alarm,11.4,0,0,0,,,,,0,,,exploratory
D,S4,72,tcn_gru,8,train_q90,8.42,0,0,0,,,,,0,,,exploratory
D,S4,72,tcn_gru,8,train_q95,9.57,0,0,0,,,,,0,,,exploratory
D,S4,72,tcn_gru,9,official_alarm,11.4,0,0,0,,,,,0,,,exploratory
D,S4,72,tcn_gru,9,train_q90,8.42,0,0,0,,,,,0,,,exploratory
D,S4,72,tcn_gru,9,train_q95,9.57,0,0,0,,,,,0,,,exploratory
D,S4,72,tcn_gru,10,official_alarm,11.4,0,0,0,,,,,0,,,exploratory
D,S4,72,tcn_gru,10,train_q90,8.42,0,0,0,,,,,0,,,exploratory
D,S4,72,tcn_gru,10,train_q95,9.57,0,0,0,,,,,0,,,exploratory
D,S4,72,tcn_gru,11,official_alarm,11.4,0,0,0,,,,,0,,,exploratory
D,S4,72,tcn_gru,11,train_q90,8.42,0,0,0,,,,,0,,,exploratory
D,S4,72,tcn_gru,11,train_q95,9.57,0,0,0,,,,,0,,,exploratory
D,S4,72,tcn_gru,12,official_alarm,11.4,0,0,0,,,,,0,,,exploratory
D,S4,72,tcn_gru,12,train_q90,8.42,0,0,0,,,,,0,,,exploratory
D,S4,72,tcn_gru,12,train_q95,9.57,0,0,0,,,,,0,,,exploratory
D,S4,72,tcn_gru,13,official_alarm,11.4,0,0,0,,,,,0,,,exploratory
D,S4,72,tcn_gru,13,train_q90,8.42,0,0,0,,,,,0,,,exploratory
D,S4,72,tcn_gru,13,train_q95,9.57,0,0,0,,,,,0,,,exploratory
D,S4,72,tcn_gru,14,official_alarm,11.4,0,0,0,,,,,0,,,exploratory
D,S4,72,tcn_gru,14,train_q90,8.42,0,0,0,,,,,0,,,exploratory
D,S4,72,tcn_gru,14,train_q95,9.57,0,0,0,,,,,0,,,exploratory
D,S4,82,tcn_gru,1,official_alarm,11.4,0,0,0,,,,,0,,,exploratory
D,S4,82,tcn_gru,1,train_q90,8.42,0,0,0,,,,,0,,,exploratory
D,S4,82,tcn_gru,1,train_q95,9.57,0,0,0,,,,,0,,,exploratory
D,S4,82,tcn_gru,2,official_alarm,11.4,0,0,0,,,,,0,,,exploratory
D,S4,82,tcn_gru,2,train_q90,8.42,0,0,0,,,,,0,,,exploratory
D,S4,82,tcn_gru,2,train_q95,9.57,0,0,0,,,,,0,,,exploratory
D,S4,82,tcn_gru,3,official_alarm,11.4,0,0,0,,,,,0,,,exploratory
D,S4,82,tcn_gru,3,train_q90,8.42,0,0,0,,,,,0,,,exploratory
D,S4,82,tcn_gru,3,train_q95,9.57,0,0,0,,,,,0,,,exploratory
D,S4,82,tcn_gru,4,official_alarm,11.4,0,0,0,,,,,0,,,exploratory
D,S4,82,tcn_gru,4,train_q90,8.42,0,0,0,,,,,0,,,exploratory
D,S4,82,tcn_gru,4,train_q95,9.57,0,0,0,,,,,0,,,exploratory
D,S4,82,tcn_gru,5,official_alarm,11.4,0,0,0,,,,,0,,,exploratory
D,S4,82,tcn_gru,5,train_q90,8.42,0,0,0,,,,,0,,,exploratory
D,S4,82,tcn_gru,5,train_q95,9.57,0,0,0,,,,,0,,,exploratory
D,S4,82,tcn_gru,6,official_alarm,11.4,0,0,0,,,,,0,,,exploratory
D,S4,82,tcn_gru,6,train_q90,8.42,0,0,0,,,,,0,,,exploratory
D,S4,82,tcn_gru,6,train_q95,9.57,0,0,0,,,,,0,,,exploratory
D,S4,82,tcn_gru,7,official_alarm,11.4,0,0,0,,,,,0,,,exploratory
D,S4,82,tcn_gru,7,train_q90,8.42,0,0,0,,,,,0,,,exploratory
D,S4,82,tcn_gru,7,train_q95,9.57,0,0,0,,,,,0,,,exploratory
D,S4,82,tcn_gru,8,official_alarm,11.4,0,0,0,,,,,0,,,exploratory
D,S4,82,tcn_gru,8,train_q90,8.42,0,0,0,,,,,0,,,exploratory
D,S4,82,tcn_gru,8,train_q95,9.57,0,0,0,,,,,0,,,exploratory
D,S4,82,tcn_gru,9,official_alarm,11.4,0,0,0,,,,,0,,,exploratory
D,S4,82,tcn_gru,9,train_q90,8.42,0,0,0,,,,,0,,,exploratory
D,S4,82,tcn_gru,9,train_q95,9.57,0,0,0,,,,,0,,,exploratory
D,S4,82,tcn_gru,10,official_alarm,11.4,0,0,0,,,,,0,,,exploratory
D,S4,82,tcn_gru,10,train_q90,8.42,0,0,0,,,,,0,,,exploratory
D,S4,82,tcn_gru,10,train_q95,9.57,0,0,0,,,,,0,,,exploratory
D,S4,82,tcn_gru,11,official_alarm,11.4,0,0,0,,,,,0,,,exploratory
D,S4,82,tcn_gru,11,train_q90,8.42,0,0,0,,,,,0,,,exploratory
D,S4,82,tcn_gru,11,train_q95,9.57,0,0,0,,,,,0,,,exploratory
D,S4,82,tcn_gru,12,official_alarm,11.4,0,0,0,,,,,0,,,exploratory
D,S4,82,tcn_gru,12,train_q90,8.42,0,0,0,,,,,0,,,exploratory
D,S4,82,tcn_gru,12,train_q95,9.57,0,0,0,,,,,0,,,exploratory
D,S4,82,tcn_gru,13,official_alarm,11.4,0,0,0,,,,,0,,,exploratory
D,S4,82,tcn_gru,13,train_q90,8.42,0,0,0,,,,,0,,,exploratory
D,S4,82,tcn_gru,13,train_q95,9.57,0,0,0,,,,,0,,,exploratory
D,S4,82,tcn_gru,14,official_alarm,11.4,0,0,0,,,,,0,,,exploratory
D,S4,82,tcn_gru,14,train_q90,8.42,0,0,0,,,,,0,,,exploratory
D,S4,82,tcn_gru,14,train_q95,9.57,0,0,0,,,,,0,,,exploratory
final_period,S0,42,tcn_gru,1,official_alarm,11.4,0,0,0,,,,,0,,,exploratory
final_period,S0,42,tcn_gru,1,train_q90,8.309000000000006,57,3,1,0.95,0.017241379310344827,0.9344262295081968,0.9661016949152542,1,-0.36222274780273445,2.0,exploratory
final_period,S0,42,tcn_gru,1,train_q95,9.508999999999997,0,14,0,0.0,,0.0,0.0,2,-0.35720238208770816,2.5,exploratory
final_period,S0,42,tcn_gru,2,official_alarm,11.4,0,0,0,,,,,0,,,exploratory
final_period,S0,42,tcn_gru,2,train_q90,8.309000000000006,54,6,2,0.9,0.03571428571428571,0.8709677419354839,0.9310344827586207,1,-0.38878319740295453,4.0,exploratory
final_period,S0,42,tcn_gru,2,train_q95,9.508999999999997,0,14,0,0.0,,0.0,0.0,2,-0.3828331565856944,4.0,exploratory
final_period,S0,42,tcn_gru,3,official_alarm,11.4,0,0,0,,,,,0,,,exploratory
final_period,S0,42,tcn_gru,3,train_q90,8.309000000000006,53,7,2,0.8833333333333333,0.03636363636363636,0.8548387096774194,0.9217391304347826,1,-0.459495496749879,5.0,exploratory
final_period,S0,42,tcn_gru,3,train_q95,9.508999999999997,0,14,0,0.0,,0.0,0.0,2,-0.45591337680816757,4.5,exploratory
final_period,S0,42,tcn_gru,4,official_alarm,11.4,0,0,0,,,,,0,,,exploratory
final_period,S0,42,tcn_gru,4,train_q90,8.309000000000006,52,8,3,0.8666666666666667,0.05454545454545454,0.8253968253968254,0.9043478260869565,1,-0.3720957469940185,5.0,exploratory
final_period,S0,42,tcn_gru,4,train_q95,9.508999999999997,0,14,0,0.0,,0.0,0.0,2,-0.3958545446395876,4.5,exploratory
final_period,S0,42,tcn_gru,5,official_alarm,11.4,0,0,0,,,,,0,,,exploratory
final_period,S0,42,tcn_gru,5,train_q90,8.309000000000006,51,9,3,0.85,0.05555555555555555,0.8095238095238095,0.8947368421052632,1,-0.5200672531127957,6.0,exploratory
final_period,S0,42,tcn_gru,5,train_q95,9.508999999999997,0,14,0,0.0,,0.0,0.0,2,-0.5773022699356094,4.5,exploratory
final_period,S0,42,tcn_gru,6,official_alarm,11.4,0,0,0,,,,,0,,,exploratory
final_period,S0,42,tcn_gru,6,train_q90,8.309000000000006,40,20,0,0.6666666666666666,0.0,0.6666666666666666,0.8,1,-0.810254116058351,8.0,exploratory
final_period,S0,42,tcn_gru,6,train_q95,9.508999999999997,0,14,0,0.0,,0.0,0.0,2,-0.9417337226867684,4.5,exploratory
final_period,S0,42,tcn_gru,7,official_alarm,11.4,0,0,0,,,,,0,,,exploratory
final_period,S0,42,tcn_gru,7,train_q90,8.309000000000006,46,14,5,0.7666666666666667,0.09803921568627451,0.7076923076923077,0.8288288288288288,1,-0.7093560695648193,9.0,exploratory
final_period,S0,42,tcn_gru,7,train_q95,9.508999999999997,0,14,0,0.0,,0.0,0.0,2,-0.8918993377685549,4.5,exploratory
final_period,S0,42,tcn_gru,8,official_alarm,11.4,0,0,0,,,,,0,,,exploratory
final_period,S0,42,tcn_gru,8,train_q90,8.309000000000006,39,21,1,0.65,0.025,0.639344262295082,0.78,1,-0.850752964019776,9.0,exploratory
final_period,S0,42,tcn_gru,8,train_q95,9.508999999999997,0,14,0,0.0,,0.0,0.0,2,-1.0686124086380016,4.5,exploratory
final_period,S0,42,tcn_gru,9,official_alarm,11.4,0,0,0,,,,,0,,,exploratory
final_period,S0,42,tcn_gru,9,train_q90,8.309000000000006,29,31,0,0.48333333333333334,0.0,0.48333333333333334,0.651685393258427,1,-1.0464319610595716,10.0,exploratory
final_period,S0,42,tcn_gru,9,train_q95,9.508999999999997,0,14,0,0.0,,0.0,0.0,2,-1.2636019659042361,3.0,exploratory
final_period,S0,42,tcn_gru,10,official_alarm,11.4,0,0,0,,,,,0,,,exploratory
final_period,S0,42,tcn_gru,10,train_q90,8.309000000000006,19,41,0,0.31666666666666665,0.0,0.31666666666666665,0.4810126582278481,1,-1.2000218868255619,12.0,exploratory
final_period,S0,42,tcn_gru,10,train_q95,9.508999999999997,0,14,0,0.0,,0.0,0.0,2,-1.398417520523072,3.0,exploratory
final_period,S0,42,tcn_gru,11,official_alarm,11.4,0,0,0,,,,,0,,,exploratory
final_period,S0,42,tcn_gru,11,train_q90,8.309000000000006,35,25,4,0.5833333333333334,0.10256410256410256,0.546875,0.7070707070707071,1,-0.9023224258422857,13.0,exploratory
final_period,S0,42,tcn_gru,11,train_q95,9.508999999999997,0,14,0,0.0,,0.0,0.0,2,-1.1192854404449468,3.0,exploratory
final_period,S0,42,tcn_gru,12,official_alarm,11.4,0,0,0,,,,,0,,,exploratory
final_period,S0,42,tcn_gru,12,train_q90,8.309000000000006,26,34,3,0.43333333333333335,0.10344827586206896,0.4126984126984127,0.5842696629213483,1,-1.0229846763610837,14.0,exploratory
final_period,S0,42,tcn_gru,12,train_q95,9.508999999999997,0,14,0,0.0,,0.0,0.0,2,-1.2317044925689702,3.0,exploratory
final_period,S0,42,tcn_gru,13,official_alarm,11.4,0,0,0,,,,,0,,,exploratory
final_period,S0,42,tcn_gru,13,train_q90,8.309000000000006,23,37,2,0.38333333333333336,0.08,0.3709677419354839,0.5411764705882353,1,-1.1875621032714854,15.0,exploratory
final_period,S0,42,tcn_gru,13,train_q95,9.508999999999997,0,14,0,0.0,,0.0,0.0,2,-1.3876848983764658,3.0,exploratory
final_period,S0,42,tcn_gru,14,official_alarm,11.4,0,0,0,,,,,0,,,exploratory
final_period,S0,42,tcn_gru,14,train_q90,8.309000000000006,1,59,0,0.016666666666666666,0.0,0.016666666666666666,0.03278688524590164,1,-1.3908383941650388,16.0,exploratory
final_period,S0,42,tcn_gru,14,train_q95,9.508999999999997,0,14,0,0.0,,0.0,0.0,2,-1.594703240394593,2.5,exploratory
final_period,S0,52,tcn_gru,1,official_alarm,11.4,0,0,0,,,,,0,,,exploratory
final_period,S0,52,tcn_gru,1,train_q90,8.309000000000006,58,2,0,0.9666666666666667,0.0,0.9666666666666667,0.9830508474576272,1,-0.14149436950683736,2.0,exploratory
final_period,S0,52,tcn_gru,1,train_q95,9.508999999999997,3,11,0,0.21428571428571427,0.0,0.21428571428571427,0.35294117647058826,2,-0.14344359874725487,2.0,exploratory
final_period,S0,52,tcn_gru,2,official_alarm,11.4,0,0,0,,,,,0,,,exploratory
final_period,S0,52,tcn_gru,2,train_q90,8.309000000000006,56,4,1,0.9333333333333333,0.017543859649122806,0.9180327868852459,0.9572649572649573,1,-0.28654109954834084,3.0,exploratory
final_period,S0,52,tcn_gru,2,train_q95,9.508999999999997,0,14,0,0.0,,0.0,0.0,2,-0.28354512214660854,3.0,exploratory
final_period,S0,52,tcn_gru,3,official_alarm,11.4,0,0,0,,,,,0,,,exploratory
final_period,S0,52,tcn_gru,3,train_q90,8.309000000000006,56,4,3,0.9333333333333333,0.05084745762711865,0.8888888888888888,0.9411764705882353,1,-0.2770211315155038,4.0,exploratory
final_period,S0,52,tcn_gru,3,train_q95,9.508999999999997,0,14,0,0.0,,0.0,0.0,2,-0.2685705852508562,4.0,exploratory
final_period,S0,52,tcn_gru,4,official_alarm,11.4,0,0,0,,,,,0,,,exploratory
final_period,S0,52,tcn_gru,4,train_q90,8.309000000000006,53,7,3,0.8833333333333333,0.05357142857142857,0.8412698412698413,0.9137931034482759,1,-0.39552165985107557,5.0,exploratory
final_period,S0,52,tcn_gru,4,train_q95,9.508999999999997,0,14,0,0.0,,0.0,0.0,2,-0.40326344966888605,4.5,exploratory
final_period,S0,52,tcn_gru,5,official_alarm,11.4,0,0,0,,,,,0,,,exploratory
final_period,S0,52,tcn_gru,5,train_q90,8.309000000000006,51,9,4,0.85,0.07272727272727272,0.796875,0.8869565217391304,1,-0.4626047039031995,6.0,exploratory
final_period,S0,52,tcn_gru,5,train_q95,9.508999999999997,0,14,0,0.0,,0.0,0.0,2,-0.5213480186462398,4.5,exploratory
final_period,S0,52,tcn_gru,6,official_alarm,11.4,0,0,0,,,,,0,,,exploratory
final_period,S0,52,tcn_gru,6,train_q90,8.309000000000006,50,10,3,0.8333333333333334,0.05660377358490566,0.7936507936507936,0.8849557522123894,1,-0.4687867069244387,7.0,exploratory
final_period,S0,52,tcn_gru,6,train_q95,9.508999999999997,0,14,0,0.0,,0.0,0.0,2,-0.5850927019119263,4.5,exploratory
final_period,S0,52,tcn_gru,7,official_alarm,11.4,0,0,0,,,,,0,,,exploratory
final_period,S0,52,tcn_gru,7,train_q90,8.309000000000006,48,12,4,0.8,0.07692307692307693,0.75,0.8571428571428571,1,-0.6010601997375495,8.0,exploratory
final_period,S0,52,tcn_gru,7,train_q95,9.508999999999997,0,14,0,0.0,,0.0,0.0,2,-0.7652426815032971,4.5,exploratory
final_period,S0,52,tcn_gru,8,official_alarm,11.4,0,0,0,,,,,0,,,exploratory
final_period,S0,52,tcn_gru,8,train_q90,8.309000000000006,43,17,4,0.7166666666666667,0.0851063829787234,0.671875,0.8037383177570093,1,-0.6460780048370349,9.0,exploratory
final_period,S0,52,tcn_gru,8,train_q95,9.508999999999997,0,14,0,0.0,,0.0,0.0,2,-0.8969047021865855,4.5,exploratory
final_period,S0,52,tcn_gru,9,official_alarm,11.4,0,0,0,,,,,0,,,exploratory
final_period,S0,52,tcn_gru,9,train_q90,8.309000000000006,40,20,3,0.6666666666666666,0.06976744186046512,0.6349206349206349,0.7766990291262136,1,-0.7487427902221686,10.0,exploratory
final_period,S0,52,tcn_gru,9,train_q95,9.508999999999997,0,14,0,0.0,,0.0,0.0,2,-1.0074992322921759,3.5,exploratory
final_period,S0,52,tcn_gru,10,official_alarm,11.4,0,0,0,,,,,0,,,exploratory
final_period,S0,52,tcn_gru,10,train_q90,8.309000000000006,38,22,2,0.6333333333333333,0.05,0.6129032258064516,0.76,1,-0.771666860580444,11.0,exploratory
final_period,S0,52,tcn_gru,10,train_q95,9.508999999999997,0,14,0,0.0,,0.0,0.0,2,-1.0216746997833255,3.0,exploratory
final_period,S0,52,tcn_gru,11,official_alarm,11.4,0,0,0,,,,,0,,,exploratory
final_period,S0,52,tcn_gru,11,train_q90,8.309000000000006,32,28,2,0.5333333333333333,0.058823529411764705,0.5161290322580645,0.6808510638297872,1,-0.8448361301422125,12.0,exploratory
final_period,S0,52,tcn_gru,11,train_q95,9.508999999999997,0,14,0,0.0,,0.0,0.0,2,-1.0899474430084233,3.0,exploratory
final_period,S0,52,tcn_gru,12,official_alarm,11.4,0,0,0,,,,,0,,,exploratory
final_period,S0,52,tcn_gru,12,train_q90,8.309000000000006,30,30,4,0.5,0.11764705882352941,0.46875,0.6382978723404256,1,-0.9395870018005379,13.0,exploratory
final_period,S0,52,tcn_gru,12,train_q95,9.508999999999997,0,14,0,0.0,,0.0,0.0,2,-1.1553876256942752,3.0,exploratory
final_period,S0,52,tcn_gru,13,official_alarm,11.4,0,0,0,,,,,0,,,exploratory
final_period,S0,52,tcn_gru,13,train_q90,8.309000000000006,26,34,3,0.43333333333333335,0.10344827586206896,0.4126984126984127,0.5842696629213483,1,-1.043699531555177,14.0,exploratory
final_period,S0,52,tcn_gru,13,train_q95,9.508999999999997,0,14,0,0.0,,0.0,0.0,2,-1.2488534164428717,3.0,exploratory
final_period,S0,52,tcn_gru,14,official_alarm,11.4,0,0,0,,,,,0,,,exploratory
final_period,S0,52,tcn_gru,14,train_q90,8.309000000000006,23,37,3,0.38333333333333336,0.11538461538461539,0.36507936507936506,0.5348837209302325,1,-1.1475730133056654,15.0,exploratory
final_period,S0,52,tcn_gru,14,train_q95,9.508999999999997,0,14,0,0.0,,0.0,0.0,2,-1.350419530868531,2.5,exploratory
final_period,S0,62,tcn_gru,1,official_alarm,11.4,0,0,0,,,,,0,,,exploratory
final_period,S0,62,tcn_gru,1,train_q90,8.309000000000006,57,3,2,0.95,0.03389830508474576,0.9193548387096774,0.957983193277311,1,-0.30938126564026014,3.0,exploratory
final_period,S0,62,tcn_gru,1,train_q95,9.508999999999997,0,14,0,0.0,,0.0,0.0,2,-0.29612720012664884,3.5,exploratory
final_period,S0,62,tcn_gru,2,official_alarm,11.4,0,0,0,,,,,0,,,exploratory
final_period,S0,62,tcn_gru,2,train_q90,8.309000000000006,57,3,5,0.95,0.08064516129032258,0.8769230769230769,0.9344262295081968,1,-0.20926368713378984,4.0,exploratory
final_period,S0,62,tcn_gru,2,train_q95,9.508999999999997,0,14,0,0.0,,0.0,0.0,2,-0.20517220497131472,4.0,exploratory
final_period,S0,62,tcn_gru,3,official_alarm,11.4,0,0,0,,,,,0,,,exploratory
final_period,S0,62,tcn_gru,3,train_q90,8.309000000000006,55,5,4,0.9166666666666666,0.06779661016949153,0.859375,0.9243697478991597,1,-0.29156902313232536,5.0,exploratory
final_period,S0,62,tcn_gru,3,train_q95,9.508999999999997,0,14,0,0.0,,0.0,0.0,2,-0.28206729888916104,4.5,exploratory
final_period,S0,62,tcn_gru,4,official_alarm,11.4,0,0,0,,,,,0,,,exploratory
final_period,S0,62,tcn_gru,4,train_q90,8.309000000000006,53,7,4,0.8833333333333333,0.07017543859649122,0.828125,0.905982905982906,1,-0.38070859909057475,6.0,exploratory
final_period,S0,62,tcn_gru,4,train_q95,9.508999999999997,0,14,0,0.0,,0.0,0.0,2,-0.41310755729675286,4.5,exploratory
final_period,S0,62,tcn_gru,5,official_alarm,11.4,0,0,0,,,,,0,,,exploratory
final_period,S0,62,tcn_gru,5,train_q90,8.309000000000006,51,9,3,0.85,0.05555555555555555,0.8095238095238095,0.8947368421052632,1,-0.555000715255737,7.0,exploratory
final_period,S0,62,tcn_gru,5,train_q95,9.508999999999997,0,14,0,0.0,,0.0,0.0,2,-0.6163660383224494,4.5,exploratory
final_period,S0,62,tcn_gru,6,official_alarm,11.4,0,0,0,,,,,0,,,exploratory
final_period,S0,62,tcn_gru,6,train_q90,8.309000000000006,51,9,6,0.85,0.10526315789473684,0.7727272727272727,0.8717948717948718,1,-0.32160595893859956,8.0,exploratory
final_period,S0,62,tcn_gru,6,train_q95,9.508999999999997,0,14,0,0.0,,0.0,0.0,2,-0.4800006294250494,4.5,exploratory
final_period,S0,62,tcn_gru,7,official_alarm,11.4,0,0,0,,,,,0,,,exploratory
final_period,S0,62,tcn_gru,7,train_q90,8.309000000000006,42,18,3,0.7,0.06666666666666667,0.6666666666666666,0.8,1,-0.7800192928314207,9.0,exploratory
final_period,S0,62,tcn_gru,7,train_q95,9.508999999999997,0,14,0,0.0,,0.0,0.0,2,-0.9408028602600105,4.5,exploratory
final_period,S0,62,tcn_gru,8,official_alarm,11.4,0,0,0,,,,,0,,,exploratory
final_period,S0,62,tcn_gru,8,train_q90,8.309000000000006,41,19,3,0.6833333333333333,0.06818181818181818,0.6507936507936508,0.7884615384615384,1,-0.8291080379486093,10.0,exploratory
final_period,S0,62,tcn_gru,8,train_q95,9.508999999999997,0,14,0,0.0,,0.0,0.0,2,-1.0263840246200564,5.0,exploratory
final_period,S0,62,tcn_gru,9,official_alarm,11.4,0,0,0,,,,,0,,,exploratory
final_period,S0,62,tcn_gru,9,train_q90,8.309000000000006,44,16,6,0.7333333333333333,0.12,0.6666666666666666,0.8,1,-0.6922720527648938,11.0,exploratory
final_period,S0,62,tcn_gru,9,train_q95,9.508999999999997,0,14,0,0.0,,0.0,0.0,2,-0.9081142330169687,2.5,exploratory
final_period,S0,62,tcn_gru,10,official_alarm,11.4,0,0,0,,,,,0,,,exploratory
final_period,S0,62,tcn_gru,10,train_q90,8.309000000000006,41,19,7,0.6833333333333333,0.14583333333333334,0.6119402985074627,0.7592592592592593,1,-0.7218617630004882,12.0,exploratory
final_period,S0,62,tcn_gru,10,train_q95,9.508999999999997,0,14,0,0.0,,0.0,0.0,2,-0.949139065742493,3.0,exploratory
final_period,S0,62,tcn_gru,11,official_alarm,11.4,0,0,0,,,,,0,,,exploratory
final_period,S0,62,tcn_gru,11,train_q90,8.309000000000006,38,22,6,0.6333333333333333,0.13636363636363635,0.5757575757575758,0.7307692307692307,1,-0.8184363651275639,13.0,exploratory
final_period,S0,62,tcn_gru,11,train_q95,9.508999999999997,0,14,0,0.0,,0.0,0.0,2,-1.016625404357911,3.0,exploratory
final_period,S0,62,tcn_gru,12,official_alarm,11.4,0,0,0,,,,,0,,,exploratory
final_period,S0,62,tcn_gru,12,train_q90,8.309000000000006,42,18,10,0.7,0.19230769230769232,0.6,0.75,1,-0.665650653839112,14.0,exploratory
final_period,S0,62,tcn_gru,12,train_q95,9.508999999999997,0,14,0,0.0,,0.0,0.0,2,-0.8813974523544319,3.0,exploratory
final_period,S0,62,tcn_gru,13,official_alarm,11.4,0,0,0,,,,,0,,,exploratory
final_period,S0,62,tcn_gru,13,train_q90,8.309000000000006,35,25,8,0.5833333333333334,0.18604651162790697,0.5147058823529411,0.6796116504854369,1,-0.8538178443908695,15.0,exploratory
final_period,S0,62,tcn_gru,13,train_q95,9.508999999999997,0,14,0,0.0,,0.0,0.0,2,-1.0580060386657717,3.0,exploratory
final_period,S0,62,tcn_gru,14,official_alarm,11.4,0,0,0,,,,,0,,,exploratory
final_period,S0,62,tcn_gru,14,train_q90,8.309000000000006,34,26,9,0.5666666666666667,0.20930232558139536,0.4927536231884058,0.6601941747572816,1,-0.8136403656005857,16.0,exploratory
final_period,S0,62,tcn_gru,14,train_q95,9.508999999999997,0,14,0,0.0,,0.0,0.0,2,-1.0442920446395885,2.0,exploratory
final_period,S0,72,tcn_gru,1,official_alarm,11.4,0,0,0,,,,,0,,,exploratory
final_period,S0,72,tcn_gru,1,train_q90,8.309000000000006,54,6,0,0.9,0.0,0.9,0.9473684210526315,1,-0.3705031490325936,2.0,exploratory
final_period,S0,72,tcn_gru,1,train_q95,9.508999999999997,0,14,0,0.0,,0.0,0.0,2,-0.35619948863983275,1.5,exploratory
final_period,S0,72,tcn_gru,2,official_alarm,11.4,0,0,0,,,,,0,,,exploratory
final_period,S0,72,tcn_gru,2,train_q90,8.309000000000006,55,5,1,0.9166666666666666,0.017857142857142856,0.9016393442622951,0.9482758620689655,1,-0.26209171295165845,3.0,exploratory
final_period,S0,72,tcn_gru,2,train_q95,9.508999999999997,0,14,0,0.0,,0.0,0.0,2,-0.2609697294235236,3.0,exploratory
final_period,S0,72,tcn_gru,3,official_alarm,11.4,0,0,0,,,,,0,,,exploratory
final_period,S0,72,tcn_gru,3,train_q90,8.309000000000006,56,4,0,0.9333333333333333,0.0,0.9333333333333333,0.9655172413793104,1,-0.34379547119140774,4.0,exploratory
final_period,S0,72,tcn_gru,3,train_q95,9.508999999999997,0,14,0,0.0,,0.0,0.0,2,-0.3094885587692282,3.5,exploratory
final_period,S0,72,tcn_gru,4,official_alarm,11.4,0,0,0,,,,,0,,,exploratory
final_period,S0,72,tcn_gru,4,train_q90,8.309000000000006,49,11,0,0.8166666666666667,0.0,0.8166666666666667,0.8990825688073395,1,-0.5617510509490948,13.0,exploratory
final_period,S0,72,tcn_gru,4,train_q95,9.508999999999997,0,14,0,0.0,,0.0,0.0,2,-0.6009149885177605,4.0,exploratory
final_period,S0,72,tcn_gru,5,official_alarm,11.4,0,0,0,,,,,0,,,exploratory
final_period,S0,72,tcn_gru,5,train_q90,8.309000000000006,53,7,3,0.8833333333333333,0.05357142857142857,0.8412698412698413,0.9137931034482759,1,-0.35790088653564567,6.0,exploratory
final_period,S0,72,tcn_gru,5,train_q95,9.508999999999997,0,14,0,0.0,,0.0,0.0,2,-0.3833753681182879,4.5,exploratory
final_period,S0,72,tcn_gru,6,official_alarm,11.4,0,0,0,,,,,0,,,exploratory
final_period,S0,72,tcn_gru,6,train_q90,8.309000000000006,53,7,0,0.8833333333333333,0.0,0.8833333333333333,0.9380530973451328,1,-0.5000632095336908,10.0,exploratory
final_period,S0,72,tcn_gru,6,train_q95,9.508999999999997,0,14,0,0.0,,0.0,0.0,2,-0.5995839977264419,4.5,exploratory
final_period,S0,72,tcn_gru,7,official_alarm,11.4,0,0,0,,,,,0,,,exploratory
final_period,S0,72,tcn_gru,7,train_q90,8.309000000000006,49,11,4,0.8166666666666667,0.07547169811320754,0.765625,0.8672566371681416,1,-0.6069342899322514,8.0,exploratory
final_period,S0,72,tcn_gru,7,train_q95,9.508999999999997,0,14,0,0.0,,0.0,0.0,2,-0.7385381698608402,4.5,exploratory
final_period,S0,72,tcn_gru,8,official_alarm,11.4,0,0,0,,,,,0,,,exploratory
final_period,S0,72,tcn_gru,8,train_q90,8.309000000000006,47,13,0,0.7833333333333333,0.0,0.7833333333333333,0.8785046728971962,1,-0.7793757629394538,8.0,exploratory
final_period,S0,72,tcn_gru,8,train_q95,9.508999999999997,0,14,0,0.0,,0.0,0.0,2,-0.9477950143814091,5.0,exploratory
final_period,S0,72,tcn_gru,9,official_alarm,11.4,0,0,0,,,,,0,,,exploratory
final_period,S0,72,tcn_gru,9,train_q90,8.309000000000006,46,14,0,0.7666666666666667,0.0,0.7666666666666667,0.8679245283018868,1,-0.8043396568298338,7.0,exploratory
final_period,S0,72,tcn_gru,9,train_q95,9.508999999999997,0,14,0,0.0,,0.0,0.0,2,-0.9256260824203499,3.5,exploratory
final_period,S0,72,tcn_gru,10,official_alarm,11.4,0,0,0,,,,,0,,,exploratory
final_period,S0,72,tcn_gru,10,train_q90,8.309000000000006,48,12,1,0.8,0.02040816326530612,0.7868852459016393,0.8807339449541285,1,-0.6905061054229744,7.0,exploratory
final_period,S0,72,tcn_gru,10,train_q95,9.508999999999997,0,14,0,0.0,,0.0,0.0,2,-0.7958780288696303,3.0,exploratory
final_period,S0,72,tcn_gru,11,official_alarm,11.4,0,0,0,,,,,0,,,exploratory
final_period,S0,72,tcn_gru,11,train_q90,8.309000000000006,43,17,0,0.7166666666666667,0.0,0.7166666666666667,0.8349514563106796,1,-0.9097914886474623,5.0,exploratory
final_period,S0,72,tcn_gru,11,train_q95,9.508999999999997,0,14,0,0.0,,0.0,0.0,2,-0.9882079792022713,3.0,exploratory
final_period,S0,72,tcn_gru,12,official_alarm,11.4,0,0,0,,,,,0,,,exploratory
final_period,S0,72,tcn_gru,12,train_q90,8.309000000000006,37,23,7,0.6166666666666667,0.1590909090909091,0.5522388059701493,0.7115384615384616,1,-0.8046182823181152,14.0,exploratory
final_period,S0,72,tcn_gru,12,train_q95,9.508999999999997,0,14,0,0.0,,0.0,0.0,2,-0.9981506347656266,3.5,exploratory
final_period,S0,72,tcn_gru,13,official_alarm,11.4,0,0,0,,,,,0,,,exploratory
final_period,S0,72,tcn_gru,13,train_q90,8.309000000000006,37,23,8,0.6166666666666667,0.17777777777777778,0.5441176470588235,0.7047619047619048,1,-0.8249801063537596,14.0,exploratory
final_period,S0,72,tcn_gru,13,train_q95,9.508999999999997,0,14,0,0.0,,0.0,0.0,2,-0.9986148786544806,3.0,exploratory
final_period,S0,72,tcn_gru,14,official_alarm,11.4,0,0,0,,,,,0,,,exploratory
final_period,S0,72,tcn_gru,14,train_q90,8.309000000000006,8,52,0,0.13333333333333333,0.0,0.13333333333333333,0.23529411764705882,1,-1.1813096523284923,2.0,exploratory
final_period,S0,72,tcn_gru,14,train_q95,9.508999999999997,0,14,0,0.0,,0.0,0.0,2,-1.2316740179061902,3.0,exploratory
final_period,S0,82,tcn_gru,1,official_alarm,11.4,0,0,0,,,,,0,,,exploratory
final_period,S0,82,tcn_gru,1,train_q90,8.309000000000006,40,20,0,0.6666666666666666,0.0,0.6666666666666666,0.8,1,-0.7359845924377453,2.0,exploratory
final_period,S0,82,tcn_gru,1,train_q95,9.508999999999997,0,14,0,0.0,,0.0,0.0,2,-0.7098096656799324,2.0,exploratory
final_period,S0,82,tcn_gru,2,official_alarm,11.4,0,0,0,,,,,0,,,exploratory
final_period,S0,82,tcn_gru,2,train_q90,8.309000000000006,54,6,2,0.9,0.03571428571428571,0.8709677419354839,0.9310344827586207,1,-0.3451743507385281,4.0,exploratory
final_period,S0,82,tcn_gru,2,train_q95,9.508999999999997,0,14,0,0.0,,0.0,0.0,2,-0.33827445030212555,4.0,exploratory
final_period,S0,82,tcn_gru,3,official_alarm,11.4,0,0,0,,,,,0,,,exploratory
final_period,S0,82,tcn_gru,3,train_q90,8.309000000000006,45,15,0,0.75,0.0,0.75,0.8571428571428571,1,-0.6489481639862067,5.0,exploratory
final_period,S0,82,tcn_gru,3,train_q95,9.508999999999997,0,14,0,0.0,,0.0,0.0,2,-0.6364330101013191,4.5,exploratory
final_period,S0,82,tcn_gru,4,official_alarm,11.4,0,0,0,,,,,0,,,exploratory
final_period,S0,82,tcn_gru,4,train_q90,8.309000000000006,39,21,0,0.65,0.0,0.65,0.7878787878787878,1,-0.7780633735656739,5.0,exploratory
final_period,S0,82,tcn_gru,4,train_q95,9.508999999999997,0,14,0,0.0,,0.0,0.0,2,-0.7951620721817019,4.5,exploratory
final_period,S0,82,tcn_gru,5,official_alarm,11.4,0,0,0,,,,,0,,,exploratory
final_period,S0,82,tcn_gru,5,train_q90,8.309000000000006,45,15,1,0.75,0.021739130434782608,0.7377049180327869,0.8490566037735849,1,-0.6645076560974132,7.0,exploratory
final_period,S0,82,tcn_gru,5,train_q95,9.508999999999997,0,14,0,0.0,,0.0,0.0,2,-0.75545358657837,4.5,exploratory
final_period,S0,82,tcn_gru,6,official_alarm,11.4,0,0,0,,,,,0,,,exploratory
final_period,S0,82,tcn_gru,6,train_q90,8.309000000000006,37,23,0,0.6166666666666667,0.0,0.6166666666666667,0.7628865979381443,1,-0.9431743049621595,8.0,exploratory
final_period,S0,82,tcn_gru,6,train_q95,9.508999999999997,0,14,0,0.0,,0.0,0.0,2,-1.0490642976760878,4.5,exploratory
final_period,S0,82,tcn_gru,7,official_alarm,11.4,0,0,0,,,,,0,,,exploratory
final_period,S0,82,tcn_gru,7,train_q90,8.309000000000006,40,20,0,0.6666666666666666,0.0,0.6666666666666666,0.8,1,-0.8411530494689945,9.0,exploratory
final_period,S0,82,tcn_gru,7,train_q95,9.508999999999997,0,14,0,0.0,,0.0,0.0,2,-1.035087113380433,4.5,exploratory
final_period,S0,82,tcn_gru,8,official_alarm,11.4,0,0,0,,,,,0,,,exploratory
final_period,S0,82,tcn_gru,8,train_q90,8.309000000000006,21,39,0,0.35,0.0,0.35,0.5185185185185185,1,-1.1550729465484633,9.0,exploratory
final_period,S0,82,tcn_gru,8,train_q95,9.508999999999997,0,14,0,0.0,,0.0,0.0,2,-1.387679357528687,3.0,exploratory
final_period,S0,82,tcn_gru,9,official_alarm,11.4,0,0,0,,,,,0,,,exploratory
final_period,S0,82,tcn_gru,9,train_q90,8.309000000000006,26,34,0,0.43333333333333335,0.0,0.43333333333333335,0.6046511627906976,1,-1.1485671997070312,11.0,exploratory
final_period,S0,82,tcn_gru,9,train_q95,9.508999999999997,0,14,0,0.0,,0.0,0.0,2,-1.3725750064849862,3.0,exploratory
final_period,S0,82,tcn_gru,10,official_alarm,11.4,0,0,0,,,,,0,,,exploratory
final_period,S0,82,tcn_gru,10,train_q90,8.309000000000006,4,56,0,0.06666666666666667,0.0,0.06666666666666667,0.125,1,-1.350485191345216,12.0,exploratory
final_period,S0,82,tcn_gru,10,train_q95,9.508999999999997,0,14,0,0.0,,0.0,0.0,2,-1.5487197446823124,3.0,exploratory
final_period,S0,82,tcn_gru,11,official_alarm,11.4,0,0,0,,,,,0,,,exploratory
final_period,S0,82,tcn_gru,11,train_q90,8.309000000000006,19,41,0,0.31666666666666665,0.0,0.31666666666666665,0.4810126582278481,1,-1.2055587768554688,12.0,exploratory
final_period,S0,82,tcn_gru,11,train_q95,9.508999999999997,0,14,0,0.0,,0.0,0.0,2,-1.4141388845443732,3.5,exploratory
final_period,S0,82,tcn_gru,12,official_alarm,11.4,0,0,0,,,,,0,,,exploratory
final_period,S0,82,tcn_gru,12,train_q90,8.309000000000006,0,60,0,0.0,,0.0,0.0,1,-1.5296975803375243,14.0,exploratory
final_period,S0,82,tcn_gru,12,train_q95,9.508999999999997,0,14,0,0.0,,0.0,0.0,2,-1.7312226057052618,3.0,exploratory
final_period,S0,82,tcn_gru,13,official_alarm,11.4,0,0,0,,,,,0,,,exploratory
final_period,S0,82,tcn_gru,13,train_q90,8.309000000000006,0,60,0,0.0,,0.0,0.0,1,-1.6348882007598888,14.0,exploratory
final_period,S0,82,tcn_gru,13,train_q95,9.508999999999997,0,14,0,0.0,,0.0,0.0,2,-1.8329838371276868,3.0,exploratory
final_period,S0,82,tcn_gru,14,official_alarm,11.4,0,0,0,,,,,0,,,exploratory
final_period,S0,82,tcn_gru,14,train_q90,8.309000000000006,0,60,0,0.0,,0.0,0.0,1,-1.598806991577149,15.0,exploratory
final_period,S0,82,tcn_gru,14,train_q95,9.508999999999997,0,14,0,0.0,,0.0,0.0,2,-1.768516864776612,3.0,exploratory
final_period,S4,42,tcn_gru,1,official_alarm,11.4,0,0,0,,,,,0,,,exploratory
final_period,S4,42,tcn_gru,1,train_q90,8.309000000000006,60,0,3,1.0,0.047619047619047616,0.9523809523809523,0.975609756097561,1,0.03791828155517507,1.0,exploratory
final_period,S4,42,tcn_gru,1,train_q95,9.508999999999997,14,0,10,1.0,0.4166666666666667,0.5833333333333334,0.7368421052631579,2,0.07937209606170548,1.0,exploratory
final_period,S4,42,tcn_gru,2,official_alarm,11.4,0,0,0,,,,,0,,,exploratory
final_period,S4,42,tcn_gru,2,train_q90,8.309000000000006,59,1,2,0.9833333333333333,0.03278688524590164,0.9516129032258065,0.9752066115702479,1,0.013139610290526349,2.0,exploratory
final_period,S4,42,tcn_gru,2,train_q95,9.508999999999997,11,3,4,0.7857142857142857,0.26666666666666666,0.6111111111111112,0.7586206896551724,2,0.026769266128538582,1.5,exploratory
final_period,S4,42,tcn_gru,3,official_alarm,11.4,0,0,0,,,,,0,,,exploratory
final_period,S4,42,tcn_gru,3,train_q90,8.309000000000006,58,2,3,0.9666666666666667,0.04918032786885246,0.9206349206349206,0.9586776859504132,1,-0.05171601295471184,3.0,exploratory
final_period,S4,42,tcn_gru,3,train_q95,9.508999999999997,6,8,3,0.42857142857142855,0.3333333333333333,0.35294117647058826,0.5217391304347826,2,-0.056125378608704146,2.5,exploratory
final_period,S4,42,tcn_gru,4,official_alarm,11.4,0,0,0,,,,,0,,,exploratory
final_period,S4,42,tcn_gru,4,train_q90,8.309000000000006,57,3,3,0.95,0.05,0.9047619047619048,0.95,1,-0.0635275173187253,4.0,exploratory
final_period,S4,42,tcn_gru,4,train_q95,9.508999999999997,3,11,2,0.21428571428571427,0.4,0.1875,0.3157894736842105,2,-0.083636875152588,3.5,exploratory
final_period,S4,42,tcn_gru,5,official_alarm,11.4,0,0,0,,,,,0,,,exploratory
final_period,S4,42,tcn_gru,5,train_q90,8.309000000000006,55,5,5,0.9166666666666666,0.08333333333333333,0.8461538461538461,0.9166666666666666,1,-0.08209806442260792,5.0,exploratory
final_period,S4,42,tcn_gru,5,train_q95,9.508999999999997,2,12,4,0.14285714285714285,0.6666666666666666,0.1111111111111111,0.2,2,-0.12906707763671932,4.5,exploratory
final_period,S4,42,tcn_gru,6,official_alarm,11.4,0,0,0,,,,,0,,,exploratory
final_period,S4,42,tcn_gru,6,train_q90,8.309000000000006,56,4,4,0.9333333333333333,0.06666666666666667,0.875,0.9333333333333333,1,-0.21976438522338881,12.0,exploratory
final_period,S4,42,tcn_gru,6,train_q95,9.508999999999997,0,14,0,0.0,,0.0,0.0,2,-0.18173481464385954,4.5,exploratory
final_period,S4,42,tcn_gru,7,official_alarm,11.4,0,0,0,,,,,0,,,exploratory
final_period,S4,42,tcn_gru,7,train_q90,8.309000000000006,54,6,2,0.9,0.03571428571428571,0.8709677419354839,0.9310344827586207,1,-0.36440267562866246,11.0,exploratory
final_period,S4,42,tcn_gru,7,train_q95,9.508999999999997,0,14,0,0.0,,0.0,0.0,2,-0.40793675899505644,4.5,exploratory
final_period,S4,42,tcn_gru,8,official_alarm,11.4,0,0,0,,,,,0,,,exploratory
final_period,S4,42,tcn_gru,8,train_q90,8.309000000000006,54,6,0,0.9,0.0,0.9,0.9473684210526315,1,-0.3074688816070559,10.0,exploratory
final_period,S4,42,tcn_gru,8,train_q95,9.508999999999997,0,14,0,0.0,,0.0,0.0,2,-0.47635435581207375,4.5,exploratory
final_period,S4,42,tcn_gru,9,official_alarm,11.4,0,0,0,,,,,0,,,exploratory
final_period,S4,42,tcn_gru,9,train_q90,8.309000000000006,51,9,5,0.85,0.08928571428571429,0.7846153846153846,0.8793103448275862,1,-0.4534710121154788,9.0,exploratory
final_period,S4,42,tcn_gru,9,train_q95,9.508999999999997,0,14,0,0.0,,0.0,0.0,2,-0.6063877630233776,4.5,exploratory
final_period,S4,42,tcn_gru,10,official_alarm,11.4,0,0,0,,,,,0,,,exploratory
final_period,S4,42,tcn_gru,10,train_q90,8.309000000000006,49,11,8,0.8166666666666667,0.14035087719298245,0.7205882352941176,0.8376068376068376,1,-0.3878309631347676,10.0,exploratory
final_period,S4,42,tcn_gru,10,train_q95,9.508999999999997,0,14,0,0.0,,0.0,0.0,2,-0.7087189102172866,4.5,exploratory
final_period,S4,42,tcn_gru,11,official_alarm,11.4,0,0,0,,,,,0,,,exploratory
final_period,S4,42,tcn_gru,11,train_q90,8.309000000000006,50,10,4,0.8333333333333334,0.07407407407407407,0.78125,0.8771929824561403,1,-0.5243994045257576,7.0,exploratory
final_period,S4,42,tcn_gru,11,train_q95,9.508999999999997,0,14,0,0.0,,0.0,0.0,2,-0.6936141633987427,3.5,exploratory
final_period,S4,42,tcn_gru,12,official_alarm,11.4,0,0,0,,,,,0,,,exploratory
final_period,S4,42,tcn_gru,12,train_q90,8.309000000000006,49,11,5,0.8166666666666667,0.09259259259259259,0.7538461538461538,0.8596491228070176,1,-0.46678329467773594,7.0,exploratory
final_period,S4,42,tcn_gru,12,train_q95,9.508999999999997,0,14,0,0.0,,0.0,0.0,2,-0.6576073598861703,3.5,exploratory
final_period,S4,42,tcn_gru,13,official_alarm,11.4,0,0,0,,,,,0,,,exploratory
final_period,S4,42,tcn_gru,13,train_q90,8.309000000000006,39,21,7,0.65,0.15217391304347827,0.582089552238806,0.7358490566037735,1,-0.6928158473968509,13.0,exploratory
final_period,S4,42,tcn_gru,13,train_q95,9.508999999999997,0,14,0,0.0,,0.0,0.0,2,-1.0155678939819346,3.0,exploratory
final_period,S4,42,tcn_gru,14,official_alarm,11.4,0,0,0,,,,,0,,,exploratory
final_period,S4,42,tcn_gru,14,train_q90,8.309000000000006,46,14,5,0.7666666666666667,0.09803921568627451,0.7076923076923077,0.8288288288288288,1,-0.6507386493682876,4.0,exploratory
final_period,S4,42,tcn_gru,14,train_q95,9.508999999999997,0,14,0,0.0,,0.0,0.0,2,-0.8164349699020397,2.5,exploratory
final_period,S4,52,tcn_gru,1,official_alarm,11.4,0,0,0,,,,,0,,,exploratory
final_period,S4,52,tcn_gru,1,train_q90,8.309000000000006,60,0,3,1.0,0.047619047619047616,0.9523809523809523,0.975609756097561,1,0.11820279121398869,16.0,exploratory
final_period,S4,52,tcn_gru,1,train_q95,9.508999999999997,14,0,12,1.0,0.46153846153846156,0.5384615384615384,0.7,2,0.17296374320983876,1.0,exploratory
final_period,S4,52,tcn_gru,2,official_alarm,11.4,0,0,0,,,,,0,,,exploratory
final_period,S4,52,tcn_gru,2,train_q90,8.309000000000006,60,0,3,1.0,0.047619047619047616,0.9523809523809523,0.975609756097561,1,0.19314196586608823,16.0,exploratory
final_period,S4,52,tcn_gru,2,train_q95,9.508999999999997,14,0,13,1.0,0.48148148148148145,0.5185185185185185,0.6829268292682927,2,0.24668472290038945,1.0,exploratory
final_period,S4,52,tcn_gru,3,official_alarm,11.4,0,0,0,,,,,0,,,exploratory
final_period,S4,52,tcn_gru,3,train_q90,8.309000000000006,59,1,2,0.9833333333333333,0.03278688524590164,0.9516129032258065,0.9752066115702479,1,-0.09478977203369077,2.0,exploratory
final_period,S4,52,tcn_gru,3,train_q95,9.508999999999997,6,8,3,0.42857142857142855,0.3333333333333333,0.35294117647058826,0.5217391304347826,2,-0.04130638122558494,2.0,exploratory
final_period,S4,52,tcn_gru,4,official_alarm,11.4,0,0,0,,,,,0,,,exploratory
final_period,S4,52,tcn_gru,4,train_q90,8.309000000000006,58,2,3,0.9666666666666667,0.04918032786885246,0.9206349206349206,0.9586776859504132,1,-0.0028908538818370744,14.0,exploratory
final_period,S4,52,tcn_gru,4,train_q95,9.508999999999997,7,7,6,0.5,0.46153846153846156,0.35,0.5185185185185185,2,0.04589943885803116,3.0,exploratory
final_period,S4,52,tcn_gru,5,official_alarm,11.4,0,0,0,,,,,0,,,exploratory
final_period,S4,52,tcn_gru,5,train_q90,8.309000000000006,56,4,2,0.9333333333333333,0.034482758620689655,0.9032258064516129,0.9491525423728814,1,-0.27611639022827283,13.0,exploratory
final_period,S4,52,tcn_gru,5,train_q95,9.508999999999997,0,14,0,0.0,,0.0,0.0,2,-0.23175600528717144,4.0,exploratory
final_period,S4,52,tcn_gru,6,official_alarm,11.4,0,0,0,,,,,0,,,exploratory
final_period,S4,52,tcn_gru,6,train_q90,8.309000000000006,56,4,6,0.9333333333333333,0.0967741935483871,0.8484848484848485,0.9180327868852459,1,-0.15535282135009965,6.0,exploratory
final_period,S4,52,tcn_gru,6,train_q95,9.508999999999997,0,14,4,0.0,1.0,0.0,0.0,2,-0.14485691070556683,4.5,exploratory
final_period,S4,52,tcn_gru,7,official_alarm,11.4,0,0,0,,,,,0,,,exploratory
final_period,S4,52,tcn_gru,7,train_q90,8.309000000000006,54,6,3,0.9,0.05263157894736842,0.8571428571428571,0.9230769230769231,1,-0.38321860313415534,11.0,exploratory
final_period,S4,52,tcn_gru,7,train_q95,9.508999999999997,0,14,0,0.0,,0.0,0.0,2,-0.4086626100540167,4.5,exploratory
final_period,S4,52,tcn_gru,8,official_alarm,11.4,0,0,0,,,,,0,,,exploratory
final_period,S4,52,tcn_gru,8,train_q90,8.309000000000006,51,9,2,0.85,0.03773584905660377,0.8225806451612904,0.9026548672566371,1,-0.56397134780884,10.0,exploratory
final_period,S4,52,tcn_gru,8,train_q95,9.508999999999997,0,14,0,0.0,,0.0,0.0,2,-0.6567200326919558,4.5,exploratory
final_period,S4,52,tcn_gru,9,official_alarm,11.4,0,0,0,,,,,0,,,exploratory
final_period,S4,52,tcn_gru,9,train_q90,8.309000000000006,52,8,6,0.8666666666666667,0.10344827586206896,0.7878787878787878,0.8813559322033898,1,-0.4283480167388909,8.0,exploratory
final_period,S4,52,tcn_gru,9,train_q95,9.508999999999997,0,14,0,0.0,,0.0,0.0,2,-0.5944567346572898,4.5,exploratory
final_period,S4,52,tcn_gru,10,official_alarm,11.4,0,0,0,,,,,0,,,exploratory
final_period,S4,52,tcn_gru,10,train_q90,8.309000000000006,50,10,6,0.8333333333333334,0.10714285714285714,0.7575757575757576,0.8620689655172413,1,-0.5383061408996586,8.0,exploratory
final_period,S4,52,tcn_gru,10,train_q95,9.508999999999997,0,14,0,0.0,,0.0,0.0,2,-0.7258638763427747,5.0,exploratory
final_period,S4,52,tcn_gru,11,official_alarm,11.4,0,0,0,,,,,0,,,exploratory
final_period,S4,52,tcn_gru,11,train_q90,8.309000000000006,50,10,10,0.8333333333333334,0.16666666666666666,0.7142857142857143,0.8333333333333334,1,-0.3064264106750496,11.0,exploratory
final_period,S4,52,tcn_gru,11,train_q95,9.508999999999997,0,14,0,0.0,,0.0,0.0,2,-0.5086072349548347,3.5,exploratory
final_period,S4,52,tcn_gru,12,official_alarm,11.4,0,0,0,,,,,0,,,exploratory
final_period,S4,52,tcn_gru,12,train_q90,8.309000000000006,43,17,3,0.7166666666666667,0.06521739130434782,0.6825396825396826,0.8113207547169812,1,-0.6576560020446784,6.0,exploratory
final_period,S4,52,tcn_gru,12,train_q95,9.508999999999997,0,14,0,0.0,,0.0,0.0,2,-0.8663164520263678,3.5,exploratory
final_period,S4,52,tcn_gru,13,official_alarm,11.4,0,0,0,,,,,0,,,exploratory
final_period,S4,52,tcn_gru,13,train_q90,8.309000000000006,47,13,9,0.7833333333333333,0.16071428571428573,0.6811594202898551,0.8103448275862069,1,-0.5195274162292485,12.0,exploratory
final_period,S4,52,tcn_gru,13,train_q95,9.508999999999997,0,14,0,0.0,,0.0,0.0,2,-0.7247707462310808,3.0,exploratory
final_period,S4,52,tcn_gru,14,official_alarm,11.4,0,0,0,,,,,0,,,exploratory
final_period,S4,52,tcn_gru,14,train_q90,8.309000000000006,40,20,5,0.6666666666666666,0.1111111111111111,0.6153846153846154,0.7619047619047619,1,-0.7369202041625975,4.0,exploratory
final_period,S4,52,tcn_gru,14,train_q95,9.508999999999997,0,14,0,0.0,,0.0,0.0,2,-0.9266266012191773,2.0,exploratory
final_period,S4,62,tcn_gru,1,official_alarm,11.4,0,0,0,,,,,0,,,exploratory
final_period,S4,62,tcn_gru,1,train_q90,8.309000000000006,60,0,0,1.0,0.0,1.0,1.0,1,-0.26026006698608484,1.0,exploratory
final_period,S4,62,tcn_gru,1,train_q95,9.508999999999997,0,14,0,0.0,,0.0,0.0,2,-0.21119391918182462,1.0,exploratory
final_period,S4,62,tcn_gru,2,official_alarm,11.4,0,0,0,,,,,0,,,exploratory
final_period,S4,62,tcn_gru,2,train_q90,8.309000000000006,60,0,1,1.0,0.01639344262295082,0.9836065573770492,0.9917355371900827,1,-0.11821093559265172,2.0,exploratory
final_period,S4,62,tcn_gru,2,train_q95,9.508999999999997,7,7,1,0.5,0.125,0.4666666666666667,0.6363636363636364,2,-0.06604626655578816,2.0,exploratory
final_period,S4,62,tcn_gru,3,official_alarm,11.4,0,0,0,,,,,0,,,exploratory
final_period,S4,62,tcn_gru,3,train_q90,8.309000000000006,58,2,0,0.9666666666666667,0.0,0.9666666666666667,0.9830508474576272,1,-0.18064520835876507,15.0,exploratory
final_period,S4,62,tcn_gru,3,train_q95,9.508999999999997,1,13,0,0.07142857142857142,0.0,0.07142857142857142,0.13333333333333333,2,-0.14077845096588248,2.0,exploratory
final_period,S4,62,tcn_gru,4,official_alarm,11.4,0,0,0,,,,,0,,,exploratory
final_period,S4,62,tcn_gru,4,train_q90,8.309000000000006,57,3,1,0.95,0.017241379310344827,0.9344262295081968,0.9661016949152542,1,-0.2616199493408189,14.0,exploratory
final_period,S4,62,tcn_gru,4,train_q95,9.508999999999997,0,14,0,0.0,,0.0,0.0,2,-0.212012777328491,3.0,exploratory
final_period,S4,62,tcn_gru,5,official_alarm,11.4,0,0,0,,,,,0,,,exploratory
final_period,S4,62,tcn_gru,5,train_q90,8.309000000000006,57,3,3,0.95,0.05,0.9047619047619048,0.95,1,-0.20540963172912718,13.0,exploratory
final_period,S4,62,tcn_gru,5,train_q95,9.508999999999997,0,14,0,0.0,,0.0,0.0,2,-0.16353827476501515,4.5,exploratory
final_period,S4,62,tcn_gru,6,official_alarm,11.4,0,0,0,,,,,0,,,exploratory
final_period,S4,62,tcn_gru,6,train_q90,8.309000000000006,55,5,2,0.9166666666666666,0.03508771929824561,0.8870967741935484,0.9401709401709402,1,-0.4925276565551755,12.0,exploratory
final_period,S4,62,tcn_gru,6,train_q95,9.508999999999997,0,14,0,0.0,,0.0,0.0,2,-0.4682350349426274,4.5,exploratory
final_period,S4,62,tcn_gru,7,official_alarm,11.4,0,0,0,,,,,0,,,exploratory
final_period,S4,62,tcn_gru,7,train_q90,8.309000000000006,53,7,3,0.8833333333333333,0.05357142857142857,0.8412698412698413,0.9137931034482759,1,-0.4720288944244384,11.0,exploratory
final_period,S4,62,tcn_gru,7,train_q95,9.508999999999997,0,14,0,0.0,,0.0,0.0,2,-0.514332909584045,4.5,exploratory
final_period,S4,62,tcn_gru,8,official_alarm,11.4,0,0,0,,,,,0,,,exploratory
final_period,S4,62,tcn_gru,8,train_q90,8.309000000000006,49,11,1,0.8166666666666667,0.02,0.8032786885245902,0.8909090909090909,1,-0.5648697566986094,10.0,exploratory
final_period,S4,62,tcn_gru,8,train_q95,9.508999999999997,0,14,0,0.0,,0.0,0.0,2,-0.6589664506912252,4.5,exploratory
final_period,S4,62,tcn_gru,9,official_alarm,11.4,0,0,0,,,,,0,,,exploratory
final_period,S4,62,tcn_gru,9,train_q90,8.309000000000006,36,24,0,0.6,0.0,0.6,0.75,1,-0.8370876502990736,9.0,exploratory
final_period,S4,62,tcn_gru,9,train_q95,9.508999999999997,0,14,0,0.0,,0.0,0.0,2,-1.0161239576339733,4.5,exploratory
final_period,S4,62,tcn_gru,10,official_alarm,11.4,0,0,0,,,,,0,,,exploratory
final_period,S4,62,tcn_gru,10,train_q90,8.309000000000006,50,10,5,0.8333333333333334,0.09090909090909091,0.7692307692307693,0.8695652173913043,1,-0.6042976379394531,7.0,exploratory
final_period,S4,62,tcn_gru,10,train_q95,9.508999999999997,0,14,0,0.0,,0.0,0.0,2,-0.7892329692840585,3.5,exploratory
final_period,S4,62,tcn_gru,11,official_alarm,11.4,0,0,0,,,,,0,,,exploratory
final_period,S4,62,tcn_gru,11,train_q90,8.309000000000006,31,29,1,0.5166666666666667,0.03125,0.5081967213114754,0.6739130434782609,1,-0.941251630783082,10.0,exploratory
final_period,S4,62,tcn_gru,11,train_q95,9.508999999999997,0,14,0,0.0,,0.0,0.0,2,-1.1378104734420784,3.0,exploratory
final_period,S4,62,tcn_gru,12,official_alarm,11.4,0,0,0,,,,,0,,,exploratory
final_period,S4,62,tcn_gru,12,train_q90,8.309000000000006,41,19,2,0.6833333333333333,0.046511627906976744,0.6612903225806451,0.7961165048543689,1,-0.8558671665191664,6.0,exploratory
final_period,S4,62,tcn_gru,12,train_q95,9.508999999999997,0,14,0,0.0,,0.0,0.0,2,-1.038723888397218,3.5,exploratory
final_period,S4,62,tcn_gru,13,official_alarm,11.4,0,0,0,,,,,0,,,exploratory
final_period,S4,62,tcn_gru,13,train_q90,8.309000000000006,28,32,0,0.4666666666666667,0.0,0.4666666666666667,0.6363636363636364,1,-1.0809546089172368,12.0,exploratory
final_period,S4,62,tcn_gru,13,train_q95,9.508999999999997,0,14,0,0.0,,0.0,0.0,2,-1.2318216419219983,3.0,exploratory
final_period,S4,62,tcn_gru,14,official_alarm,11.4,0,0,0,,,,,0,,,exploratory
final_period,S4,62,tcn_gru,14,train_q90,8.309000000000006,28,32,2,0.4666666666666667,0.06666666666666667,0.45161290322580644,0.6222222222222222,1,-0.9296973800659192,13.0,exploratory
final_period,S4,62,tcn_gru,14,train_q95,9.508999999999997,0,14,0,0.0,,0.0,0.0,2,-1.1331850528717045,2.5,exploratory
final_period,S4,72,tcn_gru,1,official_alarm,11.4,0,0,0,,,,,0,,,exploratory
final_period,S4,72,tcn_gru,1,train_q90,8.309000000000006,59,1,1,0.9833333333333333,0.016666666666666666,0.9672131147540983,0.9833333333333333,1,-0.0637974357604989,17.0,exploratory
final_period,S4,72,tcn_gru,1,train_q95,9.508999999999997,9,5,0,0.6428571428571429,0.0,0.6428571428571429,0.782608695652174,2,-0.010233702659608213,0.0,exploratory
final_period,S4,72,tcn_gru,2,official_alarm,11.4,0,0,0,,,,,0,,,exploratory
final_period,S4,72,tcn_gru,2,train_q90,8.309000000000006,60,0,0,1.0,0.0,1.0,1.0,1,-0.11833441734313865,16.0,exploratory
final_period,S4,72,tcn_gru,2,train_q95,9.508999999999997,7,7,0,0.5,0.0,0.5,0.6666666666666666,2,-0.0727356529235843,1.5,exploratory
final_period,S4,72,tcn_gru,3,official_alarm,11.4,0,0,0,,,,,0,,,exploratory
final_period,S4,72,tcn_gru,3,train_q90,8.309000000000006,58,2,0,0.9666666666666667,0.0,0.9666666666666667,0.9830508474576272,1,-0.3201107215881347,2.0,exploratory
final_period,S4,72,tcn_gru,3,train_q95,9.508999999999997,0,14,0,0.0,,0.0,0.0,2,-0.26721307754516754,2.0,exploratory
final_period,S4,72,tcn_gru,4,official_alarm,11.4,0,0,0,,,,,0,,,exploratory
final_period,S4,72,tcn_gru,4,train_q90,8.309000000000006,57,3,2,0.95,0.03389830508474576,0.9193548387096774,0.957983193277311,1,-0.21937969207763963,3.0,exploratory
final_period,S4,72,tcn_gru,4,train_q95,9.508999999999997,0,14,0,0.0,,0.0,0.0,2,-0.16745684146881334,3.0,exploratory
final_period,S4,72,tcn_gru,5,official_alarm,11.4,0,0,0,,,,,0,,,exploratory
final_period,S4,72,tcn_gru,5,train_q90,8.309000000000006,56,4,3,0.9333333333333333,0.05084745762711865,0.8888888888888888,0.9411764705882353,1,-0.24486838340759576,4.0,exploratory
final_period,S4,72,tcn_gru,5,train_q95,9.508999999999997,0,14,0,0.0,,0.0,0.0,2,-0.2003069448471102,4.0,exploratory
final_period,S4,72,tcn_gru,6,official_alarm,11.4,0,0,0,,,,,0,,,exploratory
final_period,S4,72,tcn_gru,6,train_q90,8.309000000000006,55,5,4,0.9166666666666666,0.06779661016949153,0.859375,0.9243697478991597,1,-0.26311518669128553,5.0,exploratory
final_period,S4,72,tcn_gru,6,train_q95,9.508999999999997,0,14,0,0.0,,0.0,0.0,2,-0.23080060482025289,4.5,exploratory
final_period,S4,72,tcn_gru,7,official_alarm,11.4,0,0,0,,,,,0,,,exploratory
final_period,S4,72,tcn_gru,7,train_q90,8.309000000000006,54,6,4,0.9,0.06896551724137931,0.84375,0.9152542372881356,1,-0.2645241451263427,6.0,exploratory
final_period,S4,72,tcn_gru,7,train_q95,9.508999999999997,0,14,0,0.0,,0.0,0.0,2,-0.27547487735748355,4.5,exploratory
final_period,S4,72,tcn_gru,8,official_alarm,11.4,0,0,0,,,,,0,,,exploratory
final_period,S4,72,tcn_gru,8,train_q90,8.309000000000006,51,9,2,0.85,0.03773584905660377,0.8225806451612904,0.9026548672566371,1,-0.5544806671142588,10.0,exploratory
final_period,S4,72,tcn_gru,8,train_q95,9.508999999999997,0,14,0,0.0,,0.0,0.0,2,-0.6428694963455204,4.5,exploratory
final_period,S4,72,tcn_gru,9,official_alarm,11.4,0,0,0,,,,,0,,,exploratory
final_period,S4,72,tcn_gru,9,train_q90,8.309000000000006,50,10,4,0.8333333333333334,0.07407407407407407,0.78125,0.8771929824561403,1,-0.5065412521362305,8.0,exploratory
final_period,S4,72,tcn_gru,9,train_q95,9.508999999999997,0,14,0,0.0,,0.0,0.0,2,-0.695023517608643,4.5,exploratory
final_period,S4,72,tcn_gru,10,official_alarm,11.4,0,0,0,,,,,0,,,exploratory
final_period,S4,72,tcn_gru,10,train_q90,8.309000000000006,45,15,3,0.75,0.0625,0.7142857142857143,0.8333333333333334,1,-0.5852110004425057,9.0,exploratory
final_period,S4,72,tcn_gru,10,train_q95,9.508999999999997,0,14,0,0.0,,0.0,0.0,2,-0.8269685173034675,5.0,exploratory
final_period,S4,72,tcn_gru,11,official_alarm,11.4,0,0,0,,,,,0,,,exploratory
final_period,S4,72,tcn_gru,11,train_q90,8.309000000000006,49,11,7,0.8166666666666667,0.125,0.7313432835820896,0.8448275862068966,1,-0.5433103179931624,10.0,exploratory
final_period,S4,72,tcn_gru,11,train_q95,9.508999999999997,0,14,0,0.0,,0.0,0.0,2,-0.7306792688369761,3.5,exploratory
final_period,S4,72,tcn_gru,12,official_alarm,11.4,0,0,0,,,,,0,,,exploratory
final_period,S4,72,tcn_gru,12,train_q90,8.309000000000006,42,18,2,0.7,0.045454545454545456,0.6774193548387096,0.8076923076923077,1,-0.7420716094970707,7.0,exploratory
final_period,S4,72,tcn_gru,12,train_q95,9.508999999999997,0,14,0,0.0,,0.0,0.0,2,-0.9545825529098524,3.5,exploratory
final_period,S4,72,tcn_gru,13,official_alarm,11.4,0,0,0,,,,,0,,,exploratory
final_period,S4,72,tcn_gru,13,train_q90,8.309000000000006,40,20,4,0.6666666666666666,0.09090909090909091,0.625,0.7692307692307693,1,-0.8022380924224866,12.0,exploratory
final_period,S4,72,tcn_gru,13,train_q95,9.508999999999997,0,14,0,0.0,,0.0,0.0,2,-1.0002494287490853,3.5,exploratory
final_period,S4,72,tcn_gru,14,official_alarm,11.4,0,0,0,,,,,0,,,exploratory
final_period,S4,72,tcn_gru,14,train_q90,8.309000000000006,40,20,6,0.6666666666666666,0.13043478260869565,0.6060606060606061,0.7547169811320755,1,-0.795351610183717,13.0,exploratory
final_period,S4,72,tcn_gru,14,train_q95,9.508999999999997,0,14,0,0.0,,0.0,0.0,2,-0.9720188093185431,2.0,exploratory
final_period,S4,82,tcn_gru,1,official_alarm,11.4,0,0,0,,,,,0,,,exploratory
final_period,S4,82,tcn_gru,1,train_q90,8.309000000000006,60,0,0,1.0,0.0,1.0,1.0,1,-0.1230742168426513,1.0,exploratory
final_period,S4,82,tcn_gru,1,train_q95,9.508999999999997,7,7,1,0.5,0.125,0.4666666666666667,0.6363636363636364,2,-0.07929008007049543,1.5,exploratory
final_period,S4,82,tcn_gru,2,official_alarm,11.4,0,0,0,,,,,0,,,exploratory
final_period,S4,82,tcn_gru,2,train_q90,8.309000000000006,59,1,0,0.9833333333333333,0.0,0.9833333333333333,0.9915966386554622,1,-0.3469854164123536,2.0,exploratory
final_period,S4,82,tcn_gru,2,train_q95,9.508999999999997,0,14,0,0.0,,0.0,0.0,2,-0.29823707580566516,2.0,exploratory
final_period,S4,82,tcn_gru,3,official_alarm,11.4,0,0,0,,,,,0,,,exploratory
final_period,S4,82,tcn_gru,3,train_q90,8.309000000000006,58,2,2,0.9666666666666667,0.03333333333333333,0.9354838709677419,0.9666666666666667,1,-0.27072118759155295,14.0,exploratory
final_period,S4,82,tcn_gru,3,train_q95,9.508999999999997,0,14,0,0.0,,0.0,0.0,2,-0.22343088150024482,3.0,exploratory
final_period,S4,82,tcn_gru,4,official_alarm,11.4,0,0,0,,,,,0,,,exploratory
final_period,S4,82,tcn_gru,4,train_q90,8.309000000000006,55,5,0,0.9166666666666666,0.0,0.9166666666666666,0.9565217391304348,1,-0.4763990402221676,4.0,exploratory
final_period,S4,82,tcn_gru,4,train_q95,9.508999999999997,0,14,0,0.0,,0.0,0.0,2,-0.43627067565917965,4.0,exploratory
final_period,S4,82,tcn_gru,5,official_alarm,11.4,0,0,0,,,,,0,,,exploratory
final_period,S4,82,tcn_gru,5,train_q90,8.309000000000006,56,4,5,0.9333333333333333,0.08196721311475409,0.8615384615384616,0.9256198347107438,1,-0.31111080169677763,5.0,exploratory
final_period,S4,82,tcn_gru,5,train_q95,9.508999999999997,0,14,0,0.0,,0.0,0.0,2,-0.29060614109039395,4.5,exploratory
final_period,S4,82,tcn_gru,6,official_alarm,11.4,0,0,0,,,,,0,,,exploratory
final_period,S4,82,tcn_gru,6,train_q90,8.309000000000006,54,6,3,0.9,0.05263157894736842,0.8571428571428571,0.9230769230769231,1,-0.3157674884796151,6.0,exploratory
final_period,S4,82,tcn_gru,6,train_q95,9.508999999999997,0,14,0,0.0,,0.0,0.0,2,-0.30694768428802544,4.5,exploratory
final_period,S4,82,tcn_gru,7,official_alarm,11.4,0,0,0,,,,,0,,,exploratory
final_period,S4,82,tcn_gru,7,train_q90,8.309000000000006,50,10,4,0.8333333333333334,0.07407407407407407,0.78125,0.8771929824561403,1,-0.5404567813873289,7.0,exploratory
final_period,S4,82,tcn_gru,7,train_q95,9.508999999999997,0,14,0,0.0,,0.0,0.0,2,-0.636701741218566,4.5,exploratory
final_period,S4,82,tcn_gru,8,official_alarm,11.4,0,0,0,,,,,0,,,exploratory
final_period,S4,82,tcn_gru,8,train_q90,8.309000000000006,41,19,0,0.6833333333333333,0.0,0.6833333333333333,0.8118811881188119,1,-0.9397706413269056,8.0,exploratory
final_period,S4,82,tcn_gru,8,train_q95,9.508999999999997,0,14,0,0.0,,0.0,0.0,2,-1.0528368234634407,4.5,exploratory
final_period,S4,82,tcn_gru,9,official_alarm,11.4,0,0,0,,,,,0,,,exploratory
final_period,S4,82,tcn_gru,9,train_q90,8.309000000000006,49,11,3,0.8166666666666667,0.057692307692307696,0.7777777777777778,0.875,1,-0.6318728542327889,8.0,exploratory
final_period,S4,82,tcn_gru,9,train_q95,9.508999999999997,0,14,0,0.0,,0.0,0.0,2,-0.7758332204818741,5.0,exploratory
final_period,S4,82,tcn_gru,10,official_alarm,11.4,0,0,0,,,,,0,,,exploratory
final_period,S4,82,tcn_gru,10,train_q90,8.309000000000006,36,24,0,0.6,0.0,0.6,0.75,1,-0.9051656723022461,10.0,exploratory
final_period,S4,82,tcn_gru,10,train_q95,9.508999999999997,0,14,0,0.0,,0.0,0.0,2,-1.0977374792099006,5.0,exploratory
final_period,S4,82,tcn_gru,11,official_alarm,11.4,0,0,0,,,,,0,,,exploratory
final_period,S4,82,tcn_gru,11,train_q90,8.309000000000006,27,33,0,0.45,0.0,0.45,0.6206896551724138,1,-1.1321187973022457,11.0,exploratory
final_period,S4,82,tcn_gru,11,train_q95,9.508999999999997,0,14,0,0.0,,0.0,0.0,2,-1.308446817398072,3.5,exploratory
final_period,S4,82,tcn_gru,12,official_alarm,11.4,0,0,0,,,,,0,,,exploratory
final_period,S4,82,tcn_gru,12,train_q90,8.309000000000006,34,26,1,0.5666666666666667,0.02857142857142857,0.5573770491803278,0.7157894736842105,1,-0.9677147197723386,12.0,exploratory
final_period,S4,82,tcn_gru,12,train_q95,9.508999999999997,0,14,0,0.0,,0.0,0.0,2,-1.1250051784515387,2.5,exploratory
final_period,S4,82,tcn_gru,13,official_alarm,11.4,0,0,0,,,,,0,,,exploratory
final_period,S4,82,tcn_gru,13,train_q90,8.309000000000006,26,34,1,0.43333333333333335,0.037037037037037035,0.4262295081967213,0.5977011494252874,1,-1.1343478012084969,13.0,exploratory
final_period,S4,82,tcn_gru,13,train_q95,9.508999999999997,0,14,0,0.0,,0.0,0.0,2,-1.3324378967285169,3.5,exploratory
final_period,S4,82,tcn_gru,14,official_alarm,11.4,0,0,0,,,,,0,,,exploratory
final_period,S4,82,tcn_gru,14,train_q90,8.309000000000006,12,48,0,0.2,0.0,0.2,0.3333333333333333,1,-1.3057594680786142,14.0,exploratory
final_period,S4,82,tcn_gru,14,train_q95,9.508999999999997,0,14,0,0.0,,0.0,0.0,2,-1.4687922239303592,3.0,exploratory
